{
  "v": "5.3",
  "p": {
    "autoAdjustIndex": true
  },
  "d": [
    {
      "c": "ht.Edge",
      "i": 3229,
      "p": {
        "source": {
          "__i": 3247
        },
        "target": {
          "__i": 3233
        }
      },
      "s": {
        "edge.type": "v.h2",
        "edge.color": "#F26C00",
        "icons": {
          "symbols/arrow/fromArrow2.json": {
            "position": 15,
            "keepOrien": true,
            "names": [
              "symbols/arrow/fromArrow2.json"
            ]
          },
          "symbols/arrow/toArrow2.json": {
            "position": 19,
            "keepOrien": true,
            "names": [
              "symbols/arrow/toArrow2.json"
            ]
          }
        },
        "edge.extend": 70.69,
        "edge.flex": 88.79,
        "edge.ortho": 0.74,
        "edge.corner.radius": 13,
        "edge.gap": 13.79
      }
    },
    {
      "c": "ht.Edge",
      "i": 3230,
      "p": {
        "source": {
          "__i": 3247
        },
        "target": {
          "__i": 3233
        }
      },
      "s": {
        "edge.type": "v.h2",
        "edge.color": "#F26C00",
        "icons": {
          "symbols/arrow/fromArrow2.json": {
            "position": 15,
            "keepOrien": true,
            "names": [
              "symbols/arrow/fromArrow2.json"
            ]
          },
          "symbols/arrow/toArrow2.json": {
            "position": 19,
            "keepOrien": true,
            "names": [
              "symbols/arrow/toArrow2.json"
            ]
          }
        },
        "edge.extend": 70.69,
        "edge.flex": 88.79,
        "edge.ortho": 0.74,
        "edge.corner.radius": 13,
        "edge.gap": 13.79
      }
    },
    {
      "c": "ht.Edge",
      "i": 3231,
      "p": {
        "source": {
          "__i": 3233
        },
        "target": {
          "__i": 3247
        }
      },
      "s": {
        "edge.type": "v.h2",
        "edge.group": "g",
        "edge.color": "black",
        "icons": {
          "symbols/arrow/fromArrow2.json": {
            "position": 15,
            "keepOrien": true,
            "names": [
              "symbols/arrow/fromArrow2.json"
            ]
          },
          "symbols/arrow/toArrow2.json": {
            "position": 19,
            "keepOrien": true,
            "names": [
              "symbols/arrow/toArrow2.json"
            ]
          }
        },
        "edge.extend": 70.69,
        "edge.flex": 88.79,
        "edge.ortho": 0.74,
        "edge.corner.radius": 13,
        "edge.gap": 13.79
      }
    },
    {
      "c": "ht.Edge",
      "i": 3232,
      "p": {
        "source": {
          "__i": 3233
        },
        "target": {
          "__i": 3247
        }
      },
      "s": {
        "edge.type": "v.h2",
        "edge.group": "g",
        "edge.color": "black",
        "icons": {
          "symbols/arrow/fromArrow2.json": {
            "position": 15,
            "keepOrien": true,
            "names": [
              "symbols/arrow/fromArrow2.json"
            ]
          },
          "symbols/arrow/toArrow2.json": {
            "position": 19,
            "keepOrien": true,
            "names": [
              "symbols/arrow/toArrow2.json"
            ]
          }
        },
        "edge.extend": 70.69,
        "edge.flex": 88.79,
        "edge.ortho": 0.74,
        "edge.corner.radius": 13,
        "edge.gap": 13.79
      }
    },
    {
      "c": "ht.Node",
      "i": 3233,
      "p": {
        "name": "n1",
        "position": {
          "x": 80,
          "y": 80
        },
        "width": 80,
        "height": 80
      },
      "s": {
        "shape": "rect",
        "opacity": 0.5,
        "label.position": 17
      }
    },
    {
      "c": "ht.Edge",
      "i": 3234,
      "p": {
        "source": {
          "__i": 3247
        },
        "target": {
          "__i": 3238
        }
      },
      "s": {
        "edge.type": "v.h2",
        "edge.color": "yellow",
        "icons": {
          "symbols/arrow/fromArrow2.json": {
            "position": 15,
            "keepOrien": true,
            "names": [
              "symbols/arrow/fromArrow2.json"
            ]
          },
          "symbols/arrow/toArrow2.json": {
            "position": 19,
            "keepOrien": true,
            "names": [
              "symbols/arrow/toArrow2.json"
            ]
          }
        },
        "edge.extend": 70.69,
        "edge.flex": 88.79,
        "edge.ortho": 0.74,
        "edge.corner.radius": 13,
        "edge.gap": 13.79
      }
    },
    {
      "c": "ht.Edge",
      "i": 3235,
      "p": {
        "source": {
          "__i": 3247
        },
        "target": {
          "__i": 3238
        }
      },
      "s": {
        "edge.type": "v.h2",
        "edge.color": "yellow",
        "icons": {
          "symbols/arrow/fromArrow2.json": {
            "position": 15,
            "keepOrien": true,
            "names": [
              "symbols/arrow/fromArrow2.json"
            ]
          },
          "symbols/arrow/toArrow2.json": {
            "position": 19,
            "keepOrien": true,
            "names": [
              "symbols/arrow/toArrow2.json"
            ]
          }
        },
        "edge.extend": 70.69,
        "edge.flex": 88.79,
        "edge.ortho": 0.74,
        "edge.corner.radius": 13,
        "edge.gap": 13.79
      }
    },
    {
      "c": "ht.Edge",
      "i": 3236,
      "p": {
        "source": {
          "__i": 3238
        },
        "target": {
          "__i": 3247
        }
      },
      "s": {
        "edge.type": "v.h2",
        "edge.group": "g",
        "edge.color": "blue",
        "icons": {
          "symbols/arrow/fromArrow2.json": {
            "position": 15,
            "keepOrien": true,
            "names": [
              "symbols/arrow/fromArrow2.json"
            ]
          },
          "symbols/arrow/toArrow2.json": {
            "position": 19,
            "keepOrien": true,
            "names": [
              "symbols/arrow/toArrow2.json"
            ]
          }
        },
        "edge.extend": 70.69,
        "edge.flex": 88.79,
        "edge.ortho": 0.74,
        "edge.corner.radius": 13,
        "edge.gap": 13.79
      }
    },
    {
      "c": "ht.Edge",
      "i": 3237,
      "p": {
        "source": {
          "__i": 3238
        },
        "target": {
          "__i": 3247
        }
      },
      "s": {
        "edge.type": "v.h2",
        "edge.group": "g",
        "edge.color": "blue",
        "icons": {
          "symbols/arrow/fromArrow2.json": {
            "position": 15,
            "keepOrien": true,
            "names": [
              "symbols/arrow/fromArrow2.json"
            ]
          },
          "symbols/arrow/toArrow2.json": {
            "position": 19,
            "keepOrien": true,
            "names": [
              "symbols/arrow/toArrow2.json"
            ]
          }
        },
        "edge.extend": 70.69,
        "edge.flex": 88.79,
        "edge.ortho": 0.74,
        "edge.corner.radius": 13,
        "edge.gap": 13.79
      }
    },
    {
      "c": "ht.Node",
      "i": 3238,
      "p": {
        "name": "n2",
        "position": {
          "x": 500,
          "y": 100
        },
        "width": 80,
        "height": 80
      },
      "s": {
        "shape": "rect",
        "opacity": 0.5,
        "label.position": 17
      }
    },
    {
      "c": "ht.Edge",
      "i": 3239,
      "p": {
        "source": {
          "__i": 3247
        },
        "target": {
          "__i": 3258
        }
      },
      "s": {
        "edge.type": "v.h2",
        "edge.color": "#F26C00",
        "icons": {
          "symbols/arrow/fromArrow2.json": {
            "position": 15,
            "keepOrien": true,
            "names": [
              "symbols/arrow/fromArrow2.json"
            ]
          },
          "symbols/arrow/toArrow2.json": {
            "position": 19,
            "keepOrien": true,
            "names": [
              "symbols/arrow/toArrow2.json"
            ]
          }
        },
        "edge.extend": 70.69,
        "edge.flex": 88.79,
        "edge.ortho": 0.74,
        "edge.corner.radius": 13,
        "edge.gap": 13.79
      }
    },
    {
      "c": "ht.Edge",
      "i": 3240,
      "p": {
        "source": {
          "__i": 3247
        },
        "target": {
          "__i": 3258
        }
      },
      "s": {
        "edge.type": "v.h2",
        "edge.color": "#F26C00",
        "icons": {
          "symbols/arrow/fromArrow2.json": {
            "position": 15,
            "keepOrien": true,
            "names": [
              "symbols/arrow/fromArrow2.json"
            ]
          },
          "symbols/arrow/toArrow2.json": {
            "position": 19,
            "keepOrien": true,
            "names": [
              "symbols/arrow/toArrow2.json"
            ]
          }
        },
        "edge.extend": 70.69,
        "edge.flex": 88.79,
        "edge.ortho": 0.74,
        "edge.corner.radius": 13,
        "edge.gap": 13.79
      }
    },
    {
      "c": "ht.Edge",
      "i": 3241,
      "p": {
        "source": {
          "__i": 3258
        },
        "target": {
          "__i": 3247
        }
      },
      "s": {
        "edge.type": "v.h2",
        "edge.group": "g",
        "edge.color": "black",
        "icons": {
          "symbols/arrow/fromArrow2.json": {
            "position": 15,
            "keepOrien": true,
            "names": [
              "symbols/arrow/fromArrow2.json"
            ]
          },
          "symbols/arrow/toArrow2.json": {
            "position": 19,
            "keepOrien": true,
            "names": [
              "symbols/arrow/toArrow2.json"
            ]
          }
        },
        "edge.extend": 70.69,
        "edge.flex": 88.79,
        "edge.ortho": 0.74,
        "edge.corner.radius": 13,
        "edge.gap": 13.79
      }
    },
    {
      "c": "ht.Edge",
      "i": 3242,
      "p": {
        "source": {
          "__i": 3258
        },
        "target": {
          "__i": 3247
        }
      },
      "s": {
        "edge.type": "v.h2",
        "edge.group": "g",
        "edge.color": "black",
        "icons": {
          "symbols/arrow/fromArrow2.json": {
            "position": 15,
            "keepOrien": true,
            "names": [
              "symbols/arrow/fromArrow2.json"
            ]
          },
          "symbols/arrow/toArrow2.json": {
            "position": 19,
            "keepOrien": true,
            "names": [
              "symbols/arrow/toArrow2.json"
            ]
          }
        },
        "edge.extend": 70.69,
        "edge.flex": 88.79,
        "edge.ortho": 0.74,
        "edge.corner.radius": 13,
        "edge.gap": 13.79
      }
    },
    {
      "c": "ht.Edge",
      "i": 3243,
      "p": {
        "source": {
          "__i": 3247
        },
        "target": {
          "__i": 3257
        }
      },
      "s": {
        "edge.type": "v.h2",
        "edge.color": "yellow",
        "icons": {
          "symbols/arrow/fromArrow2.json": {
            "position": 15,
            "keepOrien": true,
            "names": [
              "symbols/arrow/fromArrow2.json"
            ]
          },
          "symbols/arrow/toArrow2.json": {
            "position": 19,
            "keepOrien": true,
            "names": [
              "symbols/arrow/toArrow2.json"
            ]
          }
        },
        "edge.extend": 70.69,
        "edge.flex": 88.79,
        "edge.ortho": 0.74,
        "edge.corner.radius": 13,
        "edge.gap": 13.79
      }
    },
    {
      "c": "ht.Edge",
      "i": 3244,
      "p": {
        "source": {
          "__i": 3247
        },
        "target": {
          "__i": 3257
        }
      },
      "s": {
        "edge.type": "v.h2",
        "edge.color": "yellow",
        "icons": {
          "symbols/arrow/fromArrow2.json": {
            "position": 15,
            "keepOrien": true,
            "names": [
              "symbols/arrow/fromArrow2.json"
            ]
          },
          "symbols/arrow/toArrow2.json": {
            "position": 19,
            "keepOrien": true,
            "names": [
              "symbols/arrow/toArrow2.json"
            ]
          }
        },
        "edge.extend": 70.69,
        "edge.flex": 88.79,
        "edge.ortho": 0.74,
        "edge.corner.radius": 13,
        "edge.gap": 13.79
      }
    },
    {
      "c": "ht.Edge",
      "i": 3245,
      "p": {
        "source": {
          "__i": 3257
        },
        "target": {
          "__i": 3247
        }
      },
      "s": {
        "edge.type": "v.h2",
        "edge.group": "g",
        "edge.color": "blue",
        "icons": {
          "symbols/arrow/fromArrow2.json": {
            "position": 15,
            "keepOrien": true,
            "names": [
              "symbols/arrow/fromArrow2.json"
            ]
          },
          "symbols/arrow/toArrow2.json": {
            "position": 19,
            "keepOrien": true,
            "names": [
              "symbols/arrow/toArrow2.json"
            ]
          }
        },
        "edge.extend": 70.69,
        "edge.flex": 88.79,
        "edge.ortho": 0.74,
        "edge.corner.radius": 13,
        "edge.gap": 13.79
      }
    },
    {
      "c": "ht.Edge",
      "i": 3246,
      "p": {
        "source": {
          "__i": 3257
        },
        "target": {
          "__i": 3247
        }
      },
      "s": {
        "edge.type": "v.h2",
        "edge.group": "g",
        "edge.color": "blue",
        "icons": {
          "symbols/arrow/fromArrow2.json": {
            "position": 15,
            "keepOrien": true,
            "names": [
              "symbols/arrow/fromArrow2.json"
            ]
          },
          "symbols/arrow/toArrow2.json": {
            "position": 19,
            "keepOrien": true,
            "names": [
              "symbols/arrow/toArrow2.json"
            ]
          }
        },
        "edge.extend": 70.69,
        "edge.flex": 88.79,
        "edge.ortho": 0.74,
        "edge.corner.radius": 13,
        "edge.gap": 13.79
      }
    },
    {
      "c": "ht.Node",
      "i": 3247,
      "p": {
        "name": "n0",
        "position": {
          "x": 300,
          "y": 300
        },
        "width": 80,
        "height": 80
      },
      "s": {
        "shape": "rect",
        "opacity": 0.5,
        "label.position": 17
      }
    },
    {
      "c": "ht.Edge",
      "i": 3248,
      "p": {
        "source": {
          "__i": 3252
        },
        "target": {
          "__i": 3257
        }
      },
      "s": {
        "edge.type": "v.h2",
        "edge.color": "red",
        "icons": {
          "symbols/arrow/fromArrow2.json": {
            "position": 15,
            "keepOrien": true,
            "names": [
              "symbols/arrow/fromArrow2.json"
            ]
          },
          "symbols/arrow/toArrow2.json": {
            "position": 19,
            "keepOrien": true,
            "names": [
              "symbols/arrow/toArrow2.json"
            ]
          }
        },
        "edge.extend": 70.69,
        "edge.flex": 88.79,
        "edge.ortho": 0.74,
        "edge.corner.radius": 13,
        "edge.gap": 13.79
      }
    },
    {
      "c": "ht.Edge",
      "i": 3249,
      "p": {
        "source": {
          "__i": 3252
        },
        "target": {
          "__i": 3257
        }
      },
      "s": {
        "edge.type": "v.h2",
        "edge.color": "red",
        "icons": {
          "symbols/arrow/fromArrow2.json": {
            "position": 15,
            "keepOrien": true,
            "names": [
              "symbols/arrow/fromArrow2.json"
            ]
          },
          "symbols/arrow/toArrow2.json": {
            "position": 19,
            "keepOrien": true,
            "names": [
              "symbols/arrow/toArrow2.json"
            ]
          }
        },
        "edge.extend": 70.69,
        "edge.flex": 88.79,
        "edge.ortho": 0.74,
        "edge.corner.radius": 13,
        "edge.gap": 13.79
      }
    },
    {
      "c": "ht.Edge",
      "i": 3250,
      "p": {
        "source": {
          "__i": 3257
        },
        "target": {
          "__i": 3252
        }
      },
      "s": {
        "edge.type": "v.h2",
        "edge.color": "green",
        "icons": {
          "symbols/arrow/fromArrow2.json": {
            "position": 15,
            "keepOrien": true,
            "names": [
              "symbols/arrow/fromArrow2.json"
            ]
          },
          "symbols/arrow/toArrow2.json": {
            "position": 19,
            "keepOrien": true,
            "names": [
              "symbols/arrow/toArrow2.json"
            ]
          }
        },
        "edge.extend": 70.69,
        "edge.flex": 88.79,
        "edge.ortho": 0.74,
        "edge.corner.radius": 13,
        "edge.gap": 13.79
      }
    },
    {
      "c": "ht.Edge",
      "i": 3251,
      "p": {
        "source": {
          "__i": 3257
        },
        "target": {
          "__i": 3252
        }
      },
      "s": {
        "edge.type": "v.h2",
        "edge.color": "green",
        "icons": {
          "symbols/arrow/fromArrow2.json": {
            "position": 15,
            "keepOrien": true,
            "names": [
              "symbols/arrow/fromArrow2.json"
            ]
          },
          "symbols/arrow/toArrow2.json": {
            "position": 19,
            "keepOrien": true,
            "names": [
              "symbols/arrow/toArrow2.json"
            ]
          }
        },
        "edge.extend": 70.69,
        "edge.flex": 88.79,
        "edge.ortho": 0.74,
        "edge.corner.radius": 13,
        "edge.gap": 13.79
      }
    },
    {
      "c": "ht.Node",
      "i": 3252,
      "p": {
        "name": "n5",
        "position": {
          "x": 620,
          "y": 200
        },
        "width": 80,
        "height": 80
      },
      "s": {
        "shape": "rect",
        "opacity": 0.5,
        "label.position": 17
      }
    },
    {
      "c": "ht.Edge",
      "i": 3253,
      "p": {
        "source": {
          "__i": 3258
        },
        "target": {
          "__i": 3257
        }
      },
      "s": {
        "edge.type": "v.h2",
        "edge.color": "red",
        "icons": {
          "symbols/arrow/fromArrow2.json": {
            "position": 15,
            "keepOrien": true,
            "names": [
              "symbols/arrow/fromArrow2.json"
            ]
          },
          "symbols/arrow/toArrow2.json": {
            "position": 19,
            "keepOrien": true,
            "names": [
              "symbols/arrow/toArrow2.json"
            ]
          }
        },
        "edge.extend": 70.69,
        "edge.flex": 88.79,
        "edge.ortho": 0.74,
        "edge.corner.radius": 13,
        "edge.gap": 13.79
      }
    },
    {
      "c": "ht.Edge",
      "i": 3254,
      "p": {
        "source": {
          "__i": 3258
        },
        "target": {
          "__i": 3257
        }
      },
      "s": {
        "edge.type": "v.h2",
        "edge.color": "red",
        "icons": {
          "symbols/arrow/fromArrow2.json": {
            "position": 15,
            "keepOrien": true,
            "names": [
              "symbols/arrow/fromArrow2.json"
            ]
          },
          "symbols/arrow/toArrow2.json": {
            "position": 19,
            "keepOrien": true,
            "names": [
              "symbols/arrow/toArrow2.json"
            ]
          }
        },
        "edge.extend": 70.69,
        "edge.flex": 88.79,
        "edge.ortho": 0.74,
        "edge.corner.radius": 13,
        "edge.gap": 13.79
      }
    },
    {
      "c": "ht.Edge",
      "i": 3255,
      "p": {
        "source": {
          "__i": 3257
        },
        "target": {
          "__i": 3258
        }
      },
      "s": {
        "edge.type": "v.h2",
        "edge.color": "green",
        "icons": {
          "symbols/arrow/fromArrow2.json": {
            "position": 15,
            "keepOrien": true,
            "names": [
              "symbols/arrow/fromArrow2.json"
            ]
          },
          "symbols/arrow/toArrow2.json": {
            "position": 19,
            "keepOrien": true,
            "names": [
              "symbols/arrow/toArrow2.json"
            ]
          }
        },
        "edge.extend": 70.69,
        "edge.flex": 88.79,
        "edge.ortho": 0.74,
        "edge.corner.radius": 13,
        "edge.gap": 13.79
      }
    },
    {
      "c": "ht.Edge",
      "i": 3256,
      "p": {
        "source": {
          "__i": 3257
        },
        "target": {
          "__i": 3258
        }
      },
      "s": {
        "edge.type": "v.h2",
        "edge.color": "green",
        "icons": {
          "symbols/arrow/fromArrow2.json": {
            "position": 15,
            "keepOrien": true,
            "names": [
              "symbols/arrow/fromArrow2.json"
            ]
          },
          "symbols/arrow/toArrow2.json": {
            "position": 19,
            "keepOrien": true,
            "names": [
              "symbols/arrow/toArrow2.json"
            ]
          }
        },
        "edge.extend": 70.69,
        "edge.flex": 88.79,
        "edge.ortho": 0.74,
        "edge.corner.radius": 13,
        "edge.gap": 13.79
      }
    },
    {
      "c": "ht.Node",
      "i": 3257,
      "p": {
        "name": "n4",
        "position": {
          "x": 20,
          "y": 400
        },
        "width": 80,
        "height": 80
      },
      "s": {
        "shape": "rect",
        "opacity": 0.5,
        "label.position": 17
      }
    },
    {
      "c": "ht.Node",
      "i": 3258,
      "p": {
        "name": "n3",
        "position": {
          "x": 550,
          "y": 520
        },
        "width": 80,
        "height": 80
      },
      "s": {
        "shape": "rect",
        "opacity": 0.5,
        "label.position": 17
      }
    }
  ]
}