{
  "v": "5.3.6",
  "p": {
    "autoAdjustIndex": true
  },
  "d": [
    {
      "c": "ht.Edge",
      "i": 307,
      "p": {
        "source": {
          "__i": 308
        },
        "target": {
          "__i": 314
        }
      },
      "s": {
        "label.position": 17,
        "label.offset.y": -6,
        "edge.center": true,
        "edge.gap": 21,
        "edge.3d": true,
        "edge.width": 6,
        "edge.dash": true,
        "edge.dash.color": "yellow",
        "edge.dash.width": 4,
        "edge.dash.pattern": [
          8
        ],
        "edge.type": "points",
        "edge.points": {
          "__a": [
            {
              "x": 170.19377686855404,
              "y": 114.61150770024423
            },
            {
              "x": 195.19377686855404,
              "y": 114.61150770024423
            },
            {
              "x": 195.19377686855404,
              "y": 139.61150770024423
            },
            {
              "x": 220.19377686855404,
              "y": 139.61150770024423
            },
            {
              "x": 220.19377686855404,
              "y": 164.61150770024423
            },
            {
              "x": 245.19377686855404,
              "y": 164.61150770024423
            },
            {
              "x": 245.19377686855404,
              "y": 189.61150770024423
            }
          ]
        }
      }
    },
    {
      "c": "ht.Node",
      "i": 308,
      "p": {
        "name": "A",
        "position": {
          "x": 170.19377686855404,
          "y": 89.61150770024423
        }
      },
      "s": {
        "label.font": "20px sans-serif",
        "label.position": 17,
        "label.color": "#40A3FC",
        "shape": "circle",
        "select.type": "circle",
        "shape.background": "white",
        "shape.border.width": 1
      }
    },
    {
      "c": "ht.Edge",
      "i": 309,
      "p": {
        "source": {
          "__i": 314
        },
        "target": {
          "__i": 315
        }
      },
      "s": {
        "label.position": 17,
        "label.offset.y": -6,
        "edge.center": true,
        "edge.gap": 21,
        "edge.color": "red",
        "edge.group": 1,
        "edge.pattern": [
          5
        ]
      }
    },
    {
      "c": "ht.Edge",
      "i": 310,
      "p": {
        "source": {
          "__i": 314
        },
        "target": {
          "__i": 315
        }
      },
      "s": {
        "label.position": 17,
        "label.offset.y": -6,
        "edge.center": true,
        "edge.gap": 21,
        "edge.color": "red",
        "edge.group": 1,
        "edge.pattern": [
          5
        ]
      }
    },
    {
      "c": "ht.Edge",
      "i": 311,
      "p": {
        "source": {
          "__i": 314
        },
        "target": {
          "__i": 315
        }
      },
      "s": {
        "edge.expanded": false,
        "label.position": 17,
        "label.offset.y": -6,
        "edge.center": true,
        "edge.gap": 21,
        "edge.color": "#40A3FC",
        "edge.group": 2
      }
    },
    {
      "c": "ht.Edge",
      "i": 312,
      "p": {
        "source": {
          "__i": 314
        },
        "target": {
          "__i": 315
        }
      },
      "s": {
        "edge.expanded": false,
        "label.position": 17,
        "label.offset.y": -6,
        "edge.center": true,
        "edge.gap": 21,
        "edge.color": "#40A3FC",
        "edge.group": 2
      }
    },
    {
      "c": "ht.Edge",
      "i": 313,
      "p": {
        "source": {
          "__i": 314
        },
        "target": {
          "__i": 315
        }
      },
      "s": {
        "edge.expanded": false,
        "label.position": 17,
        "label.offset.y": -6,
        "edge.center": true,
        "edge.gap": 21,
        "edge.color": "#40A3FC",
        "edge.group": 2
      }
    },
    {
      "c": "ht.Node",
      "i": 314,
      "p": {
        "name": "B",
        "position": {
          "x": 270.19377686855404,
          "y": 189.61150770024423
        }
      },
      "s": {
        "label.font": "20px sans-serif",
        "label.position": 17,
        "label.color": "#40A3FC",
        "shape": "circle",
        "select.type": "circle",
        "shape.background": "white",
        "shape.border.width": 1
      }
    },
    {
      "c": "ht.Node",
      "i": 315,
      "p": {
        "name": "C",
        "position": {
          "x": 370.19377686855404,
          "y": 89.61150770024423
        }
      },
      "s": {
        "label.font": "20px sans-serif",
        "label.position": 17,
        "label.color": "#40A3FC",
        "shape": "circle",
        "select.type": "circle",
        "shape.background": "white",
        "shape.border.width": 1
      }
    },
    {
      "c": "ht.Edge",
      "i": 316,
      "p": {
        "source": {
          "__i": 317
        },
        "target": {
          "__i": 318
        }
      },
      "s": {
        "label.position": 17,
        "label.offset.y": -6,
        "edge.gap": 21,
        "edge.dash": true,
        "edge.dash.width": 8,
        "edge.dash.pattern": [
          16,
          5,
          3,
          3
        ],
        "edge.dash.3d": true,
        "edge.dash.color": "green",
        "edge.dash.3d.color": "yellow",
        "edge.offset": 0,
        "edge.type": "points",
        "edge.points": {
          "__a": [
            {
              "x": 570.1937768685539,
              "y": 89.61150770024423
            }
          ]
        },
        "icons": {
          "fromArrow": {
            "position": 15,
            "keepOrien": true,
            "width": 40,
            "height": 20,
            "names": [
              "symbols/arrow/fromArrow.json"
            ]
          },
          "toArrow": {
            "position": 19,
            "keepOrien": true,
            "width": 40,
            "height": 20,
            "names": [
              "symbols/arrow/toArrow.json"
            ]
          }
        }
      }
    },
    {
      "c": "ht.Node",
      "i": 317,
      "p": {
        "name": "D",
        "position": {
          "x": 470.1937768685539,
          "y": 89.61150770024423
        }
      },
      "s": {
        "label.font": "20px sans-serif",
        "label.position": 17,
        "label.color": "#40A3FC",
        "shape": "rect",
        "shape.background": "rgba(155, 255, 255, 0.5)",
        "shape.border.width": 1
      }
    },
    {
      "c": "ht.Node",
      "i": 318,
      "p": {
        "name": "E",
        "position": {
          "x": 670.1937768685539,
          "y": 189.61150770024423
        }
      },
      "s": {
        "label.font": "20px sans-serif",
        "label.position": 17,
        "label.color": "#40A3FC",
        "shape": "rect",
        "shape.background": "rgba(155, 255, 255, 0.5)",
        "shape.border.width": 1
      }
    }
  ]
}