{
  "v": "5.3.3",
  "p": {
    "autoAdjustIndex": true
  },
  "d": [
    {
      "c": "ht.Edge",
      "i": 1412,
      "p": {
        "source": {
          "__i": 1413
        },
        "target": {
          "__i": 1414
        }
      },
      "s": {
        "icons": {
          "flags": {
            "position": 17,
            "direction": "east",
            "offsetX": -26,
            "gap": 10,
            "names": [
              "assets/china.png",
              "assets/spain.png",
              "assets/usa.png"
            ]
          },
          "arrow1": {
            "position": 2,
            "width": 50,
            "height": 25,
            "keepOrien": true,
            "names": [
              "symbols/arrow/arrow.json"
            ]
          },
          "arrow2": {
            "position": 4,
            "width": 50,
            "height": 25,
            "positionFixed": true,
            "names": [
              "symbols/arrow/arrow.json"
            ]
          }
        }
      }
    },
    {
      "c": "ht.Node",
      "i": 1413,
      "p": {
        "position": {
          "x": 50,
          "y": 100
        }
      },
      "s": {
        "icons": {
          "flags": {
            "position": 30,
            "direction": "east",
            "offsetY": 3,
            "names": [
              {
                "width": 10,
                "height": 10,
                "comps": [
                  {
                    "type": "circle",
                    "rect": [
                      0,
                      0,
                      10,
                      10
                    ],
                    "background": "red",
                    "gradient": "radial.center"
                  },
                  {
                    "type": "circle",
                    "rect": [
                      0,
                      0,
                      10,
                      10
                    ],
                    "borderColor": "#3498DB",
                    "borderWidth": 1,
                    "visible": {
                      "func": "__ht__function (data){\n                                                return data.a('select.index') === 0;\n                                            }"
                    }
                  }
                ]
              },
              {
                "width": 10,
                "height": 10,
                "comps": [
                  {
                    "type": "circle",
                    "rect": [
                      0,
                      0,
                      10,
                      10
                    ],
                    "background": "yellow",
                    "gradient": "radial.center"
                  },
                  {
                    "type": "circle",
                    "rect": [
                      0,
                      0,
                      10,
                      10
                    ],
                    "borderColor": "#3498DB",
                    "borderWidth": 1,
                    "visible": {
                      "func": "__ht__function (data){\n                                                return data.a('select.index') === 1;\n                                            }"
                    }
                  }
                ]
              },
              {
                "width": 10,
                "height": 10,
                "comps": [
                  {
                    "type": "circle",
                    "rect": [
                      0,
                      0,
                      10,
                      10
                    ],
                    "background": "#1ABC9C",
                    "gradient": "radial.center"
                  },
                  {
                    "type": "circle",
                    "rect": [
                      0,
                      0,
                      10,
                      10
                    ],
                    "borderColor": "#3498DB",
                    "borderWidth": 1,
                    "visible": {
                      "func": "__ht__function (data){\n                                                return data.a('select.index') === 2;\n                                            }"
                    }
                  }
                ]
              }
            ]
          }
        }
      }
    },
    {
      "c": "ht.Node",
      "i": 1414,
      "p": {
        "position": {
          "x": 300,
          "y": 100
        }
      },
      "s": {
        "icons": {
          "flags": {
            "position": 2,
            "direction": "east",
            "rotation": 0.7853981633974483,
            "names": [
              "assets/china.png",
              "assets/spain.png",
              "assets/usa.png"
            ]
          }
        }
      }
    }
  ]
}