{
  "v": "5.3",
  "p": {
    "autoAdjustIndex": true
  },
  "d": [
    {
      "c": "ht.Polyline",
      "i": 1920,
      "p": {
        "position": {
          "x": 200,
          "y": -15
        },
        "width": 400,
        "height": 150,
        "tall": 0,
        "points": {
          "__a": [
            {
              "x": 100,
              "y": -90,
              "e": 0
            },
            {
              "x": 300,
              "y": -90,
              "e": 0
            },
            {
              "x": 400,
              "y": 60,
              "e": 0
            },
            {
              "x": 0,
              "y": 60,
              "e": 0
            }
          ]
        },
        "thickness": 40
      },
      "s": {
        "shape.border.width": 20,
        "shape3d": "cylinder",
        "shape.border.color": "#9E9E9E",
        "shape3d.top.cap": "flat",
        "shape3d.bottom.cap": "flat",
        "shape3d.top.image": "brick1",
        "shape3d.bottom.color": "yellow",
        "shape3d.image": "brick2",
        "shape3d.uv.scale": [
          1,
          5
        ],
        "repeat.uv.length": 32,
        "shape3d.side": 3
      }
    },
    {
      "c": "ht.Polyline",
      "i": 1923,
      "p": {
        "position": {
          "x": 0,
          "y": 100
        },
        "width": 1000,
        "height": 500,
        "tall": 200,
        "elevation": 100,
        "segments": {
          "__a": [
            1,
            4
          ]
        },
        "points": {
          "__a": [
            {
              "x": -500,
              "y": 100,
              "e": 0
            },
            {
              "x": -300,
              "y": -150,
              "e": 200
            },
            {
              "x": 300,
              "y": 350,
              "e": 200
            },
            {
              "x": 500,
              "y": 100,
              "e": 0
            }
          ]
        },
        "thickness": 20
      },
      "s": {
        "shape.border.width": 10,
        "shape.border.color": "green",
        "shape.border.gradient.color": "yellow",
        "shape.border.pattern": [
          20,
          10
        ],
        "shape3d.resolution": 50
      }
    },
    {
      "c": "ht.Polyline",
      "i": 1924,
      "p": {
        "position": {
          "x": 0,
          "y": 140
        },
        "width": 1000,
        "height": 500,
        "tall": 200,
        "elevation": 100,
        "segments": {
          "__a": [
            1,
            4
          ]
        },
        "points": {
          "__a": [
            {
              "x": -500,
              "y": 140,
              "e": 0
            },
            {
              "x": -300,
              "y": -110,
              "e": 200
            },
            {
              "x": 300,
              "y": 390,
              "e": 200
            },
            {
              "x": 500,
              "y": 140,
              "e": 0
            }
          ]
        },
        "thickness": 20
      },
      "s": {
        "shape.border.width": 10,
        "shape.border.color": "red",
        "shape.dash": true,
        "shape.dash.color": "yellow",
        "shape.dash.pattern": [
          30,
          15
        ],
        "shape3d.resolution": 50
      }
    },
    {
      "c": "ht.Edge",
      "i": 1925,
      "p": {
        "source": {
          "__i": 1934
        },
        "target": {
          "__i": 1935
        }
      },
      "s": {
        "edge.center": true,
        "edge.offset": 50,
        "edge.gap": 60,
        "label": "Edge-0",
        "label.background": "yellow",
        "label.position": 3,
        "edge.width": 5,
        "label.t3": [
          0,
          2,
          0
        ],
        "label.scale": 2,
        "edge.pattern": [
          20,
          10
        ],
        "edge.color": "green",
        "edge.gradient.color": "yellow"
      }
    },
    {
      "c": "ht.Edge",
      "i": 1926,
      "p": {
        "source": {
          "__i": 1934
        },
        "target": {
          "__i": 1935
        }
      },
      "s": {
        "edge.center": true,
        "edge.offset": 50,
        "edge.gap": 60,
        "label": "Edge-1",
        "label.background": "yellow",
        "label.position": 3,
        "edge.width": 5,
        "label.t3": [
          0,
          2,
          0
        ],
        "label.scale": 2,
        "edge.dash": true,
        "edge.color": "red",
        "edge.dash.color": "yellow",
        "edge.dash.pattern": [
          30,
          15
        ]
      }
    },
    {
      "c": "ht.Edge",
      "i": 1927,
      "p": {
        "source": {
          "__i": 1934
        },
        "target": {
          "__i": 1935
        }
      },
      "s": {
        "edge.center": true,
        "edge.offset": 50,
        "edge.gap": 60,
        "label": "Edge-2",
        "label.background": "yellow",
        "label.position": 3,
        "shape3d": "cylinder",
        "shape3d.color": "#E74C3C",
        "edge.width": 15,
        "edge.color": "#E74C3C",
        "label.t3": [
          0,
          8,
          0
        ],
        "label.scale": 2
      }
    },
    {
      "c": "ht.Edge",
      "i": 1928,
      "p": {
        "source": {
          "__i": 1934
        },
        "target": {
          "__i": 1935
        }
      },
      "s": {
        "edge.center": true,
        "edge.offset": 50,
        "edge.gap": 60,
        "label": "Edge-3",
        "label.background": "yellow",
        "label.position": 3,
        "shape3d": "cylinder",
        "shape3d.color": "#E74C3C",
        "edge.width": 15,
        "edge.color": "#E74C3C",
        "label.t3": [
          0,
          8,
          0
        ],
        "label.scale": 2
      }
    },
    {
      "c": "ht.Edge",
      "i": 1930,
      "p": {
        "source": {
          "__i": 1934
        },
        "target": {
          "__i": 1934
        }
      },
      "s": {
        "shape3d": "cylinder",
        "shape3d.color": "yellow",
        "edge.width": 10,
        "edge.gap": 20,
        "edge.color": "yellow"
      }
    },
    {
      "c": "ht.Edge",
      "i": 1931,
      "p": {
        "source": {
          "__i": 1935
        },
        "target": {
          "__i": 1935
        }
      },
      "s": {
        "edge.width": 3,
        "edge.gap": 20,
        "edge.color": "green",
        "edge.gradient.color": "yellow"
      }
    },
    {
      "c": "ht.Edge",
      "i": 1932,
      "p": {
        "source": {
          "__i": 1935
        },
        "target": {
          "__i": 1935
        }
      },
      "s": {
        "edge.width": 3,
        "edge.gap": 20,
        "edge.color": "green",
        "edge.gradient.color": "yellow"
      }
    },
    {
      "c": "ht.Edge",
      "i": 1929,
      "p": {
        "source": {
          "__i": 1934
        },
        "target": {
          "__i": 1934
        }
      },
      "s": {
        "shape3d": "cylinder",
        "shape3d.color": "yellow",
        "edge.width": 10,
        "edge.gap": 20,
        "edge.color": "yellow"
      }
    },
    {
      "c": "ht.Polyline",
      "i": 1921,
      "p": {
        "position": {
          "x": -252.5,
          "y": -11
        },
        "width": 297,
        "height": 264,
        "tall": 0,
        "segments": {
          "__a": [
            1,
            2,
            4,
            4,
            4,
            4,
            2,
            2
          ]
        },
        "points": {
          "__a": [
            {
              "x": -304,
              "y": 69,
              "e": 0
            },
            {
              "x": -357,
              "y": 71,
              "e": 0
            },
            {
              "x": -401,
              "y": 59,
              "e": 0
            },
            {
              "x": -393,
              "y": -14,
              "e": 0
            },
            {
              "x": -346,
              "y": -13,
              "e": 0
            },
            {
              "x": -359,
              "y": -51,
              "e": 0
            },
            {
              "x": -302,
              "y": -80,
              "e": 0
            },
            {
              "x": -286,
              "y": -45,
              "e": 0
            },
            {
              "x": -241,
              "y": -143,
              "e": 0
            },
            {
              "x": -110,
              "y": -74,
              "e": 0
            },
            {
              "x": -149,
              "y": -3,
              "e": 0
            },
            {
              "x": -104,
              "y": 15,
              "e": 0
            },
            {
              "x": -111,
              "y": 59,
              "e": 0
            },
            {
              "x": -140,
              "y": 73,
              "e": 0
            },
            {
              "x": -251,
              "y": 73,
              "e": 0
            },
            {
              "x": -323,
              "y": 121,
              "e": 0
            }
          ]
        },
        "thickness": 30
      },
      "s": {
        "shape.border.width": 10,
        "shape3d": "cylinder",
        "shape3d.resolution": 30,
        "shape3d.color": "#E74C3C",
        "shape3d.bottom.cap": "round",
        "shape.border.color": "#E74C3C",
        "shape3d.side": 4,
        "shape3d.start.angle": 0.79
      }
    },
    {
      "c": "ht.Edge",
      "i": 1933,
      "p": {
        "source": {
          "__i": 1934
        },
        "target": {
          "__i": 1935
        }
      },
      "s": {
        "shape3d": "cylinder",
        "shape3d.color": "#72C7FF",
        "shape3d.resolution": 50,
        "shape3d.top.cap": "round",
        "shape3d.bottom.cap": "round",
        "edge.width": 12,
        "edge.gap": 20,
        "edge.color": "#72C7FF",
        "edge.type": "points",
        "edge.points": {
          "__a": [
            {
              "x": -300,
              "y": -400,
              "e": -200
            },
            {
              "x": 226.74253082074222,
              "y": 154.40775629965242,
              "e": -100
            }
          ]
        },
        "edge.segments": {
          "__a": [
            1,
            4
          ]
        }
      }
    },
    {
      "c": "ht.Node",
      "i": 1934,
      "p": {
        "position": {
          "x": -400,
          "y": -300
        },
        "width": 50,
        "height": 50,
        "tall": 80
      },
      "s": {
        "shape3d": "cylinder",
        "shape3d.transparent": true,
        "shape3d.opacity": 0.8,
        "shape3d.reverse.cull": true
      }
    },
    {
      "c": "ht.Node",
      "i": 1935,
      "p": {
        "position": {
          "x": 400,
          "y": -300
        },
        "width": 50,
        "height": 50,
        "tall": 80,
        "elevation": 100
      },
      "s": {
        "shape3d": "cylinder",
        "shape3d.transparent": true,
        "shape3d.opacity": 0.8,
        "shape3d.reverse.cull": true
      }
    },
    {
      "c": "ht.Polyline",
      "i": 1922,
      "p": {
        "position": {
          "x": 5.861753095558205e-14,
          "y": -13.859521196075804
        },
        "width": 1000,
        "height": 472.2809576078484,
        "tall": 200,
        "elevation": 100,
        "segments": {
          "__a": [
            1,
            4
          ]
        },
        "points": {
          "__a": [
            {
              "x": -499.99999999999994,
              "y": 1.4210854715202004e-14,
              "e": 0
            },
            {
              "x": -299.99999999999994,
              "y": -250,
              "e": 200
            },
            {
              "x": 107.94663485437829,
              "y": 222.2809576078484,
              "e": 200
            },
            {
              "x": 500.00000000000006,
              "y": 1.4210854715202004e-14,
              "e": 0
            }
          ]
        },
        "thickness": 60
      },
      "s": {
        "shape.border.width": 10,
        "shape3d": "cylinder",
        "shape3d.resolution": 50,
        "shape3d.side": 30,
        "shape3d.reverse.color": "yellow",
        "shape3d.top.cap": "round",
        "shape3d.image": "brick1",
        "shape3d.uv.scale": [
          1,
          6
        ],
        "repeat.uv.length": 32
      }
    }
  ]
}