{
  "v": "5.3.6",
  "p": {
    "autoAdjustIndex": true
  },
  "d": [
    {
      "c": "ht.Edge",
      "i": 849,
      "p": {
        "source": {
          "__i": 877
        },
        "target": {
          "__i": 873
        }
      },
      "s": {
        "edge.type": "ripple",
        "edge.color": "#F26C00",
        "icons": {
          "symbols/arrow/fromArrow2.json": {
            "position": 15,
            "keepOrien": true,
            "names": [
              "symbols/arrow/fromArrow2.json"
            ]
          },
          "symbols/arrow/toArrow2.json": {
            "position": 19,
            "keepOrien": true,
            "names": [
              "symbols/arrow/toArrow2.json"
            ]
          }
        },
        "edge.extend": 70.69,
        "edge.flex": 88.79,
        "edge.ortho": 0.74,
        "edge.corner.radius": 13,
        "edge.gap": 13.79,
        "edge.ripple.size": 5,
        "edge.ripple.elevation": 64,
        "edge.ripple.both": true,
        "edge.3d": true,
        "edge.pattern": [
          16
        ],
        "edge.width": 6
      }
    },
    {
      "c": "ht.Edge",
      "i": 850,
      "p": {
        "source": {
          "__i": 877
        },
        "target": {
          "__i": 873
        }
      },
      "s": {
        "edge.type": "ripple",
        "edge.color": "#F26C00",
        "icons": {
          "symbols/arrow/fromArrow2.json": {
            "position": 15,
            "keepOrien": true,
            "names": [
              "symbols/arrow/fromArrow2.json"
            ]
          },
          "symbols/arrow/toArrow2.json": {
            "position": 19,
            "keepOrien": true,
            "names": [
              "symbols/arrow/toArrow2.json"
            ]
          }
        },
        "edge.extend": 70.69,
        "edge.flex": 88.79,
        "edge.ortho": 0.74,
        "edge.corner.radius": 13,
        "edge.gap": 13.79,
        "edge.ripple.size": 5,
        "edge.ripple.elevation": 64,
        "edge.ripple.both": true,
        "edge.3d": true,
        "edge.pattern": [
          16
        ],
        "edge.width": 6
      }
    },
    {
      "c": "ht.Edge",
      "i": 851,
      "p": {
        "source": {
          "__i": 873
        },
        "target": {
          "__i": 877
        }
      },
      "s": {
        "edge.type": "ripple",
        "edge.group": "g",
        "edge.color": "black",
        "icons": {
          "symbols/arrow/fromArrow2.json": {
            "position": 15,
            "keepOrien": true,
            "names": [
              "symbols/arrow/fromArrow2.json"
            ]
          },
          "symbols/arrow/toArrow2.json": {
            "position": 19,
            "keepOrien": true,
            "names": [
              "symbols/arrow/toArrow2.json"
            ]
          }
        },
        "edge.extend": 70.69,
        "edge.flex": 88.79,
        "edge.ortho": 0.74,
        "edge.corner.radius": 13,
        "edge.gap": 13.79,
        "edge.ripple.size": 5,
        "edge.ripple.elevation": 64,
        "edge.ripple.both": true,
        "edge.3d": true,
        "edge.pattern": [
          16
        ],
        "edge.width": 6
      }
    },
    {
      "c": "ht.Edge",
      "i": 852,
      "p": {
        "source": {
          "__i": 873
        },
        "target": {
          "__i": 877
        }
      },
      "s": {
        "edge.type": "ripple",
        "edge.group": "g",
        "edge.color": "black",
        "icons": {
          "symbols/arrow/fromArrow2.json": {
            "position": 15,
            "keepOrien": true,
            "names": [
              "symbols/arrow/fromArrow2.json"
            ]
          },
          "symbols/arrow/toArrow2.json": {
            "position": 19,
            "keepOrien": true,
            "names": [
              "symbols/arrow/toArrow2.json"
            ]
          }
        },
        "edge.extend": 70.69,
        "edge.flex": 88.79,
        "edge.ortho": 0.74,
        "edge.corner.radius": 13,
        "edge.gap": 13.79,
        "edge.ripple.size": 5,
        "edge.ripple.elevation": 64,
        "edge.ripple.both": true,
        "edge.3d": true,
        "edge.pattern": [
          16
        ],
        "edge.width": 6
      }
    },
    {
      "c": "ht.Edge",
      "i": 853,
      "p": {
        "source": {
          "__i": 877
        },
        "target": {
          "__i": 872
        }
      },
      "s": {
        "edge.type": "ripple",
        "edge.color": "yellow",
        "icons": {
          "symbols/arrow/fromArrow2.json": {
            "position": 15,
            "keepOrien": true,
            "names": [
              "symbols/arrow/fromArrow2.json"
            ]
          },
          "symbols/arrow/toArrow2.json": {
            "position": 19,
            "keepOrien": true,
            "names": [
              "symbols/arrow/toArrow2.json"
            ]
          }
        },
        "edge.extend": 70.69,
        "edge.flex": 88.79,
        "edge.ortho": 0.74,
        "edge.corner.radius": 13,
        "edge.gap": 13.79,
        "edge.ripple.size": 5,
        "edge.ripple.elevation": 64,
        "edge.ripple.both": true,
        "edge.3d": true,
        "edge.pattern": [
          16
        ],
        "edge.width": 6
      }
    },
    {
      "c": "ht.Edge",
      "i": 854,
      "p": {
        "source": {
          "__i": 872
        },
        "target": {
          "__i": 877
        }
      },
      "s": {
        "edge.type": "ripple",
        "edge.group": "g",
        "edge.color": "blue",
        "icons": {
          "symbols/arrow/fromArrow2.json": {
            "position": 15,
            "keepOrien": true,
            "names": [
              "symbols/arrow/fromArrow2.json"
            ]
          },
          "symbols/arrow/toArrow2.json": {
            "position": 19,
            "keepOrien": true,
            "names": [
              "symbols/arrow/toArrow2.json"
            ]
          }
        },
        "edge.extend": 70.69,
        "edge.flex": 88.79,
        "edge.ortho": 0.74,
        "edge.corner.radius": 13,
        "edge.gap": 13.79,
        "edge.ripple.size": 5,
        "edge.ripple.elevation": 64,
        "edge.ripple.both": true,
        "edge.3d": true,
        "edge.pattern": [
          16
        ],
        "edge.width": 6
      }
    },
    {
      "c": "ht.Edge",
      "i": 855,
      "p": {
        "source": {
          "__i": 872
        },
        "target": {
          "__i": 877
        }
      },
      "s": {
        "edge.type": "ripple",
        "edge.group": "g",
        "edge.color": "blue",
        "icons": {
          "symbols/arrow/fromArrow2.json": {
            "position": 15,
            "keepOrien": true,
            "names": [
              "symbols/arrow/fromArrow2.json"
            ]
          },
          "symbols/arrow/toArrow2.json": {
            "position": 19,
            "keepOrien": true,
            "names": [
              "symbols/arrow/toArrow2.json"
            ]
          }
        },
        "edge.extend": 70.69,
        "edge.flex": 88.79,
        "edge.ortho": 0.74,
        "edge.corner.radius": 13,
        "edge.gap": 13.79,
        "edge.ripple.size": 5,
        "edge.ripple.elevation": 64,
        "edge.ripple.both": true,
        "edge.3d": true,
        "edge.pattern": [
          16
        ],
        "edge.width": 6
      }
    },
    {
      "c": "ht.Edge",
      "i": 856,
      "p": {
        "source": {
          "__i": 877
        },
        "target": {
          "__i": 875
        }
      },
      "s": {
        "edge.type": "ripple",
        "edge.color": "#F26C00",
        "icons": {
          "symbols/arrow/fromArrow2.json": {
            "position": 15,
            "keepOrien": true,
            "names": [
              "symbols/arrow/fromArrow2.json"
            ]
          },
          "symbols/arrow/toArrow2.json": {
            "position": 19,
            "keepOrien": true,
            "names": [
              "symbols/arrow/toArrow2.json"
            ]
          }
        },
        "edge.extend": 70.69,
        "edge.flex": 88.79,
        "edge.ortho": 0.74,
        "edge.corner.radius": 13,
        "edge.gap": 13.79,
        "edge.ripple.size": 5,
        "edge.ripple.elevation": 64,
        "edge.ripple.both": true,
        "edge.3d": true,
        "edge.pattern": [
          16
        ],
        "edge.width": 6
      }
    },
    {
      "c": "ht.Edge",
      "i": 857,
      "p": {
        "source": {
          "__i": 877
        },
        "target": {
          "__i": 875
        }
      },
      "s": {
        "edge.type": "ripple",
        "edge.color": "#F26C00",
        "icons": {
          "symbols/arrow/fromArrow2.json": {
            "position": 15,
            "keepOrien": true,
            "names": [
              "symbols/arrow/fromArrow2.json"
            ]
          },
          "symbols/arrow/toArrow2.json": {
            "position": 19,
            "keepOrien": true,
            "names": [
              "symbols/arrow/toArrow2.json"
            ]
          }
        },
        "edge.extend": 70.69,
        "edge.flex": 88.79,
        "edge.ortho": 0.74,
        "edge.corner.radius": 13,
        "edge.gap": 13.79,
        "edge.ripple.size": 5,
        "edge.ripple.elevation": 64,
        "edge.ripple.both": true,
        "edge.3d": true,
        "edge.pattern": [
          16
        ],
        "edge.width": 6
      }
    },
    {
      "c": "ht.Edge",
      "i": 858,
      "p": {
        "source": {
          "__i": 875
        },
        "target": {
          "__i": 877
        }
      },
      "s": {
        "edge.type": "ripple",
        "edge.group": "g",
        "edge.color": "black",
        "icons": {
          "symbols/arrow/fromArrow2.json": {
            "position": 15,
            "keepOrien": true,
            "names": [
              "symbols/arrow/fromArrow2.json"
            ]
          },
          "symbols/arrow/toArrow2.json": {
            "position": 19,
            "keepOrien": true,
            "names": [
              "symbols/arrow/toArrow2.json"
            ]
          }
        },
        "edge.extend": 70.69,
        "edge.flex": 88.79,
        "edge.ortho": 0.74,
        "edge.corner.radius": 13,
        "edge.gap": 13.79,
        "edge.ripple.size": 5,
        "edge.ripple.elevation": 64,
        "edge.ripple.both": true,
        "edge.3d": true,
        "edge.pattern": [
          16
        ],
        "edge.width": 6
      }
    },
    {
      "c": "ht.Edge",
      "i": 859,
      "p": {
        "source": {
          "__i": 875
        },
        "target": {
          "__i": 877
        }
      },
      "s": {
        "edge.type": "ripple",
        "edge.group": "g",
        "edge.color": "black",
        "icons": {
          "symbols/arrow/fromArrow2.json": {
            "position": 15,
            "keepOrien": true,
            "names": [
              "symbols/arrow/fromArrow2.json"
            ]
          },
          "symbols/arrow/toArrow2.json": {
            "position": 19,
            "keepOrien": true,
            "names": [
              "symbols/arrow/toArrow2.json"
            ]
          }
        },
        "edge.extend": 70.69,
        "edge.flex": 88.79,
        "edge.ortho": 0.74,
        "edge.corner.radius": 13,
        "edge.gap": 13.79,
        "edge.ripple.size": 5,
        "edge.ripple.elevation": 64,
        "edge.ripple.both": true,
        "edge.3d": true,
        "edge.pattern": [
          16
        ],
        "edge.width": 6
      }
    },
    {
      "c": "ht.Edge",
      "i": 860,
      "p": {
        "source": {
          "__i": 877
        },
        "target": {
          "__i": 878
        }
      },
      "s": {
        "edge.type": "ripple",
        "edge.color": "yellow",
        "icons": {
          "symbols/arrow/fromArrow2.json": {
            "position": 15,
            "keepOrien": true,
            "names": [
              "symbols/arrow/fromArrow2.json"
            ]
          },
          "symbols/arrow/toArrow2.json": {
            "position": 19,
            "keepOrien": true,
            "names": [
              "symbols/arrow/toArrow2.json"
            ]
          }
        },
        "edge.extend": 70.69,
        "edge.flex": 88.79,
        "edge.ortho": 0.74,
        "edge.corner.radius": 13,
        "edge.gap": 13.79,
        "edge.ripple.size": 5,
        "edge.ripple.elevation": 64,
        "edge.ripple.both": true,
        "edge.3d": true,
        "edge.pattern": [
          16
        ],
        "edge.width": 6
      }
    },
    {
      "c": "ht.Edge",
      "i": 861,
      "p": {
        "source": {
          "__i": 878
        },
        "target": {
          "__i": 877
        }
      },
      "s": {
        "edge.type": "ripple",
        "edge.group": "g",
        "edge.color": "blue",
        "icons": {
          "symbols/arrow/fromArrow2.json": {
            "position": 15,
            "keepOrien": true,
            "names": [
              "symbols/arrow/fromArrow2.json"
            ]
          },
          "symbols/arrow/toArrow2.json": {
            "position": 19,
            "keepOrien": true,
            "names": [
              "symbols/arrow/toArrow2.json"
            ]
          }
        },
        "edge.extend": 70.69,
        "edge.flex": 88.79,
        "edge.ortho": 0.74,
        "edge.corner.radius": 13,
        "edge.gap": 13.79,
        "edge.ripple.size": 5,
        "edge.ripple.elevation": 64,
        "edge.ripple.both": true,
        "edge.3d": true,
        "edge.pattern": [
          16
        ],
        "edge.width": 6
      }
    },
    {
      "c": "ht.Edge",
      "i": 862,
      "p": {
        "source": {
          "__i": 878
        },
        "target": {
          "__i": 877
        }
      },
      "s": {
        "edge.type": "ripple",
        "edge.group": "g",
        "edge.color": "blue",
        "icons": {
          "symbols/arrow/fromArrow2.json": {
            "position": 15,
            "keepOrien": true,
            "names": [
              "symbols/arrow/fromArrow2.json"
            ]
          },
          "symbols/arrow/toArrow2.json": {
            "position": 19,
            "keepOrien": true,
            "names": [
              "symbols/arrow/toArrow2.json"
            ]
          }
        },
        "edge.extend": 70.69,
        "edge.flex": 88.79,
        "edge.ortho": 0.74,
        "edge.corner.radius": 13,
        "edge.gap": 13.79,
        "edge.ripple.size": 5,
        "edge.ripple.elevation": 64,
        "edge.ripple.both": true,
        "edge.3d": true,
        "edge.pattern": [
          16
        ],
        "edge.width": 6
      }
    },
    {
      "c": "ht.Edge",
      "i": 863,
      "p": {
        "source": {
          "__i": 870
        },
        "target": {
          "__i": 878
        }
      },
      "s": {
        "edge.type": "ripple",
        "edge.color": "red",
        "icons": {
          "symbols/arrow/fromArrow2.json": {
            "position": 15,
            "keepOrien": true,
            "names": [
              "symbols/arrow/fromArrow2.json"
            ]
          },
          "symbols/arrow/toArrow2.json": {
            "position": 19,
            "keepOrien": true,
            "names": [
              "symbols/arrow/toArrow2.json"
            ]
          }
        },
        "edge.extend": 70.69,
        "edge.flex": 88.79,
        "edge.ortho": 0.74,
        "edge.corner.radius": 13,
        "edge.gap": 13.79,
        "edge.ripple.size": 5,
        "edge.ripple.elevation": 64,
        "edge.ripple.both": true,
        "edge.3d": true,
        "edge.pattern": [
          16
        ],
        "edge.width": 6
      }
    },
    {
      "c": "ht.Edge",
      "i": 864,
      "p": {
        "source": {
          "__i": 878
        },
        "target": {
          "__i": 870
        }
      },
      "s": {
        "edge.type": "ripple",
        "edge.color": "green",
        "icons": {
          "symbols/arrow/fromArrow2.json": {
            "position": 15,
            "keepOrien": true,
            "names": [
              "symbols/arrow/fromArrow2.json"
            ]
          },
          "symbols/arrow/toArrow2.json": {
            "position": 19,
            "keepOrien": true,
            "names": [
              "symbols/arrow/toArrow2.json"
            ]
          }
        },
        "edge.extend": 70.69,
        "edge.flex": 88.79,
        "edge.ortho": 0.74,
        "edge.corner.radius": 13,
        "edge.gap": 13.79,
        "edge.ripple.size": 5,
        "edge.ripple.elevation": 64,
        "edge.ripple.both": true,
        "edge.3d": true,
        "edge.pattern": [
          16
        ],
        "edge.width": 6
      }
    },
    {
      "c": "ht.Edge",
      "i": 865,
      "p": {
        "source": {
          "__i": 878
        },
        "target": {
          "__i": 870
        }
      },
      "s": {
        "edge.type": "ripple",
        "edge.color": "green",
        "icons": {
          "symbols/arrow/fromArrow2.json": {
            "position": 15,
            "keepOrien": true,
            "names": [
              "symbols/arrow/fromArrow2.json"
            ]
          },
          "symbols/arrow/toArrow2.json": {
            "position": 19,
            "keepOrien": true,
            "names": [
              "symbols/arrow/toArrow2.json"
            ]
          }
        },
        "edge.extend": 70.69,
        "edge.flex": 88.79,
        "edge.ortho": 0.74,
        "edge.corner.radius": 13,
        "edge.gap": 13.79,
        "edge.ripple.size": 5,
        "edge.ripple.elevation": 64,
        "edge.ripple.both": true,
        "edge.3d": true,
        "edge.pattern": [
          16
        ],
        "edge.width": 6
      }
    },
    {
      "c": "ht.Edge",
      "i": 866,
      "p": {
        "source": {
          "__i": 875
        },
        "target": {
          "__i": 878
        }
      },
      "s": {
        "edge.type": "ripple",
        "edge.color": "red",
        "icons": {
          "symbols/arrow/fromArrow2.json": {
            "position": 15,
            "keepOrien": true,
            "names": [
              "symbols/arrow/fromArrow2.json"
            ]
          },
          "symbols/arrow/toArrow2.json": {
            "position": 19,
            "keepOrien": true,
            "names": [
              "symbols/arrow/toArrow2.json"
            ]
          }
        },
        "edge.extend": 70.69,
        "edge.flex": 88.79,
        "edge.ortho": 0.74,
        "edge.corner.radius": 13,
        "edge.gap": 13.79,
        "edge.ripple.size": 5,
        "edge.ripple.elevation": 64,
        "edge.ripple.both": true,
        "edge.3d": true,
        "edge.pattern": [
          16
        ],
        "edge.width": 6
      }
    },
    {
      "c": "ht.Edge",
      "i": 867,
      "p": {
        "source": {
          "__i": 875
        },
        "target": {
          "__i": 878
        }
      },
      "s": {
        "edge.type": "ripple",
        "edge.color": "red",
        "icons": {
          "symbols/arrow/fromArrow2.json": {
            "position": 15,
            "keepOrien": true,
            "names": [
              "symbols/arrow/fromArrow2.json"
            ]
          },
          "symbols/arrow/toArrow2.json": {
            "position": 19,
            "keepOrien": true,
            "names": [
              "symbols/arrow/toArrow2.json"
            ]
          }
        },
        "edge.extend": 70.69,
        "edge.flex": 88.79,
        "edge.ortho": 0.74,
        "edge.corner.radius": 13,
        "edge.gap": 13.79,
        "edge.ripple.size": 5,
        "edge.ripple.elevation": 64,
        "edge.ripple.both": true,
        "edge.3d": true,
        "edge.pattern": [
          16
        ],
        "edge.width": 6
      }
    },
    {
      "c": "ht.Edge",
      "i": 868,
      "p": {
        "source": {
          "__i": 878
        },
        "target": {
          "__i": 875
        }
      },
      "s": {
        "edge.type": "ripple",
        "edge.color": "green",
        "icons": {
          "symbols/arrow/fromArrow2.json": {
            "position": 15,
            "keepOrien": true,
            "names": [
              "symbols/arrow/fromArrow2.json"
            ]
          },
          "symbols/arrow/toArrow2.json": {
            "position": 19,
            "keepOrien": true,
            "names": [
              "symbols/arrow/toArrow2.json"
            ]
          }
        },
        "edge.extend": 70.69,
        "edge.flex": 88.79,
        "edge.ortho": 0.74,
        "edge.corner.radius": 13,
        "edge.gap": 13.79,
        "edge.ripple.size": 5,
        "edge.ripple.elevation": 64,
        "edge.ripple.both": true,
        "edge.3d": true,
        "edge.pattern": [
          16
        ],
        "edge.width": 6
      }
    },
    {
      "c": "ht.Edge",
      "i": 869,
      "p": {
        "source": {
          "__i": 870
        },
        "target": {
          "__i": 878
        }
      },
      "s": {
        "edge.type": "ripple",
        "edge.color": "red",
        "icons": {
          "symbols/arrow/fromArrow2.json": {
            "position": 15,
            "keepOrien": true,
            "names": [
              "symbols/arrow/fromArrow2.json"
            ]
          },
          "symbols/arrow/toArrow2.json": {
            "position": 19,
            "keepOrien": true,
            "names": [
              "symbols/arrow/toArrow2.json"
            ]
          }
        },
        "edge.extend": 70.69,
        "edge.flex": 88.79,
        "edge.ortho": 0.74,
        "edge.corner.radius": 13,
        "edge.gap": 13.79,
        "edge.ripple.size": 5,
        "edge.ripple.elevation": 64,
        "edge.ripple.both": true,
        "edge.3d": true,
        "edge.pattern": [
          16
        ],
        "edge.width": 6
      }
    },
    {
      "c": "ht.Node",
      "i": 870,
      "p": {
        "name": "n5",
        "position": {
          "x": 736.5962106514838,
          "y": 266.81369955878273
        },
        "width": 80,
        "height": 80
      },
      "s": {
        "shape": "rect",
        "opacity": 0.5,
        "label.position": 17,
        "edge.type": "ripple",
        "edge.ripple.size": 5,
        "edge.ripple.elevation": 64,
        "edge.ripple.both": true,
        "edge.3d": true,
        "edge.pattern": [
          16
        ],
        "edge.width": 6
      }
    },
    {
      "c": "ht.Edge",
      "i": 871,
      "p": {
        "source": {
          "__i": 877
        },
        "target": {
          "__i": 872
        }
      },
      "s": {
        "edge.type": "ripple",
        "edge.color": "yellow",
        "icons": {
          "symbols/arrow/fromArrow2.json": {
            "position": 15,
            "keepOrien": true,
            "names": [
              "symbols/arrow/fromArrow2.json"
            ]
          },
          "symbols/arrow/toArrow2.json": {
            "position": 19,
            "keepOrien": true,
            "names": [
              "symbols/arrow/toArrow2.json"
            ]
          }
        },
        "edge.extend": 70.69,
        "edge.flex": 88.79,
        "edge.ortho": 0.74,
        "edge.corner.radius": 13,
        "edge.gap": 13.79,
        "edge.ripple.size": 5,
        "edge.ripple.elevation": 64,
        "edge.ripple.both": true,
        "edge.3d": true,
        "edge.pattern": [
          16
        ],
        "edge.width": 6
      }
    },
    {
      "c": "ht.Node",
      "i": 872,
      "p": {
        "name": "n2",
        "position": {
          "x": 401.38248127028953,
          "y": 1051.376425513702
        },
        "width": 80,
        "height": 80
      },
      "s": {
        "shape": "rect",
        "opacity": 0.5,
        "label.position": 17,
        "edge.type": "ripple",
        "edge.ripple.size": 5,
        "edge.ripple.elevation": 64,
        "edge.ripple.both": true,
        "edge.3d": true,
        "edge.pattern": [
          16
        ],
        "edge.width": 6
      }
    },
    {
      "c": "ht.Node",
      "i": 873,
      "p": {
        "name": "n1",
        "position": {
          "x": 897.7945138185157,
          "y": 342.91533732189373
        },
        "width": 80,
        "height": 80
      },
      "s": {
        "shape": "rect",
        "opacity": 0.5,
        "label.position": 17,
        "edge.type": "ripple",
        "edge.ripple.size": 5,
        "edge.ripple.elevation": 64,
        "edge.ripple.both": true,
        "edge.3d": true,
        "edge.pattern": [
          16
        ],
        "edge.width": 6
      }
    },
    {
      "c": "ht.Edge",
      "i": 874,
      "p": {
        "source": {
          "__i": 878
        },
        "target": {
          "__i": 875
        }
      },
      "s": {
        "edge.type": "ripple",
        "edge.color": "green",
        "icons": {
          "symbols/arrow/fromArrow2.json": {
            "position": 15,
            "keepOrien": true,
            "names": [
              "symbols/arrow/fromArrow2.json"
            ]
          },
          "symbols/arrow/toArrow2.json": {
            "position": 19,
            "keepOrien": true,
            "names": [
              "symbols/arrow/toArrow2.json"
            ]
          }
        },
        "edge.extend": 70.69,
        "edge.flex": 88.79,
        "edge.ortho": 0.74,
        "edge.corner.radius": 13,
        "edge.gap": 13.79,
        "edge.ripple.size": 5,
        "edge.ripple.elevation": 64,
        "edge.ripple.both": true,
        "edge.3d": true,
        "edge.pattern": [
          16
        ],
        "edge.width": 6
      }
    },
    {
      "c": "ht.Node",
      "i": 875,
      "p": {
        "name": "n3",
        "position": {
          "x": 148.17172589851123,
          "y": 785.386755301946
        },
        "width": 80,
        "height": 80
      },
      "s": {
        "shape": "rect",
        "opacity": 0.5,
        "label.position": 17,
        "edge.type": "ripple",
        "edge.ripple.size": 5,
        "edge.ripple.elevation": 64,
        "edge.ripple.both": true,
        "edge.3d": true,
        "edge.pattern": [
          16
        ],
        "edge.width": 6
      }
    },
    {
      "c": "ht.Edge",
      "i": 876,
      "p": {
        "source": {
          "__i": 877
        },
        "target": {
          "__i": 878
        }
      },
      "s": {
        "edge.type": "ripple",
        "edge.color": "yellow",
        "icons": {
          "symbols/arrow/fromArrow2.json": {
            "position": 15,
            "keepOrien": true,
            "names": [
              "symbols/arrow/fromArrow2.json"
            ]
          },
          "symbols/arrow/toArrow2.json": {
            "position": 19,
            "keepOrien": true,
            "names": [
              "symbols/arrow/toArrow2.json"
            ]
          }
        },
        "edge.extend": 70.69,
        "edge.flex": 88.79,
        "edge.ortho": 0.74,
        "edge.corner.radius": 13,
        "edge.gap": 13.79,
        "edge.ripple.size": 5,
        "edge.ripple.elevation": 64,
        "edge.ripple.both": true,
        "edge.3d": true,
        "edge.pattern": [
          16
        ],
        "edge.width": 6
      }
    },
    {
      "c": "ht.Node",
      "i": 877,
      "p": {
        "name": "n0",
        "position": {
          "x": 725.10587319433,
          "y": 816.1128008329259
        },
        "width": 80,
        "height": 80
      },
      "s": {
        "shape": "rect",
        "opacity": 0.5,
        "label.position": 17,
        "edge.type": "ripple",
        "edge.ripple.size": 5,
        "edge.ripple.elevation": 64,
        "edge.ripple.both": true,
        "edge.3d": true,
        "edge.pattern": [
          16
        ],
        "edge.width": 6
      }
    },
    {
      "c": "ht.Node",
      "i": 878,
      "p": {
        "name": "n4",
        "position": {
          "x": 278.15378445298,
          "y": 148.44768499974595
        },
        "width": 80,
        "height": 80
      },
      "s": {
        "shape": "rect",
        "opacity": 0.5,
        "label.position": 17,
        "edge.type": "ripple",
        "edge.ripple.size": 5,
        "edge.ripple.elevation": 64,
        "edge.ripple.both": true,
        "edge.3d": true,
        "edge.pattern": [
          16
        ],
        "edge.width": 6
      }
    },
    {
      "c": "ht.Edge",
      "i": 882,
      "p": {
        "source": {
          "__i": 899
        },
        "target": {
          "__i": 898
        }
      },
      "s": {
        "edge.width": 16,
        "edge.color": "rgb(255,243,15)",
        "edge.cap": "square",
        "opacity": 1,
        "2d.editable": false,
        "select.width": 5,
        "edge.dash": true,
        "edge.dash.width": 9,
        "edge.dash.pattern": [
          30
        ],
        "edge.dash.color": "rgb(255,0,0)",
        "edge.3d": true,
        "edge.dash.offset": -27,
        "edge.dash.3d.color": "rgb(0,251,255)",
        "edge.dash.3d": true,
        "edge.type": "ortho2",
        "edge.flex": 34,
        "edge.ortho": 0.6200000000000001,
        "edge.gap": 41
      }
    },
    {
      "c": "ht.Edge",
      "i": 883,
      "p": {
        "source": {
          "__i": 899
        },
        "target": {
          "__i": 898
        }
      },
      "s": {
        "edge.width": 16,
        "edge.color": "rgb(255,243,15)",
        "edge.cap": "square",
        "opacity": 1,
        "2d.editable": false,
        "select.width": 5,
        "edge.dash": true,
        "edge.dash.width": 9,
        "edge.dash.pattern": [
          30
        ],
        "edge.dash.color": "rgb(255,0,0)",
        "edge.3d": true,
        "edge.dash.offset": -27,
        "edge.dash.3d.color": "rgb(0,251,255)",
        "edge.dash.3d": true,
        "edge.type": "ortho2",
        "edge.flex": 34,
        "edge.ortho": 0.6200000000000001,
        "edge.gap": 41
      }
    },
    {
      "c": "ht.Edge",
      "i": 884,
      "p": {
        "source": {
          "__i": 892
        },
        "target": {
          "__i": 887
        }
      },
      "s": {
        "edge.width": 16,
        "edge.color": "rgb(255,243,15)",
        "edge.cap": "square",
        "opacity": 1,
        "select.width": 5,
        "edge.dash": true,
        "edge.dash.width": 9,
        "edge.dash.pattern": [
          30
        ],
        "edge.dash.color": "rgb(255,0,0)",
        "edge.3d": true,
        "edge.dash.offset": -27,
        "edge.dash.3d.color": "rgb(0,251,255)",
        "edge.dash.3d": true,
        "edge.type": "ortho2",
        "edge.flex": 34,
        "edge.ortho": 0.6200000000000001,
        "edge.gap": 41,
        "2d.editable": false
      }
    },
    {
      "c": "ht.Edge",
      "i": 885,
      "p": {
        "source": {
          "__i": 892
        },
        "target": {
          "__i": 887
        }
      },
      "s": {
        "edge.width": 16,
        "edge.color": "rgb(255,243,15)",
        "edge.cap": "square",
        "opacity": 1,
        "select.width": 5,
        "edge.dash": true,
        "edge.dash.width": 9,
        "edge.dash.pattern": [
          30
        ],
        "edge.dash.color": "rgb(255,0,0)",
        "edge.3d": true,
        "edge.dash.offset": -27,
        "edge.dash.3d.color": "rgb(0,251,255)",
        "edge.dash.3d": true,
        "edge.type": "ortho2",
        "edge.flex": 34,
        "edge.ortho": 0.6200000000000001,
        "edge.gap": 41,
        "2d.editable": false
      }
    },
    {
      "c": "ht.Edge",
      "i": 886,
      "p": {
        "source": {
          "__i": 892
        },
        "target": {
          "__i": 887
        }
      },
      "s": {
        "edge.width": 16,
        "edge.color": "rgb(255,243,15)",
        "edge.cap": "square",
        "opacity": 1,
        "select.width": 5,
        "edge.dash": true,
        "edge.dash.width": 9,
        "edge.dash.pattern": [
          30
        ],
        "edge.dash.color": "rgb(255,0,0)",
        "edge.3d": true,
        "edge.dash.offset": -27,
        "edge.dash.3d.color": "rgb(0,251,255)",
        "edge.dash.3d": true,
        "edge.type": "ortho2",
        "edge.flex": 34,
        "edge.ortho": 0.6200000000000001,
        "edge.gap": 41,
        "2d.editable": false
      }
    },
    {
      "c": "ht.Node",
      "i": 887,
      "p": {
        "position": {
          "x": 1953.685036124933,
          "y": 1127.0395974981557
        },
        "width": 180.5925000000001,
        "height": 137.54000000000008
      },
      "s": {
        "opacity": 0.63,
        "shape": "circle",
        "shape.background": "rgb(255,204,0)",
        "shape.gradient": "radial.center",
        "shape.border.3d": true,
        "shape.border.width": 5,
        "2d.editable": false
      }
    },
    {
      "c": "ht.Edge",
      "i": 888,
      "p": {
        "source": {
          "__i": 892
        },
        "target": {
          "__i": 893
        }
      },
      "s": {
        "edge.width": 16,
        "edge.color": "rgb(255,243,15)",
        "edge.cap": "square",
        "opacity": 1,
        "2d.editable": false,
        "select.width": 5,
        "edge.dash": true,
        "edge.dash.width": 9,
        "edge.dash.pattern": [
          30
        ],
        "edge.dash.color": "rgb(255,0,0)",
        "edge.3d": true,
        "edge.dash.offset": -27,
        "edge.dash.3d.color": "rgb(0,251,255)",
        "edge.dash.3d": true,
        "edge.type": "ortho2",
        "edge.flex": 34,
        "edge.ortho": 0.6200000000000001,
        "edge.gap": 41
      }
    },
    {
      "c": "ht.Edge",
      "i": 889,
      "p": {
        "source": {
          "__i": 899
        },
        "target": {
          "__i": 896
        }
      },
      "s": {
        "edge.width": 16,
        "edge.color": "rgb(255,243,15)",
        "edge.cap": "square",
        "opacity": 1,
        "select.width": 5,
        "edge.dash": true,
        "edge.dash.width": 9,
        "edge.dash.pattern": [
          30
        ],
        "edge.dash.color": "rgb(255,0,0)",
        "edge.3d": true,
        "edge.dash.offset": -27,
        "edge.dash.3d.color": "rgb(0,251,255)",
        "edge.dash.3d": true,
        "edge.type": "ortho2",
        "edge.flex": 34,
        "edge.ortho": 0.6200000000000001,
        "edge.gap": 41,
        "2d.editable": false
      }
    },
    {
      "c": "ht.Edge",
      "i": 890,
      "p": {
        "source": {
          "__i": 892
        },
        "target": {
          "__i": 893
        }
      },
      "s": {
        "edge.width": 16,
        "edge.color": "rgb(255,243,15)",
        "edge.cap": "square",
        "opacity": 1,
        "2d.editable": false,
        "select.width": 5,
        "edge.dash": true,
        "edge.dash.width": 9,
        "edge.dash.pattern": [
          30
        ],
        "edge.dash.color": "rgb(255,0,0)",
        "edge.3d": true,
        "edge.dash.offset": -27,
        "edge.dash.3d.color": "rgb(0,251,255)",
        "edge.dash.3d": true,
        "edge.type": "ortho2",
        "edge.flex": 34,
        "edge.ortho": 0.6200000000000001,
        "edge.gap": 41
      }
    },
    {
      "c": "ht.Edge",
      "i": 891,
      "p": {
        "source": {
          "__i": 892
        },
        "target": {
          "__i": 893
        }
      },
      "s": {
        "edge.width": 16,
        "edge.color": "rgb(255,243,15)",
        "edge.cap": "square",
        "opacity": 1,
        "2d.editable": false,
        "select.width": 5,
        "edge.dash": true,
        "edge.dash.width": 9,
        "edge.dash.pattern": [
          30
        ],
        "edge.dash.color": "rgb(255,0,0)",
        "edge.3d": true,
        "edge.dash.offset": -27,
        "edge.dash.3d.color": "rgb(0,251,255)",
        "edge.dash.3d": true,
        "edge.type": "ortho2",
        "edge.flex": 34,
        "edge.ortho": 0.6200000000000001,
        "edge.gap": 41
      }
    },
    {
      "c": "ht.Node",
      "i": 892,
      "p": {
        "position": {
          "x": 1248.250013802996,
          "y": 890.4196662131976
        },
        "width": 147.31518600237848,
        "height": 118.16852616646844
      },
      "s": {
        "opacity": 0.63,
        "shape": "star",
        "shape.background": "rgb(255,0,0)",
        "shape.gradient": "spread.horizontal",
        "shape.border.width": 5,
        "shape.border.3d": true,
        "2d.editable": false
      }
    },
    {
      "c": "ht.Node",
      "i": 893,
      "p": {
        "position": {
          "x": 1922.7677876841212,
          "y": 714.1149033887082
        },
        "width": 180.5925000000001,
        "height": 137.54000000000008
      },
      "s": {
        "opacity": 0.63,
        "shape": "circle",
        "shape.background": "rgb(255,204,0)",
        "shape.gradient": "radial.center",
        "shape.border.3d": true,
        "shape.border.width": 5,
        "2d.editable": false
      }
    },
    {
      "c": "ht.Edge",
      "i": 894,
      "p": {
        "source": {
          "__i": 899
        },
        "target": {
          "__i": 896
        }
      },
      "s": {
        "edge.width": 16,
        "edge.color": "rgb(255,243,15)",
        "edge.cap": "square",
        "opacity": 1,
        "select.width": 5,
        "edge.dash": true,
        "edge.dash.width": 9,
        "edge.dash.pattern": [
          30
        ],
        "edge.dash.color": "rgb(255,0,0)",
        "edge.3d": true,
        "edge.dash.offset": -27,
        "edge.dash.3d.color": "rgb(0,251,255)",
        "edge.dash.3d": true,
        "edge.type": "ortho2",
        "edge.flex": 34,
        "edge.ortho": 0.6200000000000001,
        "edge.gap": 41,
        "2d.editable": false
      }
    },
    {
      "c": "ht.Edge",
      "i": 895,
      "p": {
        "source": {
          "__i": 899
        },
        "target": {
          "__i": 896
        }
      },
      "s": {
        "edge.width": 16,
        "edge.color": "rgb(255,243,15)",
        "edge.cap": "square",
        "opacity": 1,
        "select.width": 5,
        "edge.dash": true,
        "edge.dash.width": 9,
        "edge.dash.pattern": [
          30
        ],
        "edge.dash.color": "rgb(255,0,0)",
        "edge.3d": true,
        "edge.dash.offset": -27,
        "edge.dash.3d.color": "rgb(0,251,255)",
        "edge.dash.3d": true,
        "edge.type": "ortho2",
        "edge.flex": 34,
        "edge.ortho": 0.6200000000000001,
        "edge.gap": 41,
        "2d.editable": false
      }
    },
    {
      "c": "ht.Node",
      "i": 896,
      "p": {
        "position": {
          "x": 1924.007852457792,
          "y": 549.7178981571467
        },
        "width": 180.5925000000001,
        "height": 137.54000000000008
      },
      "s": {
        "opacity": 0.63,
        "shape": "circle",
        "shape.background": "rgb(255,204,0)",
        "shape.gradient": "radial.center",
        "shape.border.3d": true,
        "shape.border.width": 5,
        "2d.editable": false
      }
    },
    {
      "c": "ht.Edge",
      "i": 897,
      "p": {
        "source": {
          "__i": 899
        },
        "target": {
          "__i": 898
        }
      },
      "s": {
        "edge.width": 16,
        "edge.color": "rgb(255,243,15)",
        "edge.cap": "square",
        "opacity": 1,
        "2d.editable": false,
        "select.width": 5,
        "edge.dash": true,
        "edge.dash.width": 9,
        "edge.dash.pattern": [
          30
        ],
        "edge.dash.color": "rgb(255,0,0)",
        "edge.3d": true,
        "edge.dash.offset": -27,
        "edge.dash.3d.color": "rgb(0,251,255)",
        "edge.dash.3d": true,
        "edge.type": "ortho2",
        "edge.flex": 34,
        "edge.ortho": 0.6200000000000001,
        "edge.gap": 41
      }
    },
    {
      "c": "ht.Node",
      "i": 898,
      "p": {
        "position": {
          "x": 1893.0906040169803,
          "y": 136.79320404769925
        },
        "width": 180.5925000000001,
        "height": 137.54000000000008
      },
      "s": {
        "opacity": 0.63,
        "shape": "circle",
        "shape.background": "rgb(255,204,0)",
        "shape.gradient": "radial.center",
        "shape.border.3d": true,
        "shape.border.width": 5,
        "2d.editable": false
      }
    },
    {
      "c": "ht.Node",
      "i": 899,
      "p": {
        "position": {
          "x": 1218.572830135855,
          "y": 313.097966872189
        },
        "width": 147.31518600237848,
        "height": 118.16852616646844
      },
      "s": {
        "opacity": 0.63,
        "shape": "star",
        "shape.background": "rgb(255,0,0)",
        "shape.gradient": "spread.horizontal",
        "shape.border.width": 5,
        "shape.border.3d": true,
        "2d.editable": false
      }
    }
  ]
}