{
  "v": "6.0.1",
  "p": {
    "autoAdjustIndex": true,
    "hierarchicalRendering": true
  },
  "d": [
    {
      "c": "ht.Node",
      "i": 1121,
      "p": {
        "image": "symbols/func/radial.json",
        "position": {
          "x": 94.73049804624358,
          "y": 121.60780078150256
        },
        "width": 170,
        "height": 170
      },
      "a": {
        "startColor": "rgb(255,0,0)",
        "endColor": "rgb(15,247,54)",
        "radius": 1
      }
    },
    {
      "c": "ht.Node",
      "i": 550,
      "p": {
        "image": "symbols/func/radial.json",
        "position": {
          "x": 291.2008757366996,
          "y": 121.60780078150256
        },
        "width": 170,
        "height": 170
      },
      "a": {
        "startColor": "rgb(255,0,0)",
        "endColor": "rgb(15,247,54)",
        "radius": 0.75
      }
    },
    {
      "c": "ht.Node",
      "i": 1118,
      "p": {
        "image": "symbols/func/radial.json",
        "position": {
          "x": 487.67125342715553,
          "y": 121.60780078150256
        },
        "width": 170,
        "height": 170
      },
      "a": {
        "startColor": "rgb(255,0,0)",
        "endColor": "rgb(15,247,54)",
        "radius": 0.5
      }
    },
    {
      "c": "ht.Node",
      "i": 1119,
      "p": {
        "image": "symbols/func/radial.json",
        "position": {
          "x": 684.1416311176115,
          "y": 121.60780078150256
        },
        "width": 170,
        "height": 170
      },
      "a": {
        "startColor": "rgb(255,0,0)",
        "endColor": "rgb(15,247,54)",
        "radius": 0.25
      }
    },
    {
      "c": "ht.Node",
      "i": 1120,
      "p": {
        "image": "symbols/func/radial.json",
        "position": {
          "x": 880.6120088080675,
          "y": 121.60780078150256
        },
        "width": 170,
        "height": 170
      },
      "a": {
        "startColor": "rgb(255,0,0)",
        "endColor": "rgb(15,247,54)",
        "radius": 0.1
      }
    },
    {
      "c": "ht.Node",
      "i": 1125,
      "p": {
        "image": "symbols/func/radial.json",
        "position": {
          "x": 92.20354785086792,
          "y": 320.2907666069294
        },
        "width": 170,
        "height": 170
      },
      "a": {
        "startColor": "rgb(255,255,255)",
        "endColor": "rgb(100,187,245)",
        "radius": 1
      }
    },
    {
      "c": "ht.Node",
      "i": 1126,
      "p": {
        "image": "symbols/func/radial.json",
        "position": {
          "x": 288.6739255413239,
          "y": 320.2907666069294
        },
        "width": 170,
        "height": 170
      },
      "a": {
        "startColor": "rgb(255,255,255)",
        "endColor": "rgb(100,187,245)",
        "radius": 0.75
      }
    },
    {
      "c": "ht.Node",
      "i": 1127,
      "p": {
        "image": "symbols/func/radial.json",
        "position": {
          "x": 485.1443032317799,
          "y": 320.2907666069294
        },
        "width": 170,
        "height": 170
      },
      "a": {
        "startColor": "rgb(255,255,255)",
        "endColor": "rgb(100,187,245)",
        "radius": 0.5
      }
    },
    {
      "c": "ht.Node",
      "i": 1128,
      "p": {
        "image": "symbols/func/radial.json",
        "position": {
          "x": 681.6146809222358,
          "y": 320.2907666069294
        },
        "width": 170,
        "height": 170
      },
      "a": {
        "startColor": "rgb(255,255,255)",
        "endColor": "rgb(100,187,245)",
        "radius": 0.25
      }
    },
    {
      "c": "ht.Node",
      "i": 1129,
      "p": {
        "image": "symbols/func/radial.json",
        "position": {
          "x": 878.0850586126918,
          "y": 320.2907666069294
        },
        "width": 170,
        "height": 170
      },
      "a": {
        "startColor": "rgb(255,255,255)",
        "endColor": "rgb(100,187,245)",
        "radius": 0.1
      }
    }
  ]
}