{
  "modified": "Wed Nov 07 2018 15:25:04 GMT+0800 (中国标准时间)",
  "width": 100,
  "height": 80,
  "snapshotURL": "",
  "func": "__ht__function(g, rect, comp, data, view) {\nvar x = rect.x;\r\nvar y = rect.y;\r\nvar width = rect.width;\r\nvar height = rect.height;\r\nvar state = comp.getValue('state');\r\nvar left = comp.getValue('left');\r\nvar right = comp.getValue('right');\r\n\r\n// 绘制开关区域\r\nvar sHeight = height / 2;\r\nvar min = width > sHeight ? sHeight : width;\r\ng.save();\r\ng.shadowBlur = 18;\r\ng.shadowColor = 'rgba(0, 0, 0, 0.5)';\r\ng.beginPath();\r\ng.moveTo(x + width / 4, y);\r\ng.lineTo(x + width * 3 / 4, y);\r\ng.bezierCurveTo(x + width, y, x + width, y + sHeight, x + width * 3 / 4, y + sHeight);\r\ng.lineTo(x + width / 4, y + sHeight);\r\ng.bezierCurveTo(x, y + sHeight, x, y, x + width / 4, y);\r\ng.fillStyle = '#fafafa';\r\ng.fill();\r\ng.restore();\r\n\r\n// 设置字体样式和绘制分隔符\r\nvar str = min * 40 / 100 + 'px Arial';\r\ng.font = str;\r\ng.fillStyle = '#cccccc';\r\ng.textAlign = 'center';\r\ng.textBaseline = 'middle';\r\ng.fillText('/', x + width / 2, y + height * 3 / 4);\r\n\r\n// 分别绘制两种状态下的开关状态\r\nvar r = min * 5 / 40;\r\nif (state) {\r\n    g.beginPath();\r\n    g.fillStyle = 'red';\r\n    g.arc(x + width / 4, y + sHeight / 2, r, 0, Math.PI * 2);\r\n    g.fill();\r\n    g.textAlign = 'right';\r\n    g.fillText(left + '  ', x + width / 2, y + height * 3 / 4);\r\n\r\n    g.beginPath();\r\n    g.fillStyle = '#cccccc';\r\n    g.arc(x + width * 3 / 4, y + sHeight / 2, r, 0, Math.PI * 2);\r\n    g.fill();\r\n    g.textAlign = 'left';\r\n    g.fillText('  ' + right, x + width / 2, y + height * 3 / 4);\r\n} else {\r\n    g.beginPath();\r\n    g.fillStyle = '#cccccc';\r\n    g.arc(x + width / 4, y + sHeight / 2, r, 0, Math.PI * 2);\r\n    g.fill();\r\n    g.textAlign = 'right';\r\n    g.fillText(left + '  ', x + width / 2, y + height * 3 / 4);\r\n\r\n    g.beginPath();\r\n    g.fillStyle = 'blue';\r\n    g.arc(x + width * 3 / 4, y + sHeight / 2, r, 0, Math.PI * 2);\r\n    g.fill();\r\n    g.textAlign = 'left';\r\n    g.fillText('  ' + right, x + width / 2, y + height * 3 / 4);\r\n}\n}",
  "properties": {
    "state": {
      "valueType": "Boolean",
      "defaultValue": true,
      "name": "开/关"
    },
    "left": {
      "valueType": "String",
      "defaultValue": "0v",
      "name": "左侧代表值"
    },
    "right": {
      "valueType": "String",
      "defaultValue": "3.3v",
      "name": "右侧代表值"
    }
  }
}