{
  "width": 186,
  "height": 192,
  "comps": [
    {
      "type": "shape",
      "borderWidth": 2,
      "borderColor": "#979797",
      "selectable": false,
      "opacity": 0.66,
      "shadowColor": "#1ABC9C",
      "points": [
        75.79314,
        4.39754,
        75.79314,
        85.48305,
        181.12631,
        146.29719,
        75.79314,
        85.48305,
        5.57101,
        126.02582
      ],
      "segments": [
        1,
        2,
        2,
        1,
        2
      ]
    },
    {
      "type": "shape",
      "background": "rgb(22,85,128)",
      "borderColor": "#979797",
      "selectable": false,
      "opacity": 0.75,
      "shadowColor": "#1ABC9C",
      "points": [
        5.57101,
        126.02582,
        75.79314,
        85.48305,
        181.12631,
        146.29719,
        110.90419,
        186.83995,
        5.57101,
        126.02582
      ]
    },
    {
      "type": "shape",
      "background": "rgb(51,153,255)",
      "borderColor": "#979797",
      "selectable": false,
      "opacity": 0.59,
      "shadowColor": "#1ABC9C",
      "points": [
        75.79314,
        31.42605,
        75.79314,
        85.48305,
        5.57101,
        126.02582,
        5.57101,
        71.9688
      ]
    },
    {
      "type": "shape",
      "background": "rgb(51,153,255)",
      "borderColor": "#979797",
      "selectable": false,
      "opacity": 0.59,
      "shadowColor": "#1ABC9C",
      "points": [
        75.79314,
        85.48305,
        181.12631,
        146.29719,
        181.12631,
        92.24018,
        75.79314,
        31.42605
      ]
    },
    {
      "type": "shape",
      "background": "rgb(255,236,207)",
      "borderWidth": 1,
      "borderColor": "rgb(46,46,46)",
      "selectable": false,
      "shadowColor": "#1ABC9C",
      "closePath": true,
      "points": [
        101.33729,
        48.10301,
        101.33729,
        98.283,
        29.66212,
        139.04193,
        29.66212,
        89.4847
      ]
    },
    {
      "type": "shape",
      "background": "rgb(255,236,207)",
      "borderWidth": 1,
      "borderColor": "rgb(46,46,46)",
      "selectable": false,
      "shadowColor": "#1ABC9C",
      "closePath": true,
      "points": [
        109.28143,
        52.82347,
        109.28143,
        103.00348,
        37.60626,
        143.76239,
        37.60626,
        94.20516
      ]
    },
    {
      "type": "shape",
      "background": "rgb(255,236,207)",
      "borderWidth": 1,
      "borderColor": "rgb(46,46,46)",
      "selectable": false,
      "shadowColor": "#1ABC9C",
      "closePath": true,
      "points": [
        117.22555,
        57.54394,
        117.22555,
        107.72394,
        45.55038,
        148.48287,
        45.55038,
        98.92562
      ]
    },
    {
      "type": "shape",
      "background": "rgb(255,236,207)",
      "borderWidth": 1,
      "borderColor": "rgb(46,46,46)",
      "selectable": false,
      "shadowColor": "#1ABC9C",
      "closePath": true,
      "points": [
        125.16969,
        62.26441,
        125.16969,
        112.4444,
        53.49452,
        153.20333,
        53.49452,
        103.64609
      ]
    },
    {
      "type": "shape",
      "background": "rgb(255,236,207)",
      "borderWidth": 1,
      "borderColor": "rgb(46,46,46)",
      "shadowColor": "#1ABC9C",
      "closePath": true,
      "points": [
        133.20281,
        67.49985,
        133.20281,
        117.67984,
        61.52764,
        158.43877,
        61.52764,
        108.88153
      ]
    },
    {
      "type": "shape",
      "background": "rgb(255,236,207)",
      "borderWidth": 1,
      "borderColor": "rgb(46,46,46)",
      "shadowColor": "#1ABC9C",
      "closePath": true,
      "points": [
        141.14695,
        72.22031,
        141.14695,
        122.40032,
        69.47178,
        163.15923,
        69.47178,
        113.602
      ]
    },
    {
      "type": "shape",
      "background": "rgb(255,236,207)",
      "borderWidth": 1,
      "borderColor": "rgb(46,46,46)",
      "shadowColor": "#1ABC9C",
      "closePath": true,
      "points": [
        149.09107,
        76.94078,
        149.09107,
        127.12078,
        77.41591,
        167.87971,
        77.41591,
        118.32246
      ]
    },
    {
      "type": "shape",
      "background": "rgb(255,236,207)",
      "borderWidth": 1,
      "borderColor": "rgb(46,46,46)",
      "shadowColor": "#1ABC9C",
      "closePath": true,
      "points": [
        157.03521,
        81.66124,
        157.03521,
        131.84124,
        85.36004,
        172.60017,
        85.36004,
        123.04293
      ]
    },
    {
      "type": "shape",
      "background": "rgb(129,183,240)",
      "borderColor": "#979797",
      "selectable": false,
      "opacity": 0.72,
      "shadowColor": "#1ABC9C",
      "points": [
        5.57101,
        71.9688,
        5.57101,
        126.02582,
        110.90419,
        186.83995,
        110.90419,
        132.78295
      ]
    },
    {
      "type": "shape",
      "background": "rgb(51,153,255)",
      "borderColor": "#979797",
      "selectable": false,
      "opacity": 0.72,
      "shadowColor": "#1ABC9C",
      "points": [
        181.12631,
        92.24018,
        181.12631,
        146.29719,
        110.90419,
        186.83995,
        110.90419,
        132.78295
      ]
    },
    {
      "type": "shape",
      "background": "rgb(131,198,242)",
      "borderColor": "#979797",
      "selectable": false,
      "opacity": 0.72,
      "shadowColor": "#1ABC9C",
      "points": [
        5.57101,
        71.9688,
        75.79314,
        31.42605,
        181.12631,
        92.24018,
        110.90419,
        132.78295
      ]
    },
    {
      "type": "shape",
      "background": "rgb(57,124,196)",
      "borderColor": "#979797",
      "selectable": false,
      "opacity": 0.34,
      "shadowColor": "#1ABC9C",
      "points": [
        110.90419,
        142.14027,
        110.90419,
        142.14027,
        108.54362,
        137.12345,
        94.96839,
        133.09484,
        81.39316,
        129.06622,
        74.12988,
        134.32417,
        60.97005,
        126.02582,
        47.81021,
        117.72745,
        41.52316,
        95.52617,
        27.2836,
        89.11532,
        13.04405,
        82.70447,
        5.57101,
        85.06047,
        5.57101,
        85.06047,
        5.57101,
        126.02582,
        110.90419,
        186.83995,
        110.90419,
        142.14027
      ],
      "segments": [
        1,
        4,
        4,
        4,
        4,
        2,
        2,
        2
      ]
    },
    {
      "type": "shape",
      "background": "rgb(24,92,163)",
      "borderColor": "#979797",
      "selectable": false,
      "opacity": 0.34,
      "shadowColor": "#1ABC9C",
      "points": [
        110.90419,
        142.14027,
        110.90419,
        142.14027,
        123.28308,
        129.25831,
        136.95699,
        123.88428,
        150.63089,
        118.51023,
        153.34618,
        128.14486,
        165.59984,
        120.64413,
        177.8535,
        113.1434,
        181.78376,
        100.18075,
        181.78376,
        100.18075,
        181.78376,
        146.17645,
        110.90419,
        186.83995,
        110.90419,
        142.14027
      ],
      "segments": [
        1,
        4,
        4,
        4,
        2,
        2,
        2
      ]
    },
    {
      "type": "shape",
      "background": "rgb(24,92,163)",
      "borderColor": "#979797",
      "selectable": false,
      "opacity": 0.34,
      "shadowColor": "#1ABC9C",
      "points": [
        40.37372,
        146.17646,
        40.37372,
        146.17646,
        55.17639,
        138.17466,
        72.52219,
        139.60339,
        89.86799,
        141.03211,
        91.19484,
        171.02376,
        112.1523,
        166.18099,
        122.86144,
        163.70635,
        129.61264,
        153.67719,
        141.86631,
        146.17646,
        154.11997,
        138.67574,
        180.15864,
        139.60339,
        180.15864,
        139.60339,
        182.89833,
        146.17646,
        109.75693,
        186.30762
      ],
      "segments": [
        1,
        4,
        4,
        4,
        4,
        2,
        2
      ]
    },
    {
      "type": "shape",
      "background": "rgb(255,255,255)",
      "borderColor": "#979797",
      "selectable": false,
      "opacity": 0.3,
      "shadowColor": "#1ABC9C",
      "points": [
        5.57101,
        71.9688,
        69.56338,
        106.4414,
        151.56114,
        75.62482,
        161.75431,
        81.74072,
        98.33275,
        121.93943,
        110.90419,
        128.71165,
        181.12631,
        92.24018,
        103.68648,
        50.55141,
        39.66281,
        75.62482,
        96.96162,
        46.93118,
        75.02421,
        35.12145,
        5.57101,
        71.9688,
        75.02421,
        31.60745,
        181.12631,
        92.24018,
        110.90419,
        132.78293
      ]
    },
    {
      "type": "shape",
      "borderWidth": 2,
      "borderColor": "rgb(48,48,48)",
      "borderCap": "round",
      "selectable": false,
      "shadowColor": "#1ABC9C",
      "points": [
        75.79314,
        4.39754,
        5.57101,
        44.9403,
        5.57101,
        126.02582,
        110.90419,
        186.83995,
        181.12631,
        146.29719,
        181.12631,
        65.21167,
        75.79314,
        4.39754,
        181.12631,
        65.21167,
        110.90419,
        105.75444,
        110.90419,
        186.83995,
        110.68244,
        105.75444,
        5.57101,
        44.9403
      ],
      "segments": [
        1,
        2,
        2,
        2,
        2,
        2,
        2,
        1,
        2,
        2,
        1,
        2
      ]
    },
    {
      "type": "oval",
      "background": "rgba(255,255,255,0.2)",
      "borderColor": "rgba(255,255,255,0.2)",
      "gradient": "radial.center",
      "gradientColor": "rgba(255,255,255,0)",
      "selectable": false,
      "opacity": 0.66,
      "shadowColor": "#1ABC9C",
      "rect": [
        101.77625,
        150.41052,
        4.29716,
        5.21786
      ]
    },
    {
      "type": "oval",
      "background": "rgba(255,255,255,0.2)",
      "borderColor": "rgba(255,255,255,0.2)",
      "gradient": "radial.center",
      "gradientColor": "rgba(255,255,255,0)",
      "selectable": false,
      "opacity": 0.66,
      "shadowColor": "#1ABC9C",
      "rect": [
        100.10111,
        165.34828,
        5.9723,
        7.25189
      ]
    },
    {
      "type": "oval",
      "background": "rgba(255,255,255,0.2)",
      "borderColor": "rgba(255,255,255,0.2)",
      "gradient": "radial.center",
      "gradientColor": "rgba(255,255,255,0)",
      "selectable": false,
      "opacity": 0.66,
      "shadowColor": "#1ABC9C",
      "rect": [
        115.08031,
        149.03569,
        5.02224,
        5.75923
      ]
    },
    {
      "type": "oval",
      "background": "rgba(255,255,255,0.2)",
      "borderColor": "rgba(255,255,255,0.2)",
      "gradient": "radial.center",
      "gradientColor": "rgba(255,255,255,0)",
      "selectable": false,
      "opacity": 0.66,
      "shadowColor": "#1ABC9C",
      "rect": [
        75.79314,
        126.02582,
        9.03988,
        10.36643
      ]
    },
    {
      "type": "oval",
      "background": "rgba(255,255,255,0.2)",
      "borderColor": "rgba(255,255,255,0.2)",
      "gradient": "radial.center",
      "gradientColor": "rgba(255,255,255,0)",
      "selectable": false,
      "opacity": 0.66,
      "shadowColor": "#1ABC9C",
      "rect": [
        115.0803,
        136.63457,
        4.01307,
        4.83208
      ]
    },
    {
      "type": "oval",
      "background": "rgba(255,255,255,0.2)",
      "borderColor": "rgba(255,255,255,0.2)",
      "gradient": "radial.center",
      "gradientColor": "rgba(255,255,255,0)",
      "selectable": false,
      "opacity": 0.66,
      "shadowColor": "#1ABC9C",
      "rect": [
        90.22608,
        129.57623,
        9.87504,
        11.89041
      ]
    },
    {
      "type": "oval",
      "background": "rgba(255,255,255,0.2)",
      "borderColor": "rgba(255,255,255,0.2)",
      "gradient": "radial.center",
      "gradientColor": "rgba(255,255,255,0)",
      "selectable": false,
      "opacity": 0.66,
      "shadowColor": "#1ABC9C",
      "rect": [
        88.21954,
        155.62838,
        4.01307,
        4.83208
      ]
    }
  ]
}