{
  "width": 158,
  "height": 164,
  "comps": [
    {
      "type": "shape",
      "borderWidth": 2,
      "borderColor": "#979797",
      "opacity": 0.66,
      "shadowColor": "#1ABC9C",
      "points": [
        64.60941,
        3.82726,
        64.60941,
        73.45797,
        155.06235,
        125.681,
        64.60941,
        73.45797,
        4.30744,
        108.27333
      ],
      "segments": [
        1,
        2,
        2,
        1,
        2
      ]
    },
    {
      "type": "shape",
      "background": "#FEB64D",
      "borderColor": "#979797",
      "opacity": 0.75,
      "shadowColor": "#1ABC9C",
      "points": [
        4.30744,
        108.27333,
        64.60941,
        73.45797,
        155.06235,
        125.681,
        94.76039,
        160.49636,
        4.30744,
        108.27333
      ]
    },
    {
      "type": "shape",
      "background": "rgb(168,149,121)",
      "borderWidth": 1,
      "borderColor": "rgb(46,46,46)",
      "opacity": 0.72,
      "shadowColor": "#1ABC9C",
      "closePath": true,
      "points": [
        88.83742,
        53.95775,
        88.83742,
        92.21402,
        34.19364,
        123.28785,
        34.19364,
        85.50636
      ]
    },
    {
      "type": "shape",
      "background": "rgb(168,149,121)",
      "borderWidth": 1,
      "borderColor": "rgb(46,46,46)",
      "opacity": 0.72,
      "shadowColor": "#1ABC9C",
      "closePath": true,
      "points": [
        94.89388,
        57.55654,
        94.89388,
        95.81282,
        40.2501,
        126.88664,
        40.2501,
        89.10515
      ]
    },
    {
      "type": "shape",
      "background": "rgb(168,149,121)",
      "borderWidth": 1,
      "borderColor": "rgb(46,46,46)",
      "opacity": 0.72,
      "shadowColor": "#1ABC9C",
      "closePath": true,
      "points": [
        100.95033,
        61.15534,
        100.95033,
        99.41161,
        46.30655,
        130.48544,
        46.30655,
        92.70394
      ]
    },
    {
      "type": "shape",
      "background": "rgb(168,149,121)",
      "borderWidth": 1,
      "borderColor": "rgb(46,46,46)",
      "opacity": 0.72,
      "shadowColor": "#1ABC9C",
      "closePath": true,
      "points": [
        107.00679,
        64.75413,
        107.00679,
        103.0104,
        52.36301,
        134.08423,
        52.36301,
        96.30274
      ]
    },
    {
      "type": "shape",
      "background": "#FEB64D",
      "borderColor": "#979797",
      "opacity": 0.59,
      "shadowColor": "#1ABC9C",
      "points": [
        64.60941,
        27.0375,
        64.60941,
        73.45797,
        4.30744,
        108.27333,
        4.30744,
        61.85285
      ]
    },
    {
      "type": "shape",
      "background": "#FEB64D",
      "borderColor": "#979797",
      "opacity": 0.59,
      "shadowColor": "#1ABC9C",
      "points": [
        64.60941,
        73.45797,
        155.06235,
        125.681,
        155.06235,
        79.26053,
        64.60941,
        27.0375
      ]
    },
    {
      "type": "shape",
      "background": "rgb(240,174,74)",
      "borderColor": "#979797",
      "opacity": 0.13,
      "shadowColor": "#1ABC9C",
      "points": [
        4.30744,
        61.85285,
        4.30744,
        108.27333,
        94.76039,
        160.49636,
        94.76039,
        114.07589
      ]
    },
    {
      "type": "shape",
      "background": "rgb(212,146,47)",
      "borderColor": "#979797",
      "opacity": 0.72,
      "shadowColor": "#1ABC9C",
      "points": [
        155.06235,
        79.26053,
        155.06235,
        125.681,
        94.76039,
        160.49636,
        94.76039,
        114.07589
      ]
    },
    {
      "type": "shape",
      "background": "#FEB64D",
      "borderColor": "#979797",
      "opacity": 0.26,
      "shadowColor": "#1ABC9C",
      "points": [
        4.30744,
        61.85285,
        64.60941,
        27.0375,
        155.06235,
        79.26053,
        94.76039,
        114.07589
      ]
    },
    {
      "type": "shape",
      "background": "rgb(217,160,74)",
      "borderColor": "#979797",
      "opacity": 0.13,
      "shadowColor": "#1ABC9C",
      "points": [
        94.76039,
        122.11132,
        94.76039,
        122.11132,
        92.73329,
        117.80322,
        81.07581,
        114.34372,
        69.41833,
        110.88422,
        63.18112,
        115.39939,
        51.88035,
        108.27333,
        40.57958,
        101.14726,
        35.18069,
        82.08231,
        22.95273,
        76.57711,
        10.72477,
        71.07191,
        4.30744,
        73.09508,
        4.30744,
        73.09508,
        4.30744,
        108.27333,
        94.76039,
        160.49636,
        94.76039,
        122.11132
      ],
      "segments": [
        1,
        4,
        4,
        4,
        4,
        2,
        2,
        2
      ]
    },
    {
      "type": "shape",
      "background": "rgb(212,145,44)",
      "borderColor": "#979797",
      "opacity": 0.34,
      "shadowColor": "#1ABC9C",
      "points": [
        94.76039,
        122.11132,
        94.76039,
        122.11132,
        105.39053,
        111.04917,
        117.13275,
        106.43432,
        128.87497,
        101.81946,
        131.20667,
        110.09302,
        141.72928,
        103.6519,
        152.25189,
        97.21079,
        155.62693,
        86.07935,
        155.62693,
        86.07935,
        155.62693,
        125.57732,
        94.76039,
        160.49636,
        94.76039,
        122.11132
      ],
      "segments": [
        1,
        4,
        4,
        4,
        2,
        2,
        2
      ]
    },
    {
      "type": "shape",
      "background": "rgb(207,143,48)",
      "borderColor": "#979797",
      "opacity": 0.34,
      "shadowColor": "#1ABC9C",
      "points": [
        34.19363,
        125.57733,
        34.19363,
        125.57733,
        46.90515,
        118.70593,
        61.80054,
        119.93282,
        76.69593,
        121.15971,
        77.83534,
        146.91449,
        95.83218,
        142.75585,
        105.02846,
        140.6308,
        110.82593,
        132.01844,
        121.34854,
        125.57733,
        131.87115,
        119.13622,
        154.23138,
        119.93282,
        154.23138,
        119.93282,
        156.58404,
        125.57733,
        93.7752,
        160.03923
      ],
      "segments": [
        1,
        4,
        4,
        4,
        4,
        2,
        2
      ]
    },
    {
      "type": "shape",
      "background": "rgb(255,255,255)",
      "borderColor": "#979797",
      "opacity": 0.3,
      "shadowColor": "#1ABC9C",
      "points": [
        4.30744,
        61.85285,
        59.25972,
        91.45557,
        129.6738,
        64.99239,
        138.427,
        70.24431,
        83.96489,
        104.76422,
        94.76039,
        110.57974,
        155.06235,
        79.26053,
        88.56231,
        43.46106,
        33.58315,
        64.99239,
        82.78746,
        40.35225,
        63.94911,
        30.21086,
        4.30744,
        61.85285,
        63.94911,
        27.19328,
        155.06235,
        79.26053,
        94.76039,
        114.07588
      ]
    },
    {
      "type": "shape",
      "borderWidth": 2,
      "borderColor": "rgb(48,48,48)",
      "borderCap": "round",
      "shadowColor": "#1ABC9C",
      "points": [
        64.60941,
        3.82726,
        4.30744,
        38.64262,
        4.30744,
        108.27333,
        94.76039,
        160.49636,
        155.06235,
        125.681,
        155.06235,
        56.05029,
        64.60941,
        3.82726,
        155.06235,
        56.05029,
        94.76039,
        90.86565,
        94.76039,
        160.49636,
        94.56996,
        90.86565,
        4.30744,
        38.64262
      ],
      "segments": [
        1,
        2,
        2,
        2,
        2,
        2,
        2,
        1,
        2,
        2,
        1,
        2
      ]
    },
    {
      "type": "oval",
      "background": "rgba(255,255,255,0.2)",
      "borderColor": "rgba(255,255,255,0.2)",
      "gradient": "radial.center",
      "gradientColor": "rgba(255,255,255,0)",
      "opacity": 0.66,
      "shadowColor": "#1ABC9C",
      "rect": [
        86.92193,
        129.21325,
        3.69011,
        4.48074
      ]
    },
    {
      "type": "oval",
      "background": "rgba(255,255,255,0.2)",
      "borderColor": "rgba(255,255,255,0.2)",
      "gradient": "radial.center",
      "gradientColor": "rgba(255,255,255,0)",
      "opacity": 0.66,
      "shadowColor": "#1ABC9C",
      "rect": [
        85.48344,
        142.04078,
        5.1286,
        6.22743
      ]
    },
    {
      "type": "oval",
      "background": "rgba(255,255,255,0.2)",
      "borderColor": "rgba(255,255,255,0.2)",
      "gradient": "radial.center",
      "gradientColor": "rgba(255,255,255,0)",
      "opacity": 0.66,
      "shadowColor": "#1ABC9C",
      "rect": [
        98.34655,
        128.03264,
        4.31276,
        4.94563
      ]
    },
    {
      "type": "oval",
      "background": "rgba(255,255,255,0.2)",
      "borderColor": "rgba(255,255,255,0.2)",
      "gradient": "radial.center",
      "gradientColor": "rgba(255,255,255,0)",
      "opacity": 0.66,
      "shadowColor": "#1ABC9C",
      "rect": [
        64.60941,
        108.27333,
        7.76283,
        8.90198
      ]
    },
    {
      "type": "oval",
      "background": "rgba(255,255,255,0.2)",
      "borderColor": "rgba(255,255,255,0.2)",
      "gradient": "radial.center",
      "gradientColor": "rgba(255,255,255,0)",
      "opacity": 0.66,
      "shadowColor": "#1ABC9C",
      "rect": [
        98.34654,
        117.3834,
        3.44615,
        4.14946
      ]
    },
    {
      "type": "oval",
      "background": "rgba(255,255,255,0.2)",
      "borderColor": "rgba(255,255,255,0.2)",
      "gradient": "radial.center",
      "gradientColor": "rgba(255,255,255,0)",
      "opacity": 0.66,
      "shadowColor": "#1ABC9C",
      "rect": [
        77.00343,
        111.32219,
        8.48001,
        10.21067
      ]
    },
    {
      "type": "oval",
      "background": "rgba(255,255,255,0.2)",
      "borderColor": "rgba(255,255,255,0.2)",
      "gradient": "radial.center",
      "gradientColor": "rgba(255,255,255,0)",
      "opacity": 0.66,
      "shadowColor": "#1ABC9C",
      "rect": [
        75.28035,
        133.69399,
        3.44615,
        4.14946
      ]
    }
  ]
}