{
  "width": 168,
  "height": 209,
  "comps": [
    {
      "type": "shape",
      "borderWidth": 2,
      "borderColor": "#979797",
      "opacity": 0.66,
      "shadowColor": "#1ABC9C",
      "points": [
        95.82201,
        3.76106,
        95.82201,
        109.9098,
        164.02664,
        149.28776,
        95.82201,
        109.9098,
        3.8945,
        162.98417
      ],
      "segments": [
        1,
        2,
        2,
        1,
        2
      ]
    },
    {
      "type": "shape",
      "background": "rgb(22,85,128)",
      "borderColor": "#979797",
      "opacity": 0.75,
      "shadowColor": "#1ABC9C",
      "points": [
        95.55355,
        111.01744,
        164.76764,
        150.97821,
        72.84014,
        204.05259,
        6.74312,
        165.89146
      ]
    },
    {
      "type": "shape",
      "background": "rgb(51,153,255)",
      "borderColor": "#979797",
      "opacity": 0.59,
      "shadowColor": "#1ABC9C",
      "points": [
        95.82201,
        42.52217,
        95.82201,
        113.28798,
        3.8945,
        166.36236,
        3.8945,
        95.59653
      ]
    },
    {
      "type": "shape",
      "background": "rgb(51,153,255)",
      "borderColor": "#979797",
      "opacity": 0.59,
      "shadowColor": "#1ABC9C",
      "points": [
        95.74523,
        111.12811,
        164.76764,
        150.97821,
        164.76764,
        80.21239,
        96.04695,
        40.53649
      ]
    },
    {
      "type": "shape",
      "background": "rgb(129,183,240)",
      "borderColor": "#979797",
      "opacity": 0.72,
      "shadowColor": "#1ABC9C",
      "points": [
        4.23073,
        93.90298,
        4.23043,
        164.122,
        72.84014,
        204.05259,
        72.84014,
        133.28677
      ]
    },
    {
      "type": "shape",
      "background": "rgb(51,153,255)",
      "borderColor": "#979797",
      "opacity": 0.72,
      "shadowColor": "#1ABC9C",
      "points": [
        164.76764,
        80.21239,
        164.76764,
        150.97821,
        72.84014,
        204.05259,
        72.84014,
        133.28677
      ]
    },
    {
      "type": "shape",
      "background": "rgb(131,198,242)",
      "borderColor": "#979797",
      "opacity": 0.72,
      "shadowColor": "#1ABC9C",
      "points": [
        4.23073,
        93.90298,
        96.04695,
        40.52734,
        164.76764,
        80.21239,
        72.84014,
        133.28677
      ]
    },
    {
      "type": "shape",
      "background": "rgb(57,124,196)",
      "borderColor": "#979797",
      "opacity": 0.34,
      "shadowColor": "#1ABC9C",
      "points": [
        72.84014,
        145.5364,
        72.84014,
        145.5364,
        69.74992,
        138.96891,
        51.97864,
        133.69506,
        34.20736,
        128.42122,
        24.69903,
        135.30438,
        7.47154,
        124.44104,
        6.5044,
        123.83118,
        4.65175,
        122.44625,
        4.65175,
        122.44625,
        4.52278,
        164.60954,
        72.84014,
        204.05259,
        72.84014,
        145.5364
      ],
      "segments": [
        1,
        4,
        4,
        4,
        2,
        2,
        2
      ]
    },
    {
      "type": "shape",
      "background": "rgb(24,92,163)",
      "borderColor": "#979797",
      "opacity": 0.34,
      "shadowColor": "#1ABC9C",
      "points": [
        72.84014,
        145.5364,
        72.84014,
        145.5364,
        89.04529,
        128.67268,
        106.94575,
        121.63755,
        124.84621,
        114.60242,
        128.40078,
        127.21507,
        144.442,
        117.39589,
        160.48322,
        107.57672,
        165.62831,
        90.60736,
        165.62831,
        90.60736,
        165.62831,
        150.82016,
        72.84014,
        204.05259,
        72.84014,
        145.5364
      ],
      "segments": [
        1,
        4,
        4,
        4,
        2,
        2,
        2
      ]
    },
    {
      "type": "shape",
      "background": "rgb(24,92,163)",
      "borderColor": "#979797",
      "opacity": 0.34,
      "shadowColor": "#1ABC9C",
      "points": [
        4.23043,
        164.61539,
        5.26035,
        142.94882,
        5.26035,
        142.94882,
        16.46914,
        141.71086,
        22.5944,
        142.21538,
        45.30172,
        144.08572,
        47.0387,
        183.34767,
        74.47403,
        177.00802,
        88.49333,
        173.76848,
        97.3313,
        160.63934,
        113.37252,
        150.82017,
        129.41374,
        141.001,
        163.50086,
        142.21538,
        163.50086,
        142.21538,
        167.08738,
        150.82017,
        71.33826,
        203.35571
      ],
      "segments": [
        1,
        2,
        4,
        4,
        4,
        4,
        2,
        2
      ]
    },
    {
      "type": "shape",
      "background": "rgb(255,255,255)",
      "borderColor": "#979797",
      "opacity": 0.3,
      "shadowColor": "#1ABC9C",
      "points": [
        4.23073,
        93.90298,
        122.69011,
        58.04275,
        13.40381,
        98.99427,
        72.84014,
        127.95705,
        164.76764,
        80.21239,
        96.21218,
        44.47447,
        4.23073,
        93.90298,
        4.23073,
        93.90298,
        96.21218,
        41.03594,
        164.76764,
        80.21239,
        72.84014,
        133.28675
      ]
    },
    {
      "type": "shape",
      "borderWidth": 2,
      "borderColor": "rgb(48,48,48)",
      "borderCap": "round",
      "shadowColor": "#1ABC9C",
      "points": [
        4.86248,
        58.61528,
        4.86248,
        164.80567,
        72.84014,
        204.05259,
        164.76764,
        150.97821,
        164.76764,
        44.82948,
        95.48984,
        4.83192,
        4.23073,
        58.61528,
        164.76764,
        44.82948,
        72.84014,
        97.90385,
        72.84014,
        204.05259,
        72.54984,
        97.90385,
        4.86248,
        58.61528
      ],
      "segments": [
        1,
        2,
        2,
        2,
        2,
        2,
        2,
        1,
        2,
        2,
        1,
        2
      ]
    },
    {
      "type": "oval",
      "background": "rgba(255,255,255,0.22)",
      "borderColor": "rgba(255,255,255,0.2)",
      "gradient": "radial.center",
      "gradientColor": "rgba(255,255,255,0.00)",
      "opacity": 0.66,
      "shadowColor": "#1ABC9C",
      "rect": [
        94.81301,
        154.36817,
        5.6254,
        6.83068
      ]
    },
    {
      "type": "oval",
      "background": "rgba(255,255,255,0.22)",
      "borderColor": "rgba(255,255,255,0.2)",
      "gradient": "radial.center",
      "gradientColor": "rgba(255,255,255,0.00)",
      "opacity": 0.66,
      "shadowColor": "#1ABC9C",
      "rect": [
        92.62009,
        173.92313,
        7.81831,
        9.49342
      ]
    },
    {
      "type": "oval",
      "background": "rgba(255,255,255,0.22)",
      "borderColor": "rgba(255,255,255,0.2)",
      "gradient": "radial.center",
      "gradientColor": "rgba(255,255,255,0.00)",
      "opacity": 0.66,
      "shadowColor": "#1ABC9C",
      "rect": [
        112.22929,
        152.56838,
        6.5746,
        7.53938
      ]
    },
    {
      "type": "oval",
      "background": "rgba(255,255,255,0.22)",
      "borderColor": "rgba(255,255,255,0.2)",
      "gradient": "radial.center",
      "gradientColor": "rgba(255,255,255,0.00)",
      "opacity": 0.66,
      "shadowColor": "#1ABC9C",
      "rect": [
        60.79862,
        122.44625,
        11.83407,
        13.57065
      ]
    },
    {
      "type": "oval",
      "background": "rgba(255,255,255,0.22)",
      "borderColor": "rgba(255,255,255,0.2)",
      "gradient": "radial.center",
      "gradientColor": "rgba(255,255,255,0.00)",
      "opacity": 0.66,
      "shadowColor": "#1ABC9C",
      "rect": [
        112.22928,
        136.33412,
        5.25349,
        6.32566
      ]
    },
    {
      "type": "oval",
      "background": "rgba(255,255,255,0.22)",
      "borderColor": "rgba(255,255,255,0.2)",
      "gradient": "radial.center",
      "gradientColor": "rgba(255,255,255,0.00)",
      "opacity": 0.66,
      "shadowColor": "#1ABC9C",
      "rect": [
        79.69272,
        127.09408,
        12.92738,
        15.56569
      ]
    },
    {
      "type": "oval",
      "background": "rgba(255,255,255,0.22)",
      "borderColor": "rgba(255,255,255,0.2)",
      "gradient": "radial.center",
      "gradientColor": "rgba(255,255,255,0.00)",
      "opacity": 0.66,
      "shadowColor": "#1ABC9C",
      "rect": [
        58.17187,
        160.10776,
        5.25349,
        6.32566
      ]
    }
  ]
}