{
  "background": "rgb(107,107,107)",
  "width": 131,
  "height": 116,
  "clip": true,
  "comps": [
    {
      "type": "shape",
      "background": "rgba(0,0,0,0.30)",
      "shadowColor": "#1ABC9C",
      "points": [
        58.27733,
        37.5672,
        32.00774,
        37.5672,
        1.20408,
        59.96303,
        23.84072,
        69.59565,
        46.47737,
        79.22827,
        57.97527,
        85.78413,
        74.65277,
        102.82817,
        96.56697,
        125.22401,
        125.38362,
        89.10183,
        115.55079,
        76.33855,
        105.71796,
        63.57526,
        97.01633,
        64.37705,
        96.56697,
        63.57526
      ],
      "segments": [
        1,
        4,
        4,
        4,
        4
      ]
    },
    {
      "type": "shape",
      "background": "rgb(39,96,194)",
      "shadowColor": "#1ABC9C",
      "rotation": 2.10606,
      "points": [
        63.06934,
        41.14607,
        63.30636,
        31.32212,
        22.16859,
        34.17534,
        16.65506,
        42.50008,
        16.65506,
        42.50008,
        16.65506,
        45.05845,
        21.99906,
        51.51175,
        21.99906,
        51.51175,
        21.99906,
        51.51175,
        26.16446,
        49.25988,
        26.49347,
        49.5445,
        27.02463,
        50.00401,
        27.60471,
        50.4458,
        28.23372,
        50.86581,
        36.16504,
        56.26565,
        49.2284,
        56.26565,
        57.15973,
        50.86581,
        61.04763,
        48.16587,
        63.06934,
        44.74597,
        63.06934,
        41.14607,
        63.06934,
        41.14607,
        63.06934,
        41.14607
      ],
      "segments": [
        1,
        2,
        2,
        2,
        2,
        4,
        4,
        4,
        4,
        4,
        2,
        2
      ]
    },
    {
      "type": "oval",
      "background": "rgb(90,142,232)",
      "borderColor": "#979797",
      "rotation": 0.53948,
      "rect": [
        35.52859,
        30.87888,
        25.49313,
        41.55697
      ]
    },
    {
      "type": "shape",
      "background": "rgba(0,0,0,0.3)",
      "borderColor": "#979797",
      "points": [
        46.97597,
        27.68064,
        46.97597,
        27.68064,
        51.33182,
        29.10619,
        50.44524,
        30.33375,
        48.7625,
        32.66365,
        41.15497,
        30.0885,
        45.00528,
        32.39176,
        45.77029,
        32.84939,
        49.62641,
        33.79685,
        50.44524,
        33.26405,
        51.9258,
        32.30068,
        51.96785,
        31.39902,
        51.33182,
        31.08613,
        50.82245,
        30.83555,
        57.35721,
        32.90348,
        56.96136,
        32.65608,
        56.04664,
        32.08438,
        53.13835,
        24.92328,
        53.13835,
        24.92328
      ],
      "segments": [
        1,
        4,
        4,
        4,
        4,
        4,
        4
      ]
    },
    {
      "type": "shape",
      "background": "rgb(67,128,232)",
      "shadowColor": "#1ABC9C",
      "points": [
        44.14987,
        22.42045,
        42.08968,
        23.59641,
        42.07327,
        25.53992,
        44.1122,
        26.72802,
        46.15537,
        27.93193,
        49.4924,
        27.94287,
        51.55988,
        26.75901,
        53.62372,
        25.58307,
        53.64438,
        23.6432,
        51.59208,
        22.45206,
        49.55863,
        21.24815,
        46.22039,
        21.23236,
        44.14987,
        22.42045,
        44.14987,
        22.42045
      ],
      "segments": [
        1,
        4,
        4,
        4,
        4,
        2
      ]
    },
    {
      "type": "shape",
      "background": "rgb(122,165,240)",
      "shadowColor": "#1ABC9C",
      "points": [
        44.32481,
        22.2582,
        42.42505,
        23.28586,
        42.40804,
        24.96988,
        44.2926,
        26.00666,
        46.16683,
        27.05255,
        49.24557,
        27.06288,
        51.14167,
        26.03766,
        53.04568,
        25.01363,
        53.06999,
        23.33449,
        51.18057,
        22.28373,
        49.30329,
        21.24634,
        46.23003,
        21.23236,
        44.32481,
        22.2582,
        44.32481,
        22.2582
      ],
      "segments": [
        1,
        4,
        4,
        4,
        4,
        2
      ]
    },
    {
      "type": "shape",
      "background": "rgb(122,165,240)",
      "gradient": "spread.east",
      "gradientColor": "rgb(24,77,168)",
      "shadowColor": "#1ABC9C",
      "points": [
        44.04003,
        8.51141,
        44.04003,
        23.45085,
        44.04175,
        23.99271,
        44.39716,
        24.53586,
        45.10372,
        24.95954,
        46.54628,
        25.79154,
        48.8844,
        25.80391,
        50.3389,
        24.97959,
        51.06851,
        24.55933,
        51.43799,
        24.00637,
        51.43629,
        23.45639,
        51.43629,
        8.51141
      ],
      "segments": [
        1,
        2,
        4,
        4,
        4,
        2
      ]
    },
    {
      "type": "shape",
      "background": "rgb(39,96,194)",
      "shadowColor": "#1ABC9C",
      "points": [
        42.42081,
        8.58981,
        42.40804,
        10.60078,
        42.41048,
        11.37259,
        42.91671,
        12.14622,
        43.92311,
        12.7497,
        45.97783,
        13.93476,
        49.30817,
        13.95239,
        51.37991,
        12.77826,
        52.41913,
        12.17965,
        52.94542,
        11.39204,
        52.94298,
        10.60867,
        52.9521,
        8.59892,
        52.95575,
        9.37621,
        52.43188,
        10.16564,
        51.38902,
        10.76122,
        49.32154,
        11.94507,
        45.98451,
        11.93352,
        43.94134,
        10.73022,
        42.92157,
        10.14377,
        42.42567,
        9.35494,
        42.42081,
        8.58981,
        42.42081,
        8.58981,
        42.42081,
        8.58981
      ],
      "segments": [
        1,
        2,
        4,
        4,
        4,
        2,
        4,
        4,
        4,
        2,
        2
      ]
    },
    {
      "type": "shape",
      "background": "rgb(20,75,168)",
      "shadowColor": "#1ABC9C",
      "points": [
        43.97963,
        6.42266,
        41.91943,
        7.5986,
        41.90302,
        9.54211,
        43.94195,
        10.73022,
        45.98512,
        11.93413,
        49.32215,
        11.94507,
        51.38964,
        10.76122,
        53.45347,
        9.58526,
        53.47414,
        7.6454,
        51.42184,
        6.45426,
        49.38839,
        5.25035,
        46.05015,
        5.23455,
        43.97963,
        6.42266,
        43.97963,
        6.42266
      ],
      "segments": [
        1,
        4,
        4,
        4,
        4,
        2
      ]
    },
    {
      "type": "shape",
      "background": "rgb(12,46,105)",
      "shadowColor": "#1ABC9C",
      "points": [
        44.28045,
        6.62199,
        42.3807,
        7.64965,
        42.36368,
        9.33367,
        44.24824,
        10.37045,
        46.12247,
        11.41634,
        49.20121,
        11.42668,
        51.09732,
        10.40144,
        53.00133,
        9.37743,
        53.02563,
        7.69828,
        51.13622,
        6.64752,
        49.25894,
        5.61013,
        46.18567,
        5.59615,
        44.28045,
        6.62199,
        44.28045,
        6.62199
      ],
      "segments": [
        1,
        4,
        4,
        4,
        4,
        2
      ]
    },
    {
      "type": "shape",
      "background": "rgb(39,96,194)",
      "shadowColor": "#1ABC9C",
      "rotation": 2.10606,
      "points": [
        65.53193,
        47.55041,
        65.53193,
        41.77917,
        28.82528,
        41.77917,
        28.82528,
        47.55041,
        28.82528,
        50.38185,
        30.63968,
        53.36229,
        34.26848,
        55.59764,
        41.38649,
        60.0683,
        53.1103,
        60.0683,
        60.22831,
        55.59764,
        63.71754,
        53.36229,
        65.53193,
        50.53086,
        65.53193,
        47.55041,
        65.53193,
        47.55041,
        65.53193,
        47.55041
      ],
      "segments": [
        1,
        2,
        2,
        2,
        4,
        4,
        4,
        2,
        2
      ]
    },
    {
      "type": "oval",
      "background": "rgb(90,142,232)",
      "borderColor": "#979797",
      "rotation": 0.53948,
      "rect": [
        42.62879,
        36.28349,
        21.69575,
        36.70258
      ]
    },
    {
      "type": "shape",
      "background": "rgb(11,48,112)",
      "gradient": "spread.west",
      "gradientColor": "rgb(134,173,240)",
      "shadowColor": "#1ABC9C",
      "rotation": 2.10606,
      "points": [
        83.44,
        69.62812,
        83.44,
        43.17176,
        47.07472,
        39.24043,
        47.07472,
        69.62812,
        47.07472,
        72.92241,
        48.87225,
        76.3901,
        52.46729,
        78.99086,
        59.51911,
        84.19236,
        71.13388,
        84.19236,
        78.1857,
        78.99086,
        81.64247,
        76.3901,
        83.44,
        73.0958,
        83.44,
        69.62812,
        83.44,
        69.62812,
        83.44,
        69.62812
      ],
      "segments": [
        1,
        2,
        2,
        2,
        4,
        4,
        4,
        2,
        2
      ]
    },
    {
      "type": "shape",
      "background": "rgb(79,79,79)",
      "borderWidth": 2,
      "borderColor": "rgb(3,42,128)",
      "borderCap": "round",
      "points": [
        45.21579,
        69.5785,
        70.78538,
        84.86898
      ]
    },
    {
      "type": "shape",
      "borderWidth": 2,
      "borderColor": "rgb(3,71,135)",
      "borderCap": "round",
      "points": [
        44.28531,
        65.7104,
        70.39337,
        80.79205
      ]
    },
    {
      "type": "shape",
      "borderWidth": 2,
      "borderColor": "rgb(1,34,74)",
      "borderCap": "round",
      "points": [
        43.48043,
        61.71639,
        72.11666,
        77.96955
      ]
    },
    {
      "type": "shape",
      "borderWidth": 2,
      "borderColor": "rgb(3,48,102)",
      "borderCap": "round",
      "points": [
        43.80818,
        58.59618,
        73.53935,
        75.23207
      ]
    },
    {
      "type": "shape",
      "borderWidth": 2,
      "borderColor": "rgb(5,56,166)",
      "borderCap": "round",
      "points": [
        44.87036,
        55.1544,
        74.74012,
        72.53035
      ]
    },
    {
      "type": "shape",
      "borderWidth": 2,
      "borderColor": "rgb(5,56,166)",
      "borderCap": "round",
      "points": [
        46.3915,
        51.67634,
        77.88099,
        70.63701
      ]
    },
    {
      "type": "shape",
      "borderWidth": 2,
      "borderColor": "rgb(13,92,189)",
      "borderCap": "round",
      "points": [
        48.55619,
        48.63407,
        79.03756,
        65.7104
      ]
    },
    {
      "type": "shape",
      "borderWidth": 2,
      "borderColor": "rgb(13,92,189)",
      "borderCap": "round",
      "points": [
        51.07191,
        46.06746,
        81.40952,
        63.2021
      ]
    },
    {
      "type": "shape",
      "borderWidth": 2,
      "borderColor": "rgb(39,123,227)",
      "borderCap": "round",
      "points": [
        54.15615,
        43.28546,
        83.72782,
        59.47881
      ]
    },
    {
      "type": "shape",
      "borderWidth": 2,
      "borderColor": "rgb(39,123,227)",
      "borderCap": "round",
      "points": [
        58.22674,
        41.23716,
        86.00659,
        56.8972
      ]
    },
    {
      "type": "shape",
      "borderWidth": 2,
      "borderColor": "rgb(48,198,240)",
      "borderCap": "round",
      "points": [
        63.79688,
        40.60072,
        91.05574,
        56.26075
      ]
    },
    {
      "type": "shape",
      "background": "rgb(39,96,194)",
      "borderColor": "#979797",
      "points": [
        71.69611,
        62.45305,
        71.69611,
        65.98166,
        49.42447,
        53.19134,
        49.42447,
        50.49305,
        54.22066,
        50.14817
      ]
    },
    {
      "type": "shape",
      "background": "rgb(122,165,240)",
      "borderColor": "#979797",
      "points": [
        49.57192,
        50.50118,
        71.63161,
        62.69206,
        91.43372,
        51.2107,
        69.50304,
        39.92285,
        49.50742,
        50.43668
      ]
    },
    {
      "type": "shape",
      "background": "rgb(39,96,194)",
      "borderColor": "#979797",
      "points": [
        66.47145,
        53.61305,
        66.47145,
        57.35305,
        56.53814,
        51.17616,
        56.53814,
        48.1146,
        61.56929,
        47.34058
      ]
    },
    {
      "type": "shape",
      "background": "rgb(22,74,166)",
      "borderColor": "#979797",
      "points": [
        75.74508,
        53.55305,
        75.74508,
        57.31219,
        66.44447,
        57.31219,
        66.44447,
        53.75305,
        72.56834,
        52.40269
      ]
    },
    {
      "type": "shape",
      "background": "rgb(90,142,232)",
      "borderColor": "#979797",
      "points": [
        85.22716,
        47.97451,
        85.22716,
        51.77786,
        75.74508,
        57.31219,
        75.74508,
        53.61305,
        81.01415,
        45.97598
      ]
    },
    {
      "type": "shape",
      "background": "rgb(122,165,240)",
      "borderColor": "#979797",
      "points": [
        56.86497,
        43.77953,
        67.01444,
        38.37384,
        74.84718,
        38.37384,
        85.10697,
        43.88985,
        85.32761,
        47.9717,
        75.72975,
        53.59804,
        66.46284,
        53.70836,
        56.42369,
        47.9717
      ]
    },
    {
      "type": "shape",
      "background": "rgb(90,142,232)",
      "borderColor": "#979797",
      "points": [
        71.63161,
        65.98166,
        71.63161,
        62.69206,
        91.43372,
        51.2107,
        91.43372,
        53.98429
      ]
    },
    {
      "type": "oval",
      "background": "rgba(0,0,0,0.2)",
      "borderColor": "#979797",
      "rect": [
        64.40561,
        42.20738,
        13.24338,
        6.8598
      ]
    },
    {
      "type": "shape",
      "background": "rgb(39,96,194)",
      "shadowColor": "#1ABC9C",
      "rotation": 2.10606,
      "points": [
        104.56911,
        75.06103,
        104.56911,
        61.84173,
        63.81266,
        60.67034,
        63.81266,
        75.06103,
        63.81266,
        77.69212,
        65.82724,
        80.46169,
        69.85639,
        82.53887,
        77.75973,
        86.69322,
        90.777,
        86.69322,
        98.68035,
        82.53887,
        102.55453,
        80.46169,
        104.56911,
        77.8306,
        104.56911,
        75.06103,
        104.56911,
        75.06103,
        104.56911,
        75.06103
      ],
      "segments": [
        1,
        2,
        2,
        2,
        4,
        4,
        4,
        2,
        2
      ]
    },
    {
      "type": "oval",
      "background": "rgb(58,118,222)",
      "borderColor": "#979797",
      "rotation": 0.53948,
      "rect": [
        82.65243,
        59.41565,
        23.52421,
        40.65764
      ]
    },
    {
      "type": "oval",
      "background": "rgb(90,142,232)",
      "borderColor": "#979797",
      "rotation": 0.53948,
      "rect": [
        87.4984,
        63.65757,
        18.38624,
        34.49858
      ]
    },
    {
      "type": "shape",
      "background": "rgba(107,196,255,0.30)",
      "borderColor": "#979797",
      "points": [
        78.54908,
        61.84287,
        78.54908,
        61.84287,
        85.75626,
        64.20833,
        89.60656,
        66.51158,
        89.98702,
        66.73918,
        90.86402,
        65.54178,
        91.95002,
        64.67645,
        93.0477,
        63.80182,
        94.3514,
        63.25727,
        94.15242,
        63.13291,
        93.70182,
        62.85129,
        87.69404,
        57.74854,
        85.06071,
        57.17415,
        82.34826,
        56.58251,
        78.54908,
        61.84287,
        78.54908,
        61.84287
      ],
      "segments": [
        1,
        4,
        4,
        4,
        4,
        4
      ]
    },
    {
      "type": "shape",
      "background": "rgba(107,196,255,0.30)",
      "borderColor": "#979797",
      "points": [
        88.14393,
        68.54757,
        88.14393,
        68.54757,
        95.65621,
        63.32527,
        97.12185,
        67.05242,
        97.28409,
        67.465,
        98.05319,
        66.6746,
        99.29519,
        66.0536,
        100.10382,
        65.64929,
        101.06201,
        65.76169,
        100.86303,
        65.63733,
        100.41243,
        65.35571,
        101.11348,
        63.63997,
        100.42658,
        62.5463,
        99.94605,
        61.7812,
        97.19852,
        61.70105,
        95.43586,
        62.5463,
        91.78217,
        64.29834,
        88.14393,
        68.54757,
        88.14393,
        68.54757
      ],
      "segments": [
        1,
        4,
        4,
        4,
        4,
        4,
        4
      ]
    },
    {
      "type": "shape",
      "background": "rgba(107,196,255,0.30)",
      "borderColor": "#979797",
      "points": [
        96.96702,
        62.18717,
        96.96702,
        62.18717,
        97.48814,
        62.46172,
        98.95378,
        66.18887,
        100.23771,
        65.60255,
        100.10266,
        65.78893,
        101.4586,
        65.48956,
        102.5386,
        65.25111,
        103.74673,
        65.45237,
        103.54775,
        65.32801,
        103.09716,
        65.04639,
        103.05183,
        62.14419,
        101.7901,
        61.86855,
        97.61467,
        60.95636,
        96.96702,
        62.18717,
        96.96702,
        62.18717
      ],
      "segments": [
        1,
        4,
        4,
        4,
        4,
        4
      ]
    },
    {
      "type": "shape",
      "borderWidth": 2,
      "borderColor": "rgb(5,56,166)",
      "borderCap": "round",
      "opacity": 0.39,
      "points": [
        103.04064,
        72.7388,
        90.3424,
        90.05241
      ]
    },
    {
      "type": "shape",
      "borderWidth": 2,
      "borderColor": "rgb(5,56,166)",
      "borderCap": "round",
      "opacity": 0.6,
      "points": [
        102.607,
        80.90686,
        98.10676,
        87.55831
      ]
    },
    {
      "type": "shape",
      "background": "rgba(33,129,194,0.30)",
      "borderColor": "#979797",
      "points": [
        69.96194,
        86.68678,
        69.96194,
        86.68678,
        71.93335,
        88.08493,
        74.4649,
        89.11941,
        76.1985,
        89.82781,
        78.27569,
        89.98434,
        79.84067,
        90.92052,
        80.22113,
        91.14811,
        79.02117,
        88.07538,
        79.02117,
        86.68678,
        79.02117,
        84.85316,
        79.06203,
        83.9831,
        75.53233,
        82.74541,
        72.00262,
        81.50772,
        71.62886,
        77.66939,
        69.96194,
        79.78735,
        68.13893,
        82.10365,
        69.96194,
        86.68678,
        69.96194,
        86.68678
      ],
      "segments": [
        1,
        4,
        4,
        4,
        4,
        4,
        4
      ]
    },
    {
      "type": "shape",
      "background": "rgba(107,196,255,0.30)",
      "borderColor": "#979797",
      "points": [
        34.14502,
        34.32925,
        34.14502,
        34.32925,
        39.1914,
        36.39175,
        42.178,
        38.695,
        42.47312,
        38.92259,
        43.82409,
        37.3338,
        44.66648,
        36.46847,
        45.0829,
        36.04071,
        46.57895,
        35.35326,
        46.50009,
        35.28972,
        46.15058,
        35.0081,
        42.64895,
        30.88715,
        40.60633,
        30.31276,
        38.50234,
        29.72112,
        34.14502,
        34.32925,
        34.14502,
        34.32925
      ],
      "segments": [
        1,
        4,
        4,
        4,
        4,
        4
      ]
    },
    {
      "type": "shape",
      "background": "rgba(33,129,194,0.30)",
      "borderColor": "#979797",
      "points": [
        25.95199,
        60.66298,
        25.95199,
        60.66298,
        27.48117,
        62.06113,
        29.44484,
        63.09561,
        30.78955,
        63.80401,
        32.40078,
        63.96054,
        33.6147,
        64.89672,
        33.90982,
        65.12431,
        32.97904,
        62.05158,
        32.97904,
        60.66298,
        32.97904,
        58.82936,
        33.01073,
        57.9593,
        30.27282,
        56.72161,
        27.5349,
        55.48392,
        27.24498,
        51.64559,
        25.95199,
        53.76355,
        24.53792,
        56.07985,
        25.95199,
        60.66298,
        25.95199,
        60.66298
      ],
      "segments": [
        1,
        4,
        4,
        4,
        4,
        4,
        4
      ]
    },
    {
      "type": "shape",
      "background": "rgba(107,196,255,0.30)",
      "borderColor": "#979797",
      "points": [
        42.19313,
        29.15086,
        42.19313,
        29.15086,
        47.67743,
        30.78776,
        46.61143,
        30.22025,
        42.69969,
        28.13775,
        42.58712,
        27.26534,
        42.58712,
        26.61808,
        42.58712,
        25.59485,
        42.19313,
        29.15086,
        42.19313,
        29.15086
      ],
      "segments": [
        1,
        4,
        4,
        4
      ]
    }
  ]
}