{
  "width": 100,
  "height": 100,
  "comps": [
    {
      "type": "shape",
      "background": "rgb(166,166,166)",
      "shadowColor": "#1ABC9C",
      "points": [
        17.94777,
        17.45577,
        38.69735,
        8.31879,
        43.05512,
        6.39936,
        48.04362,
        5.75286,
        53.34032,
        6.68749,
        70.36286,
        9.68919,
        84.22028,
        27.87572,
        84.23892,
        47.23912,
        84.24035,
        49.30763,
        84.0798,
        51.36037,
        83.76587,
        53.3486,
        63.01773,
        62.48558,
        63.33166,
        60.49735,
        63.49221,
        58.44461,
        63.49077,
        56.37611,
        63.47214,
        37.0127,
        49.61472,
        18.82617,
        32.59218,
        15.82447,
        27.29404,
        14.88985,
        22.30554,
        15.53778,
        17.94777,
        17.45577,
        17.94777,
        17.45577
      ],
      "segments": [
        1,
        2,
        4,
        4,
        4,
        2,
        4,
        4,
        4,
        2
      ]
    },
    {
      "type": "shape",
      "background": "rgb(232,232,232)",
      "shadowColor": "#1ABC9C",
      "points": [
        32.59361,
        17.19918,
        48.95102,
        20.08333,
        62.26372,
        37.56745,
        62.28092,
        56.16395,
        62.28379,
        58.43171,
        62.0788,
        60.6622,
        61.68889,
        62.79808,
        61.54841,
        63.6037,
        78.01476,
        66.50649,
        78.04057,
        92.65884,
        32.65955,
        84.65717,
        16.31218,
        81.77445,
        3.00091,
        64.30323,
        2.98227,
        45.70817,
        2.96364,
        27.11311,
        16.24624,
        14.31789,
        32.59361,
        17.19918,
        32.59361,
        17.19918
      ],
      "segments": [
        1,
        4,
        4,
        2,
        2,
        2,
        2,
        4,
        4,
        2
      ]
    },
    {
      "type": "shape",
      "background": "rgb(186,186,186)",
      "shadowColor": "#1ABC9C",
      "points": [
        63.01773,
        62.48558,
        83.76731,
        53.35004,
        99.97133,
        56.20696,
        79.22175,
        65.34394,
        63.01773,
        62.48558,
        63.01773,
        62.48558
      ]
    },
    {
      "type": "shape",
      "background": "rgb(204,204,204)",
      "shadowColor": "#1ABC9C",
      "points": [
        63.01773,
        62.48558,
        79.22318,
        65.3425,
        79.25185,
        94.2457,
        32.66242,
        86.03045,
        15.65134,
        83.03161,
        1.79392,
        64.84365,
        1.77529,
        45.49315,
        1.75665,
        26.12974,
        15.58254,
        12.82421,
        32.59361,
        15.82304,
        49.61615,
        18.82474,
        63.47357,
        37.01126,
        63.49221,
        56.37467,
        63.49221,
        58.44461,
        63.33166,
        60.49735,
        63.01773,
        62.48558,
        63.01773,
        62.48558,
        78.04057,
        92.65884,
        78.01476,
        66.50649,
        61.54841,
        63.6037,
        61.68889,
        62.79808,
        62.0788,
        60.6622,
        62.28379,
        58.43171,
        62.28092,
        56.16395,
        62.26372,
        37.56745,
        48.95102,
        20.08333,
        32.59361,
        17.19918,
        16.24624,
        14.31646,
        2.96507,
        27.11167,
        2.98227,
        45.70674,
        3.00091,
        64.3018,
        16.31218,
        81.77302,
        32.65955,
        84.65574,
        78.04057,
        92.65884
      ],
      "segments": [
        1,
        2,
        2,
        2,
        4,
        4,
        4,
        4,
        2,
        1,
        2,
        2,
        2,
        4,
        4,
        4,
        4,
        2
      ]
    },
    {
      "type": "shape",
      "background": "rgb(135,135,135)",
      "shadowColor": "#1ABC9C",
      "points": [
        79.22175,
        65.34394,
        99.97133,
        56.20696,
        100,
        85.11015,
        79.25042,
        94.24714,
        79.22175,
        65.34394,
        79.22175,
        65.34394
      ]
    },
    {
      "type": "shape",
      "background": "rgb(51,51,51)",
      "shadowColor": "#1ABC9C",
      "points": [
        82.73846,
        67.76322,
        98.28971,
        60.9153,
        98.28971,
        82.90122,
        82.76006,
        89.5388,
        82.73846,
        67.76322,
        82.73846,
        67.76322
      ]
    },
    {
      "type": "shape",
      "background": "#939393",
      "borderWidth": 1,
      "borderColor": "rgb(204,204,204)",
      "gradient": "linear.north",
      "shadowColor": "#1ABC9C",
      "points": [
        19.24643,
        23.4516,
        31.1298,
        18.21887,
        45.99711,
        25.86302,
        52.45351,
        40.5253,
        58.90991,
        55.18758,
        54.51049,
        71.31567,
        42.62712,
        76.5484,
        30.74376,
        81.78113,
        15.87644,
        74.13698,
        9.42004,
        59.4747,
        2.96364,
        44.81242,
        7.36306,
        28.68433,
        19.24643,
        23.4516,
        19.24643,
        23.4516
      ],
      "segments": [
        1,
        4,
        4,
        4,
        4,
        2
      ]
    },
    {
      "type": "shape",
      "background": "#939393",
      "gradient": "linear.south",
      "shadowColor": "#1ABC9C",
      "points": [
        21.68485,
        28.98922,
        31.0894,
        24.84801,
        42.85552,
        30.89777,
        47.96523,
        42.50173,
        53.07493,
        54.1057,
        49.59326,
        66.86968,
        40.18871,
        71.01089,
        30.78415,
        75.1521,
        19.01803,
        69.10234,
        13.90833,
        57.49838,
        8.79863,
        45.89441,
        12.28029,
        33.13043,
        21.68485,
        28.98922,
        21.68485,
        28.98922
      ],
      "segments": [
        1,
        4,
        4,
        4,
        4,
        2
      ]
    },
    {
      "type": "components/fan/扇叶组.json",
      "displayName": "扇叶组",
      "scaleX": 0.7,
      "scaleY": 0.7,
      "rect": [
        -0.62971,
        18.64816,
        63.13297,
        63.13297
      ],
      "fan.rotation": 15,
      "fan.axis.x.x": 74,
      "fan.axis.x.y": 12
    },
    {
      "type": "shape",
      "background": "#939393",
      "borderWidth": 1,
      "borderColor": "rgb(209,188,188)",
      "gradient": "linear.south",
      "shadowColor": "#1ABC9C",
      "points": [
        28.10737,
        43.57452,
        30.98345,
        42.30806,
        34.58174,
        44.15818,
        36.14438,
        47.70688,
        37.70701,
        51.25558,
        36.64226,
        55.15903,
        33.76618,
        56.42548,
        30.8901,
        57.69194,
        27.29181,
        55.84182,
        25.72917,
        52.29312,
        24.16654,
        48.74442,
        25.23129,
        44.84097,
        28.10737,
        43.57452,
        28.10737,
        43.57452
      ],
      "segments": [
        1,
        4,
        4,
        4,
        4,
        2
      ]
    }
  ]
}