{
  "width": 48,
  "height": 48,
  "comps": [
    {
      "type": "shape",
      "background": "#a6a8ab",
      "shadowColor": "#1ABC9C",
      "points": [
        23.04807,
        1.84276,
        24.95193,
        1.84276,
        24.95193,
        1.84276,
        24.95193,
        1.84276,
        24.95193,
        24,
        24.95193,
        24,
        24.95193,
        24,
        23.04807,
        24,
        23.04807,
        24,
        23.04807,
        24,
        23.04807,
        1.84276,
        23.04807,
        1.84276,
        23.04807,
        1.84276,
        23.04807,
        1.84276
      ],
      "segments": [
        1,
        2,
        3,
        2,
        3,
        2,
        3,
        2,
        3,
        2
      ]
    },
    {
      "type": "shape",
      "gradientPack": [
        "L",
        65.0823,
        35.2857,
        82.5585,
        35.2857,
        0.40572,
        0,
        0,
        0.40572,
        -1.96371,
        -2.64735,
        0,
        "#9C080D",
        0.2617,
        "#BB0F15",
        0.5493,
        "#D6161D",
        0.8047,
        "#E61A21",
        1,
        "#EC1B23"
      ],
      "shadowColor": "#1ABC9C",
      "points": [
        31.53221,
        2.01398,
        31.53221,
        1.84276,
        24.44142,
        1.84276,
        24.44142,
        21.49508,
        31.53221,
        2.01398,
        31.53221,
        2.01398
      ]
    },
    {
      "type": "shape",
      "background": "#a6a8ab",
      "shadowColor": "#1ABC9C",
      "points": [
        23.58529,
        23.84934,
        31.16542,
        3.02781,
        31.16542,
        3.02781,
        31.16542,
        3.02781,
        31.99542,
        3.32997,
        31.99542,
        3.32997,
        31.99542,
        3.32997,
        24.41529,
        24.1515,
        24.41529,
        24.1515,
        24.41529,
        24.1515,
        23.58529,
        23.84934,
        23.58529,
        23.84934,
        23.58529,
        23.84934,
        23.58529,
        23.84934
      ],
      "segments": [
        1,
        2,
        3,
        2,
        3,
        2,
        3,
        2,
        3,
        2
      ]
    },
    {
      "type": "shape",
      "gradientPack": [
        "L",
        386.9468,
        -539.1683,
        404.4243,
        -539.1683,
        0.38126,
        0.13876,
        -0.13876,
        0.38126,
        -193.70669,
        164.43318,
        0,
        "#9C080D",
        0.2617,
        "#BB0F15",
        0.5493,
        "#D6161D",
        0.8047,
        "#E61A21",
        1,
        "#EC1B23"
      ],
      "shadowColor": "#1ABC9C",
      "points": [
        38.59744,
        5.9162,
        38.65627,
        5.75513,
        31.99311,
        3.33014,
        25.27194,
        21.79693,
        38.59744,
        5.9162,
        38.59744,
        5.9162
      ]
    },
    {
      "type": "shape",
      "background": "#a6a8ab",
      "shadowColor": "#1ABC9C",
      "points": [
        23.66159,
        23.71581,
        37.90674,
        6.74306,
        37.90674,
        6.74306,
        37.90674,
        6.74306,
        38.58362,
        7.31117,
        38.58362,
        7.31117,
        38.58362,
        7.31117,
        24.33847,
        24.28392,
        24.33847,
        24.28392,
        24.33847,
        24.28392,
        23.66159,
        23.71581,
        23.66159,
        23.71581,
        23.66159,
        23.71581,
        23.66159,
        23.71581
      ],
      "segments": [
        1,
        2,
        3,
        2,
        3,
        2,
        3,
        2,
        3,
        2
      ]
    },
    {
      "type": "shape",
      "gradientPack": [
        "L",
        493.6692,
        -1189.62,
        511.1462,
        -1189.62,
        0.31078,
        0.2608,
        -0.2608,
        0.31078,
        -431.40921,
        255.80257,
        0,
        "#9C080D",
        0.2617,
        "#BB0F15",
        0.5493,
        "#D6161D",
        0.8047,
        "#E61A21",
        1,
        "#EC1B23"
      ],
      "shadowColor": "#1ABC9C",
      "points": [
        43.90224,
        11.99958,
        44.01219,
        11.86813,
        38.5808,
        7.31026,
        25.94868,
        22.36494,
        43.90224,
        11.99958,
        43.90224,
        11.99958
      ]
    },
    {
      "type": "shape",
      "background": "#a6a8ab",
      "shadowColor": "#1ABC9C",
      "points": [
        23.77874,
        23.61435,
        42.96947,
        12.53774,
        42.96947,
        12.53774,
        42.96947,
        12.53774,
        43.41122,
        13.30308,
        43.41122,
        13.30308,
        43.41122,
        13.30308,
        24.22048,
        24.37969,
        24.22048,
        24.37969,
        24.22048,
        24.37969,
        23.77874,
        23.61435,
        23.77874,
        23.61435,
        23.77874,
        23.61435,
        23.77874,
        23.61435
      ],
      "segments": [
        1,
        2,
        3,
        2,
        3,
        2,
        3,
        2,
        3,
        2
      ]
    },
    {
      "type": "shape",
      "gradientPack": [
        "L",
        370.6064,
        -1836.4192,
        388.0839,
        -1836.4192,
        0.20286,
        0.35135,
        -0.35135,
        0.20286,
        -685.51548,
        260.53952,
        0,
        "#9C080D",
        0.2617,
        "#BB0F15",
        0.5493,
        "#D6161D",
        0.8047,
        "#E61A21",
        1,
        "#EC1B23"
      ],
      "shadowColor": "#1ABC9C",
      "points": [
        46.80639,
        19.53017,
        46.95488,
        19.44456,
        43.40969,
        13.30398,
        26.3901,
        23.13013,
        46.80639,
        19.53017,
        46.80639,
        19.53017
      ]
    },
    {
      "type": "shape",
      "background": "#a6a8ab",
      "shadowColor": "#1ABC9C",
      "points": [
        23.9224,
        23.5616,
        45.74324,
        19.71725,
        45.74324,
        19.71725,
        45.74324,
        19.71725,
        45.89649,
        20.58708,
        45.89649,
        20.58708,
        45.89649,
        20.58708,
        24.07564,
        24.43143,
        24.07564,
        24.43143,
        24.07564,
        24.43143,
        23.9224,
        23.5616,
        23.9224,
        23.5616,
        23.9224,
        23.5616,
        23.9224,
        23.5616
      ],
      "segments": [
        1,
        2,
        3,
        2,
        3,
        2,
        3,
        2,
        3,
        2
      ]
    },
    {
      "type": "shape",
      "gradientPack": [
        "L",
        34.2574,
        -2403.1538,
        51.7344,
        -2403.1538,
        0.07043,
        0.39955,
        -0.39955,
        0.07043,
        -926.3821,
        177.86726,
        0,
        "#9C080D",
        0.2617,
        "#BB0F15",
        0.5493,
        "#D6161D",
        0.8047,
        "#E61A21",
        1,
        "#EC1B23"
      ],
      "shadowColor": "#1ABC9C",
      "points": [
        46.95975,
        27.59996,
        47.12853,
        27.57034,
        45.89757,
        20.58748,
        26.54387,
        24,
        46.95975,
        27.59996,
        46.95975,
        27.59996
      ]
    },
    {
      "type": "shape",
      "background": "#a6a8ab",
      "shadowColor": "#1ABC9C",
      "points": [
        23.92306,
        24.42935,
        24.07666,
        23.55952,
        24.07666,
        23.55952,
        24.07666,
        23.55952,
        45.8975,
        27.41273,
        45.8975,
        27.41273,
        45.8975,
        27.41273,
        45.74391,
        28.28256,
        45.74391,
        28.28256,
        45.74391,
        28.28256,
        23.92306,
        24.42935,
        23.92306,
        24.42935,
        23.92306,
        24.42935,
        23.92306,
        24.42935
      ],
      "segments": [
        1,
        2,
        3,
        2,
        3,
        2,
        3,
        2,
        3,
        2
      ]
    },
    {
      "type": "shape",
      "gradientPack": [
        "L",
        -476.2457,
        -2819.3525,
        -458.7669,
        -2819.3525,
        -0.07043,
        0.39955,
        -0.39955,
        -0.07043,
        -1123.95999,
        18.28599,
        0,
        "#9C080D",
        0.2617,
        "#BB0F15",
        0.5493,
        "#D6161D",
        0.8047,
        "#E61A21",
        1,
        "#EC1B23"
      ],
      "shadowColor": "#1ABC9C",
      "points": [
        44.34407,
        35.23563,
        44.51285,
        35.26566,
        45.74421,
        28.28239,
        26.3901,
        24.87027,
        44.34407,
        35.23563,
        44.34407,
        35.23563
      ]
    },
    {
      "type": "shape",
      "background": "#a6a8ab",
      "shadowColor": "#1ABC9C",
      "points": [
        23.78248,
        24.37897,
        24.22438,
        23.61416,
        24.22438,
        23.61416,
        24.22438,
        23.61416,
        43.41068,
        34.69963,
        43.41068,
        34.69963,
        43.41068,
        34.69963,
        42.96879,
        35.46444,
        42.96879,
        35.46444,
        42.96879,
        35.46444,
        23.78248,
        24.37897,
        23.78248,
        24.37897,
        23.78248,
        24.37897,
        23.78248,
        24.37897
      ],
      "segments": [
        1,
        2,
        3,
        2,
        3,
        2,
        3,
        2,
        3,
        2
      ]
    },
    {
      "type": "shape",
      "gradientPack": [
        "L",
        -1097.73,
        -3037.1179,
        -1080.2526,
        -3037.1179,
        -0.20286,
        0.35135,
        -0.35135,
        -0.20286,
        -1255.33237,
        -199.87113,
        0,
        "#9C080D",
        0.2617,
        "#BB0F15",
        0.5493,
        "#D6161D",
        0.8047,
        "#E61A21",
        1,
        "#EC1B23"
      ],
      "shadowColor": "#1ABC9C",
      "points": [
        39.27458,
        41.51619,
        39.42267,
        41.6018,
        42.96786,
        35.46121,
        25.94868,
        25.63506,
        39.27458,
        41.51619,
        39.27458,
        41.51619
      ]
    },
    {
      "type": "shape",
      "background": "#a6a8ab",
      "shadowColor": "#1ABC9C",
      "points": [
        23.66707,
        24.27854,
        24.34399,
        23.71114,
        24.34399,
        23.71114,
        24.34399,
        23.71114,
        38.57806,
        40.69276,
        38.57806,
        40.69276,
        38.57806,
        40.69276,
        37.90114,
        41.26016,
        37.90114,
        41.26016,
        37.90114,
        41.26016,
        23.66707,
        24.27854,
        23.66707,
        24.27854,
        23.66707,
        24.27854,
        23.66707,
        24.27854
      ],
      "segments": [
        1,
        2,
        3,
        2,
        3,
        2,
        3,
        2,
        3,
        2
      ]
    },
    {
      "type": "shape",
      "gradientPack": [
        "L",
        -1756.6415,
        -3028.3306,
        -1739.1627,
        -3028.3306,
        -0.31078,
        0.2608,
        -0.2608,
        -0.31078,
        -1304.12576,
        -449.29375,
        0,
        "#9C080D",
        0.2617,
        "#BB0F15",
        0.5493,
        "#D6161D",
        0.8047,
        "#E61A21",
        1,
        "#EC1B23"
      ],
      "shadowColor": "#1ABC9C",
      "points": [
        32.36232,
        45.68416,
        32.47227,
        45.81521,
        37.90446,
        41.25734,
        25.27194,
        26.20307,
        32.36232,
        45.68416,
        32.36232,
        45.68416
      ]
    },
    {
      "type": "shape",
      "background": "#a6a8ab",
      "shadowColor": "#1ABC9C",
      "points": [
        23.58863,
        24.14743,
        24.41872,
        23.84571,
        24.41872,
        23.84571,
        24.41872,
        23.84571,
        31.98777,
        44.66946,
        31.98777,
        44.66946,
        31.98777,
        44.66946,
        31.15768,
        44.97118,
        31.15768,
        44.97118,
        31.15768,
        44.97118,
        23.58863,
        24.14743,
        23.58863,
        24.14743,
        23.58863,
        24.14743,
        23.58863,
        24.14743
      ],
      "segments": [
        1,
        2,
        3,
        2,
        3,
        2,
        3,
        2,
        3,
        2
      ]
    },
    {
      "type": "shape",
      "gradientPack": [
        "L",
        -2372.5574,
        -2795.6282,
        -2355.0798,
        -2795.6282,
        -0.38126,
        0.13876,
        -0.13876,
        -0.38126,
        -1264.66058,
        -700.90354,
        0,
        "#9C080D",
        0.2617,
        "#BB0F15",
        0.5493,
        "#D6161D",
        0.8047,
        "#E61A21",
        1,
        "#EC1B23"
      ],
      "shadowColor": "#1ABC9C",
      "points": [
        24.44183,
        47.23645,
        24.50025,
        47.39712,
        31.16341,
        44.97212,
        24.44183,
        26.50533,
        24.44183,
        47.23645,
        24.44183,
        47.23645
      ]
    },
    {
      "type": "shape",
      "background": "#a6a8ab",
      "shadowColor": "#1ABC9C",
      "points": [
        23.04827,
        24,
        24.95213,
        24,
        24.95213,
        24,
        24.95213,
        24,
        24.95213,
        46.15764,
        24.95213,
        46.15764,
        24.95213,
        46.15764,
        23.04827,
        46.15764,
        23.04827,
        46.15764,
        23.04827,
        46.15764,
        23.04827,
        24,
        23.04827,
        24,
        23.04827,
        24,
        23.04827,
        24
      ],
      "segments": [
        1,
        2,
        3,
        2,
        3,
        2,
        3,
        2,
        3,
        2
      ]
    },
    {
      "type": "shape",
      "gradientPack": [
        "L",
        -2871.8164,
        -2365.6626,
        -2854.3391,
        -2365.6626,
        -0.40572,
        0,
        0,
        -0.40572,
        -1141.59757,
        -923.4676,
        0,
        "#9C080D",
        0.2617,
        "#BB0F15",
        0.5493,
        "#D6161D",
        0.8047,
        "#E61A21",
        1,
        "#EC1B23"
      ],
      "shadowColor": "#1ABC9C",
      "points": [
        16.46779,
        45.98643,
        16.46779,
        46.15724,
        23.55858,
        46.15764,
        23.55817,
        26.50533,
        16.46779,
        45.98643,
        16.46779,
        45.98643
      ]
    },
    {
      "type": "shape",
      "background": "#a6a8ab",
      "shadowColor": "#1ABC9C",
      "points": [
        16.00052,
        44.66712,
        23.58952,
        23.85002,
        23.58952,
        23.85002,
        23.58952,
        23.85002,
        24.41933,
        24.15253,
        24.41933,
        24.15253,
        24.41933,
        24.15253,
        16.83034,
        44.96963,
        16.83034,
        44.96963,
        16.83034,
        44.96963,
        16.00052,
        44.66712,
        16.00052,
        44.66712,
        16.00052,
        44.66712,
        16.00052,
        44.66712
      ],
      "segments": [
        1,
        2,
        3,
        2,
        3,
        2,
        3,
        2,
        3,
        2
      ]
    },
    {
      "type": "shape",
      "gradientPack": [
        "L",
        -3193.9802,
        -1790.92,
        -3176.5029,
        -1790.92,
        -0.38126,
        -0.13876,
        0.13876,
        -0.38126,
        -949.85476,
        -1090.54822,
        0,
        "#9C080D",
        0.2617,
        "#BB0F15",
        0.5493,
        "#D6161D",
        0.8047,
        "#E61A21",
        1,
        "#EC1B23"
      ],
      "shadowColor": "#1ABC9C",
      "points": [
        9.40216,
        42.0842,
        9.34373,
        42.24487,
        16.00689,
        44.67027,
        22.72806,
        26.20307,
        9.40216,
        42.0842,
        9.40216,
        42.0842
      ]
    },
    {
      "type": "shape",
      "background": "#a6a8ab",
      "shadowColor": "#1ABC9C",
      "points": [
        9.41286,
        40.68715,
        23.66687,
        23.72326,
        23.66687,
        23.72326,
        23.66687,
        23.72326,
        24.34309,
        24.29146,
        24.34309,
        24.29146,
        24.34309,
        24.29146,
        10.08908,
        41.25535,
        10.08908,
        41.25535,
        10.08908,
        41.25535,
        9.41286,
        40.68715,
        9.41286,
        40.68715,
        9.41286,
        40.68715,
        9.41286,
        40.68715
      ],
      "segments": [
        1,
        2,
        3,
        2,
        3,
        2,
        3,
        2,
        3,
        2
      ]
    },
    {
      "type": "shape",
      "gradientPack": [
        "L",
        -3299.5251,
        -1140.905,
        -3282.0474,
        -1140.905,
        -0.31078,
        -0.2608,
        0.2608,
        -0.31078,
        -712.15305,
        -1181.91792,
        0,
        "#9C080D",
        0.2617,
        "#BB0F15",
        0.5493,
        "#D6161D",
        0.8047,
        "#E61A21",
        1,
        "#EC1B23"
      ],
      "shadowColor": "#1ABC9C",
      "points": [
        4.09736,
        36.00082,
        3.98741,
        36.13187,
        9.4196,
        40.68974,
        22.05132,
        25.63506,
        4.09736,
        36.00082,
        4.09736,
        36.00082
      ]
    },
    {
      "type": "shape",
      "background": "#a6a8ab",
      "shadowColor": "#1ABC9C",
      "points": [
        4.58536,
        34.6888,
        23.78052,
        23.62328,
        23.78052,
        23.62328,
        23.78052,
        23.62328,
        24.22162,
        24.38844,
        24.22162,
        24.38844,
        24.22162,
        24.38844,
        5.02646,
        35.45397,
        5.02646,
        35.45397,
        5.02646,
        35.45397,
        4.58536,
        34.6888,
        4.58536,
        34.6888,
        4.58536,
        34.6888,
        4.58536,
        34.6888
      ],
      "segments": [
        1,
        2,
        3,
        2,
        3,
        2,
        3,
        2,
        3,
        2
      ]
    },
    {
      "type": "shape",
      "gradientPack": [
        "L",
        -3177.2222,
        -493.4797,
        -3159.7446,
        -493.4797,
        -0.20286,
        -0.35135,
        0.35135,
        -0.20286,
        -458.04658,
        -1186.65516,
        0,
        "#9C080D",
        0.2617,
        "#BB0F15",
        0.5493,
        "#D6161D",
        0.8047,
        "#E61A21",
        1,
        "#EC1B23"
      ],
      "shadowColor": "#1ABC9C",
      "points": [
        1.19321,
        28.47023,
        1.04512,
        28.55544,
        4.59071,
        34.69643,
        21.60949,
        24.87027,
        1.19321,
        28.47023,
        1.19321,
        28.47023
      ]
    },
    {
      "type": "shape",
      "background": "#a6a8ab",
      "shadowColor": "#1ABC9C",
      "points": [
        2.10202,
        27.40463,
        23.92508,
        23.57136,
        23.92508,
        23.57136,
        23.92508,
        23.57136,
        24.07788,
        24.44128,
        24.07788,
        24.44128,
        24.07788,
        24.44128,
        2.25482,
        28.27455,
        2.25482,
        28.27455,
        2.25482,
        28.27455,
        2.10202,
        27.40463,
        2.10202,
        27.40463,
        2.10202,
        27.40463,
        2.10202,
        27.40463
      ],
      "segments": [
        1,
        2,
        3,
        2,
        3,
        2,
        3,
        2,
        3,
        2
      ]
    },
    {
      "type": "shape",
      "gradientPack": [
        "L",
        -2840.1379,
        72.3796,
        -2822.6602,
        72.3796,
        -0.07043,
        -0.39955,
        0.39955,
        -0.07043,
        -217.18004,
        -1103.98354,
        0,
        "#9C080D",
        0.2617,
        "#BB0F15",
        0.5493,
        "#D6161D",
        0.8047,
        "#E61A21",
        1,
        "#EC1B23"
      ],
      "shadowColor": "#1ABC9C",
      "points": [
        1.03984,
        20.40004,
        0.87147,
        20.42966,
        2.10283,
        27.41293,
        21.45613,
        24,
        1.03984,
        20.40004,
        1.03984,
        20.40004
      ]
    },
    {
      "type": "shape",
      "background": "#a6a8ab",
      "shadowColor": "#1ABC9C",
      "points": [
        2.10266,
        20.58283,
        2.25643,
        19.71309,
        2.25643,
        19.71309,
        2.25643,
        19.71309,
        24.07506,
        23.57074,
        24.07506,
        23.57074,
        24.07506,
        23.57074,
        23.92129,
        24.44048,
        23.92129,
        24.44048,
        23.92129,
        24.44048,
        2.10266,
        20.58283,
        2.10266,
        20.58283,
        2.10266,
        20.58283,
        2.10266,
        20.58283
      ],
      "segments": [
        1,
        2,
        3,
        2,
        3,
        2,
        3,
        2,
        3,
        2
      ]
    },
    {
      "type": "shape",
      "gradientPack": [
        "L",
        -2330.9175,
        489.8178,
        -2313.4385,
        489.8178,
        0.07043,
        -0.39955,
        0.39955,
        0.07043,
        -19.60211,
        -944.40276,
        0,
        "#9C080D",
        0.2617,
        "#BB0F15",
        0.5493,
        "#D6161D",
        0.8047,
        "#E61A21",
        1,
        "#EC1B23"
      ],
      "shadowColor": "#1ABC9C",
      "points": [
        3.65593,
        12.76477,
        3.48715,
        12.73475,
        2.25579,
        19.71802,
        21.60949,
        23.13013,
        3.65593,
        12.76477,
        3.65593,
        12.76477
      ]
    },
    {
      "type": "shape",
      "background": "#a6a8ab",
      "shadowColor": "#1ABC9C",
      "points": [
        4.59253,
        13.3008,
        5.03451,
        12.53608,
        5.03451,
        12.53608,
        5.03451,
        12.53608,
        24.2186,
        23.62376,
        24.2186,
        23.62376,
        24.2186,
        23.62376,
        23.77662,
        24.38849,
        23.77662,
        24.38849,
        23.77662,
        24.38849,
        4.59253,
        13.3008,
        4.59253,
        13.3008,
        4.59253,
        13.3008,
        4.59253,
        13.3008
      ],
      "segments": [
        1,
        2,
        3,
        2,
        3,
        2,
        3,
        2,
        3,
        2
      ]
    },
    {
      "type": "shape",
      "gradientPack": [
        "L",
        -1708.5336,
        706.8769,
        -1691.056,
        706.8769,
        0.20286,
        -0.35135,
        0.35135,
        0.20286,
        111.77113,
        -726.24585,
        0,
        "#9C080D",
        0.2617,
        "#BB0F15",
        0.5493,
        "#D6161D",
        0.8047,
        "#E61A21",
        1,
        "#EC1B23"
      ],
      "shadowColor": "#1ABC9C",
      "points": [
        8.72542,
        6.48421,
        8.57773,
        6.39861,
        5.03173,
        12.53919,
        22.05132,
        22.36494,
        8.72542,
        6.48421,
        8.72542,
        6.48421
      ]
    },
    {
      "type": "shape",
      "background": "#a6a8ab",
      "shadowColor": "#1ABC9C",
      "points": [
        9.42191,
        7.30734,
        10.09874,
        6.73985,
        10.09874,
        6.73985,
        10.09874,
        6.73985,
        24.33503,
        23.71925,
        24.33503,
        23.71925,
        24.33503,
        23.71925,
        23.65819,
        24.28674,
        23.65819,
        24.28674,
        23.65819,
        24.28674,
        9.42191,
        7.30734,
        9.42191,
        7.30734,
        9.42191,
        7.30734,
        9.42191,
        7.30734
      ],
      "segments": [
        1,
        2,
        3,
        2,
        3,
        2,
        3,
        2,
        3,
        2
      ]
    },
    {
      "type": "shape",
      "gradientPack": [
        "L",
        -1050.2732,
        698.8299,
        -1032.7949,
        698.8299,
        0.31078,
        -0.2608,
        0.2608,
        0.31078,
        160.56508,
        -476.82253,
        0,
        "#9C080D",
        0.2617,
        "#BB0F15",
        0.5493,
        "#D6161D",
        0.8047,
        "#E61A21",
        1,
        "#EC1B23"
      ],
      "shadowColor": "#1ABC9C",
      "points": [
        15.63728,
        2.31624,
        15.52773,
        2.18519,
        10.09554,
        6.74266,
        22.72806,
        21.79693,
        15.63728,
        2.31624,
        15.63728,
        2.31624
      ]
    },
    {
      "type": "shape",
      "background": "#a6a8ab",
      "shadowColor": "#1ABC9C",
      "points": [
        16.01238,
        3.32709,
        16.84255,
        3.02546,
        16.84255,
        3.02546,
        16.84255,
        3.02546,
        24.40939,
        23.85143,
        24.40939,
        23.85143,
        24.40939,
        23.85143,
        23.57922,
        24.15306,
        23.57922,
        24.15306,
        23.57922,
        24.15306,
        16.01238,
        3.32709,
        16.01238,
        3.32709,
        16.01238,
        3.32709,
        16.01238,
        3.32709
      ],
      "segments": [
        1,
        2,
        3,
        2,
        3,
        2,
        3,
        2,
        3,
        2
      ]
    },
    {
      "type": "shape",
      "gradientPack": [
        "L",
        -433.882,
        464.9641,
        -416.4045,
        464.9641,
        0.38126,
        -0.13876,
        0.13876,
        0.38126,
        121.10027,
        -225.21262,
        0,
        "#9C080D",
        0.2617,
        "#BB0F15",
        0.5493,
        "#D6161D",
        0.8047,
        "#E61A21",
        1,
        "#EC1B23"
      ],
      "shadowColor": "#1ABC9C",
      "points": [
        23.55817,
        0.76355,
        23.49975,
        0.60288,
        16.83659,
        3.02828,
        23.55858,
        21.49508,
        23.55817,
        0.76355,
        23.55817,
        0.76355
      ]
    },
    {
      "type": "circle",
      "background": "rgb(232,232,232)",
      "borderWidth": 1,
      "borderColor": "rgb(97,94,94)",
      "rect": [
        22,
        22,
        4,
        4
      ]
    }
  ]
}