{
  "background": "rgb(61,61,61)",
  "width": 95,
  "height": 146,
  "comps": [
    {
      "type": "oval",
      "background": "rgba(0,0,0,0.11)",
      "borderColor": "rgb(82,82,82)",
      "shadowColor": "#1ABC9C",
      "rect": [
        8.87168,
        108.69878,
        79.68627,
        26.22982
      ]
    },
    {
      "type": "shape",
      "background": "#939598",
      "shadowColor": "#1ABC9C",
      "rotation": 0.81206,
      "points": [
        47.98347,
        95.56068,
        47.98347,
        95.99403,
        48.30849,
        96.42739,
        48.95852,
        96.64406,
        49.28354,
        96.64406,
        49.60854,
        96.64406,
        50.58359,
        96.21071,
        87.96014,
        81.69344,
        88.28516,
        81.69344,
        88.28516,
        81.47676,
        88.28516,
        81.26009,
        88.28516,
        80.82673,
        87.96014,
        80.39338,
        87.31011,
        80.1767,
        86.66009,
        80.1767,
        49.28354,
        94.91065,
        48.30849,
        95.12732,
        47.98347,
        95.34401,
        47.98347,
        95.56068,
        47.98347,
        95.56068,
        47.98347,
        95.56068
      ],
      "segments": [
        1,
        4,
        4,
        2,
        4,
        4,
        2,
        2,
        4,
        2,
        2
      ]
    },
    {
      "type": "shape",
      "background": "#ba6000",
      "shadowColor": "#1ABC9C",
      "points": [
        90.07468,
        123.20669,
        90.07468,
        121.03993,
        89.64133,
        121.03993,
        89.20798,
        120.82325,
        88.1246,
        120.17324,
        86.39119,
        120.17324,
        85.30781,
        120.82325,
        84.87447,
        121.03993,
        84.44111,
        121.03993,
        84.44111,
        123.20669,
        84.44111,
        123.64003,
        84.65779,
        124.07339,
        85.30781,
        124.29006,
        86.39119,
        124.94009,
        88.1246,
        124.94009,
        89.20798,
        124.29006,
        89.85801,
        123.85671,
        90.07468,
        123.64003,
        90.07468,
        123.20669,
        90.07468,
        123.20669,
        90.07468,
        123.20669
      ],
      "segments": [
        1,
        2,
        2,
        2,
        4,
        2,
        2,
        2,
        4,
        4,
        4,
        2,
        2
      ]
    },
    {
      "type": "shape",
      "background": "#ff8400",
      "shadowColor": "#1ABC9C",
      "points": [
        89.20798,
        122.12331,
        88.1246,
        122.77334,
        86.39119,
        122.77334,
        85.30781,
        122.12331,
        84.22444,
        121.47328,
        84.22444,
        120.3899,
        85.30781,
        119.73987,
        86.39119,
        119.08985,
        88.1246,
        119.08985,
        89.20798,
        119.73987,
        90.29136,
        120.3899,
        90.29136,
        121.47328,
        89.20798,
        122.12331,
        89.20798,
        122.12331,
        89.20798,
        122.12331
      ],
      "segments": [
        1,
        4,
        4,
        4,
        4,
        2,
        2
      ]
    },
    {
      "type": "shape",
      "background": "#ba6000",
      "shadowColor": "#1ABC9C",
      "points": [
        13.02315,
        122.66499,
        13.02315,
        120.49823,
        12.5898,
        120.49823,
        12.15644,
        120.28155,
        11.07307,
        119.63154,
        9.33966,
        119.63154,
        8.25628,
        120.28155,
        7.82293,
        120.49823,
        7.38958,
        120.49823,
        7.38958,
        122.66499,
        7.38958,
        123.09834,
        7.60627,
        123.53169,
        8.25628,
        123.74837,
        9.33966,
        124.39839,
        11.07307,
        124.39839,
        12.15644,
        123.74837,
        12.5898,
        123.31501,
        13.02315,
        123.09834,
        13.02315,
        122.66499,
        13.02315,
        122.66499,
        13.02315,
        122.66499
      ],
      "segments": [
        1,
        2,
        2,
        2,
        4,
        2,
        2,
        2,
        4,
        4,
        4,
        2,
        2
      ]
    },
    {
      "type": "shape",
      "background": "#ff8400",
      "shadowColor": "#1ABC9C",
      "points": [
        12.15644,
        121.58161,
        11.07307,
        122.23164,
        9.33966,
        122.23164,
        8.25628,
        121.58161,
        7.1729,
        120.93158,
        7.1729,
        119.8482,
        8.25628,
        119.19817,
        9.33966,
        118.54815,
        11.07307,
        118.54815,
        12.15644,
        119.19817,
        13.23982,
        119.8482,
        13.23982,
        120.93158,
        12.15644,
        121.58161,
        12.15644,
        121.58161,
        12.15644,
        121.58161
      ],
      "segments": [
        1,
        4,
        4,
        4,
        4,
        2,
        2
      ]
    },
    {
      "type": "shape",
      "background": "#ba6000",
      "shadowColor": "#1ABC9C",
      "points": [
        50.00934,
        135.08385,
        50.00934,
        132.9171,
        49.58664,
        132.9171,
        49.16394,
        132.70043,
        48.10718,
        132.0504,
        46.41637,
        132.0504,
        45.35961,
        132.70043,
        44.93691,
        132.9171,
        44.5142,
        132.9171,
        44.5142,
        135.08385,
        44.5142,
        135.51721,
        44.72556,
        135.95056,
        45.35961,
        136.16723,
        46.41637,
        136.81726,
        48.10718,
        136.81726,
        49.16394,
        136.16723,
        49.79799,
        135.73388,
        50.00934,
        135.30053,
        50.00934,
        135.08385,
        50.00934,
        135.08385,
        50.00934,
        135.08385
      ],
      "segments": [
        1,
        2,
        2,
        2,
        4,
        2,
        2,
        2,
        4,
        4,
        4,
        2,
        2
      ]
    },
    {
      "type": "shape",
      "background": "#ff8400",
      "shadowColor": "#1ABC9C",
      "points": [
        49.23133,
        134.27858,
        48.14796,
        134.9286,
        46.41456,
        134.9286,
        45.33118,
        134.27858,
        44.2478,
        133.62855,
        44.2478,
        132.54517,
        45.33118,
        131.89514,
        46.41456,
        131.24512,
        48.14796,
        131.24512,
        49.23133,
        131.89514,
        50.31472,
        132.54517,
        50.31472,
        133.62855,
        49.23133,
        134.27858,
        49.23133,
        134.27858,
        49.23133,
        134.27858
      ],
      "segments": [
        1,
        4,
        4,
        4,
        4,
        2,
        2
      ]
    },
    {
      "type": "shape",
      "background": "#939598",
      "shadowColor": "#1ABC9C",
      "points": [
        64.34064,
        95.56068,
        64.34064,
        95.99403,
        64.12397,
        96.42738,
        63.69062,
        96.64406,
        63.47393,
        96.64406,
        63.25727,
        96.64406,
        62.60724,
        96.2107,
        37.68954,
        81.69343,
        37.47286,
        81.69343,
        37.47286,
        81.47676,
        37.47286,
        81.26008,
        37.47286,
        80.82673,
        37.68954,
        80.39338,
        38.12289,
        80.1767,
        38.55623,
        80.1767,
        63.47393,
        94.69397,
        64.12397,
        95.12732,
        64.34064,
        95.344,
        64.34064,
        95.56068,
        64.34064,
        95.56068,
        64.34064,
        95.56068
      ],
      "segments": [
        1,
        4,
        4,
        2,
        4,
        4,
        2,
        2,
        4,
        2,
        2
      ]
    },
    {
      "type": "shape",
      "background": "#939598",
      "shadowColor": "#1ABC9C",
      "points": [
        10.17172,
        95.77735,
        10.17172,
        96.2107,
        10.49674,
        96.64406,
        11.14677,
        96.86073,
        11.47179,
        96.86073,
        11.79679,
        96.86073,
        12.77183,
        96.42738,
        50.14839,
        81.91011,
        50.4734,
        81.91011,
        50.4734,
        81.69343,
        50.4734,
        81.47676,
        50.4734,
        81.04341,
        50.14839,
        80.61005,
        49.49836,
        80.39338,
        48.84834,
        80.39338,
        11.47179,
        95.12732,
        10.49674,
        95.344,
        10.17172,
        95.56068,
        10.17172,
        95.77735,
        10.17172,
        95.77735,
        10.17172,
        95.77735
      ],
      "segments": [
        1,
        4,
        4,
        2,
        4,
        4,
        2,
        2,
        4,
        2,
        2
      ]
    },
    {
      "type": "shape",
      "background": "#939598",
      "shadowColor": "#1ABC9C",
      "points": [
        88.55795,
        120.35209,
        88.55795,
        75.59488,
        88.34128,
        75.59488,
        88.1246,
        75.42073,
        87.69126,
        75.24657,
        86.82454,
        75.24657,
        86.17451,
        75.42073,
        85.95785,
        75.59488,
        85.95785,
        75.59488,
        85.95785,
        120.35209,
        85.95785,
        120.52625,
        86.17451,
        120.70041,
        86.39119,
        120.87455,
        86.82454,
        121.04871,
        87.69126,
        121.04871,
        88.34128,
        120.87455,
        88.55795,
        120.70041,
        88.55795,
        120.52625,
        88.55795,
        120.35209,
        88.55795,
        120.35209,
        88.55795,
        120.35209
      ],
      "segments": [
        1,
        2,
        2,
        2,
        4,
        2,
        2,
        2,
        4,
        4,
        4,
        2,
        2
      ]
    },
    {
      "type": "shape",
      "background": "#bcbec0",
      "shadowColor": "#1ABC9C",
      "points": [
        64.55733,
        61.9531,
        64.12397,
        62.16976,
        63.25727,
        62.16976,
        62.60724,
        61.9531,
        62.1739,
        61.73642,
        62.1739,
        61.08639,
        62.60724,
        60.86972,
        63.04059,
        60.65304,
        63.90731,
        60.65304,
        64.55733,
        60.86972,
        64.99068,
        61.30307,
        64.99068,
        61.73642,
        64.55733,
        61.9531,
        64.55733,
        61.9531,
        64.55733,
        61.9531
      ],
      "segments": [
        1,
        4,
        4,
        4,
        4,
        2,
        2
      ]
    },
    {
      "type": "shape",
      "background": "#939598",
      "shadowColor": "#1ABC9C",
      "points": [
        11.68846,
        120.35209,
        11.68846,
        75.59488,
        11.47178,
        75.59488,
        11.2551,
        75.42073,
        10.82176,
        75.24657,
        9.95506,
        75.24657,
        9.30503,
        75.42073,
        9.08835,
        75.59488,
        8.87168,
        75.59488,
        8.87168,
        120.35209,
        8.87168,
        120.52625,
        9.08835,
        120.70041,
        9.30503,
        120.87455,
        9.73838,
        121.04871,
        10.60508,
        121.04871,
        11.2551,
        120.87455,
        11.47178,
        120.70041,
        11.68846,
        120.52625,
        11.68846,
        120.35209,
        11.68846,
        120.35209,
        11.68846,
        120.35209
      ],
      "segments": [
        1,
        2,
        2,
        2,
        4,
        2,
        2,
        2,
        4,
        4,
        4,
        2,
        2
      ]
    },
    {
      "type": "shape",
      "background": "#7d7d7d",
      "shadowColor": "#1ABC9C",
      "points": [
        87.51427,
        80.13977,
        9.41389,
        81.76134,
        34.30632,
        102.84081,
        34.30632,
        102.84081,
        34.63066,
        103.39994,
        35.92801,
        103.84726,
        38.1984,
        104.29457,
        43.38781,
        105.41284,
        52.14497,
        105.41284,
        57.65873,
        104.29457,
        59.60477,
        103.84726,
        60.90212,
        103.39994,
        61.55081,
        102.84081,
        61.55081,
        102.84081,
        87.51427,
        81.76134,
        87.51427,
        80.13977
      ],
      "segments": [
        1,
        2,
        2,
        2,
        4,
        4,
        4,
        2,
        2,
        2
      ]
    },
    {
      "type": "shape",
      "background": "#939598",
      "shadowColor": "#1ABC9C",
      "points": [
        90.94577,
        75.03881,
        90.94577,
        29.52117,
        5.6446,
        27.68831,
        5.6446,
        75.03881,
        5.6446,
        79.15565,
        9.86102,
        83.48916,
        18.29382,
        86.7393,
        34.83511,
        93.23956,
        62.07959,
        93.23956,
        78.6209,
        86.7393,
        86.72935,
        83.48916,
        90.94577,
        79.37232,
        90.94577,
        75.03881,
        90.94577,
        75.03881,
        90.94577,
        75.03881
      ],
      "segments": [
        1,
        2,
        2,
        2,
        4,
        4,
        4,
        2,
        2
      ]
    },
    {
      "type": "shape",
      "background": "#bcbec2",
      "shadowColor": "#1ABC9C",
      "points": [
        78.45871,
        40.93556,
        61.91743,
        47.43583,
        34.67295,
        47.43583,
        18.13166,
        40.93556,
        1.59037,
        34.43529,
        1.59037,
        24.03486,
        18.13166,
        17.53458,
        34.67295,
        11.03432,
        61.91743,
        11.03432,
        78.45871,
        17.53458,
        95,
        24.03486,
        95,
        34.65196,
        78.45871,
        40.93556,
        78.45871,
        40.93556,
        78.45871,
        40.93556
      ],
      "segments": [
        1,
        4,
        4,
        4,
        4,
        2,
        2
      ]
    },
    {
      "type": "shape",
      "background": "#ba6000",
      "shadowColor": "#1ABC9C",
      "points": [
        20.57216,
        73.14179,
        19.2721,
        73.66426,
        14.07189,
        66.69815,
        15.37195,
        66.00154,
        20.57216,
        68.43967,
        20.57216,
        73.14179,
        20.57216,
        73.14179,
        20.57216,
        73.14179
      ]
    },
    {
      "type": "shape",
      "background": "#ff8400",
      "shadowColor": "#1ABC9C",
      "points": [
        19.2721,
        73.66426,
        14.07189,
        71.40027,
        14.07189,
        66.69815,
        19.2721,
        68.96213,
        19.2721,
        73.66426,
        19.2721,
        73.66426,
        19.2721,
        73.66426
      ]
    },
    {
      "type": "shape",
      "background": "#ba6000",
      "shadowColor": "#1ABC9C",
      "points": [
        18.83876,
        70.96488,
        18.83876,
        71.42,
        14.72192,
        69.64,
        14.72192,
        67.44,
        14.93859,
        67.64,
        14.93859,
        69.34,
        18.83876,
        70.96488,
        18.83876,
        70.96488,
        18.83876,
        70.96488
      ]
    },
    {
      "type": "shape",
      "background": "#ffffff",
      "shadowColor": "#1ABC9C",
      "points": [
        18.83876,
        69.31044,
        18.83876,
        71.05196,
        14.93859,
        69.31044,
        14.93859,
        67.56891,
        18.83876,
        69.31044,
        18.83876,
        69.31044,
        18.83876,
        69.31044
      ]
    },
    {
      "type": "shape",
      "background": "#ba6000",
      "shadowColor": "#1ABC9C",
      "points": [
        21.22219,
        57.71681,
        19.92213,
        58.36683,
        14.72192,
        49.6998,
        16.02198,
        48.8331,
        21.22219,
        51.86655,
        21.22219,
        57.71681,
        21.22219,
        57.71681,
        21.22219,
        57.71681
      ]
    },
    {
      "type": "shape",
      "background": "#ff8400",
      "shadowColor": "#1ABC9C",
      "points": [
        19.92213,
        58.36683,
        14.72192,
        55.55005,
        14.72192,
        49.6998,
        19.92213,
        52.51659,
        19.92213,
        58.36683,
        19.92213,
        58.36683,
        19.92213,
        58.36683
      ]
    },
    {
      "type": "shape",
      "background": "#ba6000",
      "shadowColor": "#1ABC9C",
      "points": [
        19.48879,
        55.1167,
        19.48879,
        55.55005,
        15.37195,
        53.16661,
        15.37195,
        50.56651,
        15.58862,
        50.78318,
        15.58862,
        52.94994,
        19.48879,
        55.1167,
        19.48879,
        55.1167,
        19.48879,
        55.1167
      ]
    },
    {
      "type": "shape",
      "background": "#ffffff",
      "shadowColor": "#1ABC9C",
      "points": [
        19.48879,
        52.94994,
        19.48879,
        55.1167,
        15.58862,
        52.94994,
        15.58862,
        50.78318,
        19.48879,
        52.94994,
        19.48879,
        52.94994,
        19.48879,
        52.94994
      ]
    },
    {
      "type": "shape",
      "background": "#939598",
      "shadowColor": "#1ABC9C",
      "points": [
        47.39711,
        113.53161,
        47.39711,
        113.96496,
        47.71858,
        114.39832,
        48.36149,
        114.61499,
        48.68294,
        114.61499,
        49.0044,
        114.61499,
        49.96878,
        114.18164,
        86.93643,
        99.66437,
        87.25789,
        99.66437,
        87.25789,
        99.44768,
        87.25789,
        99.23102,
        87.25789,
        98.79767,
        86.93643,
        98.36431,
        86.29352,
        98.14764,
        85.6506,
        98.14764,
        48.68294,
        112.66491,
        47.39711,
        113.09826,
        47.39711,
        113.31493,
        47.39711,
        113.53161,
        47.39711,
        113.53161,
        47.39711,
        113.53161
      ],
      "segments": [
        1,
        4,
        4,
        2,
        4,
        4,
        2,
        2,
        4,
        2,
        2
      ]
    },
    {
      "type": "shape",
      "background": "#939598",
      "shadowColor": "#1ABC9C",
      "points": [
        47.5,
        113.38804,
        47.5,
        113.87882,
        47.19963,
        114.36961,
        46.59892,
        114.61499,
        46.29857,
        114.61499,
        45.9982,
        114.61499,
        45.09712,
        114.12421,
        10.2554,
        97.92844,
        9.95505,
        97.92844,
        9.95505,
        97.68305,
        9.95505,
        97.43764,
        9.95505,
        96.94687,
        10.2554,
        96.4561,
        10.85613,
        96.2107,
        11.45685,
        96.2107,
        45.9982,
        112.65186,
        47.19963,
        112.89726,
        47.5,
        113.14264,
        47.5,
        113.38804,
        47.5,
        113.38804,
        47.5,
        113.38804
      ],
      "segments": [
        1,
        4,
        4,
        2,
        4,
        4,
        2,
        2,
        4,
        2,
        2
      ]
    },
    {
      "type": "shape",
      "background": "#939598",
      "shadowColor": "#1ABC9C",
      "points": [
        48.37216,
        87.57032,
        47.9388,
        87.39617,
        47.0721,
        87.39617,
        46.42208,
        87.57032,
        46.2054,
        87.74447,
        45.98872,
        88.09277,
        45.98872,
        88.78939,
        45.98872,
        132.50169,
        45.98872,
        132.67584,
        46.2054,
        132.84999,
        46.42208,
        133.02415,
        46.85542,
        133.1983,
        47.72213,
        133.1983,
        48.37216,
        133.02415,
        48.58883,
        132.84999,
        48.80551,
        132.67584,
        48.80551,
        132.50169,
        48.80551,
        88.78939,
        48.80551,
        87.91862,
        48.58883,
        87.74447,
        48.37216,
        87.57032,
        48.37216,
        87.57032,
        48.37216,
        87.57032
      ],
      "segments": [
        1,
        4,
        4,
        2,
        4,
        4,
        4,
        2,
        4,
        2,
        2
      ]
    },
    {
      "type": "shape",
      "background": "#dddee0",
      "shadowColor": "#1ABC9C",
      "points": [
        8.03637,
        33.01908,
        8.03637,
        33.01908,
        8.03637,
        33.01908,
        8.03637,
        33.01908,
        7.7465,
        32.34129,
        7.45663,
        31.66351,
        7.45663,
        30.98571,
        7.31168,
        29.92063,
        7.31168,
        28.46822,
        8.03637,
        26.91899,
        8.32626,
        26.82217,
        41.5172,
        21.59353,
        41.5172,
        21.59353,
        41.952,
        22.65862,
        8.03637,
        33.01908
      ],
      "segments": [
        1,
        4,
        4,
        4,
        4,
        2,
        2
      ]
    },
    {
      "type": "shape",
      "background": "#939598",
      "shadowColor": "#1ABC9C",
      "points": [
        55.39099,
        22.2901,
        55.39099,
        20.0456,
        54.00076,
        20.0456,
        53.76904,
        19.89082,
        53.42149,
        19.73602,
        52.95807,
        19.58123,
        49.83004,
        18.34289,
        44.73248,
        18.34289,
        41.60445,
        19.58123,
        41.25689,
        19.73602,
        40.90933,
        19.89082,
        40.56176,
        20.0456,
        39.17153,
        20.0456,
        39.17153,
        22.2901,
        39.17153,
        23.06406,
        39.9825,
        23.91542,
        41.48859,
        24.45719,
        44.61662,
        25.69553,
        49.71418,
        25.69553,
        52.84221,
        24.45719,
        54.58002,
        23.83802,
        55.39099,
        23.06406,
        55.39099,
        22.2901,
        55.39099,
        22.2901,
        55.39099,
        22.2901
      ],
      "segments": [
        1,
        2,
        2,
        4,
        4,
        4,
        2,
        2,
        4,
        4,
        4,
        2,
        2
      ]
    },
    {
      "type": "shape",
      "background": "rgb(222,222,222)",
      "shadowColor": "#1ABC9C",
      "points": [
        53.07393,
        22.2127,
        49.9459,
        23.45104,
        44.84834,
        23.45104,
        41.72031,
        22.2127,
        38.59227,
        20.97437,
        38.59227,
        19.03945,
        41.72031,
        17.80111,
        44.84834,
        16.56278,
        49.9459,
        16.56278,
        53.07393,
        17.80111,
        56.20196,
        19.03945,
        56.20196,
        21.05176,
        53.07393,
        22.2127,
        53.07393,
        22.2127,
        53.07393,
        22.2127
      ],
      "segments": [
        1,
        4,
        4,
        4,
        4,
        2,
        2
      ]
    }
  ]
}