{
  "width": 100,
  "height": 100,
  "comps": [
    {
      "type": "shape",
      "background": "rgba(0,0,0,0.11)",
      "borderColor": "#979797",
      "points": [
        63.80328,
        63.19126,
        35.34426,
        82.01093,
        53.39891,
        93.18033,
        84.61202,
        74.97268,
        68.08743,
        65.63934
      ]
    },
    {
      "type": "oval",
      "background": "rgba(0,0,0,0.11)",
      "borderColor": "rgb(82,82,82)",
      "shadowColor": "#1ABC9C",
      "rect": [
        14.76149,
        57.05598,
        37.54313,
        21.56609
      ]
    },
    {
      "type": "shape",
      "background": "#7d7d7d",
      "shadowColor": "#1ABC9C",
      "points": [
        16.16149,
        55.18827,
        16.16149,
        61.38827,
        23.16149,
        66.38827,
        31.76149,
        66.38827,
        40.26149,
        66.38827,
        47.16149,
        61.48827,
        47.36149,
        55.38827,
        47.46149,
        52.98827,
        45.96149,
        50.58827,
        42.76149,
        48.78827,
        36.66149,
        45.28827,
        26.76149,
        45.28827,
        20.66149,
        48.78827,
        17.76149,
        50.48827,
        16.16149,
        52.88827,
        16.16149,
        55.18827,
        16.16149,
        55.18827,
        16.16149,
        55.18827,
        16.16149,
        55.18827
      ],
      "segments": [
        1,
        4,
        4,
        4,
        4,
        4,
        2,
        2,
        2
      ]
    },
    {
      "type": "shape",
      "background": "#ba6000",
      "shadowColor": "#1ABC9C",
      "points": [
        50.16149,
        67.48827,
        50.16149,
        65.68827,
        49.76149,
        65.68827,
        49.66149,
        65.58827,
        49.56149,
        65.58827,
        49.46149,
        65.48827,
        48.46149,
        64.88827,
        46.96149,
        64.88827,
        45.96149,
        65.48827,
        45.86149,
        65.58827,
        45.76149,
        65.58827,
        45.66149,
        65.68827,
        45.26149,
        65.68827,
        45.26149,
        67.48827,
        45.26149,
        67.88827,
        45.46149,
        68.18827,
        45.96149,
        68.48827,
        46.96149,
        69.08827,
        48.46149,
        69.08827,
        49.46149,
        68.48827,
        49.96149,
        68.18827,
        50.16149,
        67.78827,
        50.16149,
        67.48827,
        50.16149,
        67.48827,
        50.16149,
        67.48827
      ],
      "segments": [
        1,
        2,
        2,
        4,
        4,
        4,
        2,
        2,
        4,
        4,
        4,
        2,
        2
      ]
    },
    {
      "type": "shape",
      "background": "#ff8400",
      "shadowColor": "#1ABC9C",
      "points": [
        49.46149,
        66.58827,
        48.46149,
        67.18827,
        46.96149,
        67.18827,
        45.96149,
        66.58827,
        44.96149,
        65.98827,
        44.96149,
        65.18827,
        45.96149,
        64.58827,
        46.96149,
        63.98827,
        48.46149,
        63.98827,
        49.46149,
        64.58827,
        50.46149,
        65.18827,
        50.46149,
        66.08827,
        49.46149,
        66.58827,
        49.46149,
        66.58827,
        49.46149,
        66.58827
      ],
      "segments": [
        1,
        4,
        4,
        4,
        4,
        2,
        2
      ]
    },
    {
      "type": "shape",
      "background": "#939598",
      "shadowColor": "#1ABC9C",
      "points": [
        48.56149,
        53.98827,
        48.06149,
        53.68827,
        47.36149,
        53.68827,
        46.96149,
        53.98827,
        46.76149,
        54.08827,
        46.66149,
        54.48827,
        46.66149,
        55.38827,
        46.66149,
        65.48827,
        46.66149,
        65.68827,
        46.76149,
        65.78827,
        46.96149,
        65.98827,
        47.46149,
        66.28827,
        48.16149,
        66.28827,
        48.56149,
        65.98827,
        48.76149,
        65.88827,
        48.86149,
        65.68827,
        48.86149,
        65.48827,
        48.86149,
        55.38827,
        48.96149,
        54.38827,
        48.76149,
        54.08827,
        48.56149,
        53.98827,
        48.56149,
        53.98827,
        48.56149,
        53.98827
      ],
      "segments": [
        1,
        4,
        4,
        2,
        4,
        4,
        4,
        2,
        4,
        2,
        2
      ]
    },
    {
      "type": "shape",
      "background": "#ba6000",
      "shadowColor": "#1ABC9C",
      "points": [
        18.26149,
        67.48827,
        18.26149,
        65.68827,
        17.86149,
        65.68827,
        17.76149,
        65.58827,
        17.66149,
        65.58827,
        17.56149,
        65.48827,
        16.56149,
        64.88827,
        15.06149,
        64.88827,
        14.06149,
        65.48827,
        13.96149,
        65.58827,
        13.86149,
        65.58827,
        13.76149,
        65.68827,
        13.36149,
        65.68827,
        13.36149,
        67.48827,
        13.36149,
        67.88827,
        13.56149,
        68.18827,
        14.06149,
        68.48827,
        15.06149,
        69.08827,
        16.56149,
        69.08827,
        17.56149,
        68.48827,
        18.06149,
        68.18827,
        18.26149,
        67.78827,
        18.26149,
        67.48827,
        18.26149,
        67.48827,
        18.26149,
        67.48827
      ],
      "segments": [
        1,
        2,
        2,
        4,
        4,
        4,
        2,
        2,
        4,
        4,
        4,
        2,
        2
      ]
    },
    {
      "type": "shape",
      "background": "#ff8400",
      "shadowColor": "#1ABC9C",
      "points": [
        17.56149,
        66.58827,
        16.56149,
        67.18827,
        15.06149,
        67.18827,
        14.06149,
        66.58827,
        13.06149,
        65.98827,
        13.06149,
        65.18827,
        14.06149,
        64.58827,
        15.06149,
        63.98827,
        16.56149,
        63.98827,
        17.56149,
        64.58827,
        18.56149,
        65.18827,
        18.56149,
        66.08827,
        17.56149,
        66.58827,
        17.56149,
        66.58827,
        17.56149,
        66.58827
      ],
      "segments": [
        1,
        4,
        4,
        4,
        4,
        2,
        2
      ]
    },
    {
      "type": "shape",
      "background": "#939598",
      "shadowColor": "#1ABC9C",
      "points": [
        16.66149,
        53.98827,
        16.16149,
        53.68827,
        15.46149,
        53.68827,
        15.06149,
        53.98827,
        14.86149,
        54.08827,
        14.76149,
        54.48827,
        14.76149,
        55.38827,
        14.76149,
        65.48827,
        14.76149,
        65.68827,
        14.86149,
        65.78827,
        15.06149,
        65.98827,
        15.56149,
        66.28827,
        16.26149,
        66.28827,
        16.66149,
        65.98827,
        16.86149,
        65.88827,
        16.96149,
        65.68827,
        16.96149,
        65.48827,
        16.96149,
        55.38827,
        16.96149,
        54.38827,
        16.86149,
        54.08827,
        16.66149,
        53.98827,
        16.66149,
        53.98827,
        16.66149,
        53.98827
      ],
      "segments": [
        1,
        4,
        4,
        2,
        4,
        4,
        4,
        2,
        4,
        2,
        2
      ]
    },
    {
      "type": "shape",
      "background": "#939598",
      "shadowColor": "#1ABC9C",
      "points": [
        49.46149,
        53.08827,
        49.46149,
        24.28827,
        46.46149,
        24.28827,
        45.86149,
        23.78827,
        45.06149,
        23.18827,
        44.26149,
        22.78827,
        37.36149,
        18.78827,
        26.16149,
        18.78827,
        19.26149,
        22.78827,
        18.46149,
        23.28827,
        17.66149,
        23.78827,
        17.06149,
        24.28827,
        14.06149,
        24.28827,
        14.06149,
        53.08827,
        14.06149,
        55.68827,
        15.76149,
        58.28827,
        19.26149,
        60.28827,
        26.16149,
        64.28827,
        37.36149,
        64.28827,
        44.26149,
        60.28827,
        47.76149,
        58.28827,
        49.46149,
        55.68827,
        49.46149,
        53.08827,
        49.46149,
        53.08827,
        49.46149,
        53.08827
      ],
      "segments": [
        1,
        2,
        2,
        4,
        4,
        4,
        2,
        2,
        4,
        4,
        4,
        2,
        2
      ]
    },
    {
      "type": "shape",
      "background": "#bcbec2",
      "shadowColor": "#1ABC9C",
      "points": [
        44.36149,
        31.48827,
        37.46149,
        35.48827,
        26.26149,
        35.48827,
        19.36149,
        31.48827,
        12.46149,
        27.48827,
        12.46149,
        20.98827,
        19.36149,
        17.08827,
        26.26149,
        13.08827,
        37.46149,
        13.08827,
        44.36149,
        17.08827,
        51.26149,
        21.08827,
        51.26149,
        27.48827,
        44.36149,
        31.48827,
        44.36149,
        31.48827,
        44.36149,
        31.48827
      ],
      "segments": [
        1,
        4,
        4,
        4,
        4,
        2,
        2
      ]
    },
    {
      "type": "shape",
      "background": "#939598",
      "shadowColor": "#1ABC9C",
      "points": [
        48.06149,
        23.48827,
        48.06149,
        21.58827,
        45.36149,
        21.58827,
        44.76149,
        21.08827,
        44.16149,
        20.58827,
        43.36149,
        20.18827,
        37.06149,
        16.48827,
        26.76149,
        16.48827,
        20.46149,
        20.18827,
        19.66149,
        20.58827,
        19.06149,
        21.08827,
        18.46149,
        21.58827,
        15.76149,
        21.58827,
        15.76149,
        23.48827,
        15.76149,
        25.88827,
        17.36149,
        28.28827,
        20.46149,
        30.08827,
        26.76149,
        33.78827,
        37.06149,
        33.78827,
        43.36149,
        30.08827,
        46.46149,
        28.28827,
        48.06149,
        25.88827,
        48.06149,
        23.48827,
        48.06149,
        23.48827,
        48.06149,
        23.48827
      ],
      "segments": [
        1,
        2,
        2,
        4,
        4,
        4,
        2,
        2,
        4,
        4,
        4,
        2,
        2
      ]
    },
    {
      "type": "shape",
      "background": "#7d7d7d",
      "shadowColor": "#1ABC9C",
      "points": [
        17.46149,
        46.08827,
        16.36149,
        46.68827,
        22.06149,
        56.58827,
        23.16149,
        55.98827,
        23.86149,
        55.58827,
        24.36149,
        54.68827,
        24.36149,
        53.38827,
        24.36149,
        50.78827,
        22.56149,
        47.68827,
        20.36149,
        46.38827,
        19.26149,
        45.68827,
        18.16149,
        45.68827,
        17.46149,
        46.08827,
        17.46149,
        46.08827,
        17.46149,
        46.08827
      ],
      "segments": [
        1,
        2,
        2,
        2,
        4,
        4,
        4,
        2,
        2
      ]
    },
    {
      "type": "shape",
      "background": "#bcbec2",
      "shadowColor": "#1ABC9C",
      "points": [
        19.26149,
        46.98827,
        21.46149,
        48.28827,
        23.26149,
        51.38827,
        23.26149,
        53.98827,
        23.26149,
        56.58827,
        21.46149,
        57.58827,
        19.26149,
        56.28827,
        17.06149,
        54.98827,
        15.26149,
        51.88827,
        15.26149,
        49.28827,
        15.16149,
        46.78827,
        17.06149,
        45.68827,
        19.26149,
        46.98827,
        19.26149,
        46.98827,
        19.26149,
        46.98827
      ],
      "segments": [
        1,
        4,
        4,
        4,
        4,
        2,
        2
      ]
    },
    {
      "type": "shape",
      "background": "#ba6000",
      "shadowColor": "#1ABC9C",
      "points": [
        15.46149,
        49.78827,
        15.46149,
        49.18827,
        15.56149,
        48.58827,
        15.86149,
        48.18827,
        15.96149,
        47.98827,
        15.96149,
        48.68827,
        16.06149,
        48.58827,
        17.56149,
        51.08827,
        17.56149,
        51.18827,
        17.96149,
        51.08827,
        17.96149,
        51.18827,
        17.96149,
        51.38827,
        17.96149,
        51.48827,
        18.06149,
        51.68827,
        16.26149,
        52.68827,
        15.76149,
        51.78827,
        15.46149,
        50.78827,
        15.46149,
        49.78827,
        15.46149,
        49.78827,
        15.46149,
        49.78827,
        16.86149,
        53.78827,
        18.66149,
        52.78827,
        18.76149,
        52.88827,
        18.96149,
        52.98827,
        19.06149,
        53.08827,
        19.16149,
        53.18827,
        18.96149,
        53.78827,
        19.06149,
        53.78827,
        20.36149,
        55.98827,
        20.16149,
        56.08827,
        20.76149,
        56.48827,
        20.46149,
        56.48827,
        20.06149,
        56.48827,
        19.56149,
        56.28827,
        19.06149,
        55.98827,
        18.26149,
        55.48827,
        17.46149,
        54.78827,
        16.86149,
        53.78827,
        16.86149,
        53.78827,
        16.86149,
        53.78827,
        20.06149,
        52.88827,
        20.16149,
        52.78827,
        20.16149,
        52.58827,
        20.16149,
        52.48827,
        20.16149,
        52.28827,
        20.16149,
        52.18827,
        20.06149,
        51.98827,
        21.46149,
        51.18827,
        22.46149,
        53.28827,
        22.86149,
        55.08827,
        21.86149,
        55.98827,
        20.06149,
        52.88827,
        20.06149,
        52.88827,
        20.06149,
        52.88827,
        20.86149,
        50.08827,
        19.36149,
        50.88827,
        19.26149,
        50.78827,
        19.06149,
        50.68827,
        18.96149,
        50.58827,
        18.86149,
        50.48827,
        18.66149,
        50.48827,
        18.56149,
        50.48827,
        16.76149,
        47.38827,
        17.36149,
        47.18827,
        18.16149,
        47.28827,
        18.96149,
        47.78827,
        19.86149,
        48.18827,
        20.26149,
        49.18827,
        20.86149,
        50.08827,
        20.86149,
        50.08827,
        20.86149,
        50.08827,
        15.46149,
        54.08827,
        16.36149,
        55.58827,
        17.86149,
        56.28827,
        18.96149,
        56.98827,
        19.76149,
        57.48827,
        20.56149,
        57.68827,
        21.26149,
        57.58827,
        21.36149,
        57.78827,
        22.26149,
        57.28827,
        23.86149,
        56.18827,
        23.86149,
        53.08827,
        22.16149,
        50.08827,
        21.26149,
        48.58827,
        20.16149,
        47.48827,
        19.06149,
        46.78827,
        17.96149,
        46.18827,
        16.96149,
        45.98827,
        16.06149,
        46.38827,
        16.06149,
        46.38827,
        15.26149,
        46.88827,
        15.36149,
        46.98827,
        14.16149,
        48.28827,
        13.96149,
        51.48827,
        15.46149,
        54.08827,
        15.46149,
        54.08827,
        15.46149,
        54.08827
      ],
      "segments": [
        1,
        4,
        4,
        2,
        4,
        4,
        2,
        4,
        2,
        2,
        1,
        2,
        4,
        4,
        2,
        4,
        4,
        4,
        2,
        2,
        1,
        4,
        4,
        2,
        4,
        2,
        2,
        2,
        1,
        2,
        4,
        4,
        2,
        4,
        4,
        2,
        2,
        1,
        4,
        4,
        2,
        2,
        4,
        4,
        4,
        2,
        2,
        2,
        4,
        2,
        2
      ]
    },
    {
      "type": "shape",
      "background": "#ff8400",
      "shadowColor": "#1ABC9C",
      "points": [
        18.26149,
        56.38827,
        17.46149,
        55.88827,
        16.66149,
        55.18827,
        16.06149,
        54.28827,
        17.86149,
        53.28827,
        17.96149,
        53.38827,
        18.16149,
        53.48827,
        18.26149,
        53.58827,
        18.36149,
        53.68827,
        18.46149,
        53.68827,
        18.66149,
        53.68827,
        20.46149,
        56.78827,
        19.86149,
        56.98827,
        19.06149,
        56.88827,
        18.26149,
        56.38827,
        18.26149,
        56.38827,
        18.26149,
        56.38827,
        21.06149,
        56.48827,
        19.26149,
        53.38827,
        19.36149,
        53.28827,
        19.36149,
        53.08827,
        19.36149,
        52.98827,
        19.36149,
        52.78827,
        19.36149,
        52.68827,
        19.26149,
        52.48827,
        21.06149,
        51.48827,
        22.06149,
        53.48827,
        22.06149,
        55.58827,
        21.06149,
        56.48827,
        21.06149,
        56.48827,
        21.06149,
        56.48827,
        18.26149,
        48.18827,
        19.06149,
        48.68827,
        19.86149,
        49.38827,
        20.46149,
        50.28827,
        18.66149,
        51.28827,
        18.56149,
        51.18827,
        18.36149,
        51.08827,
        18.26149,
        50.98827,
        18.16149,
        50.88827,
        17.96149,
        50.88827,
        17.86149,
        50.88827,
        16.06149,
        47.78827,
        16.76149,
        47.58827,
        17.46149,
        47.68827,
        18.26149,
        48.18827,
        18.26149,
        48.18827,
        18.26149,
        48.18827,
        15.46149,
        53.18827,
        14.96149,
        52.18827,
        14.66149,
        51.18827,
        14.66149,
        50.18827,
        14.66149,
        49.28827,
        14.96149,
        48.48827,
        15.46149,
        48.08827,
        17.26149,
        51.18827,
        17.26149,
        51.28827,
        17.16149,
        51.38827,
        17.16149,
        51.58827,
        17.16149,
        51.78827,
        17.16149,
        51.88827,
        17.26149,
        52.08827,
        15.46149,
        53.18827,
        15.46149,
        53.18827,
        15.46149,
        53.18827,
        15.16149,
        54.08827,
        16.06149,
        55.58827,
        17.16149,
        56.68827,
        18.26149,
        57.38827,
        19.36149,
        58.08827,
        20.56149,
        58.18827,
        21.36149,
        57.68827,
        23.06149,
        56.68827,
        23.06149,
        53.48827,
        21.36149,
        50.48827,
        20.46149,
        48.98827,
        19.36149,
        47.88827,
        18.26149,
        47.18827,
        17.16149,
        46.48827,
        15.96149,
        46.38827,
        15.16149,
        46.88827,
        13.46149,
        47.88827,
        13.46149,
        51.08827,
        15.16149,
        54.08827,
        15.16149,
        54.08827,
        15.16149,
        54.08827
      ],
      "segments": [
        1,
        4,
        2,
        4,
        4,
        2,
        4,
        2,
        2,
        1,
        2,
        4,
        4,
        2,
        4,
        2,
        2,
        1,
        4,
        2,
        4,
        4,
        2,
        4,
        2,
        2,
        1,
        4,
        4,
        2,
        4,
        4,
        2,
        2,
        2,
        1,
        4,
        4,
        4,
        4,
        4,
        4,
        2,
        2
      ]
    },
    {
      "type": "shape",
      "background": "#7d7d7d",
      "shadowColor": "#1ABC9C",
      "points": [
        17.46149,
        52.08827,
        17.96149,
        51.78827,
        17.96149,
        51.78827,
        18.06149,
        51.78827,
        18.16149,
        51.78827,
        18.26149,
        51.78827,
        18.46149,
        51.88827,
        18.66149,
        52.18827,
        18.66149,
        52.48827,
        18.66149,
        52.58827,
        18.66149,
        52.68827,
        18.56149,
        52.78827,
        18.06149,
        53.08827,
        17.46149,
        52.08827,
        17.46149,
        52.08827,
        17.46149,
        52.08827
      ],
      "segments": [
        1,
        2,
        2,
        4,
        4,
        4,
        2,
        2,
        2,
        2
      ]
    },
    {
      "type": "shape",
      "background": "#bcbec2",
      "shadowColor": "#1ABC9C",
      "points": [
        18.16149,
        52.88827,
        18.16149,
        52.58827,
        17.96149,
        52.28827,
        17.76149,
        52.18827,
        17.56149,
        52.08827,
        17.36149,
        52.18827,
        17.36149,
        52.38827,
        17.36149,
        52.68827,
        17.56149,
        52.98827,
        17.76149,
        53.08827,
        17.96149,
        53.18827,
        18.16149,
        53.08827,
        18.16149,
        52.88827,
        18.16149,
        52.88827,
        18.16149,
        52.88827
      ],
      "segments": [
        1,
        4,
        4,
        4,
        4,
        2,
        2
      ]
    },
    {
      "type": "shape",
      "background": "rgb(207,209,212)",
      "shadowColor": "#1ABC9C",
      "points": [
        48.06149,
        21.58827,
        48.06149,
        15.18827,
        40.76149,
        9.88827,
        31.86149,
        9.88827,
        23.06149,
        9.88827,
        15.86149,
        14.98827,
        15.66149,
        21.28827,
        15.56149,
        23.78827,
        17.06149,
        26.28827,
        20.36149,
        28.18827,
        26.66149,
        31.88827,
        36.96149,
        31.88827,
        43.26149,
        28.18827,
        46.46149,
        26.38827,
        47.96149,
        23.98827,
        48.06149,
        21.58827,
        48.06149,
        21.58827,
        48.06149,
        21.58827,
        48.06149,
        21.58827
      ],
      "segments": [
        1,
        4,
        4,
        4,
        4,
        4,
        2,
        2,
        2
      ]
    },
    {
      "type": "shape",
      "background": "#ba6000",
      "shadowColor": "#1ABC9C",
      "points": [
        34.26149,
        76.98827,
        34.26149,
        75.18827,
        33.86149,
        75.18827,
        33.76149,
        75.08827,
        33.66149,
        75.08827,
        33.56149,
        74.98827,
        32.56149,
        74.38827,
        31.06149,
        74.38827,
        30.06149,
        74.98827,
        29.96149,
        75.08827,
        29.86149,
        75.08827,
        29.76149,
        75.18827,
        29.36149,
        75.18827,
        29.36149,
        76.98827,
        29.36149,
        77.38827,
        29.56149,
        77.68827,
        30.06149,
        77.98827,
        31.06149,
        78.48827,
        32.56149,
        78.48827,
        33.56149,
        77.98827,
        34.06149,
        77.78827,
        34.26149,
        77.38827,
        34.26149,
        76.98827,
        34.26149,
        76.98827,
        34.26149,
        76.98827
      ],
      "segments": [
        1,
        2,
        2,
        4,
        4,
        4,
        2,
        2,
        4,
        4,
        4,
        2,
        2
      ]
    },
    {
      "type": "shape",
      "background": "#ff8400",
      "shadowColor": "#1ABC9C",
      "points": [
        33.56149,
        76.18827,
        32.56149,
        76.68827,
        31.06149,
        76.68827,
        30.06149,
        76.18827,
        29.06149,
        75.58827,
        29.06149,
        74.78827,
        30.06149,
        74.18827,
        31.06149,
        73.58827,
        32.56149,
        73.58827,
        33.56149,
        74.18827,
        34.46149,
        74.68827,
        34.46149,
        75.58827,
        33.56149,
        76.18827,
        33.56149,
        76.18827,
        33.56149,
        76.18827
      ],
      "segments": [
        1,
        4,
        4,
        4,
        4,
        2,
        2
      ]
    },
    {
      "type": "shape",
      "background": "#939598",
      "shadowColor": "#1ABC9C",
      "points": [
        32.66149,
        63.48827,
        32.16149,
        63.18827,
        31.46149,
        63.18827,
        31.06149,
        63.48827,
        30.86149,
        63.58827,
        30.76149,
        63.98827,
        30.76149,
        64.88827,
        30.76149,
        74.98827,
        30.76149,
        75.18827,
        30.86149,
        75.28827,
        31.06149,
        75.48827,
        31.46149,
        75.78827,
        32.26149,
        75.78827,
        32.66149,
        75.48827,
        32.86149,
        75.38827,
        32.96149,
        75.18827,
        32.96149,
        74.98827,
        32.96149,
        64.88827,
        32.96149,
        63.98827,
        32.86149,
        63.68827,
        32.66149,
        63.48827,
        32.66149,
        63.48827,
        32.66149,
        63.48827
      ],
      "segments": [
        1,
        4,
        4,
        2,
        4,
        4,
        4,
        2,
        4,
        2,
        2
      ]
    },
    {
      "type": "shape",
      "background": "#939598",
      "shadowColor": "#1ABC9C",
      "points": [
        36.26149,
        17.78827,
        36.26149,
        14.88827,
        35.46149,
        14.88827,
        35.26149,
        14.78827,
        35.16149,
        14.58827,
        34.86149,
        14.48827,
        33.06149,
        13.48827,
        30.26149,
        13.48827,
        28.56149,
        14.48827,
        28.36149,
        14.58827,
        28.16149,
        14.78827,
        27.96149,
        14.88827,
        27.16149,
        14.88827,
        27.16149,
        17.78827,
        27.16149,
        18.48827,
        27.56149,
        19.08827,
        28.46149,
        19.58827,
        30.26149,
        20.58827,
        33.06149,
        20.58827,
        34.76149,
        19.58827,
        35.86149,
        19.08827,
        36.26149,
        18.48827,
        36.26149,
        17.78827,
        36.26149,
        17.78827,
        36.26149,
        17.78827
      ],
      "segments": [
        1,
        2,
        2,
        4,
        4,
        4,
        2,
        2,
        4,
        4,
        4,
        2,
        2
      ]
    },
    {
      "type": "shape",
      "background": "rgb(194,194,194)",
      "shadowColor": "#1ABC9C",
      "points": [
        34.96149,
        16.78827,
        33.16149,
        17.78827,
        30.36149,
        17.78827,
        28.66149,
        16.78827,
        26.86149,
        15.78827,
        26.86149,
        14.08827,
        28.66149,
        13.08827,
        30.46149,
        12.08827,
        33.26149,
        12.08827,
        34.96149,
        13.08827,
        36.76149,
        14.08827,
        36.76149,
        15.78827,
        34.96149,
        16.78827,
        34.96149,
        16.78827,
        34.96149,
        16.78827
      ],
      "segments": [
        1,
        4,
        4,
        4,
        4,
        2,
        2
      ]
    },
    {
      "type": "shape",
      "background": "#a6a6a6",
      "shadowColor": "#1ABC9C",
      "points": [
        78.9311,
        72.82535,
        78.9311,
        75.00849,
        52.80429,
        90.11173,
        52.80429,
        87.93158,
        78.9311,
        72.82535,
        78.9311,
        72.82535
      ]
    },
    {
      "type": "shape",
      "background": "#b2b1b1",
      "shadowColor": "#1ABC9C",
      "points": [
        39.62753,
        80.31255,
        39.62753,
        82.4937,
        52.80429,
        90.11173,
        52.80429,
        87.93158,
        39.62753,
        80.31255,
        39.62753,
        80.31255
      ]
    },
    {
      "type": "shape",
      "background": "#dbdbdb",
      "shadowColor": "#1ABC9C",
      "points": [
        78.9311,
        24.76424,
        78.9311,
        72.81237,
        52.80429,
        87.91461,
        52.80429,
        39.87047,
        78.9311,
        24.76424,
        78.9311,
        24.76424
      ]
    },
    {
      "type": "shape",
      "background": "#efefef",
      "shadowColor": "#1ABC9C",
      "points": [
        39.62753,
        32.25144,
        39.62753,
        80.29757,
        52.80429,
        87.91461,
        52.80429,
        39.87047,
        39.62753,
        32.25144,
        39.62753,
        32.25144
      ]
    },
    {
      "type": "shape",
      "background": "#a6a6a6",
      "shadowColor": "#1ABC9C",
      "points": [
        78.9311,
        22.78483,
        78.9311,
        24.96797,
        52.80429,
        40.07021,
        52.80429,
        37.89106,
        78.9311,
        22.78483,
        78.9311,
        22.78483
      ]
    },
    {
      "type": "shape",
      "background": "#b2b1b1",
      "shadowColor": "#1ABC9C",
      "points": [
        39.62753,
        30.27203,
        39.62753,
        32.45318,
        52.80429,
        40.07021,
        52.80429,
        37.89106,
        39.62753,
        30.27203,
        39.62753,
        30.27203
      ]
    },
    {
      "type": "shape",
      "background": "#dbdbdb",
      "shadowColor": "#1ABC9C",
      "points": [
        65.75434,
        15.1648,
        39.62753,
        30.27403,
        52.80429,
        37.89106,
        78.9311,
        22.78483,
        65.75434,
        15.1648,
        65.75434,
        15.1648
      ]
    },
    {
      "type": "shape",
      "background": "#2d2d2d",
      "shadowColor": "#1ABC9C",
      "points": [
        76.73697,
        74.25548,
        76.73697,
        67.52828,
        57.06272,
        78.91239,
        57.06272,
        85.63858,
        76.73697,
        74.25548,
        76.73697,
        74.25548
      ]
    },
    {
      "type": "shape",
      "background": "#680012",
      "shadowColor": "#1ABC9C",
      "points": [
        69.02207,
        78.6717,
        68.96215,
        72.2491,
        68.26206,
        72.62661,
        68.31899,
        79.07817,
        69.02207,
        78.6717,
        69.02207,
        78.6717
      ]
    },
    {
      "type": "shape",
      "background": "#ffca5f",
      "shadowColor": "#1ABC9C",
      "points": [
        75.02321,
        72.58766,
        75.02321,
        70.73808,
        71.00447,
        73.06304,
        71.00447,
        74.91262,
        75.02321,
        72.58766,
        75.02321,
        72.58766
      ]
    },
    {
      "type": "shape",
      "background": "#2d2d2d",
      "shadowColor": "#1ABC9C",
      "points": [
        76.20467,
        39.96934,
        76.20467,
        30.45479,
        55.53072,
        42.41614,
        55.53072,
        51.93069,
        76.20467,
        39.96934,
        76.20467,
        39.96934
      ]
    },
    {
      "type": "shape",
      "background": "#2d2d2d",
      "shadowColor": "#1ABC9C",
      "points": [
        76.20467,
        49.38203,
        76.20467,
        39.86648,
        55.53072,
        51.82783,
        55.53072,
        61.34337,
        76.20467,
        49.38203,
        76.20467,
        49.38203
      ]
    },
    {
      "type": "shape",
      "background": "#2d2d2d",
      "shadowColor": "#1ABC9C",
      "points": [
        76.20467,
        58.85962,
        76.20467,
        49.34507,
        55.53072,
        61.30542,
        55.53072,
        70.82097,
        76.20467,
        58.85962,
        76.20467,
        58.85962
      ]
    },
    {
      "type": "shape",
      "background": "#050505",
      "shadowColor": "#1ABC9C",
      "points": [
        63.76794,
        42.93147,
        63.76794,
        43.5187,
        56.86997,
        47.4945,
        56.86997,
        46.90627,
        63.76794,
        42.93147,
        63.76794,
        42.93147
      ]
    },
    {
      "type": "shape",
      "background": "#050505",
      "shadowColor": "#1ABC9C",
      "points": [
        60.06379,
        48.26049,
        56.86997,
        50.10109,
        56.86997,
        50.67434,
        60.06379,
        48.84073,
        60.06379,
        48.26049,
        60.06379,
        48.26049
      ]
    },
    {
      "type": "shape",
      "background": "#050505",
      "shadowColor": "#1ABC9C",
      "points": [
        63.76794,
        45.05868,
        63.76794,
        45.64691,
        56.86997,
        49.62171,
        56.86997,
        49.03348,
        63.76794,
        45.05868,
        63.76794,
        45.05868
      ]
    },
    {
      "type": "shape",
      "background": "#050505",
      "shadowColor": "#1ABC9C",
      "points": [
        60.06379,
        50.38771,
        56.86997,
        52.2283,
        56.86997,
        52.80155,
        60.06379,
        50.96795,
        60.06379,
        50.38771,
        60.06379,
        50.38771
      ]
    },
    {
      "type": "shape",
      "background": "#050505",
      "shadowColor": "#1ABC9C",
      "points": [
        63.76794,
        51.44033,
        63.76794,
        52.02756,
        56.86997,
        56.00336,
        56.86997,
        55.41513,
        63.76794,
        51.44033,
        63.76794,
        51.44033
      ]
    },
    {
      "type": "shape",
      "background": "#050505",
      "shadowColor": "#1ABC9C",
      "points": [
        60.06379,
        54.64214,
        56.86997,
        56.48274,
        56.86997,
        57.05598,
        60.06379,
        55.22238,
        60.06379,
        54.64214,
        60.06379,
        54.64214
      ]
    },
    {
      "type": "shape",
      "background": "#bebebe",
      "shadowColor": "#1ABC9C",
      "points": [
        43.25778,
        40.69439,
        45.83441,
        42.2933,
        46.4536,
        42.65583,
        46.54448,
        43.11623,
        46.54648,
        43.84128,
        46.56046,
        47.93492,
        46.56246,
        48.50917,
        46.21591,
        48.74686,
        45.72555,
        48.46023,
        43.33668,
        46.99315,
        42.71749,
        46.63063,
        42.46781,
        46.29806,
        42.46582,
        45.57401,
        42.45183,
        41.21671,
        42.44984,
        40.64146,
        42.76642,
        40.40777,
        43.25778,
        40.69439,
        43.25778,
        40.69439
      ],
      "segments": [
        1,
        2,
        4,
        2,
        4,
        2,
        4,
        2,
        4,
        2
      ]
    },
    {
      "type": "shape",
      "background": "#09004c",
      "shadowColor": "#1ABC9C",
      "points": [
        63.65209,
        77.05981,
        63.65209,
        80.81989,
        63.65209,
        81.06856,
        63.51927,
        81.29826,
        63.30355,
        81.4231,
        61.80651,
        82.28897,
        61.60577,
        82.40482,
        61.3561,
        82.26001,
        61.3561,
        82.02931,
        61.3561,
        78.26923,
        61.3561,
        78.02055,
        61.48892,
        77.79085,
        61.70364,
        77.66602,
        63.20168,
        76.80015,
        63.40142,
        76.6843,
        63.65209,
        76.82911,
        63.65209,
        77.05981,
        63.65209,
        77.05981
      ],
      "segments": [
        1,
        2,
        4,
        2,
        4,
        2,
        4,
        2,
        4,
        2
      ]
    }
  ]
}