{
  "width": 100,
  "height": 40,
  "snapshotURL": "",
  "func": "__ht__function(g, rect, comp, data, view) {\nvar rectWidth = rect.width;\r\nvar rectHeight = rect.height;\r\nvar remainingPower = comp.getValue('remainingPower');\r\nvar lineWidth = comp.getValue('lineWidth');\r\nvar batteryColor = comp.getColor('batteryColor');\r\n\r\nvar rootWidth = rectWidth / 120;\r\nvar roundWidth = rootWidth * 4;\r\nvar headWidth = lineWidth * 3;\r\nvar headHeight = rectHeight / 3;\r\n\r\n// 保存绘制前状态\r\ng.save();\r\n\r\n// 裁切多余部分\r\ng.beginPath();\r\ng.rect(0, 0, rectWidth, rectHeight);\r\ng.clip();\r\n\r\n// 电量背景\r\ng.save();\r\ng.beginPath();\r\ng.lineWidth = lineWidth;\r\ng.fillStyle = '#E6EAEE';\r\nht.Default.drawRoundRect(\r\n    g,\r\n    lineWidth * 2,\r\n    lineWidth * 2,\r\n    rectWidth - lineWidth * 6,\r\n    rectHeight - lineWidth * 4,\r\n    roundWidth / 2\r\n);\r\ng.fill();\r\ng.clip();\r\n\r\n// 剩余电量\r\ng.beginPath();\r\ng.lineWidth = lineWidth;\r\ng.fillStyle = batteryColor;\r\nht.Default.drawRoundRect(\r\n    g,\r\n    lineWidth * 2,\r\n    lineWidth * 2,\r\n    (rectWidth - lineWidth * 6) * remainingPower,\r\n    rectHeight - lineWidth * 4,\r\n    roundWidth / 2\r\n);\r\ng.fill();\r\ng.restore();\r\n\r\n// 绘制外围圆角矩形\r\ng.beginPath();\r\ng.lineWidth = lineWidth;\r\ng.strokeStyle = '#E6EAEE';\r\nht.Default.drawRoundRect(\r\n    g,\r\n    lineWidth / 2,\r\n    lineWidth / 2,\r\n    rectWidth - lineWidth * 3,\r\n    rectHeight - lineWidth,\r\n    roundWidth\r\n);\r\ng.stroke();\r\n\r\n// 绘制外围电池头\r\ng.beginPath();\r\ng.fillStyle = '#E6EAEE';\r\ng.fillRect(\r\n    rectWidth - headWidth,\r\n    rectHeight / 2 - headHeight / 2,\r\n    headWidth,\r\n    headHeight\r\n);\r\n\r\n// 绘制闪电\r\n// 左上部分\r\ng.fillStyle = '#6A707B';\r\ng.beginPath();\r\ng.moveTo(rectWidth / 2 + rootWidth * 3, rectHeight / 4);\r\ng.lineTo(rectWidth / 2 - rootWidth * 5, rectHeight / 2 + rootWidth * 2);\r\ng.lineTo(rectWidth / 2, rectHeight / 2 + rootWidth * 2);\r\ng.fill();\r\n// 右下部分\r\ng.beginPath();\r\ng.translate(rectWidth, rectHeight);\r\ng.rotate(Math.PI);\r\ng.moveTo(rectWidth / 2 + rootWidth * 3, rectHeight / 4);\r\ng.lineTo(rectWidth / 2 - rootWidth * 5, rectHeight / 2 + rootWidth * 2);\r\ng.lineTo(rectWidth / 2, rectHeight / 2 + rootWidth * 2);\r\ng.fill();\r\n\r\n// 恢复绘制前的状态\r\ng.restore();\n}",
  "properties": {
    "remainingPower": {
      "valueType": "Percentage",
      "defaultValue": 1,
      "name": "剩余电量"
    },
    "lineWidth": {
      "valueType": "String",
      "defaultValue": "2",
      "name": "线宽"
    },
    "batteryColor": {
      "valueType": "Color",
      "defaultValue": "#8BC44C"
    }
  }
}