{
  "v": "5.3.6",
  "p": {
    "background": "#3D4E63",
    "autoAdjustIndex": false
  },
  "d": [
    {
      "c": "ht.Node",
      "i": 264,
      "p": {
        "image": "symbols/table/table_default.json",
        "position": {
          "x": 411.0471078370665,
          "y": 653.0646138224258
        },
        "width": 781.296758622254,
        "height": 371.2622951448518
      },
      "a": {
        "table.row.count": 4,
        "table.column.count": 5,
        "table.line.width": 5,
        "table.line.color": "rgb(25,250,96)",
        "table.background": "rgb(61,40,40)"
      }
    },
    {
      "c": "ht.Node",
      "i": 265,
      "p": {
        "image": "symbols/table/table_default.json",
        "position": {
          "x": 409.37725091001226,
          "y": 220.28938054824107
        },
        "width": 781.296758622254,
        "height": 371.2622951448518
      },
      "a": {
        "table.row.count": 4,
        "table.column.count": 5,
        "table.line.width": 5,
        "table.line.color": "rgb(255,160,51)",
        "table.background": null
      }
    },
    {
      "c": "ht.Text",
      "i": 266,
      "p": {
        "position": {
          "x": 407.5499373169303,
          "y": 81.88897976889183
        }
      },
      "s": {
        "text": "Write",
        "text.align": "center",
        "text.font": "20px arial, sans-serif",
        "text.color": "white"
      }
    },
    {
      "c": "ht.Text",
      "i": 267,
      "p": {
        "position": {
          "x": 559.6933969968386,
          "y": 81.88897976889183
        }
      },
      "s": {
        "text": "Copy",
        "text.align": "center",
        "text.font": "20px arial, sans-serif",
        "text.color": "white"
      }
    },
    {
      "c": "ht.Text",
      "i": 268,
      "p": {
        "position": {
          "x": 711.836856676747,
          "y": 81.88897976889183
        }
      },
      "s": {
        "text": "Latency",
        "text.align": "center",
        "text.font": "20px arial, sans-serif",
        "text.color": "white"
      }
    },
    {
      "c": "ht.Text",
      "i": 269,
      "p": {
        "position": {
          "x": 255.40647763702196,
          "y": 81.88897976889183
        }
      },
      "s": {
        "text": "Read",
        "text.align": "center",
        "text.font": "20px arial, sans-serif",
        "text.color": "white"
      }
    },
    {
      "c": "ht.Text",
      "i": 270,
      "p": {
        "position": {
          "x": 99.68317184699815,
          "y": 173.17505557683683
        }
      },
      "s": {
        "text": "Memory",
        "text.align": "center",
        "text.font": "20px arial, sans-serif",
        "text.color": "white"
      }
    },
    {
      "c": "ht.Text",
      "i": 271,
      "p": {
        "position": {
          "x": 99.68317184699815,
          "y": 354.4047649014335
        }
      },
      "s": {
        "text": "L2 Cache",
        "text.align": "center",
        "text.font": "20px arial, sans-serif",
        "text.color": "white"
      }
    },
    {
      "c": "ht.Text",
      "i": 272,
      "p": {
        "position": {
          "x": 99.68317184699815,
          "y": 263.78991023913517
        }
      },
      "s": {
        "text": "L1 Cache",
        "text.align": "center",
        "text.font": "20px arial, sans-serif",
        "text.color": "white"
      }
    },
    {
      "c": "ht.Text",
      "i": 273,
      "p": {
        "position": {
          "x": 257.0913622196086,
          "y": 171.83261328554352
        }
      },
      "s": {
        "text": "30294 MB/s",
        "text.align": "center",
        "text.font": "16px arial, sans-serif",
        "text.color": "white"
      }
    },
    {
      "c": "ht.Text",
      "i": 274,
      "p": {
        "position": {
          "x": 409.23482189951693,
          "y": 171.83261328554352
        }
      },
      "s": {
        "text": "32168 MS/s",
        "text.align": "center",
        "text.font": "16px arial, sans-serif",
        "text.color": "white"
      }
    },
    {
      "c": "ht.Text",
      "i": 275,
      "p": {
        "position": {
          "x": 561.3782815794252,
          "y": 171.83261328554352
        }
      },
      "s": {
        "text": "29196 MB/s",
        "text.align": "center",
        "text.font": "16px arial, sans-serif",
        "text.color": "white"
      }
    },
    {
      "c": "ht.Text",
      "i": 276,
      "p": {
        "position": {
          "x": 713.5217412593336,
          "y": 171.83261328554352
        }
      },
      "s": {
        "text": "91.3 ns",
        "text.align": "center",
        "text.font": "16px arial, sans-serif",
        "text.color": "white"
      }
    },
    {
      "c": "ht.Text",
      "i": 277,
      "p": {
        "position": {
          "x": 258.7762468021952,
          "y": 263.1186890934885
        }
      },
      "s": {
        "text": "374.00 GB/s",
        "text.align": "center",
        "text.font": "16px arial, sans-serif",
        "text.color": "white"
      }
    },
    {
      "c": "ht.Text",
      "i": 278,
      "p": {
        "position": {
          "x": 410.91970648210355,
          "y": 263.1186890934885
        }
      },
      "s": {
        "text": "187.02 GB/s",
        "text.align": "center",
        "text.font": "16px arial, sans-serif",
        "text.color": "white"
      }
    },
    {
      "c": "ht.Text",
      "i": 279,
      "p": {
        "position": {
          "x": 563.0631661620118,
          "y": 263.1186890934885
        }
      },
      "s": {
        "text": "374.00 GB/s",
        "text.align": "center",
        "text.font": "16px arial, sans-serif",
        "text.color": "white"
      }
    },
    {
      "c": "ht.Text",
      "i": 280,
      "p": {
        "position": {
          "x": 715.2066258419202,
          "y": 263.1186890934885
        }
      },
      "s": {
        "text": "1.3 ns",
        "text.align": "center",
        "text.font": "16px arial, sans-serif",
        "text.color": "white"
      }
    },
    {
      "c": "ht.Text",
      "i": 281,
      "p": {
        "position": {
          "x": 258.1186890934885,
          "y": 351.7198803188469
        }
      },
      "s": {
        "text": "197.63 GB/s",
        "text.align": "center",
        "text.font": "16px arial, sans-serif",
        "text.color": "white"
      }
    },
    {
      "c": "ht.Text",
      "i": 282,
      "p": {
        "position": {
          "x": 410.26214877339686,
          "y": 351.7198803188469
        }
      },
      "s": {
        "text": "113.36 GB/s",
        "text.align": "center",
        "text.font": "16px arial, sans-serif",
        "text.color": "white"
      }
    },
    {
      "c": "ht.Text",
      "i": 283,
      "p": {
        "position": {
          "x": 562.4056084533051,
          "y": 351.7198803188469
        }
      },
      "s": {
        "text": "171.85 GB/s",
        "text.align": "center",
        "text.font": "16px arial, sans-serif",
        "text.color": "white"
      }
    },
    {
      "c": "ht.Text",
      "i": 284,
      "p": {
        "position": {
          "x": 714.5490681332135,
          "y": 351.7198803188469
        }
      },
      "s": {
        "text": "4.0 ns",
        "text.align": "center",
        "text.font": "16px arial, sans-serif",
        "text.color": "white"
      }
    },
    {
      "c": "ht.Text",
      "i": 285,
      "p": {
        "position": {
          "x": 409.21979424398455,
          "y": 514.6642130430766
        }
      },
      "s": {
        "text": "Write",
        "text.align": "center",
        "text.font": "20px arial, sans-serif",
        "text.color": "rgb(30,232,161)",
        "text.shadow.color": "rgb(255,231,15)",
        "text.shadow": true,
        "text.shadow.offset.x": 0
      }
    },
    {
      "c": "ht.Text",
      "i": 286,
      "p": {
        "position": {
          "x": 561.3632539238929,
          "y": 514.6642130430766
        }
      },
      "s": {
        "text": "Copy",
        "text.align": "center",
        "text.font": "20px arial, sans-serif",
        "text.color": "rgb(30,232,161)",
        "text.shadow.color": "rgb(255,231,15)",
        "text.shadow": true,
        "text.shadow.offset.x": 0
      }
    },
    {
      "c": "ht.Text",
      "i": 287,
      "p": {
        "position": {
          "x": 713.5067136038012,
          "y": 514.6642130430766
        }
      },
      "s": {
        "text": "Latency",
        "text.align": "center",
        "text.font": "20px arial, sans-serif",
        "text.color": "rgb(30,232,161)",
        "text.shadow.color": "rgb(255,231,15)",
        "text.shadow": true,
        "text.shadow.offset.x": 0
      }
    },
    {
      "c": "ht.Text",
      "i": 288,
      "p": {
        "position": {
          "x": 257.0763345640762,
          "y": 514.6642130430766
        }
      },
      "s": {
        "text": "Read",
        "text.align": "center",
        "text.font": "20px arial, sans-serif",
        "text.color": "rgb(30,232,161)",
        "text.shadow.color": "rgb(255,231,15)",
        "text.shadow": true,
        "text.shadow.offset.x": 0
      }
    },
    {
      "c": "ht.Text",
      "i": 289,
      "p": {
        "position": {
          "x": 101.35302877405239,
          "y": 605.9502888510217
        }
      },
      "s": {
        "text": "Memory",
        "text.align": "center",
        "text.font": "20px arial, sans-serif",
        "text.color": "rgb(30,232,161)",
        "text.shadow.color": "rgb(255,231,15)",
        "text.shadow": true,
        "text.shadow.offset.x": 0
      }
    },
    {
      "c": "ht.Text",
      "i": 290,
      "p": {
        "position": {
          "x": 101.35302877405239,
          "y": 787.1799981756184
        }
      },
      "s": {
        "text": "L2 Cache",
        "text.align": "center",
        "text.font": "20px arial, sans-serif",
        "text.color": "rgb(30,232,161)",
        "text.shadow.color": "rgb(255,231,15)",
        "text.shadow": true,
        "text.shadow.offset.x": 0
      }
    },
    {
      "c": "ht.Text",
      "i": 291,
      "p": {
        "position": {
          "x": 101.35302877405239,
          "y": 696.56514351332
        }
      },
      "s": {
        "text": "L1 Cache",
        "text.align": "center",
        "text.font": "20px arial, sans-serif",
        "text.color": "rgb(30,232,161)",
        "text.shadow.color": "rgb(255,231,15)",
        "text.shadow": true,
        "text.shadow.offset.x": 0
      }
    },
    {
      "c": "ht.Text",
      "i": 292,
      "p": {
        "position": {
          "x": 258.7612191466628,
          "y": 604.6078465597284
        }
      },
      "s": {
        "text": "30294 MB/s",
        "text.align": "center",
        "text.font": "16px arial, sans-serif",
        "text.color": "rgb(30,232,161)",
        "text.shadow.color": "rgb(255,231,15)",
        "text.shadow": true,
        "text.shadow.offset.x": 0
      }
    },
    {
      "c": "ht.Text",
      "i": 293,
      "p": {
        "position": {
          "x": 410.90467882657117,
          "y": 604.6078465597284
        }
      },
      "s": {
        "text": "32168 MS/s",
        "text.align": "center",
        "text.font": "16px arial, sans-serif",
        "text.color": "rgb(30,232,161)",
        "text.shadow.color": "rgb(255,231,15)",
        "text.shadow": true,
        "text.shadow.offset.x": 0
      }
    },
    {
      "c": "ht.Text",
      "i": 294,
      "p": {
        "position": {
          "x": 563.0481385064795,
          "y": 604.6078465597284
        }
      },
      "s": {
        "text": "29196 MB/s",
        "text.align": "center",
        "text.font": "16px arial, sans-serif",
        "text.color": "rgb(30,232,161)",
        "text.shadow.color": "rgb(255,231,15)",
        "text.shadow": true,
        "text.shadow.offset.x": 0
      }
    },
    {
      "c": "ht.Text",
      "i": 295,
      "p": {
        "position": {
          "x": 715.1915981863879,
          "y": 604.6078465597284
        }
      },
      "s": {
        "text": "91.3 ns",
        "text.align": "center",
        "text.font": "16px arial, sans-serif",
        "text.color": "rgb(30,232,161)",
        "text.shadow.color": "rgb(255,231,15)",
        "text.shadow": true,
        "text.shadow.offset.x": 0
      }
    },
    {
      "c": "ht.Text",
      "i": 296,
      "p": {
        "position": {
          "x": 260.44610372924944,
          "y": 695.8939223676733
        }
      },
      "s": {
        "text": "374.00 GB/s",
        "text.align": "center",
        "text.font": "16px arial, sans-serif",
        "text.color": "rgb(30,232,161)",
        "text.shadow.color": "rgb(255,231,15)",
        "text.shadow": true,
        "text.shadow.offset.x": 0
      }
    },
    {
      "c": "ht.Text",
      "i": 297,
      "p": {
        "position": {
          "x": 412.5895634091578,
          "y": 695.8939223676733
        }
      },
      "s": {
        "text": "187.02 GB/s",
        "text.align": "center",
        "text.font": "16px arial, sans-serif",
        "text.color": "rgb(30,232,161)",
        "text.shadow.color": "rgb(255,231,15)",
        "text.shadow": true,
        "text.shadow.offset.x": 0
      }
    },
    {
      "c": "ht.Text",
      "i": 298,
      "p": {
        "position": {
          "x": 564.7330230890661,
          "y": 695.8939223676733
        }
      },
      "s": {
        "text": "374.00 GB/s",
        "text.align": "center",
        "text.font": "16px arial, sans-serif",
        "text.color": "rgb(30,232,161)",
        "text.shadow.color": "rgb(255,231,15)",
        "text.shadow": true,
        "text.shadow.offset.x": 0
      }
    },
    {
      "c": "ht.Text",
      "i": 299,
      "p": {
        "position": {
          "x": 716.8764827689745,
          "y": 695.8939223676733
        }
      },
      "s": {
        "text": "1.3 ns",
        "text.align": "center",
        "text.font": "16px arial, sans-serif",
        "text.color": "rgb(30,232,161)",
        "text.shadow.color": "rgb(255,231,15)",
        "text.shadow": true,
        "text.shadow.offset.x": 0
      }
    },
    {
      "c": "ht.Text",
      "i": 300,
      "p": {
        "position": {
          "x": 259.78854602054275,
          "y": 784.4951135930318
        }
      },
      "s": {
        "text": "197.63 GB/s",
        "text.align": "center",
        "text.font": "16px arial, sans-serif",
        "text.color": "rgb(30,232,161)",
        "text.shadow.color": "rgb(255,231,15)",
        "text.shadow": true,
        "text.shadow.offset.x": 0
      }
    },
    {
      "c": "ht.Text",
      "i": 301,
      "p": {
        "position": {
          "x": 411.9320057004511,
          "y": 784.4951135930318
        }
      },
      "s": {
        "text": "113.36 GB/s",
        "text.align": "center",
        "text.font": "16px arial, sans-serif",
        "text.color": "rgb(30,232,161)",
        "text.shadow.color": "rgb(255,231,15)",
        "text.shadow": true,
        "text.shadow.offset.x": 0
      }
    },
    {
      "c": "ht.Text",
      "i": 302,
      "p": {
        "position": {
          "x": 564.0754653803594,
          "y": 784.4951135930318
        }
      },
      "s": {
        "text": "171.85 GB/s",
        "text.align": "center",
        "text.font": "16px arial, sans-serif",
        "text.color": "rgb(30,232,161)",
        "text.shadow.color": "rgb(255,231,15)",
        "text.shadow": true,
        "text.shadow.offset.x": 0
      }
    },
    {
      "c": "ht.Text",
      "i": 303,
      "p": {
        "position": {
          "x": 716.2189250602678,
          "y": 784.4951135930318
        }
      },
      "s": {
        "text": "4.0 ns",
        "text.align": "center",
        "text.font": "16px arial, sans-serif",
        "text.color": "rgb(30,232,161)",
        "text.shadow.color": "rgb(255,231,15)",
        "text.shadow": true,
        "text.shadow.offset.x": 0
      }
    },
    {
      "c": "ht.Node",
      "i": 304,
      "p": {
        "image": "symbols/table/table_default.json",
        "position": {
          "x": 1234.7973403623787,
          "y": 218.35631242305988
        },
        "width": 781.296758622254,
        "height": 371.2622951448518
      },
      "a": {
        "table.row.count": 4,
        "table.column.count": 5,
        "table.line.width": 5,
        "table.line.color": null,
        "table.background": "rgb(255,255,255)"
      }
    },
    {
      "c": "ht.Text",
      "i": 305,
      "p": {
        "position": {
          "x": 1232.9700267692967,
          "y": 79.95591164371064
        }
      },
      "s": {
        "text": "Write",
        "text.align": "center",
        "text.font": "20px arial, sans-serif",
        "text.color": "rgb(168,45,45)"
      }
    },
    {
      "c": "ht.Text",
      "i": 306,
      "p": {
        "position": {
          "x": 1385.113486449205,
          "y": 79.95591164371064
        }
      },
      "s": {
        "text": "Copy",
        "text.align": "center",
        "text.font": "20px arial, sans-serif",
        "text.color": "rgb(168,45,45)"
      }
    },
    {
      "c": "ht.Text",
      "i": 307,
      "p": {
        "position": {
          "x": 1537.2569461291134,
          "y": 79.95591164371064
        }
      },
      "s": {
        "text": "Latency",
        "text.align": "center",
        "text.font": "20px arial, sans-serif",
        "text.color": "rgb(168,45,45)"
      }
    },
    {
      "c": "ht.Text",
      "i": 308,
      "p": {
        "position": {
          "x": 1080.8265670893884,
          "y": 79.95591164371064
        }
      },
      "s": {
        "text": "Read",
        "text.align": "center",
        "text.font": "20px arial, sans-serif",
        "text.color": "rgb(168,45,45)"
      }
    },
    {
      "c": "ht.Text",
      "i": 309,
      "p": {
        "position": {
          "x": 925.1032612993647,
          "y": 171.24198745165563
        }
      },
      "s": {
        "text": "Memory",
        "text.align": "center",
        "text.font": "20px arial, sans-serif",
        "text.color": "rgb(168,45,45)"
      }
    },
    {
      "c": "ht.Text",
      "i": 310,
      "p": {
        "position": {
          "x": 925.1032612993647,
          "y": 352.4716967762523
        }
      },
      "s": {
        "text": "L2 Cache",
        "text.align": "center",
        "text.font": "20px arial, sans-serif",
        "text.color": "rgb(168,45,45)"
      }
    },
    {
      "c": "ht.Text",
      "i": 311,
      "p": {
        "position": {
          "x": 925.1032612993647,
          "y": 261.856842113954
        }
      },
      "s": {
        "text": "L1 Cache",
        "text.align": "center",
        "text.font": "20px arial, sans-serif",
        "text.color": "rgb(168,45,45)"
      }
    },
    {
      "c": "ht.Text",
      "i": 312,
      "p": {
        "position": {
          "x": 1082.511451671975,
          "y": 169.89954516036232
        }
      },
      "s": {
        "text": "30294 MB/s",
        "text.align": "center",
        "text.font": "16px arial, sans-serif",
        "text.color": "rgb(168,45,45)"
      }
    },
    {
      "c": "ht.Text",
      "i": 313,
      "p": {
        "position": {
          "x": 1234.6549113518834,
          "y": 169.89954516036232
        }
      },
      "s": {
        "text": "32168 MS/s",
        "text.align": "center",
        "text.font": "16px arial, sans-serif",
        "text.color": "rgb(168,45,45)"
      }
    },
    {
      "c": "ht.Text",
      "i": 314,
      "p": {
        "position": {
          "x": 1386.7983710317917,
          "y": 169.89954516036232
        }
      },
      "s": {
        "text": "29196 MB/s",
        "text.align": "center",
        "text.font": "16px arial, sans-serif",
        "text.color": "rgb(168,45,45)"
      }
    },
    {
      "c": "ht.Text",
      "i": 315,
      "p": {
        "position": {
          "x": 1538.9418307117,
          "y": 169.89954516036232
        }
      },
      "s": {
        "text": "91.3 ns",
        "text.align": "center",
        "text.font": "16px arial, sans-serif",
        "text.color": "rgb(168,45,45)"
      }
    },
    {
      "c": "ht.Text",
      "i": 316,
      "p": {
        "position": {
          "x": 1084.1963362545616,
          "y": 261.1856209683073
        }
      },
      "s": {
        "text": "374.00 GB/s",
        "text.align": "center",
        "text.font": "16px arial, sans-serif",
        "text.color": "rgb(168,45,45)"
      }
    },
    {
      "c": "ht.Text",
      "i": 317,
      "p": {
        "position": {
          "x": 1236.33979593447,
          "y": 261.1856209683073
        }
      },
      "s": {
        "text": "187.02 GB/s",
        "text.align": "center",
        "text.font": "16px arial, sans-serif",
        "text.color": "rgb(168,45,45)"
      }
    },
    {
      "c": "ht.Text",
      "i": 318,
      "p": {
        "position": {
          "x": 1388.4832556143783,
          "y": 261.1856209683073
        }
      },
      "s": {
        "text": "374.00 GB/s",
        "text.align": "center",
        "text.font": "16px arial, sans-serif",
        "text.color": "rgb(168,45,45)"
      }
    },
    {
      "c": "ht.Text",
      "i": 319,
      "p": {
        "position": {
          "x": 1540.6267152942867,
          "y": 261.1856209683073
        }
      },
      "s": {
        "text": "1.3 ns",
        "text.align": "center",
        "text.font": "16px arial, sans-serif",
        "text.color": "rgb(168,45,45)"
      }
    },
    {
      "c": "ht.Text",
      "i": 320,
      "p": {
        "position": {
          "x": 1083.5387785458552,
          "y": 349.7868121936657
        }
      },
      "s": {
        "text": "197.63 GB/s",
        "text.align": "center",
        "text.font": "16px arial, sans-serif",
        "text.color": "rgb(168,45,45)"
      }
    },
    {
      "c": "ht.Text",
      "i": 321,
      "p": {
        "position": {
          "x": 1235.6822382257633,
          "y": 349.7868121936657
        }
      },
      "s": {
        "text": "113.36 GB/s",
        "text.align": "center",
        "text.font": "16px arial, sans-serif",
        "text.color": "rgb(168,45,45)"
      }
    },
    {
      "c": "ht.Text",
      "i": 322,
      "p": {
        "position": {
          "x": 1387.8256979056716,
          "y": 349.7868121936657
        }
      },
      "s": {
        "text": "171.85 GB/s",
        "text.align": "center",
        "text.font": "16px arial, sans-serif",
        "text.color": "rgb(168,45,45)"
      }
    },
    {
      "c": "ht.Text",
      "i": 323,
      "p": {
        "position": {
          "x": 1539.96915758558,
          "y": 349.7868121936657
        }
      },
      "s": {
        "text": "4.0 ns",
        "text.align": "center",
        "text.font": "16px arial, sans-serif",
        "text.color": "rgb(168,45,45)"
      }
    },
    {
      "c": "ht.Node",
      "i": 324,
      "p": {
        "image": "symbols/table/table_default.json",
        "position": {
          "x": 1239.5048757718605,
          "y": 649.3825792982711
        },
        "width": 781.296758622254,
        "height": 371.2622951448518
      },
      "a": {
        "table.row.count": 4,
        "table.column.count": 5,
        "table.line.width": 5,
        "table.line.color": "rgb(25,250,96)",
        "table.background": null
      }
    },
    {
      "c": "ht.Text",
      "i": 325,
      "p": {
        "position": {
          "x": 1237.6775621787788,
          "y": 510.98217851892196
        }
      },
      "s": {
        "text": "Write",
        "text.align": "center",
        "text.font": "20px arial, sans-serif",
        "text.color": "rgb(232,30,134)",
        "text.shadow.color": "rgb(255,231,15)",
        "text.shadow": true,
        "text.shadow.offset.x": 2,
        "text.shadow.offset.y": 2,
        "text.shadow.blur": 8
      }
    },
    {
      "c": "ht.Text",
      "i": 326,
      "p": {
        "position": {
          "x": 1389.8210218586871,
          "y": 510.98217851892196
        }
      },
      "s": {
        "text": "Copy",
        "text.align": "center",
        "text.font": "20px arial, sans-serif",
        "text.color": "rgb(232,30,134)",
        "text.shadow.color": "rgb(255,231,15)",
        "text.shadow": true,
        "text.shadow.offset.x": 2,
        "text.shadow.offset.y": 2,
        "text.shadow.blur": 8
      }
    },
    {
      "c": "ht.Text",
      "i": 327,
      "p": {
        "position": {
          "x": 1541.9644815385955,
          "y": 510.98217851892196
        }
      },
      "s": {
        "text": "Latency",
        "text.align": "center",
        "text.font": "20px arial, sans-serif",
        "text.color": "rgb(232,30,134)",
        "text.shadow.color": "rgb(255,231,15)",
        "text.shadow": true,
        "text.shadow.offset.x": 2,
        "text.shadow.offset.y": 2,
        "text.shadow.blur": 8
      }
    },
    {
      "c": "ht.Text",
      "i": 328,
      "p": {
        "position": {
          "x": 1085.5341024988702,
          "y": 510.98217851892196
        }
      },
      "s": {
        "text": "Read",
        "text.align": "center",
        "text.font": "20px arial, sans-serif",
        "text.color": "rgb(232,30,134)",
        "text.shadow.color": "rgb(255,231,15)",
        "text.shadow": true,
        "text.shadow.offset.x": 2,
        "text.shadow.offset.y": 2,
        "text.shadow.blur": 8
      }
    },
    {
      "c": "ht.Text",
      "i": 329,
      "p": {
        "position": {
          "x": 929.8107967088465,
          "y": 602.268254326867
        }
      },
      "s": {
        "text": "Memory",
        "text.align": "center",
        "text.font": "20px arial, sans-serif",
        "text.color": "rgb(232,30,134)",
        "text.shadow.color": "rgb(255,231,15)",
        "text.shadow": true,
        "text.shadow.offset.x": 2,
        "text.shadow.offset.y": 2,
        "text.shadow.blur": 8
      }
    },
    {
      "c": "ht.Text",
      "i": 330,
      "p": {
        "position": {
          "x": 929.8107967088465,
          "y": 783.4979636514637
        }
      },
      "s": {
        "text": "L2 Cache",
        "text.align": "center",
        "text.font": "20px arial, sans-serif",
        "text.color": "rgb(232,30,134)",
        "text.shadow.color": "rgb(255,231,15)",
        "text.shadow": true,
        "text.shadow.offset.x": 2,
        "text.shadow.offset.y": 2,
        "text.shadow.blur": 8
      }
    },
    {
      "c": "ht.Text",
      "i": 331,
      "p": {
        "position": {
          "x": 929.8107967088465,
          "y": 692.8831089891653
        }
      },
      "s": {
        "text": "L1 Cache",
        "text.align": "center",
        "text.font": "20px arial, sans-serif",
        "text.color": "rgb(232,30,134)",
        "text.shadow.color": "rgb(255,231,15)",
        "text.shadow": true,
        "text.shadow.offset.x": 2,
        "text.shadow.offset.y": 2,
        "text.shadow.blur": 8
      }
    },
    {
      "c": "ht.Text",
      "i": 332,
      "p": {
        "position": {
          "x": 1087.2189870814568,
          "y": 600.9258120355737
        }
      },
      "s": {
        "text": "30294 MB/s",
        "text.align": "center",
        "text.font": "16px arial, sans-serif",
        "text.color": "rgb(232,30,134)",
        "text.shadow.color": "rgb(255,231,15)",
        "text.shadow": true,
        "text.shadow.offset.x": 2,
        "text.shadow.offset.y": 2,
        "text.shadow.blur": 8
      }
    },
    {
      "c": "ht.Text",
      "i": 333,
      "p": {
        "position": {
          "x": 1239.3624467613654,
          "y": 600.9258120355737
        }
      },
      "s": {
        "text": "32168 MS/s",
        "text.align": "center",
        "text.font": "16px arial, sans-serif",
        "text.color": "rgb(232,30,134)",
        "text.shadow.color": "rgb(255,231,15)",
        "text.shadow": true,
        "text.shadow.offset.x": 2,
        "text.shadow.offset.y": 2,
        "text.shadow.blur": 8
      }
    },
    {
      "c": "ht.Text",
      "i": 334,
      "p": {
        "position": {
          "x": 1391.5059064412737,
          "y": 600.9258120355737
        }
      },
      "s": {
        "text": "29196 MB/s",
        "text.align": "center",
        "text.font": "16px arial, sans-serif",
        "text.color": "rgb(232,30,134)",
        "text.shadow.color": "rgb(255,231,15)",
        "text.shadow": true,
        "text.shadow.offset.x": 2,
        "text.shadow.offset.y": 2,
        "text.shadow.blur": 8
      }
    },
    {
      "c": "ht.Text",
      "i": 335,
      "p": {
        "position": {
          "x": 1543.649366121182,
          "y": 600.9258120355737
        }
      },
      "s": {
        "text": "91.3 ns",
        "text.align": "center",
        "text.font": "16px arial, sans-serif",
        "text.color": "rgb(232,30,134)",
        "text.shadow.color": "rgb(255,231,15)",
        "text.shadow": true,
        "text.shadow.offset.x": 2,
        "text.shadow.offset.y": 2,
        "text.shadow.blur": 8
      }
    },
    {
      "c": "ht.Text",
      "i": 336,
      "p": {
        "position": {
          "x": 1088.9038716640437,
          "y": 692.2118878435186
        }
      },
      "s": {
        "text": "374.00 GB/s",
        "text.align": "center",
        "text.font": "16px arial, sans-serif",
        "text.color": "rgb(232,30,134)",
        "text.shadow.color": "rgb(255,231,15)",
        "text.shadow": true,
        "text.shadow.offset.x": 2,
        "text.shadow.offset.y": 2,
        "text.shadow.blur": 8
      }
    },
    {
      "c": "ht.Text",
      "i": 337,
      "p": {
        "position": {
          "x": 1241.047331343952,
          "y": 692.2118878435186
        }
      },
      "s": {
        "text": "187.02 GB/s",
        "text.align": "center",
        "text.font": "16px arial, sans-serif",
        "text.color": "rgb(232,30,134)",
        "text.shadow.color": "rgb(255,231,15)",
        "text.shadow": true,
        "text.shadow.offset.x": 2,
        "text.shadow.offset.y": 2,
        "text.shadow.blur": 8
      }
    },
    {
      "c": "ht.Text",
      "i": 338,
      "p": {
        "position": {
          "x": 1393.1907910238604,
          "y": 692.2118878435186
        }
      },
      "s": {
        "text": "374.00 GB/s",
        "text.align": "center",
        "text.font": "16px arial, sans-serif",
        "text.color": "rgb(232,30,134)",
        "text.shadow.color": "rgb(255,231,15)",
        "text.shadow": true,
        "text.shadow.offset.x": 2,
        "text.shadow.offset.y": 2,
        "text.shadow.blur": 8
      }
    },
    {
      "c": "ht.Text",
      "i": 339,
      "p": {
        "position": {
          "x": 1545.3342507037687,
          "y": 692.2118878435186
        }
      },
      "s": {
        "text": "1.3 ns",
        "text.align": "center",
        "text.font": "16px arial, sans-serif",
        "text.color": "rgb(232,30,134)",
        "text.shadow.color": "rgb(255,231,15)",
        "text.shadow": true,
        "text.shadow.offset.x": 2,
        "text.shadow.offset.y": 2,
        "text.shadow.blur": 8
      }
    },
    {
      "c": "ht.Text",
      "i": 340,
      "p": {
        "position": {
          "x": 1088.246313955337,
          "y": 780.8130790688771
        }
      },
      "s": {
        "text": "197.63 GB/s",
        "text.align": "center",
        "text.font": "16px arial, sans-serif",
        "text.color": "rgb(232,30,134)",
        "text.shadow.color": "rgb(255,231,15)",
        "text.shadow": true,
        "text.shadow.offset.x": 2,
        "text.shadow.offset.y": 2,
        "text.shadow.blur": 8
      }
    },
    {
      "c": "ht.Text",
      "i": 341,
      "p": {
        "position": {
          "x": 1240.389773635245,
          "y": 780.8130790688771
        }
      },
      "s": {
        "text": "113.36 GB/s",
        "text.align": "center",
        "text.font": "16px arial, sans-serif",
        "text.color": "rgb(232,30,134)",
        "text.shadow.color": "rgb(255,231,15)",
        "text.shadow": true,
        "text.shadow.offset.x": 2,
        "text.shadow.offset.y": 2,
        "text.shadow.blur": 8
      }
    },
    {
      "c": "ht.Text",
      "i": 342,
      "p": {
        "position": {
          "x": 1392.5332333151534,
          "y": 780.8130790688771
        }
      },
      "s": {
        "text": "171.85 GB/s",
        "text.align": "center",
        "text.font": "16px arial, sans-serif",
        "text.color": "rgb(232,30,134)",
        "text.shadow.color": "rgb(255,231,15)",
        "text.shadow": true,
        "text.shadow.offset.x": 2,
        "text.shadow.offset.y": 2,
        "text.shadow.blur": 8
      }
    },
    {
      "c": "ht.Text",
      "i": 343,
      "p": {
        "position": {
          "x": 1544.6766929950618,
          "y": 780.8130790688771
        }
      },
      "s": {
        "text": "4.0 ns",
        "text.align": "center",
        "text.font": "16px arial, sans-serif",
        "text.color": "rgb(232,30,134)",
        "text.shadow.color": "rgb(255,231,15)",
        "text.shadow": true,
        "text.shadow.offset.x": 2,
        "text.shadow.offset.y": 2,
        "text.shadow.blur": 8
      }
    }
  ]
}