{
  "modified": "Tue Mar 26 2019 15:16:26 GMT+0800 (中国标准时间)",
  "dataBindings": [
    {
      "attr": "name",
      "valueType": "String"
    },
    {
      "attr": "code",
      "valueType": "String"
    },
    {
      "attr": "address",
      "valueType": "String"
    }
  ],
  "renderHTML": "__ht__function(data, gv, cache) {\n    if (!cache.htmlView) {\n        var div = cache.htmlView = document.createElement('div'),\n            style = div.style;\n        style.position = 'absolute';\n        style.overflow = 'hidden';\n        style.boxSizing = 'border-box';\n        style.background = 'red';\n        data.div = div;\n        div.addEventListener('mousedown', function(e){e.preventDefault();}, false);\n\n        console.log('div')\n\n        var setCSSCompatible = function (style, key, value) {\n            var ukey = key[0].toUpperCase + key.substring(1, key.length);\n            style['webkit' + ukey] = value;\n            style['moz' + ukey] = value;\n            style['ms' + ukey] = value;\n            style['o' + ukey] = value;\n            style[key] = value;\n        };\n        div.layoutHTML = function() {\n            var ui = gv.getDataUI(data);\n            if (!ui.interactiveInfo || !ui.interactiveInfo.bodyInfo) {\n                ht.Default.callLater(div.layoutHTML);\n                return;\n            }\n\n            var info, compInfos = ui.interactiveInfo.bodyInfo.compInfos;\n            for (var i = compInfos.length - 1; i >= 0; i --) {\n                info = compInfos[i];\n                if (info.comp.displayName === 'videoRect') break;\n            }\n            if (!info) return;\n\n            var mat = new ht.Math.Matrix2d(),\n                rect = info.rect,\n                zoom = gv.getZoom();\n            ht.Default.layout(div, rect);\n\n            mat.appendTranslate(gv.tx(), gv.ty());\n            mat.appendScale(zoom, zoom);\n            mat.append(info.matrix);\n\n            setCSSCompatible(style, 'transform', 'matrix(' + mat.a.toFixed(5) + ', ' + mat.b.toFixed(5) + ', ' + mat.c.toFixed(5) + ',\\n    ' + mat.d.toFixed(5) + ', ' + mat.tx.toFixed(5) + ', ' + mat.ty.toFixed(5) + ')');\n            setCSSCompatible(style, 'transformOrigin', (-rect.x).toFixed(5) + 'px ' + (-rect.y).toFixed(5) + 'px');\n        };\n        gv.mp(function(e) {\n            if (e.property === 'zoom') {\n                div.layoutHTML();\n            }\n        });\n    }\n    return cache.htmlView;\n}",
  "width": 600,
  "height": 443,
  "interactive": true,
  "comps": [
    {
      "type": "shape",
      "background": "rgba(5,12,43,0.8)",
      "borderWidth": 2,
      "borderColor": "rgb(0,30,89)",
      "borderCap": "round",
      "borderJoin": "bevel",
      "displayName": "不规则图形",
      "points": [
        57.25036,
        18.84804,
        543.80738,
        18.84804,
        575.53937,
        42.46694,
        575.53937,
        172.63154,
        586.64556,
        184.18032,
        586.64556,
        239.29108,
        575.53937,
        251.06796,
        575.53937,
        396.91599,
        543.80738,
        420.53488,
        444.74896,
        420.53488,
        425.3776,
        435.36477,
        172.4428,
        435.36477,
        153.62404,
        420.53488,
        57.25036,
        420.53488,
        25.51837,
        396.91599,
        25.51837,
        251.36121,
        13.35444,
        239.29108,
        13.35444,
        184.18032,
        25.51837,
        172.63154,
        25.51837,
        42.46694,
        57.25036,
        18.84804
      ]
    },
    {
      "type": "shape",
      "background": "rgb(29,110,122)",
      "borderColor": "#979797",
      "rotation": 4.71239,
      "points": [
        505.87244,
        395.35049,
        508.36637,
        397.7163,
        508.36647,
        460.29444,
        505.87254,
        457.64367
      ]
    },
    {
      "type": "shape",
      "borderWidth": 2,
      "borderColor": "rgb(77,107,189)",
      "borderCap": "round",
      "borderJoin": "bevel",
      "displayName": "不规则图形",
      "points": [
        510.85242,
        12.64171,
        548.27316,
        12.64171,
        583.18469,
        35.15165,
        583.18469,
        101.51719,
        576.14726,
        101.51719,
        583.18469,
        101.51719
      ]
    },
    {
      "type": "shape",
      "borderWidth": 2,
      "borderColor": "rgb(77,107,189)",
      "borderCap": "round",
      "borderJoin": "bevel",
      "displayName": "不规则图形",
      "scaleX": -1,
      "points": [
        18.32672,
        12.64171,
        55.74745,
        12.64171,
        90.65898,
        35.15165,
        90.65898,
        101.51719,
        84.86275,
        101.51719,
        90.65898,
        101.51719
      ]
    },
    {
      "type": "shape",
      "background": "rgb(29,110,122)",
      "fillRule": "evenodd",
      "points": [
        149.1714,
        426.9811,
        158.09055,
        433.46719,
        132.85361,
        433.46719,
        123.73835,
        426.9811
      ]
    },
    {
      "type": "shape",
      "background": "rgb(29,110,122)",
      "fillRule": "evenodd",
      "scaleX": -1,
      "points": [
        464.97897,
        426.9811,
        473.89812,
        433.46719,
        448.66119,
        433.46719,
        439.5459,
        426.9811
      ]
    },
    {
      "type": "shape",
      "background": "rgb(6,138,158)",
      "borderColor": "rgb(97,3,3)",
      "fillRule": "evenodd",
      "points": [
        441.8828,
        402.31513,
        441.8828,
        415.77393,
        421.44699,
        430.22415,
        174.95366,
        430.22415,
        156.48566,
        415.77393,
        156.48566,
        402.31513
      ]
    },
    {
      "type": "shape",
      "background": "rgb(29,110,122)",
      "borderColor": "#979797",
      "scaleX": -1,
      "rotation": 4.71239,
      "points": [
        90.36375,
        396.01325,
        92.85768,
        398.03914,
        92.8576,
        459.63182,
        90.36365,
        456.98104
      ]
    },
    {
      "type": "shape",
      "background": "rgb(29,110,122)",
      "fillRule": "evenodd",
      "points": [
        444.09671,
        10.31463,
        459.74965,
        10.31463,
        454.53201,
        14.92597,
        438.87908,
        14.92597,
        444.09671,
        10.31463,
        444.09671,
        10.31463
      ]
    },
    {
      "type": "shape",
      "background": "rgb(35,157,176)",
      "fillRule": "evenodd",
      "points": [
        464.9673,
        10.31463,
        480.62024,
        10.31463,
        475.40259,
        14.92597,
        459.74965,
        14.92597,
        464.9673,
        10.31463,
        464.9673,
        10.31463
      ]
    },
    {
      "type": "shape",
      "background": "rgb(38,169,189)",
      "fillRule": "evenodd",
      "points": [
        485.83788,
        10.31463,
        501.49082,
        10.31463,
        496.27318,
        14.92597,
        480.62024,
        14.92597,
        485.83788,
        10.31463,
        485.83788,
        10.31463
      ]
    },
    {
      "type": "shape",
      "background": "rgb(50,212,237)",
      "fillRule": "evenodd",
      "points": [
        506.70846,
        10.31463,
        522.36141,
        10.31463,
        517.14377,
        14.92597,
        501.49082,
        14.92597,
        506.70846,
        10.31463,
        506.70846,
        10.31463
      ]
    },
    {
      "type": "text",
      "text": {
        "func": "attr@name",
        "value": " "
      },
      "align": "center",
      "color": "rgb(247,247,247)",
      "font": "14px arial, sans-serif",
      "rect": [
        156.48566,
        402.31513,
        285.39714,
        27.90902
      ]
    },
    {
      "type": "text",
      "text": "安装位置",
      "color": "rgb(247,247,247)",
      "font": "14px arial, sans-serif",
      "rect": [
        65.54952,
        89.16118,
        172.27589,
        44.4726
      ]
    },
    {
      "type": "text",
      "text": "设备编号",
      "color": "rgb(247,247,247)",
      "font": "14px arial, sans-serif",
      "rect": [
        65.54952,
        50.39595,
        172.27589,
        44.4726
      ]
    },
    {
      "type": "shape",
      "background": "rgb(29,110,122)",
      "borderColor": "#979797",
      "scaleX": -1,
      "rotation": 4.71239,
      "points": [
        301.86938,
        -142.85404,
        303.27186,
        -142.85403,
        303.27157,
        331.18787,
        301.86908,
        331.18787
      ]
    },
    {
      "type": "shape",
      "background": "rgb(29,110,122)",
      "borderColor": "#979797",
      "scaleX": -1,
      "rotation": 4.71239,
      "points": [
        301.86938,
        -101.54157,
        303.27186,
        -101.54157,
        303.27157,
        372.50034,
        301.86908,
        372.50034
      ]
    },
    {
      "type": "text",
      "text": "：",
      "color": "rgb(247,247,247)",
      "font": "14px arial, sans-serif",
      "rect": [
        176.7462,
        89.16118,
        24.42847,
        44.4726
      ]
    },
    {
      "type": "text",
      "text": "：",
      "color": "rgb(247,247,247)",
      "font": "14px arial, sans-serif",
      "rect": [
        176.7462,
        50.39595,
        24.42847,
        44.4726
      ]
    },
    {
      "type": "text",
      "text": {
        "func": "attr@code",
        "value": "渲染在某个组件上"
      },
      "color": "rgb(33,183,207)",
      "font": "14px arial, sans-serif",
      "rect": [
        225.11232,
        57.07945,
        122.8534,
        31.71431
      ]
    },
    {
      "type": "text",
      "text": {
        "func": "attr@address",
        "value": "运行时有效"
      },
      "color": "rgb(33,183,207)",
      "font": "14px arial, sans-serif",
      "rect": [
        225.11232,
        95.84468,
        122.8534,
        31.71431
      ]
    },
    {
      "type": "rect",
      "background": "rgb(247,247,247)",
      "borderColor": "#979797",
      "displayName": "videoRect",
      "rect": [
        77.68491,
        141.7125,
        444.63019,
        251.37438
      ]
    }
  ]
}