{
  "width": 100,
  "height": 100,
  "comps": [
    {
      "type": "shape",
      "background": "rgba(5,12,43,0.8)",
      "borderWidth": 2,
      "borderColor": "rgb(0,30,89)",
      "borderCap": "round",
      "borderJoin": "bevel",
      "shadowColor": "#1ABC9C",
      "displayName": "不规则图形",
      "points": [
        9.50754,
        39.71101,
        90.48482,
        39.71101,
        95.76594,
        43.6923,
        95.76594,
        65.63338,
        97.61434,
        67.58009,
        97.61434,
        76.86978,
        95.76594,
        78.85494,
        95.76594,
        88.81367,
        90.48482,
        92.79497,
        73.99861,
        92.79497,
        70.77465,
        95.29475,
        57.22252,
        95.29475,
        49.10215,
        98.88156,
        41.31777,
        95.29475,
        28.67892,
        95.29475,
        25.54693,
        92.79497,
        9.50754,
        92.79497,
        4.22642,
        88.81367,
        4.22642,
        78.90437,
        2.20198,
        76.86978,
        2.20198,
        67.58009,
        4.22642,
        65.63338,
        4.22642,
        43.6923,
        9.50754,
        39.71101
      ]
    },
    {
      "type": "shape",
      "background": "rgba(214,11,41,0.50)",
      "borderColor": "#979797",
      "shadowColor": "#1ABC9C",
      "rotation": 4.71239,
      "points": [
        83.85094,
        89.68805,
        85.19149,
        90.0818,
        85.19155,
        100.49662,
        83.85099,
        100.05546
      ]
    },
    {
      "type": "shape",
      "borderWidth": 1,
      "borderColor": "rgb(77,107,189)",
      "borderCap": "round",
      "borderJoin": "bevel",
      "shadowColor": "#1ABC9C",
      "displayName": "不规则图形",
      "points": [
        85.00015,
        38.50693,
        91.22805,
        38.50693,
        97.03835,
        42.87402,
        97.03835,
        55.74942,
        95.86711,
        55.74942,
        97.03835,
        55.74942,
        97.03835,
        53.36163,
        98.16579,
        54.59362,
        98.16579,
        60.75436
      ]
    },
    {
      "type": "oval",
      "borderWidth": 2,
      "borderColor": "rgb(77,107,189)",
      "rect": [
        97.61434,
        61.15436,
        1.10292,
        1.14652
      ]
    },
    {
      "type": "shape",
      "borderWidth": 1,
      "borderColor": "rgb(77,107,189)",
      "borderCap": "round",
      "borderJoin": "bevel",
      "shadowColor": "#1ABC9C",
      "displayName": "不规则图形",
      "scaleX": -1,
      "points": [
        1.90207,
        38.50693,
        8.12997,
        38.50693,
        13.94027,
        42.87402,
        13.94027,
        55.74942,
        12.9756,
        55.74942,
        13.94027,
        55.74942,
        13.94027,
        53.36163,
        15.06771,
        54.59362,
        15.06771,
        60.75436
      ]
    },
    {
      "type": "oval",
      "borderWidth": 2,
      "borderColor": "rgb(77,107,189)",
      "rect": [
        1.35061,
        61.15436,
        1.10292,
        1.14652
      ]
    },
    {
      "type": "shape",
      "background": "rgba(214,11,41,0.50)",
      "fillRule": "evenodd",
      "shadowColor": "#1ABC9C",
      "points": [
        24.94825,
        94.82687,
        26.43266,
        96.16748,
        22.2325,
        96.16748,
        20.71545,
        94.82687
      ]
    },
    {
      "type": "shape",
      "background": "rgba(214,11,41,0.50)",
      "fillRule": "evenodd",
      "shadowColor": "#1ABC9C",
      "scaleX": -1,
      "points": [
        77.50784,
        94.82687,
        78.99224,
        96.16748,
        74.79208,
        96.16748,
        73.27503,
        94.82687
      ]
    },
    {
      "type": "shape",
      "background": "rgb(156,36,36)",
      "borderColor": "rgb(97,3,3)",
      "fillRule": "evenodd",
      "shadowColor": "#1ABC9C",
      "points": [
        37.63518,
        91.7467,
        37.63518,
        94.061,
        37.33293,
        94.27117,
        29.09681,
        94.27117,
        26.02319,
        91.83538,
        25.92406,
        91.3425
      ]
    },
    {
      "type": "shape",
      "background": "rgb(156,36,36)",
      "borderColor": "rgb(97,3,3)",
      "fillRule": "evenodd",
      "shadowColor": "#1ABC9C",
      "scaleX": -1,
      "points": [
        72.5729,
        91.81643,
        72.5729,
        94.04919,
        72.31752,
        94.27117,
        63.93717,
        94.27117,
        61.01464,
        91.89164,
        60.86501,
        91.33231
      ]
    },
    {
      "type": "shape",
      "background": "rgb(156,36,36)",
      "borderColor": "rgb(97,3,3)",
      "fillRule": "evenodd",
      "shadowColor": "#1ABC9C",
      "scaleX": -1,
      "points": [
        50.45027,
        91.81643,
        50.45027,
        93.99809,
        50.17738,
        94.27117,
        38.79748,
        94.27117,
        38.79748,
        91.81643
      ]
    },
    {
      "type": "shape",
      "background": "rgb(156,36,36)",
      "borderColor": "rgb(97,3,3)",
      "fillRule": "evenodd",
      "shadowColor": "#1ABC9C",
      "scaleX": -1,
      "points": [
        59.57347,
        91.81643,
        59.57347,
        94.27117,
        50.64894,
        94.27117,
        50.45027,
        94.03457,
        50.45027,
        91.81643
      ]
    },
    {
      "type": "shape",
      "background": "#f41a1a",
      "borderWidth": 1,
      "borderColor": "rgb(97,3,3)",
      "borderCap": "round",
      "borderJoin": "bevel",
      "fillRule": "evenodd",
      "shadowColor": "#1ABC9C",
      "points": [
        37.60388,
        91.3425,
        37.60388,
        93.79724,
        29.04314,
        93.79724,
        25.9511,
        91.3425
      ]
    },
    {
      "type": "shape",
      "background": "#f41a1a",
      "borderWidth": 1,
      "borderColor": "rgb(97,3,3)",
      "borderCap": "round",
      "borderJoin": "bevel",
      "fillRule": "evenodd",
      "shadowColor": "#1ABC9C",
      "scaleX": -1,
      "points": [
        72.5178,
        91.3425,
        72.5178,
        93.79724,
        63.95705,
        93.79724,
        60.86501,
        91.3425
      ]
    },
    {
      "type": "shape",
      "background": "#f41a1a",
      "borderWidth": 1,
      "borderColor": "rgb(97,3,3)",
      "borderCap": "round",
      "borderJoin": "bevel",
      "fillRule": "evenodd",
      "shadowColor": "#1ABC9C",
      "scaleX": -1,
      "points": [
        59.57347,
        91.3425,
        59.57347,
        93.79724,
        55.51387,
        93.79724,
        49.24704,
        96.68111,
        42.9802,
        93.79724,
        38.79748,
        93.79724,
        38.79748,
        91.3425
      ]
    },
    {
      "type": "shape",
      "background": "rgba(214,11,41,0.50)",
      "borderColor": "#979797",
      "shadowColor": "#1ABC9C",
      "scaleX": -1,
      "rotation": 4.71239,
      "points": [
        14.69822,
        89.79836,
        16.03877,
        90.13553,
        16.03873,
        100.38634,
        14.69816,
        99.94518
      ]
    },
    {
      "type": "shape",
      "background": "rgba(245,27,27,0.4)",
      "fillRule": "evenodd",
      "shadowColor": "#1ABC9C",
      "points": [
        73.89005,
        37.83247,
        76.49516,
        37.83247,
        75.62679,
        39.17308,
        73.02169,
        39.17308,
        73.89005,
        37.83247,
        73.89005,
        37.83247
      ]
    },
    {
      "type": "shape",
      "background": "rgba(245,27,27,0.6",
      "fillRule": "evenodd",
      "shadowColor": "#1ABC9C",
      "points": [
        77.36353,
        37.83247,
        79.96863,
        37.83247,
        79.10026,
        39.17308,
        76.49516,
        39.17308,
        77.36353,
        37.83247,
        77.36353,
        37.83247
      ]
    },
    {
      "type": "shape",
      "background": "rgba(245,27,27,0.8)",
      "fillRule": "evenodd",
      "shadowColor": "#1ABC9C",
      "points": [
        80.837,
        37.83247,
        83.44211,
        37.83247,
        82.57374,
        39.17308,
        79.96863,
        39.17308,
        80.837,
        37.83247,
        80.837,
        37.83247
      ]
    },
    {
      "type": "shape",
      "background": "rgb(245,27,27)",
      "fillRule": "evenodd",
      "shadowColor": "#1ABC9C",
      "points": [
        84.31047,
        37.83247,
        86.91558,
        37.83247,
        86.04721,
        39.17308,
        83.44211,
        39.17308,
        84.31047,
        37.83247,
        84.31047,
        37.83247
      ]
    },
    {
      "type": "shape",
      "background": "rgb(0,30,89)",
      "fillRule": "evenodd",
      "shadowColor": "#1ABC9C",
      "points": [
        93.66686,
        16.69988,
        93.66686,
        31.45019,
        91.63284,
        33.8408,
        22.73675,
        33.82571,
        21.09029,
        35.63094,
        9.38797,
        35.63094,
        2.75184,
        28.99481,
        2.75184,
        16.68479
      ]
    },
    {
      "type": "shape",
      "borderWidth": 1,
      "borderColor": "rgb(77,107,189)",
      "borderJoin": "bevel",
      "shadowColor": "#1ABC9C",
      "points": [
        2.49563,
        26.24377,
        2.49563,
        29.09668,
        8.93256,
        35.5336,
        20.84704,
        35.5336,
        23.01331,
        33.36733,
        80.62281,
        33.36733
      ]
    },
    {
      "type": "shape",
      "background": "rgba(245,27,27,0.5)",
      "fillRule": "evenodd",
      "shadowColor": "#1ABC9C",
      "rotation": 3.92699,
      "points": [
        0.22452,
        34.4387,
        5.27915,
        39.49333,
        0.22452,
        39.49333,
        0.22452,
        34.4387,
        0.22452,
        34.4387
      ]
    },
    {
      "type": "shape",
      "background": "rgba(245,27,27,0.5)",
      "fillRule": "evenodd",
      "shadowColor": "#1ABC9C",
      "rotation": 0.7854,
      "points": [
        0.87457,
        35.6386,
        3.5294,
        38.29343,
        0.87457,
        38.29343,
        0.87457,
        35.6386,
        0.87457,
        35.6386
      ]
    },
    {
      "type": "shape",
      "background": "rgba(245,27,27,0.5)",
      "fillRule": "evenodd",
      "shadowColor": "#1ABC9C",
      "rotation": 0.7854,
      "points": [
        94.71371,
        33.60953,
        99.76834,
        38.66416,
        94.71371,
        38.66416,
        94.71371,
        33.60953,
        94.71371,
        33.60953
      ]
    },
    {
      "type": "shape",
      "background": "rgba(245,27,27,0.5)",
      "fillRule": "evenodd",
      "shadowColor": "#1ABC9C",
      "rotation": 3.92699,
      "points": [
        96.79534,
        34.80943,
        99.45017,
        37.46426,
        96.79534,
        37.46426,
        96.79534,
        34.80943,
        96.79534,
        34.80943
      ]
    }
  ]
}