{
  "width": 500,
  "height": 200,
  "comps": [
    {
      "type": "shape",
      "background": "rgb(49,98,232)",
      "borderColor": "#979797",
      "gradient": "linear.south",
      "gradientColor": "rgba(49,98,232,0.1)",
      "shadowColor": "rgb(110,205,240)",
      "displayName": "线图",
      "points": [
        28.98881,
        171.47231,
        28.98881,
        116.84391,
        90.17079,
        76.8445,
        153.89206,
        102.25205,
        216.41103,
        116.84391,
        277.72772,
        21.53926,
        339.0444,
        102.25205,
        405.17024,
        116.84391,
        474.93853,
        61.88841,
        474.93853,
        171.47231
      ]
    },
    {
      "type": "shape",
      "borderWidth": 2,
      "borderColor": "rgb(49,98,232)",
      "shadow": true,
      "shadowColor": "rgb(0,0,0)",
      "shadowOffsetX": 0,
      "shadowOffsetY": 8,
      "points": [
        26.08759,
        150.37201,
        93.01919,
        123.67808,
        155.41017,
        142.012,
        219.58374,
        89.62938,
        285.49698,
        134.16714,
        342.58309,
        136.77374,
        410.12802,
        156.11763,
        477.67805,
        94.84508
      ]
    },
    {
      "type": "circle",
      "background": "rgb(168,220,255)",
      "borderWidth": 1,
      "borderColor": "rgb(49,98,232)",
      "shadowColor": "#1ABC9C",
      "rect": [
        22.98881,
        147.26604,
        6,
        6
      ]
    },
    {
      "type": "circle",
      "background": "rgb(168,220,255)",
      "borderWidth": 1,
      "borderColor": "rgb(49,98,232)",
      "shadowColor": "#1ABC9C",
      "anchorX": 11.10653,
      "anchorY": -3.8491,
      "rect": [
        89.74152,
        120.94529,
        6,
        6
      ]
    },
    {
      "type": "circle",
      "background": "rgb(168,220,255)",
      "borderWidth": 1,
      "borderColor": "rgb(49,98,232)",
      "shadowColor": "#1ABC9C",
      "rect": [
        151.80901,
        138.97514,
        6,
        6
      ]
    },
    {
      "type": "circle",
      "background": "rgb(168,220,255)",
      "borderWidth": 1,
      "borderColor": "rgb(49,98,232)",
      "shadowColor": "#1ABC9C",
      "rect": [
        216.39272,
        86.92451,
        6,
        6
      ]
    },
    {
      "type": "circle",
      "background": "rgb(168,220,255)",
      "borderWidth": 1,
      "borderColor": "rgb(49,98,232)",
      "shadowColor": "#1ABC9C",
      "rect": [
        282.46926,
        131.17394,
        6,
        6
      ]
    },
    {
      "type": "circle",
      "background": "rgb(168,220,255)",
      "borderWidth": 1,
      "borderColor": "rgb(49,98,232)",
      "shadowColor": "#1ABC9C",
      "rect": [
        338.90992,
        134.17394,
        6,
        6
      ]
    },
    {
      "type": "circle",
      "background": "rgb(168,220,255)",
      "borderWidth": 1,
      "borderColor": "rgb(49,98,232)",
      "shadowColor": "#1ABC9C",
      "rect": [
        407.67876,
        152.13933,
        6,
        6
      ]
    },
    {
      "type": "circle",
      "background": "rgb(168,220,255)",
      "borderWidth": 1,
      "borderColor": "rgb(49,98,232)",
      "shadowColor": "#1ABC9C",
      "rect": [
        475.6298,
        91.13001,
        6,
        6
      ]
    }
  ]
}