{
  "modified": "Wed Dec 12 2018 12:57:59 GMT+0800 (中国标准时间)",
  "width": 28,
  "height": 80,
  "comps": [
    {
      "type": "rect",
      "background": "rgb(255,204,0)",
      "borderColor": "#979797",
      "rect": [
        3.7977,
        5.67537,
        20.67902,
        11.27969
      ]
    },
    {
      "type": "rect",
      "background": "rgb(168,143,0)",
      "borderColor": "#979797",
      "rect": [
        3.7977,
        5.67537,
        20.67902,
        7.92591
      ]
    },
    {
      "type": "rect",
      "background": "rgb(255,204,0)",
      "borderColor": "#979797",
      "rect": [
        3.7977,
        59.08271,
        20.67902,
        11.27969
      ]
    },
    {
      "type": "rect",
      "background": "rgb(168,143,0)",
      "borderColor": "#979797",
      "rect": [
        3.7977,
        59.08271,
        20.67902,
        7.92591
      ]
    },
    {
      "type": "roundRect",
      "background": "rgb(184,156,0)",
      "borderWidth": 0.5,
      "borderColor": "rgb(0,0,0)",
      "gradient": "spread.vertical",
      "gradientColor": "rgb(255,244,143)",
      "cornerRadius": 2,
      "rect": [
        3.7977,
        0,
        13.38493,
        76.03777
      ]
    }
  ]
}