{
  "modified": "Thu Dec 20 2018 09:31:53 GMT+0800 (中国标准时间)",
  "width": 382,
  "height": 441,
  "interactive": true,
  "attachStyle": "close",
  "comps": [
    {
      "type": "shape",
      "background": "#000000",
      "points": [
        12.35104,
        321.73441,
        369.64896,
        321.73441,
        369.64896,
        360.11085,
        12.35104,
        360.11085,
        12.35104,
        321.73441,
        12.35104,
        321.73441
      ]
    },
    {
      "type": "shape",
      "background": "#4c4c4c",
      "points": [
        41.4642,
        311.58891,
        340.5358,
        311.58891,
        340.5358,
        369.81524,
        41.4642,
        369.81524,
        41.4642,
        311.58891,
        41.4642,
        311.58891
      ]
    },
    {
      "type": "shape",
      "borderWidth": 0.88222,
      "borderColor": "#000000",
      "points": [
        41.4642,
        311.58891,
        340.5358,
        311.58891,
        340.5358,
        369.81524,
        41.4642,
        369.81524,
        41.4642,
        311.58891,
        41.4642,
        311.58891
      ]
    },
    {
      "type": "shape",
      "background": "#7f7f7f",
      "points": [
        122.62818,
        428.04157,
        122.62818,
        389.22402,
        258.0485,
        389.22402,
        258.0485,
        428.04157,
        122.62818,
        428.04157,
        122.62818,
        428.04157
      ]
    },
    {
      "type": "shape",
      "background": "#999999",
      "points": [
        135.42032,
        428.04157,
        135.42032,
        389.22402,
        246.57968,
        389.22402,
        246.57968,
        428.04157,
        135.42032,
        428.04157,
        135.42032,
        428.04157
      ]
    },
    {
      "type": "shape",
      "background": "#b2b2b2",
      "points": [
        146.88915,
        428.04157,
        146.88915,
        389.22402,
        234.22864,
        389.22402,
        234.22864,
        428.04157,
        146.88915,
        428.04157,
        146.88915,
        428.04157
      ]
    },
    {
      "type": "shape",
      "borderWidth": 0.88222,
      "borderColor": "#000000",
      "points": [
        122.62818,
        428.04157,
        122.62818,
        389.22402,
        258.0485,
        389.22402,
        258.0485,
        428.04157,
        122.62818,
        428.04157
      ]
    },
    {
      "type": "shape",
      "background": "#7f7f7f",
      "points": [
        166.73903,
        390.10624,
        166.73903,
        36.33718,
        215.26097,
        36.33718,
        215.26097,
        390.10624,
        166.73903,
        390.10624,
        166.73903,
        390.10624
      ]
    },
    {
      "type": "shape",
      "background": "#999999",
      "points": [
        171.15012,
        389.22402,
        171.15012,
        36.33718,
        210.84988,
        36.33718,
        210.84988,
        389.22402,
        171.15012,
        389.22402,
        171.15012,
        389.22402
      ]
    },
    {
      "type": "shape",
      "background": "#b2b2b2",
      "points": [
        175.12009,
        389.22402,
        175.12009,
        36.33718,
        205.99769,
        36.33718,
        205.99769,
        389.22402,
        175.12009,
        389.22402,
        175.12009,
        389.22402
      ]
    },
    {
      "type": "shape",
      "borderWidth": 0.88222,
      "borderColor": "#000000",
      "points": [
        166.73903,
        390.10624,
        166.73903,
        36.33718,
        215.26097,
        36.33718,
        215.26097,
        390.10624,
        166.73903,
        390.10624
      ]
    },
    {
      "type": "shape",
      "background": "#7f7f7f",
      "points": [
        89.54503,
        307.61894,
        166.73903,
        307.61894,
        176.00231,
        340.70208,
        166.73903,
        375.10855,
        89.54503,
        375.10855,
        89.54503,
        307.61894,
        89.54503,
        307.61894
      ]
    },
    {
      "type": "shape",
      "background": "#999999",
      "points": [
        89.54503,
        313.35335,
        168.50346,
        313.35335,
        176.88453,
        340.70208,
        168.50346,
        368.05081,
        89.54503,
        368.05081,
        89.54503,
        313.35335,
        89.54503,
        313.35335
      ]
    },
    {
      "type": "shape",
      "background": "#b2b2b2",
      "points": [
        89.54503,
        319.08776,
        170.2679,
        319.08776,
        176.88453,
        340.70208,
        170.2679,
        362.3164,
        89.54503,
        362.3164,
        89.54503,
        319.08776,
        89.54503,
        319.08776
      ]
    },
    {
      "type": "shape",
      "borderWidth": 0.88222,
      "borderColor": "#000000",
      "points": [
        166.73903,
        375.10855,
        89.54503,
        375.10855,
        89.54503,
        307.61894,
        166.73903,
        307.61894
      ]
    },
    {
      "type": "shape",
      "background": "#7f7f7f",
      "points": [
        292.45497,
        375.10855,
        215.26097,
        375.10855,
        205.99769,
        340.70208,
        215.26097,
        306.73672,
        292.45497,
        306.73672,
        292.45497,
        375.10855,
        292.45497,
        375.10855
      ]
    },
    {
      "type": "shape",
      "background": "#999999",
      "points": [
        292.45497,
        368.93303,
        213.49654,
        368.93303,
        205.11547,
        340.70208,
        213.49654,
        313.35335,
        292.45497,
        313.35335,
        292.45497,
        368.93303,
        292.45497,
        368.93303
      ]
    },
    {
      "type": "shape",
      "background": "#b2b2b2",
      "points": [
        292.45497,
        362.3164,
        211.7321,
        362.3164,
        205.11547,
        340.70208,
        211.7321,
        319.08776,
        292.45497,
        319.08776,
        292.45497,
        362.3164,
        292.45497,
        362.3164
      ]
    },
    {
      "type": "shape",
      "borderWidth": 0.88222,
      "borderColor": "#000000",
      "points": [
        215.26097,
        306.73672,
        292.45497,
        306.73672,
        292.45497,
        375.10855,
        215.26097,
        375.10855
      ]
    },
    {
      "type": "shape",
      "background": "#b2b2b2",
      "points": [
        237.75751,
        308.50115,
        206.87991,
        316.88222,
        175.12009,
        316.88222,
        144.24249,
        308.50115,
        116.89376,
        292.62125,
        94.39723,
        270.12471,
        78.51732,
        242.77598,
        70.13626,
        211.89838,
        70.13626,
        180.13857,
        78.51732,
        149.70208,
        94.39723,
        122.35335,
        116.89376,
        99.85681,
        144.24249,
        83.97691,
        175.12009,
        75.59584,
        206.87991,
        75.59584,
        237.75751,
        83.97691,
        265.10624,
        99.85681,
        287.60277,
        122.35335,
        303.04157,
        149.70208,
        311.42263,
        180.13857,
        311.42263,
        211.89838,
        303.04157,
        242.77598,
        287.60277,
        270.12471,
        265.10624,
        292.62125,
        237.75751,
        308.50115,
        237.75751,
        308.50115
      ]
    },
    {
      "type": "shape",
      "borderWidth": 0.88222,
      "borderColor": "#000000",
      "points": [
        237.75751,
        308.50115,
        206.87991,
        316.88222,
        175.12009,
        316.88222,
        144.24249,
        308.50115,
        116.89376,
        292.62125,
        94.39723,
        270.12471,
        78.51732,
        242.77598,
        70.13626,
        211.89838,
        70.13626,
        180.13857,
        78.51732,
        149.70208,
        94.39723,
        122.35335,
        116.89376,
        99.85681,
        144.24249,
        83.97691,
        175.12009,
        75.59584,
        206.87991,
        75.59584,
        237.75751,
        83.97691,
        265.10624,
        99.85681,
        287.60277,
        122.35335,
        303.04157,
        149.70208,
        311.42263,
        180.13857,
        311.42263,
        211.89838,
        303.04157,
        242.77598,
        287.60277,
        270.12471,
        265.10624,
        292.62125,
        237.75751,
        308.50115,
        237.75751,
        308.50115
      ]
    },
    {
      "type": "shape",
      "background": "#f2f2f2",
      "points": [
        229.81755,
        289.9746,
        204.23326,
        297.47344,
        177.76674,
        297.47344,
        151.74134,
        289.9746,
        128.8037,
        276.74134,
        109.39492,
        258.65589,
        96.16166,
        235.27714,
        89.54503,
        209.69284,
        89.54503,
        182.78522,
        96.16166,
        157.20092,
        109.39492,
        133.82217,
        128.8037,
        114.8545,
        151.74134,
        101.18014,
        177.76674,
        94.56351,
        204.23326,
        94.56351,
        229.81755,
        101.18014,
        253.1963,
        114.8545,
        271.72286,
        133.82217,
        284.95612,
        157.20092,
        292.45497,
        182.78522,
        292.45497,
        209.69284,
        284.95612,
        235.27714,
        271.72286,
        258.65589,
        253.1963,
        276.74134,
        229.81755,
        289.9746,
        229.81755,
        289.9746
      ]
    },
    {
      "type": "shape",
      "borderWidth": 0.88222,
      "borderColor": "#7f7f7f",
      "points": [
        229.81755,
        289.9746,
        204.23326,
        297.47344,
        177.76674,
        297.47344,
        151.74134,
        289.9746,
        128.8037,
        276.74134,
        109.39492,
        258.65589,
        96.16166,
        235.27714,
        89.54503,
        209.69284,
        89.54503,
        182.78522,
        96.16166,
        157.20092,
        109.39492,
        133.82217,
        128.8037,
        114.8545,
        151.74134,
        101.18014,
        177.76674,
        94.56351,
        204.23326,
        94.56351,
        229.81755,
        101.18014,
        253.1963,
        114.8545,
        271.72286,
        133.82217,
        284.95612,
        157.20092,
        292.45497,
        182.78522,
        292.45497,
        209.69284,
        284.95612,
        235.27714,
        271.72286,
        258.65589,
        253.1963,
        276.74134,
        229.81755,
        289.9746,
        229.81755,
        289.9746
      ]
    },
    {
      "type": "shape",
      "borderWidth": 0.88222,
      "borderColor": "#000000",
      "points": [
        228.49423,
        233.5127,
        255.84296,
        260.86143
      ]
    },
    {
      "type": "shape",
      "borderWidth": 0.88222,
      "borderColor": "#000000",
      "points": [
        243.93303,
        196.01848,
        282.30947,
        196.01848
      ]
    },
    {
      "type": "shape",
      "borderWidth": 0.88222,
      "borderColor": "#000000",
      "points": [
        228.49423,
        158.96536,
        255.84296,
        131.17552
      ]
    },
    {
      "type": "shape",
      "borderWidth": 0.88222,
      "borderColor": "#000000",
      "points": [
        191,
        143.08545,
        191,
        103.82679
      ]
    },
    {
      "type": "shape",
      "borderWidth": 0.88222,
      "borderColor": "#000000",
      "points": [
        153.50577,
        158.96536,
        126.15704,
        131.17552
      ]
    },
    {
      "type": "shape",
      "borderWidth": 0.88222,
      "borderColor": "#000000",
      "points": [
        137.62587,
        196.01848,
        98.80831,
        196.01848
      ]
    },
    {
      "type": "shape",
      "borderWidth": 0.88222,
      "borderColor": "#000000",
      "points": [
        153.50577,
        233.5127,
        126.15704,
        260.86143
      ]
    },
    {
      "type": "shape",
      "borderWidth": 0.88222,
      "borderColor": "#999999",
      "points": [
        250.10855,
        238.3649,
        265.10624,
        250.27483
      ]
    },
    {
      "type": "shape",
      "borderWidth": 0.88222,
      "borderColor": "#999999",
      "points": [
        255.84296,
        229.54273,
        272.60508,
        237.92379
      ]
    },
    {
      "type": "shape",
      "borderWidth": 0.88222,
      "borderColor": "#999999",
      "points": [
        259.81293,
        218.51501,
        278.33949,
        224.69053
      ]
    },
    {
      "type": "shape",
      "borderWidth": 0.88222,
      "borderColor": "#999999",
      "points": [
        262.45958,
        207.04619,
        281.42725,
        210.57506
      ]
    },
    {
      "type": "shape",
      "borderWidth": 0.88222,
      "borderColor": "#999999",
      "points": [
        262.45958,
        184.54965,
        281.42725,
        181.02079
      ]
    },
    {
      "type": "shape",
      "borderWidth": 0.88222,
      "borderColor": "#999999",
      "points": [
        259.81293,
        173.96305,
        278.33949,
        167.78753
      ]
    },
    {
      "type": "shape",
      "borderWidth": 0.88222,
      "borderColor": "#999999",
      "points": [
        255.84296,
        162.93533,
        272.60508,
        154.55427
      ]
    },
    {
      "type": "shape",
      "borderWidth": 0.88222,
      "borderColor": "#999999",
      "points": [
        250.10855,
        153.67206,
        265.10624,
        142.20323
      ]
    },
    {
      "type": "shape",
      "borderWidth": 0.88222,
      "borderColor": "#999999",
      "points": [
        233.34642,
        137.35104,
        244.81524,
        121.47113
      ]
    },
    {
      "type": "shape",
      "borderWidth": 0.88222,
      "borderColor": "#999999",
      "points": [
        223.20092,
        131.17552,
        232.4642,
        113.97229
      ]
    },
    {
      "type": "shape",
      "borderWidth": 0.88222,
      "borderColor": "#999999",
      "points": [
        213.49654,
        127.20554,
        219.23095,
        107.79677
      ]
    },
    {
      "type": "shape",
      "borderWidth": 0.88222,
      "borderColor": "#999999",
      "points": [
        202.02771,
        124.55889,
        205.11547,
        104.70901
      ]
    },
    {
      "type": "shape",
      "borderWidth": 0.88222,
      "borderColor": "#999999",
      "points": [
        179.53118,
        124.55889,
        176.00231,
        105.59122
      ]
    },
    {
      "type": "shape",
      "borderWidth": 0.88222,
      "borderColor": "#999999",
      "points": [
        168.50346,
        127.20554,
        161.88684,
        108.67898
      ]
    },
    {
      "type": "shape",
      "borderWidth": 0.88222,
      "borderColor": "#999999",
      "points": [
        157.47575,
        131.17552,
        148.65358,
        113.97229
      ]
    },
    {
      "type": "shape",
      "borderWidth": 0.88222,
      "borderColor": "#999999",
      "points": [
        148.65358,
        137.35104,
        135.86143,
        121.47113
      ]
    },
    {
      "type": "shape",
      "borderWidth": 0.88222,
      "borderColor": "#999999",
      "points": [
        131.89145,
        153.67206,
        116.01155,
        142.20323
      ]
    },
    {
      "type": "shape",
      "borderWidth": 0.88222,
      "borderColor": "#999999",
      "points": [
        126.15704,
        162.93533,
        108.5127,
        154.55427
      ]
    },
    {
      "type": "shape",
      "borderWidth": 0.88222,
      "borderColor": "#999999",
      "points": [
        121.74596,
        173.96305,
        102.77829,
        167.78753
      ]
    },
    {
      "type": "shape",
      "borderWidth": 0.88222,
      "borderColor": "#999999",
      "points": [
        119.54042,
        184.54965,
        99.69053,
        181.903
      ]
    },
    {
      "type": "shape",
      "borderWidth": 0.88222,
      "borderColor": "#999999",
      "points": [
        119.54042,
        207.04619,
        100.57275,
        211.01617
      ]
    },
    {
      "type": "shape",
      "borderWidth": 0.88222,
      "borderColor": "#999999",
      "points": [
        121.74596,
        218.51501,
        103.66051,
        224.69053
      ]
    },
    {
      "type": "shape",
      "borderWidth": 0.88222,
      "borderColor": "#999999",
      "points": [
        126.15704,
        229.54273,
        108.5127,
        237.92379
      ]
    },
    {
      "type": "shape",
      "borderWidth": 0.88222,
      "borderColor": "#999999",
      "points": [
        131.89145,
        238.3649,
        116.01155,
        250.27483
      ]
    },
    {
      "type": "shape",
      "background": "#cccccc",
      "points": [
        89.54503,
        12.51732,
        292.45497,
        12.51732,
        292.45497,
        36.33718,
        89.54503,
        36.33718,
        89.54503,
        12.51732,
        89.54503,
        12.51732
      ]
    },
    {
      "type": "shape",
      "borderWidth": 0.88222,
      "borderColor": "#ffffff",
      "points": [
        235.99307,
        304.09007,
        205.99769,
        311.58891,
        176.00231,
        311.58891,
        146.00693,
        304.09007,
        119.54042,
        288.65127,
        97.9261,
        267.47806,
        82.92841,
        241.01155,
        74.54734,
        211.01617,
        75.42956,
        180.13857,
        82.92841,
        151.46651,
        97.9261,
        124.55889,
        119.54042,
        102.94457,
        146.00693,
        87.94688,
        175.12009,
        80.44804,
        205.99769,
        80.44804,
        235.99307,
        87.94688,
        262.45958,
        102.94457,
        283.19169,
        124.55889,
        299.07159,
        151.46651,
        306.57044,
        181.02079,
        306.57044,
        211.01617,
        299.07159,
        241.01155,
        283.19169,
        267.47806,
        261.57737,
        288.65127,
        235.99307,
        304.09007
      ]
    },
    {
      "type": "shape",
      "background": "#e5e5e5",
      "points": [
        137.62587,
        36.33718,
        104.54273,
        36.33718,
        104.54273,
        12.51732,
        137.62587,
        12.51732,
        137.62587,
        36.33718,
        137.62587,
        36.33718
      ]
    },
    {
      "type": "shape",
      "background": "#919191",
      "points": [
        169.38568,
        36.33718,
        123.9515,
        36.33718,
        123.9515,
        12.51732,
        169.38568,
        12.51732,
        169.38568,
        36.33718,
        169.38568,
        36.33718
      ]
    },
    {
      "type": "shape",
      "background": "#e5e5e5",
      "points": [
        235.11085,
        36.33718,
        201.1455,
        36.33718,
        201.1455,
        12.51732,
        235.11085,
        12.51732,
        235.11085,
        36.33718,
        235.11085,
        36.33718
      ]
    },
    {
      "type": "shape",
      "background": "#7f7f7f",
      "points": [
        271.94342,
        36.33718,
        219.23095,
        36.33718,
        219.23095,
        12.51732,
        271.94342,
        12.51732,
        271.94342,
        36.33718,
        271.94342,
        36.33718
      ]
    },
    {
      "type": "shape",
      "borderWidth": 0.88222,
      "borderColor": "#000000",
      "points": [
        89.54503,
        12.51732,
        292.45497,
        12.51732,
        292.45497,
        36.33718,
        89.54503,
        36.33718,
        89.54503,
        12.51732
      ]
    },
    {
      "type": "shape",
      "borderWidth": 0.88222,
      "borderColor": "#000000",
      "points": [
        104.54273,
        12.51732,
        104.54273,
        36.33718
      ]
    },
    {
      "type": "shape",
      "borderWidth": 0.88222,
      "borderColor": "#000000",
      "points": [
        152.62356,
        12.51732,
        152.62356,
        36.33718
      ]
    },
    {
      "type": "shape",
      "borderWidth": 0.88222,
      "borderColor": "#000000",
      "points": [
        201.1455,
        12.51732,
        201.1455,
        36.33718
      ]
    },
    {
      "type": "shape",
      "borderWidth": 0.88222,
      "borderColor": "#000000",
      "points": [
        249.22633,
        12.51732,
        249.22633,
        36.33718
      ]
    },
    {
      "type": "shape",
      "borderWidth": 0.88222,
      "borderColor": "#000000",
      "points": [
        138.50808,
        12.51732,
        138.50808,
        36.33718
      ]
    },
    {
      "type": "shape",
      "borderWidth": 0.88222,
      "borderColor": "#000000",
      "points": [
        187.03002,
        12.51732,
        187.03002,
        36.33718
      ]
    },
    {
      "type": "shape",
      "borderWidth": 0.88222,
      "borderColor": "#000000",
      "points": [
        235.11085,
        12.51732,
        235.11085,
        36.33718
      ]
    },
    {
      "type": "shape",
      "borderWidth": 0.88222,
      "borderColor": "#000000",
      "points": [
        283.19169,
        12.51732,
        283.19169,
        36.33718
      ]
    },
    {
      "type": "shape",
      "background": "#ff0000",
      "points": [
        201.1455,
        196.01848,
        200.37322,
        192.13596,
        198.17395,
        188.84453,
        194.88251,
        186.64526,
        191,
        185.87298,
        187.11749,
        186.64526,
        183.82605,
        188.84453,
        181.62678,
        192.13596,
        180.8545,
        196.01848,
        181.62678,
        199.90099,
        183.82605,
        203.19243,
        187.11749,
        205.39169,
        191,
        206.16397,
        194.88251,
        205.39169,
        198.17395,
        203.19243,
        200.37322,
        199.90099,
        201.1455,
        196.01848
      ]
    }
  ]
}