{
  "modified": "Wed Dec 12 2018 09:17:46 GMT+0800 (中国标准时间)",
  "width": 100,
  "height": 85,
  "comps": [
    {
      "type": "shape",
      "background": "rgb(184,156,0)",
      "borderWidth": 1,
      "borderColor": "rgb(153,127,77)",
      "gradient": "spread.vertical",
      "gradientColor": "rgb(255,244,143)",
      "closePath": true,
      "points": [
        79.26672,
        14.05013,
        26.50503,
        14.05013,
        26.50503,
        14.05013,
        0,
        18.78007,
        0,
        41.7473,
        0,
        64.71453,
        26.50503,
        68.68335,
        26.50503,
        68.68335,
        79.26672,
        68.68335
      ],
      "segments": [
        1,
        2,
        4,
        4,
        2
      ]
    },
    {
      "type": "rect",
      "background": "rgb(255,204,0)",
      "borderColor": "#979797",
      "rect": [
        72.49093,
        3.83735,
        26.63208,
        8.17985
      ]
    },
    {
      "type": "rect",
      "background": "rgb(168,143,0)",
      "borderColor": "#979797",
      "rect": [
        72.49093,
        3.83735,
        26.63208,
        5.74775
      ]
    },
    {
      "type": "rect",
      "background": "rgb(255,204,0)",
      "borderColor": "#979797",
      "rect": [
        72.49093,
        70.71628,
        26.63208,
        8.17985
      ]
    },
    {
      "type": "rect",
      "background": "rgb(168,143,0)",
      "borderColor": "#979797",
      "rect": [
        72.49093,
        70.71628,
        26.63208,
        5.74775
      ]
    },
    {
      "type": "roundRect",
      "background": "rgb(184,156,0)",
      "borderWidth": 0.5,
      "borderColor": "rgb(0,0,0)",
      "gradient": "spread.vertical",
      "gradientColor": "rgb(255,244,143)",
      "cornerRadius": 2,
      "rect": [
        79.50584,
        0,
        14.56357,
        82.73348
      ]
    }
  ]
}