{
  "modified": "Thu Dec 20 2018 14:06:04 GMT+0800 (中国标准时间)",
  "width": 50,
  "height": 50,
  "attachStyle": "close",
  "comps": [
    {
      "type": "roundRect",
      "background": "rgb(207,0,21)",
      "borderColor": "#979797",
      "border3dColor": "rgb(255,255,255)",
      "gradient": "spread.horizontal",
      "gradientColor": "#FF7C7C",
      "rect": [
        24.41634,
        9.74022,
        2.03282,
        13.67531
      ]
    },
    {
      "type": "roundRect",
      "background": "rgb(207,0,21)",
      "borderColor": "#979797",
      "border3dColor": "rgb(255,255,255)",
      "gradient": "spread.horizontal",
      "gradientColor": "#FF7C7C",
      "rotation": 2.0944,
      "rect": [
        32.31951,
        22.4614,
        2.03282,
        13.67531
      ]
    },
    {
      "type": "roundRect",
      "background": "rgb(207,0,21)",
      "borderColor": "#979797",
      "border3dColor": "rgb(255,255,255)",
      "gradient": "spread.horizontal",
      "gradientColor": "#FF7C7C",
      "rotation": 4.18879,
      "rect": [
        16.05793,
        22.4614,
        2.03282,
        13.67531
      ]
    },
    {
      "type": "oval",
      "borderWidth": 3,
      "borderColor": "rgb(204,0,0)",
      "border3d": true,
      "border3dColor": "#FF7C7C",
      "gradientColor": "rgb(255,255,255)",
      "rect": [
        8.17562,
        8.60005,
        33.64875,
        32.7999
      ]
    },
    {
      "type": "oval",
      "background": "rgb(181,0,0)",
      "border3d": true,
      "border3dColor": "rgb(255,255,255)",
      "gradient": "radial.center",
      "gradientColor": "#FF7C7C",
      "rect": [
        22.12053,
        21.8834,
        6.3945,
        6.23319
      ]
    }
  ]
}