{
  "modified": "Fri Dec 21 2018 13:30:15 GMT+0800 (中国标准时间)",
  "width": 100,
  "height": 100,
  "interactive": true,
  "attachStyle": "close",
  "comps": [
    {
      "type": "shape",
      "background": "rgb(242,230,0)",
      "points": [
        50.00477,
        93.72553,
        25.98044,
        93.68256,
        6.22912,
        73.92646,
        6.27686,
        49.99761,
        6.32938,
        25.98283,
        26.09025,
        6.2315,
        50.03342,
        6.2697,
        73.97659,
        6.30789,
        93.77088,
        26.06877,
        93.73746,
        50.02148,
        93.70404,
        74.06492,
        73.97182,
        93.7685,
        50.00477,
        93.72553,
        50.00477,
        93.72553,
        50.20052,
        11.77925,
        29.26517,
        11.6026,
        11.89622,
        28.81877,
        11.76732,
        49.86871,
        11.66228,
        70.7229,
        28.71612,
        88.01545,
        49.69922,
        88.22552,
        70.68232,
        88.43559,
        88.06081,
        71.32446,
        88.24223,
        50.26975,
        88.41888,
        29.2962,
        71.28865,
        11.9559,
        50.20052,
        11.77925,
        50.20052,
        11.77925
      ],
      "segments": [
        1,
        4,
        4,
        4,
        4,
        2,
        1,
        4,
        4,
        4,
        4,
        2
      ]
    },
    {
      "type": "shape",
      "background": "rgb(242,230,0)",
      "anchorX": 0.37597,
      "points": [
        37.89533,
        49.76845,
        37.89533,
        40.21982,
        37.89533,
        30.6712,
        37.88584,
        30.59991,
        37.87746,
        30.52848,
        37.87021,
        30.45693,
        37.86408,
        30.38527,
        37.85907,
        30.31353,
        37.8552,
        30.24172,
        37.85245,
        30.16985,
        37.85082,
        30.09795,
        37.85033,
        30.02603,
        37.85096,
        29.95412,
        37.85273,
        29.88222,
        37.85562,
        29.81036,
        37.85963,
        29.73855,
        37.86478,
        29.66682,
        37.87105,
        29.59517,
        37.87844,
        29.52364,
        37.88695,
        29.45222,
        37.89659,
        29.38095,
        37.90734,
        29.30984,
        37.9192,
        29.23891,
        38.26295,
        28.24585,
        38.54941,
        27.11434,
        39.24646,
        26.43161,
        39.50905,
        26.1738,
        40.96044,
        26.81833,
        41.63362,
        27.33873,
        48.79508,
        32.7337,
        55.95655,
        38.19074,
        63.11802,
        43.62868,
        64.55031,
        44.73632,
        66.04467,
        45.82486,
        67.48174,
        46.9707,
        70.26039,
        49.14779,
        70.28903,
        50.90951,
        67.48174,
        53.04362,
        55.92313,
        61.88087,
        44.32155,
        70.66083,
        44.18371,
        70.77498,
        44.04527,
        70.88841,
        43.90625,
        71.00112,
        43.76664,
        71.11312,
        43.62646,
        71.22438,
        43.48571,
        71.33492,
        43.34438,
        71.44473,
        43.20249,
        71.55381,
        43.06003,
        71.66215,
        42.91701,
        71.76975,
        42.77344,
        71.87661,
        42.62932,
        71.98273,
        42.48465,
        72.08809,
        42.33944,
        72.19271,
        42.19369,
        72.29658,
        42.0474,
        72.39968,
        41.90058,
        72.50203,
        41.75323,
        72.60362,
        41.60536,
        72.70444,
        41.45697,
        72.8045,
        40.76947,
        73.22464,
        39.54724,
        73.8262,
        39.22259,
        73.55406,
        39.11606,
        73.45409,
        39.01327,
        73.35027,
        38.91436,
        73.24274,
        38.81947,
        73.13165,
        38.72872,
        73.01715,
        38.64224,
        72.8994,
        38.56014,
        72.77855,
        38.48254,
        72.65476,
        38.40954,
        72.52821,
        38.34123,
        72.39907,
        38.27771,
        72.2675,
        38.21907,
        72.13368,
        38.16539,
        71.99781,
        38.11673,
        71.86005,
        38.07316,
        71.7206,
        38.03474,
        71.57964,
        38.00153,
        71.43737,
        37.97357,
        71.29397,
        37.95089,
        71.14964,
        37.93352,
        71.00458,
        37.77597,
        68.06838,
        37.87623,
        65.12263,
        37.87623,
        62.18165,
        37.89533,
        55.97028,
        37.89533,
        49.76845,
        37.89533,
        49.76845
      ],
      "segments": [
        1,
        3,
        2,
        2,
        2,
        2,
        2,
        2,
        2,
        2,
        2,
        2,
        2,
        2,
        2,
        2,
        2,
        2,
        2,
        2,
        2,
        2,
        4,
        4,
        4,
        4,
        4,
        3,
        2,
        2,
        2,
        2,
        2,
        2,
        2,
        2,
        2,
        2,
        2,
        2,
        2,
        2,
        2,
        2,
        2,
        2,
        2,
        2,
        4,
        2,
        2,
        2,
        2,
        2,
        2,
        2,
        2,
        2,
        2,
        2,
        2,
        2,
        2,
        2,
        2,
        2,
        2,
        2,
        2,
        4,
        3,
        2
      ]
    }
  ]
}