{
  "modified": "Wed Dec 19 2018 13:51:00 GMT+0800 (中国标准时间)",
  "dataBindings": [
    {
      "attr": "透明度",
      "valueType": "Opacity"
    }
  ],
  "width": 200,
  "height": 100,
  "interactive": true,
  "attachStyle": "close",
  "comps": [
    {
      "type": "shape",
      "background": "rgba(0,166,255)",
      "opacity": {
        "func": "attr@透明度",
        "value": 0.2
      },
      "points": [
        94.40737,
        24.30431,
        50.91959,
        45.76443,
        7.43181,
        24.30431,
        5.04341,
        23.03916,
        5.19712,
        20.03593,
        7.58552,
        18.93632,
        47.739,
        1.41351,
        49.70174,
        0.46761,
        51.98372,
        0.46761,
        53.94647,
        1.41351,
        94.08812,
        18.77079,
        96.80759,
        20.03593,
        96.80759,
        23.03916,
        94.40737,
        24.30431,
        94.40737,
        24.30431,
        42.15818,
        98.01361,
        5.36265,
        78.12605,
        3.13978,
        77.02644,
        1.86282,
        75.12281,
        1.86282,
        72.9236,
        1.86282,
        32.98294,
        1.86282,
        30.61819,
        4.8897,
        29.18752,
        7.12439,
        30.45266,
        48.03459,
        51.12059,
        48.03459,
        95.7198,
        48.17647,
        97.93084,
        44.94859,
        99.73988,
        42.15818,
        98.01361,
        42.15818,
        98.01361,
        59.84652,
        98.01361,
        96.65388,
        78.12605,
        98.72304,
        77.02644,
        100,
        75.12281,
        100,
        72.9236,
        100,
        32.98294,
        100,
        30.61819,
        96.97312,
        29.18752,
        94.73843,
        30.45266,
        53.49717,
        51.09694,
        53.49717,
        95.68433,
        53.49717,
        98.04908,
        56.81964,
        100,
        59.8347,
        98.01361,
        59.84652,
        98.01361,
        59.84652,
        98.01361
      ],
      "segments": [
        1,
        2,
        2,
        4,
        2,
        4,
        2,
        4,
        2,
        1,
        2,
        4,
        2,
        4,
        2,
        2,
        4,
        2,
        1,
        2,
        4,
        2,
        4,
        2,
        2,
        4,
        2,
        2
      ]
    },
    {
      "type": "text",
      "text": "三维",
      "align": "center",
      "color": "rgb(0,212,255)",
      "font": "40px arial, sans-serif",
      "rect": [
        126.98534,
        25.2338,
        50,
        50
      ]
    }
  ]
}