{
  "modified": "Thu Dec 20 2018 14:13:02 GMT+0800 (中国标准时间)",
  "width": 80,
  "height": 80,
  "attachStyle": "close",
  "comps": [
    {
      "type": "roundRect",
      "background": "rgb(145,0,0)",
      "borderColor": "#979797",
      "border3dColor": "rgb(255,255,255)",
      "gradient": "spread.horizontal",
      "gradientColor": "#FF7C7C",
      "rect": [
        38.47185,
        5.30813,
        3.05629,
        69.38374
      ]
    },
    {
      "type": "roundRect",
      "background": "rgb(145,0,0)",
      "borderColor": "#979797",
      "border3dColor": "rgb(255,255,255)",
      "gradient": "spread.horizontal",
      "gradientColor": "#FF7C7C",
      "rotation": 1.5708,
      "rect": [
        38.47185,
        5.30813,
        3.05629,
        69.38374
      ]
    },
    {
      "type": "oval",
      "borderWidth": 4,
      "borderColor": "rgb(217,0,0)",
      "border3d": true,
      "border3dColor": "#FF7C7C",
      "gradientColor": "#FF7C7C",
      "borderWidthAbsolute": true,
      "rect": [
        22.01205,
        22.73782,
        35.41784,
        34.52436
      ]
    },
    {
      "type": "oval",
      "background": "rgb(166,0,0)",
      "border3d": true,
      "border3dColor": "rgb(255,255,255)",
      "gradient": "radial.center",
      "gradientColor": "#FF7C7C",
      "rect": [
        35.19301,
        35.31428,
        9.61397,
        9.37144
      ]
    }
  ]
}