{
  "v": "6.2.0",
  "p": {
    "background": "#FFFFFF",
    "autoAdjustIndex": true,
    "hierarchicalRendering": true
  },
  "a": {},
  "d": [
    {
      "c": "ht.Node",
      "i": 2228,
      "p": {
        "position": {
          "x": 277.78734,
          "y": 1514.43248
        },
        "width": 439.33354,
        "height": 73.66787
      },
      "s": {
        "shape": "rect",
        "shape.background": "rgb(242,242,247)",
        "shape.border.color": "#979797",
        "2d.movable": false,
        "2d.editable": false
      }
    },
    {
      "c": "ht.Node",
      "i": 2229,
      "p": {
        "position": {
          "x": 554.46148,
          "y": 732.17514
        },
        "width": 994.59822,
        "height": 152.33283
      },
      "s": {
        "shape": "rect",
        "shape.background": "rgb(247,247,247)",
        "shape.border.color": "#979797",
        "2d.movable": false,
        "2d.editable": false
      }
    },
    {
      "c": "ht.Node",
      "i": 2230,
      "p": {
        "position": {
          "x": 185.95329,
          "y": 1362.18257
        },
        "width": 43,
        "height": 47
      },
      "s": {
        "shape": "rect",
        "shape.background": "rgb(240,240,216)",
        "shape.border.color": "#979797",
        "2d.movable": false,
        "2d.editable": false
      }
    },
    {
      "c": "ht.Node",
      "i": 2231,
      "p": {
        "position": {
          "x": 238.15964,
          "y": 1362.18257
        },
        "width": 43,
        "height": 47
      },
      "s": {
        "shape": "rect",
        "shape.background": "rgb(216,216,216)",
        "shape.border.color": "#979797",
        "2d.movable": false,
        "2d.editable": false
      }
    },
    {
      "c": "ht.Node",
      "i": 2232,
      "p": {
        "position": {
          "x": 290.36599,
          "y": 1362.18257
        },
        "width": 43,
        "height": 47
      },
      "s": {
        "shape": "rect",
        "shape.background": "rgb(168,168,168)",
        "shape.border.color": "#979797",
        "2d.movable": false,
        "2d.editable": false
      }
    },
    {
      "c": "ht.Node",
      "i": 2233,
      "p": {
        "position": {
          "x": 342.57233,
          "y": 1362.18257
        },
        "width": 43,
        "height": 47
      },
      "s": {
        "shape": "rect",
        "shape.background": "rgb(0,96,192)",
        "shape.border.color": "#979797",
        "2d.movable": false,
        "2d.editable": false
      }
    },
    {
      "c": "ht.Node",
      "i": 2234,
      "p": {
        "position": {
          "x": 394.77868,
          "y": 1362.18257
        },
        "width": 43,
        "height": 47
      },
      "s": {
        "shape": "rect",
        "shape.background": "rgb(0,72,144)",
        "shape.border.color": "#979797",
        "2d.movable": false,
        "2d.editable": false
      }
    },
    {
      "c": "ht.Node",
      "i": 2235,
      "p": {
        "position": {
          "x": 185.95329,
          "y": 1433.74962
        },
        "width": 43,
        "height": 47
      },
      "s": {
        "shape": "rect",
        "shape.background": "#5FD9CD",
        "shape.border.color": "#979797",
        "2d.movable": false,
        "2d.editable": false
      }
    },
    {
      "c": "ht.Node",
      "i": 2236,
      "p": {
        "position": {
          "x": 238.15964,
          "y": 1433.74962
        },
        "width": 43,
        "height": 47
      },
      "s": {
        "shape": "rect",
        "shape.background": "#EAF786",
        "shape.border.color": "#979797",
        "2d.movable": false,
        "2d.editable": false
      }
    },
    {
      "c": "ht.Node",
      "i": 2237,
      "p": {
        "position": {
          "x": 290.36599,
          "y": 1433.74962
        },
        "width": 43,
        "height": 47
      },
      "s": {
        "shape": "rect",
        "shape.background": "#FFB5A1",
        "shape.border.color": "#979797",
        "2d.movable": false,
        "2d.editable": false
      }
    },
    {
      "c": "ht.Node",
      "i": 2238,
      "p": {
        "position": {
          "x": 342.57233,
          "y": 1433.74962
        },
        "width": 43,
        "height": 47
      },
      "s": {
        "shape": "rect",
        "shape.background": "#B8FFB8",
        "shape.border.color": "#979797",
        "2d.movable": false,
        "2d.editable": false
      }
    },
    {
      "c": "ht.Node",
      "i": 2239,
      "p": {
        "position": {
          "x": 394.77868,
          "y": 1433.74962
        },
        "width": 43,
        "height": 47
      },
      "s": {
        "shape": "rect",
        "shape.background": "#B8F4FF",
        "shape.border.color": "#979797",
        "2d.movable": false,
        "2d.editable": false
      }
    },
    {
      "c": "ht.Text",
      "i": 2240,
      "p": {
        "position": {
          "x": 73.31755,
          "y": 1360.68257
        }
      },
      "s": {
        "text": "稳健",
        "text.align": "right",
        "text.color": "#9B9B9B",
        "2d.movable": false,
        "2d.editable": false
      }
    },
    {
      "c": "ht.Text",
      "i": 2241,
      "p": {
        "position": {
          "x": 73.31755,
          "y": 1432.24962
        }
      },
      "s": {
        "text": "小清新",
        "text.align": "right",
        "text.color": "#9B9B9B",
        "2d.movable": false,
        "2d.editable": false
      }
    },
    {
      "c": "ht.Node",
      "i": 2242,
      "p": {
        "position": {
          "x": 185.95329,
          "y": 1290.61552
        },
        "width": 43,
        "height": 47
      },
      "s": {
        "shape": "rect",
        "shape.background": "#7C7C7E",
        "shape.border.color": "#979797",
        "2d.movable": false,
        "2d.editable": false
      }
    },
    {
      "c": "ht.Node",
      "i": 2243,
      "p": {
        "position": {
          "x": 238.15964,
          "y": 1290.61552
        },
        "width": 43,
        "height": 47
      },
      "s": {
        "shape": "rect",
        "shape.background": "#E9E9E9",
        "shape.border.color": "#979797",
        "2d.movable": false,
        "2d.editable": false
      }
    },
    {
      "c": "ht.Node",
      "i": 2244,
      "p": {
        "position": {
          "x": 290.36599,
          "y": 1290.61552
        },
        "width": 43,
        "height": 47
      },
      "s": {
        "shape": "rect",
        "shape.background": "#90AFC3",
        "shape.border.color": "#979797",
        "2d.movable": false,
        "2d.editable": false
      }
    },
    {
      "c": "ht.Node",
      "i": 2245,
      "p": {
        "position": {
          "x": 342.57233,
          "y": 1290.61552
        },
        "width": 43,
        "height": 47
      },
      "s": {
        "shape": "rect",
        "shape.background": "#303052",
        "shape.border.color": "#979797",
        "2d.movable": false,
        "2d.editable": false
      }
    },
    {
      "c": "ht.Node",
      "i": 2246,
      "p": {
        "position": {
          "x": 394.77868,
          "y": 1290.61552
        },
        "width": 43,
        "height": 47
      },
      "s": {
        "shape": "rect",
        "shape.background": "#A4A7D2",
        "shape.border.color": "#979797",
        "2d.movable": false,
        "2d.editable": false
      }
    },
    {
      "c": "ht.Text",
      "i": 2247,
      "p": {
        "position": {
          "x": 73.31755,
          "y": 1289.11552
        }
      },
      "s": {
        "text": "素雅",
        "text.align": "right",
        "text.color": "#9B9B9B",
        "2d.movable": false,
        "2d.editable": false
      }
    },
    {
      "c": "ht.Text",
      "i": 2248,
      "p": {
        "position": {
          "x": 216.16334,
          "y": 1216.71332
        },
        "width": 95.20635,
        "height": 27.52366
      },
      "s": {
        "text": "其他推荐",
        "text.align": "right",
        "text.color": "#9B9B9B",
        "text.font": "24px arial, sans-serif",
        "2d.movable": false,
        "2d.editable": false
      }
    },
    {
      "c": "ht.Node",
      "i": 2249,
      "p": {
        "position": {
          "x": 185.89682,
          "y": 594.45111
        },
        "width": 43,
        "height": 47
      },
      "s": {
        "shape": "rect",
        "shape.background": "rgb(51,153,255)",
        "shape.border.color": "#979797",
        "2d.movable": false,
        "2d.editable": false
      }
    },
    {
      "c": "ht.Node",
      "i": 2250,
      "p": {
        "position": {
          "x": 289.42985,
          "y": 594.45111
        },
        "width": 43,
        "height": 47
      },
      "s": {
        "shape": "rect",
        "shape.background": "#32D3EB",
        "shape.border.color": "#979797",
        "2d.movable": false,
        "2d.editable": false
      }
    },
    {
      "c": "ht.Node",
      "i": 2251,
      "p": {
        "position": {
          "x": 341.19637,
          "y": 594.45111
        },
        "width": 43,
        "height": 47
      },
      "s": {
        "shape": "rect",
        "shape.background": "rgb(93,217,174)",
        "shape.border.color": "#979797",
        "2d.movable": false,
        "2d.editable": false
      }
    },
    {
      "c": "ht.Node",
      "i": 2252,
      "p": {
        "position": {
          "x": 496.49591,
          "y": 594.45111
        },
        "width": 43,
        "height": 47
      },
      "s": {
        "shape": "rect",
        "shape.background": "rgb(226,250,87)",
        "shape.border.color": "#979797",
        "2d.movable": false,
        "2d.editable": false
      }
    },
    {
      "c": "ht.Node",
      "i": 2253,
      "p": {
        "position": {
          "x": 548.26242,
          "y": 594.45111
        },
        "width": 43,
        "height": 47
      },
      "s": {
        "shape": "rect",
        "shape.background": "#FEB64D",
        "shape.border.color": "#979797",
        "2d.movable": false,
        "2d.editable": false
      }
    },
    {
      "c": "ht.Node",
      "i": 2254,
      "p": {
        "position": {
          "x": 600.02894,
          "y": 594.45111
        },
        "width": 43,
        "height": 47
      },
      "s": {
        "shape": "rect",
        "shape.background": "#FF7C7C",
        "shape.border.color": "#979797",
        "2d.movable": false,
        "2d.editable": false
      }
    },
    {
      "c": "ht.Node",
      "i": 2255,
      "p": {
        "position": {
          "x": 703.56197,
          "y": 594.45111
        },
        "width": 43,
        "height": 47
      },
      "s": {
        "shape": "rect",
        "shape.background": "rgb(204,104,166)",
        "shape.border.color": "#979797",
        "2d.movable": false,
        "2d.editable": false
      }
    },
    {
      "c": "ht.Node",
      "i": 2256,
      "p": {
        "position": {
          "x": 807.095,
          "y": 594.45111
        },
        "width": 43,
        "height": 47
      },
      "s": {
        "shape": "rect",
        "shape.background": "rgb(145,115,205)",
        "shape.border.color": "#979797",
        "2d.movable": false,
        "2d.editable": false
      }
    },
    {
      "c": "ht.Node",
      "i": 2257,
      "p": {
        "position": {
          "x": 651.79545,
          "y": 594.45111
        },
        "width": 43,
        "height": 47
      },
      "s": {
        "shape": "rect",
        "shape.background": "rgb(241,125,164)",
        "shape.border.color": "#979797",
        "2d.movable": false,
        "2d.editable": false
      }
    },
    {
      "c": "ht.Node",
      "i": 2258,
      "p": {
        "position": {
          "x": 755.32848,
          "y": 594.45111
        },
        "width": 43,
        "height": 47
      },
      "s": {
        "shape": "rect",
        "shape.background": "rgb(135,144,204)",
        "shape.border.color": "#979797",
        "2d.movable": false,
        "2d.editable": false
      }
    },
    {
      "c": "ht.Node",
      "i": 2259,
      "p": {
        "position": {
          "x": 392.96288,
          "y": 594.45111
        },
        "width": 43,
        "height": 47
      },
      "s": {
        "shape": "rect",
        "shape.background": "rgb(125,195,125)",
        "shape.border.color": "#979797",
        "2d.movable": false,
        "2d.editable": false
      }
    },
    {
      "c": "ht.Node",
      "i": 2260,
      "p": {
        "position": {
          "x": 444.7294,
          "y": 594.45111
        },
        "width": 43,
        "height": 47
      },
      "s": {
        "shape": "rect",
        "shape.background": "rgb(255,235,195)",
        "shape.border.color": "#979797",
        "2d.movable": false,
        "2d.editable": false
      }
    },
    {
      "c": "ht.Node",
      "i": 2261,
      "p": {
        "position": {
          "x": 858.86151,
          "y": 594.45111
        },
        "width": 43,
        "height": 47
      },
      "s": {
        "shape": "rect",
        "shape.background": "rgb(124,145,155)",
        "shape.border.color": "#979797",
        "2d.movable": false,
        "2d.editable": false
      }
    },
    {
      "c": "ht.Node",
      "i": 2262,
      "p": {
        "position": {
          "x": 237.66334,
          "y": 594.45111
        },
        "width": 43,
        "height": 47
      },
      "s": {
        "shape": "rect",
        "shape.background": "#60ACFC",
        "shape.border.color": "#979797",
        "2d.movable": false,
        "2d.editable": false
      }
    },
    {
      "c": "ht.Node",
      "i": 2263,
      "p": {
        "position": {
          "x": 177.47618,
          "y": 559.68996
        },
        "width": 4.60319,
        "height": 5.04594
      },
      "s": {
        "shape": "rect",
        "shape.background": "rgb(51,153,255)",
        "shape.border.color": "#979797",
        "2d.movable": false,
        "2d.editable": false
      }
    },
    {
      "c": "ht.Node",
      "i": 2264,
      "p": {
        "position": {
          "x": 550.43316,
          "y": 558.08407
        },
        "width": 8.05664,
        "height": 8.25773
      },
      "s": {
        "shape": "rect",
        "shape.background": "#FEB64D",
        "shape.border.color": "#979797",
        "2d.movable": false,
        "2d.editable": false
      }
    },
    {
      "c": "ht.Node",
      "i": 2265,
      "p": {
        "position": {
          "x": 350.08394,
          "y": 559.68996
        },
        "width": 4.60319,
        "height": 5.04594
      },
      "s": {
        "shape": "rect",
        "shape.background": "rgb(93,217,174)",
        "shape.border.color": "#979797",
        "2d.movable": false,
        "2d.editable": false
      }
    },
    {
      "c": "ht.Node",
      "i": 2266,
      "p": {
        "position": {
          "x": 554.46148,
          "y": 876.22718
        },
        "width": 994.59822,
        "height": 160.0307
      },
      "s": {
        "shape": "rect",
        "shape.background": "rgb(61,61,61)",
        "shape.border.color": "#979797",
        "2d.movable": false,
        "2d.editable": false
      }
    },
    {
      "c": "ht.Node",
      "i": 2267,
      "p": {
        "position": {
          "x": 554.46148,
          "y": 1026.66475
        },
        "width": 994.59822,
        "height": 154.95753
      },
      "s": {
        "shape": "rect",
        "shape.background": "rgb(0,0,0)",
        "shape.border.color": "#979797",
        "2d.movable": false,
        "2d.editable": false
      }
    },
    {
      "c": "ht.Node",
      "i": 2268,
      "p": {
        "position": {
          "x": 187.71262,
          "y": 734.39106
        },
        "width": 43,
        "height": 47
      },
      "s": {
        "shape": "rect",
        "shape.background": "rgb(51,153,255)",
        "shape.border.color": "#979797",
        "2d.movable": false,
        "2d.editable": false
      }
    },
    {
      "c": "ht.Node",
      "i": 2269,
      "p": {
        "position": {
          "x": 291.24565,
          "y": 734.39106
        },
        "width": 43,
        "height": 47
      },
      "s": {
        "shape": "rect",
        "shape.background": "#32D3EB",
        "shape.border.color": "#979797",
        "2d.movable": false,
        "2d.editable": false
      }
    },
    {
      "c": "ht.Node",
      "i": 2270,
      "p": {
        "position": {
          "x": 343.01216,
          "y": 734.39106
        },
        "width": 43,
        "height": 47
      },
      "s": {
        "shape": "rect",
        "shape.background": "rgb(93,217,174)",
        "shape.border.color": "#979797",
        "2d.movable": false,
        "2d.editable": false
      }
    },
    {
      "c": "ht.Node",
      "i": 2271,
      "p": {
        "position": {
          "x": 498.3117,
          "y": 734.39106
        },
        "width": 43,
        "height": 47
      },
      "s": {
        "shape": "rect",
        "shape.background": "rgb(219,250,42)",
        "shape.border.color": "#979797",
        "2d.movable": false,
        "2d.editable": false
      }
    },
    {
      "c": "ht.Node",
      "i": 2272,
      "p": {
        "position": {
          "x": 550.07822,
          "y": 734.39106
        },
        "width": 43,
        "height": 47
      },
      "s": {
        "shape": "rect",
        "shape.background": "#FEB64D",
        "shape.border.color": "#979797",
        "2d.movable": false,
        "2d.editable": false
      }
    },
    {
      "c": "ht.Node",
      "i": 2273,
      "p": {
        "position": {
          "x": 601.84473,
          "y": 734.39106
        },
        "width": 43,
        "height": 47
      },
      "s": {
        "shape": "rect",
        "shape.background": "#FF7C7C",
        "shape.border.color": "#979797",
        "2d.movable": false,
        "2d.editable": false
      }
    },
    {
      "c": "ht.Node",
      "i": 2274,
      "p": {
        "position": {
          "x": 705.37776,
          "y": 734.39106
        },
        "width": 43,
        "height": 47
      },
      "s": {
        "shape": "rect",
        "shape.background": "rgb(204,104,166)",
        "shape.border.color": "#979797",
        "2d.movable": false,
        "2d.editable": false
      }
    },
    {
      "c": "ht.Node",
      "i": 2275,
      "p": {
        "position": {
          "x": 808.91079,
          "y": 734.39106
        },
        "width": 43,
        "height": 47
      },
      "s": {
        "shape": "rect",
        "shape.background": "rgb(145,115,205)",
        "shape.border.color": "#979797",
        "2d.movable": false,
        "2d.editable": false
      }
    },
    {
      "c": "ht.Node",
      "i": 2276,
      "p": {
        "position": {
          "x": 653.61125,
          "y": 734.39106
        },
        "width": 43,
        "height": 47
      },
      "s": {
        "shape": "rect",
        "shape.background": "rgb(241,125,164)",
        "shape.border.color": "#979797",
        "2d.movable": false,
        "2d.editable": false
      }
    },
    {
      "c": "ht.Node",
      "i": 2277,
      "p": {
        "position": {
          "x": 757.14428,
          "y": 734.39106
        },
        "width": 43,
        "height": 47
      },
      "s": {
        "shape": "rect",
        "shape.background": "rgb(135,144,204)",
        "shape.border.color": "#979797",
        "2d.movable": false,
        "2d.editable": false
      }
    },
    {
      "c": "ht.Node",
      "i": 2278,
      "p": {
        "position": {
          "x": 394.77868,
          "y": 734.39106
        },
        "width": 43,
        "height": 47
      },
      "s": {
        "shape": "rect",
        "shape.background": "rgb(125,195,125)",
        "shape.border.color": "#979797",
        "2d.movable": false,
        "2d.editable": false
      }
    },
    {
      "c": "ht.Node",
      "i": 2279,
      "p": {
        "position": {
          "x": 446.54519,
          "y": 734.39106
        },
        "width": 43,
        "height": 47
      },
      "s": {
        "shape": "rect",
        "shape.background": "rgb(252,224,167)",
        "shape.border.color": "#979797",
        "2d.movable": false,
        "2d.editable": false
      }
    },
    {
      "c": "ht.Node",
      "i": 2280,
      "p": {
        "position": {
          "x": 860.6773,
          "y": 734.39106
        },
        "width": 43,
        "height": 47
      },
      "s": {
        "shape": "rect",
        "shape.background": "rgb(124,145,155)",
        "shape.border.color": "#979797",
        "2d.movable": false,
        "2d.editable": false
      }
    },
    {
      "c": "ht.Node",
      "i": 2281,
      "p": {
        "position": {
          "x": 239.47913,
          "y": 734.39106
        },
        "width": 43,
        "height": 47
      },
      "s": {
        "shape": "rect",
        "shape.background": "#60ACFC",
        "shape.border.color": "#979797",
        "2d.movable": false,
        "2d.editable": false
      }
    },
    {
      "c": "ht.Text",
      "i": 2282,
      "p": {
        "position": {
          "x": 74.27575,
          "y": 1515.70658
        }
      },
      "s": {
        "text": "舒适",
        "text.align": "right",
        "text.color": "#9B9B9B",
        "2d.movable": false,
        "2d.editable": false
      }
    },
    {
      "c": "ht.Node",
      "i": 2283,
      "p": {
        "position": {
          "x": 238.62154,
          "y": 1514.20658
        },
        "width": 43,
        "height": 47
      },
      "s": {
        "shape": "rect",
        "shape.background": "rgba(255,233,222,0.96)",
        "shape.border.color": "#979797",
        "2d.movable": false,
        "2d.editable": false
      }
    },
    {
      "c": "ht.Node",
      "i": 2284,
      "p": {
        "position": {
          "x": 186.85502,
          "y": 1514.20658
        },
        "width": 43,
        "height": 47
      },
      "s": {
        "shape": "rect",
        "shape.background": "rgb(252,247,245)",
        "shape.border.color": "#979797",
        "2d.movable": false,
        "2d.editable": false
      }
    },
    {
      "c": "ht.Node",
      "i": 2285,
      "p": {
        "position": {
          "x": 291.32419,
          "y": 1514.20658
        },
        "width": 43,
        "height": 47
      },
      "s": {
        "shape": "rect",
        "shape.background": "rgba(255,158,110,0.95)",
        "shape.border.color": "#979797",
        "2d.movable": false,
        "2d.editable": false
      }
    },
    {
      "c": "ht.Node",
      "i": 2286,
      "p": {
        "position": {
          "x": 343.53053,
          "y": 1514.20658
        },
        "width": 43,
        "height": 47
      },
      "s": {
        "shape": "rect",
        "shape.background": "rgba(255,227,69,0.95)",
        "shape.border.color": "#979797",
        "2d.movable": false,
        "2d.editable": false
      }
    },
    {
      "c": "ht.Node",
      "i": 2287,
      "p": {
        "position": {
          "x": 395.73688,
          "y": 1514.20658
        },
        "width": 43,
        "height": 47
      },
      "s": {
        "shape": "rect",
        "shape.background": "rgba(254,214,255,0.95)",
        "shape.border.color": "#979797",
        "2d.movable": false,
        "2d.editable": false
      }
    },
    {
      "c": "ht.Node",
      "i": 2288,
      "p": {
        "position": {
          "x": 187.71262,
          "y": 882.29204
        },
        "width": 43,
        "height": 47
      },
      "s": {
        "shape": "rect",
        "shape.background": "rgb(51,153,255)",
        "shape.border.color": "#979797",
        "2d.movable": false,
        "2d.editable": false
      }
    },
    {
      "c": "ht.Node",
      "i": 2289,
      "p": {
        "position": {
          "x": 291.24565,
          "y": 882.29204
        },
        "width": 43,
        "height": 47
      },
      "s": {
        "shape": "rect",
        "shape.background": "#32D3EB",
        "shape.border.color": "#979797",
        "2d.movable": false,
        "2d.editable": false
      }
    },
    {
      "c": "ht.Node",
      "i": 2290,
      "p": {
        "position": {
          "x": 343.01216,
          "y": 882.29204
        },
        "width": 43,
        "height": 47
      },
      "s": {
        "shape": "rect",
        "shape.background": "rgb(93,217,174)",
        "shape.border.color": "#979797",
        "2d.movable": false,
        "2d.editable": false
      }
    },
    {
      "c": "ht.Node",
      "i": 2291,
      "p": {
        "position": {
          "x": 498.3117,
          "y": 882.29204
        },
        "width": 43,
        "height": 47
      },
      "s": {
        "shape": "rect",
        "shape.background": "rgb(226,250,87)",
        "shape.border.color": "#979797",
        "2d.movable": false,
        "2d.editable": false
      }
    },
    {
      "c": "ht.Node",
      "i": 2292,
      "p": {
        "position": {
          "x": 550.07822,
          "y": 882.29204
        },
        "width": 43,
        "height": 47
      },
      "s": {
        "shape": "rect",
        "shape.background": "#FEB64D",
        "shape.border.color": "#979797",
        "2d.movable": false,
        "2d.editable": false
      }
    },
    {
      "c": "ht.Node",
      "i": 2293,
      "p": {
        "position": {
          "x": 601.84473,
          "y": 882.29204
        },
        "width": 43,
        "height": 47
      },
      "s": {
        "shape": "rect",
        "shape.background": "#FF7C7C",
        "shape.border.color": "#979797",
        "2d.movable": false,
        "2d.editable": false
      }
    },
    {
      "c": "ht.Node",
      "i": 2294,
      "p": {
        "position": {
          "x": 705.37776,
          "y": 882.29204
        },
        "width": 43,
        "height": 47
      },
      "s": {
        "shape": "rect",
        "shape.background": "rgb(204,104,166)",
        "shape.border.color": "#979797",
        "2d.movable": false,
        "2d.editable": false
      }
    },
    {
      "c": "ht.Node",
      "i": 2295,
      "p": {
        "position": {
          "x": 808.91079,
          "y": 882.29204
        },
        "width": 43,
        "height": 47
      },
      "s": {
        "shape": "rect",
        "shape.background": "rgb(145,115,205)",
        "shape.border.color": "#979797",
        "2d.movable": false,
        "2d.editable": false
      }
    },
    {
      "c": "ht.Node",
      "i": 2296,
      "p": {
        "position": {
          "x": 653.61125,
          "y": 882.29204
        },
        "width": 43,
        "height": 47
      },
      "s": {
        "shape": "rect",
        "shape.background": "rgb(241,125,164)",
        "shape.border.color": "#979797",
        "2d.movable": false,
        "2d.editable": false
      }
    },
    {
      "c": "ht.Node",
      "i": 2297,
      "p": {
        "position": {
          "x": 757.14428,
          "y": 882.29204
        },
        "width": 43,
        "height": 47
      },
      "s": {
        "shape": "rect",
        "shape.background": "rgb(135,144,204)",
        "shape.border.color": "#979797",
        "2d.movable": false,
        "2d.editable": false
      }
    },
    {
      "c": "ht.Node",
      "i": 2298,
      "p": {
        "position": {
          "x": 394.77868,
          "y": 882.29204
        },
        "width": 43,
        "height": 47
      },
      "s": {
        "shape": "rect",
        "shape.background": "rgb(125,195,125)",
        "shape.border.color": "#979797",
        "2d.movable": false,
        "2d.editable": false
      }
    },
    {
      "c": "ht.Node",
      "i": 2299,
      "p": {
        "position": {
          "x": 446.54519,
          "y": 882.29204
        },
        "width": 43,
        "height": 47
      },
      "s": {
        "shape": "rect",
        "shape.background": "rgb(255,235,195)",
        "shape.border.color": "#979797",
        "2d.movable": false,
        "2d.editable": false
      }
    },
    {
      "c": "ht.Node",
      "i": 2300,
      "p": {
        "position": {
          "x": 860.6773,
          "y": 882.29204
        },
        "width": 43,
        "height": 47
      },
      "s": {
        "shape": "rect",
        "shape.background": "rgb(124,145,155)",
        "shape.border.color": "#979797",
        "2d.movable": false,
        "2d.editable": false
      }
    },
    {
      "c": "ht.Node",
      "i": 2301,
      "p": {
        "position": {
          "x": 239.47913,
          "y": 882.29204
        },
        "width": 43,
        "height": 47
      },
      "s": {
        "shape": "rect",
        "shape.background": "#60ACFC",
        "shape.border.color": "#979797",
        "2d.movable": false,
        "2d.editable": false
      }
    },
    {
      "c": "ht.Node",
      "i": 2302,
      "p": {
        "position": {
          "x": 187.93255,
          "y": 1030.19302
        },
        "width": 43,
        "height": 47
      },
      "s": {
        "shape": "rect",
        "shape.background": "rgb(51,153,255)",
        "shape.border.color": "#979797",
        "2d.movable": false,
        "2d.editable": false
      }
    },
    {
      "c": "ht.Node",
      "i": 2303,
      "p": {
        "position": {
          "x": 291.46557,
          "y": 1030.19302
        },
        "width": 43,
        "height": 47
      },
      "s": {
        "shape": "rect",
        "shape.background": "#32D3EB",
        "shape.border.color": "#979797",
        "2d.movable": false,
        "2d.editable": false
      }
    },
    {
      "c": "ht.Node",
      "i": 2304,
      "p": {
        "position": {
          "x": 343.23209,
          "y": 1030.19302
        },
        "width": 43,
        "height": 47
      },
      "s": {
        "shape": "rect",
        "shape.background": "rgb(93,217,174)",
        "shape.border.color": "#979797",
        "2d.movable": false,
        "2d.editable": false
      }
    },
    {
      "c": "ht.Node",
      "i": 2305,
      "p": {
        "position": {
          "x": 498.53163,
          "y": 1030.19302
        },
        "width": 43,
        "height": 47
      },
      "s": {
        "shape": "rect",
        "shape.background": "rgb(226,250,87)",
        "shape.border.color": "#979797",
        "2d.movable": false,
        "2d.editable": false
      }
    },
    {
      "c": "ht.Node",
      "i": 2306,
      "p": {
        "position": {
          "x": 550.29815,
          "y": 1030.19302
        },
        "width": 43,
        "height": 47
      },
      "s": {
        "shape": "rect",
        "shape.background": "#FEB64D",
        "shape.border.color": "#979797",
        "2d.movable": false,
        "2d.editable": false
      }
    },
    {
      "c": "ht.Node",
      "i": 2307,
      "p": {
        "position": {
          "x": 602.06466,
          "y": 1030.19302
        },
        "width": 43,
        "height": 47
      },
      "s": {
        "shape": "rect",
        "shape.background": "#FF7C7C",
        "shape.border.color": "#979797",
        "2d.movable": false,
        "2d.editable": false
      }
    },
    {
      "c": "ht.Node",
      "i": 2308,
      "p": {
        "position": {
          "x": 705.59769,
          "y": 1030.19302
        },
        "width": 43,
        "height": 47
      },
      "s": {
        "shape": "rect",
        "shape.background": "rgb(204,104,166)",
        "shape.border.color": "#979797",
        "2d.movable": false,
        "2d.editable": false
      }
    },
    {
      "c": "ht.Node",
      "i": 2309,
      "p": {
        "position": {
          "x": 809.13072,
          "y": 1030.19302
        },
        "width": 43,
        "height": 47
      },
      "s": {
        "shape": "rect",
        "shape.background": "rgb(145,115,205)",
        "shape.border.color": "#979797",
        "2d.movable": false,
        "2d.editable": false
      }
    },
    {
      "c": "ht.Node",
      "i": 2310,
      "p": {
        "position": {
          "x": 653.83117,
          "y": 1030.19302
        },
        "width": 43,
        "height": 47
      },
      "s": {
        "shape": "rect",
        "shape.background": "rgb(241,125,164)",
        "shape.border.color": "#979797",
        "2d.movable": false,
        "2d.editable": false
      }
    },
    {
      "c": "ht.Node",
      "i": 2311,
      "p": {
        "position": {
          "x": 757.3642,
          "y": 1030.19302
        },
        "width": 43,
        "height": 47
      },
      "s": {
        "shape": "rect",
        "shape.background": "rgb(135,144,204)",
        "shape.border.color": "#979797",
        "2d.movable": false,
        "2d.editable": false
      }
    },
    {
      "c": "ht.Node",
      "i": 2312,
      "p": {
        "position": {
          "x": 394.9986,
          "y": 1030.19302
        },
        "width": 43,
        "height": 47
      },
      "s": {
        "shape": "rect",
        "shape.background": "rgb(125,195,125)",
        "shape.border.color": "#979797",
        "2d.movable": false,
        "2d.editable": false
      }
    },
    {
      "c": "ht.Node",
      "i": 2313,
      "p": {
        "position": {
          "x": 446.76512,
          "y": 1030.19302
        },
        "width": 43,
        "height": 47
      },
      "s": {
        "shape": "rect",
        "shape.background": "rgb(255,235,195)",
        "shape.border.color": "#979797",
        "2d.movable": false,
        "2d.editable": false
      }
    },
    {
      "c": "ht.Node",
      "i": 2314,
      "p": {
        "position": {
          "x": 860.89723,
          "y": 1030.19302
        },
        "width": 43,
        "height": 47
      },
      "s": {
        "shape": "rect",
        "shape.background": "rgb(124,145,155)",
        "shape.border.color": "#979797",
        "2d.movable": false,
        "2d.editable": false
      }
    },
    {
      "c": "ht.Node",
      "i": 2315,
      "p": {
        "position": {
          "x": 239.69906,
          "y": 1030.19302
        },
        "width": 43,
        "height": 47
      },
      "s": {
        "shape": "rect",
        "shape.background": "#60ACFC",
        "shape.border.color": "#979797",
        "2d.movable": false,
        "2d.editable": false
      }
    },
    {
      "c": "ht.Data",
      "i": 2316,
      "s": {
        "editor.folder": true
      }
    },
    {
      "c": "ht.Text",
      "i": 2317,
      "p": {
        "parent": {
          "__i": 2316
        },
        "position": {
          "x": 212.05647,
          "y": 359.21992
        },
        "width": 95.20635,
        "height": 27.52366
      },
      "s": {
        "text": "HT通用配色",
        "text.color": "#9B9B9B",
        "text.font": "24px arial, sans-serif",
        "2d.movable": false,
        "2d.editable": false
      }
    },
    {
      "c": "ht.Text",
      "i": 2318,
      "p": {
        "parent": {
          "__i": 2316
        },
        "position": {
          "x": 212,
          "y": 407.43559
        },
        "width": 95.20635,
        "height": 27.52366
      },
      "s": {
        "text": "不超过4个相邻颜色加上任意其他一种",
        "text.color": "#9B9B9B",
        "2d.movable": false,
        "2d.editable": false
      }
    },
    {
      "c": "ht.Text",
      "i": 2319,
      "p": {
        "parent": {
          "__i": 2316
        },
        "position": {
          "x": 212,
          "y": 436.84487
        },
        "width": 95.20635,
        "height": 27.52366
      },
      "s": {
        "text": "比例约  主3:辅2:其他1(不包含背景)",
        "text.color": "#9B9B9B",
        "2d.movable": false,
        "2d.editable": false
      }
    },
    {
      "c": "ht.Node",
      "i": 2320,
      "p": {
        "parent": {
          "__i": 2316
        },
        "position": {
          "x": 229.27304,
          "y": 508.20075
        },
        "width": 129.75243,
        "height": 17.00716
      },
      "s": {
        "shape": "rect",
        "shape.background": "rgb(51,153,255)",
        "shape.border.color": "#979797",
        "2d.movable": false,
        "2d.editable": false
      }
    },
    {
      "c": "ht.Node",
      "i": 2321,
      "p": {
        "parent": {
          "__i": 2316
        },
        "position": {
          "x": 436.6229,
          "y": 508.20075
        },
        "width": 89.72364,
        "height": 17.00716
      },
      "s": {
        "shape": "rect",
        "shape.background": "#32D3EB",
        "shape.border.color": "#979797",
        "2d.movable": false,
        "2d.editable": false
      }
    },
    {
      "c": "ht.Node",
      "i": 2322,
      "p": {
        "parent": {
          "__i": 2316
        },
        "position": {
          "x": 494.81536,
          "y": 508.20075
        },
        "anchor": {
          "x": 0.31326,
          "y": 0.5
        },
        "width": 44.86182,
        "height": 17.00716
      },
      "s": {
        "shape": "rect",
        "shape.background": "rgb(93,217,174)",
        "shape.border.color": "#979797",
        "2d.movable": false,
        "2d.editable": false
      }
    },
    {
      "c": "ht.Node",
      "i": 2323,
      "p": {
        "parent": {
          "__i": 2316
        },
        "position": {
          "x": 547.33152,
          "y": 508.20075
        },
        "width": 44.86182,
        "height": 17.00716
      },
      "s": {
        "shape": "rect",
        "shape.background": "#FEB64D",
        "shape.border.color": "#979797",
        "2d.movable": false,
        "2d.editable": false
      }
    },
    {
      "c": "ht.Node",
      "i": 2324,
      "p": {
        "parent": {
          "__i": 2316
        },
        "position": {
          "x": 341.97481,
          "y": 508.20075
        },
        "width": 101.01847,
        "height": 17.00716
      },
      "s": {
        "shape": "rect",
        "shape.background": "#60ACFC",
        "shape.border.color": "#979797",
        "2d.movable": false,
        "2d.editable": false
      }
    },
    {
      "c": "ht.Text",
      "i": 2325,
      "p": {
        "parent": {
          "__i": 2316
        },
        "position": {
          "x": 212,
          "y": 466.25415
        },
        "width": 95.20635,
        "height": 27.52366
      },
      "s": {
        "text": "例如",
        "text.color": "#9B9B9B",
        "2d.movable": false,
        "2d.editable": false
      }
    },
    {
      "c": "ht.Shape",
      "i": 2326,
      "p": {
        "parent": {
          "__i": 2316
        },
        "position": {
          "x": 220.62812,
          "y": 544.75484
        },
        "width": 86.30388,
        "height": 27.3081,
        "segments": {
          "__a": [
            1,
            2,
            2,
            2
          ]
        },
        "points": {
          "__a": [
            {
              "x": 177.47618,
              "y": 558.40889
            },
            {
              "x": 177.47618,
              "y": 547.4764
            },
            {
              "x": 253.60063,
              "y": 547.4764
            },
            {
              "x": 263.78006,
              "y": 531.10079
            }
          ]
        }
      },
      "s": {
        "shape.background": null,
        "shape.border.color": "#60ACFC",
        "shape.border.width": 1,
        "shape.border.cap": "round",
        "2d.movable": false,
        "2d.editable": false
      }
    },
    {
      "c": "ht.Shape",
      "i": 2327,
      "p": {
        "parent": {
          "__i": 2316
        },
        "position": {
          "x": 550.43316,
          "y": 542.54192
        },
        "width": 1,
        "height": 31.73394,
        "segments": {
          "__a": [
            1,
            2
          ]
        },
        "points": {
          "__a": [
            {
              "x": 550.43316,
              "y": 526.67495
            },
            {
              "x": 550.43316,
              "y": 558.40889
            }
          ]
        }
      },
      "s": {
        "shape.background": null,
        "shape.border.color": "#FEB64D",
        "shape.border.width": 1,
        "shape.border.cap": "round",
        "2d.movable": false,
        "2d.editable": false
      }
    },
    {
      "c": "ht.Shape",
      "i": 2328,
      "p": {
        "parent": {
          "__i": 2316
        },
        "position": {
          "x": 306.932,
          "y": 544.75484
        },
        "width": 86.30388,
        "height": 27.3081,
        "segments": {
          "__a": [
            1,
            2,
            2,
            2
          ]
        },
        "points": {
          "__a": [
            {
              "x": 263.78006,
              "y": 531.10079
            },
            {
              "x": 273.95949,
              "y": 547.4764
            },
            {
              "x": 350.08394,
              "y": 547.4764
            },
            {
              "x": 350.08394,
              "y": 558.40889
            }
          ]
        }
      },
      "s": {
        "shape.background": null,
        "shape.border.color": "#32D3EB",
        "shape.border.width": 1,
        "shape.border.cap": "round",
        "2d.movable": false,
        "2d.editable": false
      }
    }
  ]
}