{
  "v": "6.2.1",
  "p": {
    "autoAdjustIndex": true,
    "hierarchicalRendering": true
  },
  "a": {},
  "d": [
    {
      "c": "ht.Node",
      "i": 6736,
      "p": {
        "displayName": "table",
        "image": "symbols/basic/table.json",
        "position": {
          "x": 208.24315,
          "y": 121.98421
        },
        "width": 455.40776,
        "height": 216.34831
      },
      "a": {
        "STableColumns": "[{ \t\"displayName\": \"Name\", \t\"key\": \"username\", \t\"width\": 120 }, { \t\"displayName\": \"Sex\", \t\"align\": \"right\", \t\"key\": \"sex\", \t\"width\": 0.1 }, { \t\"displayName\": \"Age\", \t\"align\": \"center\", \t\"key\": \"userAge\", \t\"width\": \"30+0.1\" }, { \t\"displayName\": \"Adress\", \t\"key\": \"address\", \t\"width\": 180 }]",
        "headBackground": "rgb(28,36,79)",
        "columnLineWidth": 1,
        "rowLineWidth": 2,
        "borderWidth": 3,
        "table.column.line.color": "rgb(212,212,212)",
        "table.cell.padding": 5,
        "table.body.font.size": 13,
        "table.border.color": "#50E3C2",
        "table.border.width": 4,
        "table.column.line.width": 1,
        "table.row.line.width": 2
      }
    },
    {
      "c": "ht.Node",
      "i": 6737,
      "p": {
        "displayName": "table",
        "image": "symbols/basic/table.json",
        "position": {
          "x": 208.24315,
          "y": 397.82496
        },
        "width": 455.40776,
        "height": 216.34831
      },
      "a": {
        "STableColumns": "[{ \t\"displayName\": \"Name\", \t\"key\": \"username\", \t\"width\": 120 }, { \t\"displayName\": \"Sex\", \t\"align\": \"right\", \t\"key\": \"sex\", \t\"width\": 0.1 }, { \t\"displayName\": \"Age\", \t\"align\": \"center\", \t\"key\": \"userAge\", \t\"width\": \"30+0.1\" }, { \t\"displayName\": \"Adress\", \t\"key\": \"address\", \t\"width\": 180 }]",
        "headBackground": "rgb(28,36,79)",
        "columnLineWidth": 1,
        "rowLineWidth": 2,
        "borderWidth": 3,
        "table.column.line.color": "rgb(212,212,212)",
        "table.cell.padding": 5,
        "table.body.font.size": 13,
        "table.border.color": "#BD0FE1",
        "table.border.width": 0,
        "table.body.color": "#7ED321",
        "table.row.line.width": 0,
        "table.column.line.width": 0
      }
    },
    {
      "c": "ht.Node",
      "i": 6738,
      "p": {
        "displayName": "table",
        "image": "symbols/basic/table.json",
        "position": {
          "x": 706.90016,
          "y": 121.98421
        },
        "width": 455.40776,
        "height": 216.34831
      },
      "a": {
        "STableColumns": "[{ \t\"displayName\": \"Name\", \t\"key\": \"username\", \t\"width\": 120 }, { \t\"displayName\": \"Sex\", \t\"align\": \"right\", \t\"key\": \"sex\", \t\"width\": 0.1 }, { \t\"displayName\": \"Age\", \t\"align\": \"center\", \t\"key\": \"userAge\", \t\"width\": \"30+0.1\" }, { \t\"displayName\": \"Adress\", \t\"key\": \"address\", \t\"width\": 180 }]",
        "headBackground": "rgb(28,36,79)",
        "columnLineWidth": 1,
        "rowLineWidth": 2,
        "borderWidth": 3,
        "table.column.line.color": "rgb(212,212,212)",
        "table.cell.padding": 5,
        "table.body.font.size": 13,
        "table.border.color": "#BD0FE1",
        "table.border.width": 0,
        "table.body.color": "#F6A623",
        "table.columns": [
          {
            "displayName": "姓名",
            "key": "username",
            "width": 120
          },
          {
            "displayName": "性别",
            "align": "right",
            "key": "sex",
            "width": "0.1+20"
          },
          {
            "displayName": "年龄",
            "align": "center",
            "key": "userAge",
            "width": "30+0.1"
          },
          {
            "displayName": "地址",
            "key": "address",
            "width": 140
          },
          {
            "displayName": "状态",
            "key": "status",
            "width": 70,
            "align": "center",
            "isIcon": true
          }
        ],
        "table.dataSource": [
          {
            "username": "张三",
            "userAge": "23",
            "sex": "男",
            "address": "深圳宝安区",
            "status": "./symbols/basic/alarm.json"
          },
          {
            "username": "David",
            "userAge": "29",
            "sex": "男",
            "address": "厦门思明区",
            "status": "./symbols/basic/david.json"
          },
          {
            "username": "李四",
            "userAge": "29",
            "sex": "男",
            "address": "上海浦东新区",
            "status": "./symbols/basic/ht.json"
          },
          {
            "username": "小赵",
            "userAge": "29",
            "sex": "女",
            "address": "浙江",
            "status": "./symbols/basic/cloud.json"
          },
          {
            "username": "徐东",
            "userAge": "29",
            "sex": "男",
            "address": "福建泉州",
            "status": "./symbols/basic/label.json"
          }
        ],
        "table.row.line.width": 0
      }
    },
    {
      "c": "ht.Node",
      "i": 6739,
      "p": {
        "displayName": "table",
        "image": "symbols/basic/table.json",
        "position": {
          "x": 706.90016,
          "y": 397.82496
        },
        "width": 455.40776,
        "height": 216.34831
      },
      "a": {
        "STableColumns": "[{ \t\"displayName\": \"Name\", \t\"key\": \"username\", \t\"width\": 120 }, { \t\"displayName\": \"Sex\", \t\"align\": \"right\", \t\"key\": \"sex\", \t\"width\": 0.1 }, { \t\"displayName\": \"Age\", \t\"align\": \"center\", \t\"key\": \"userAge\", \t\"width\": \"30+0.1\" }, { \t\"displayName\": \"Adress\", \t\"key\": \"address\", \t\"width\": 180 }]",
        "headBackground": "rgb(28,36,79)",
        "columnLineWidth": 1,
        "rowLineWidth": 2,
        "borderWidth": 3,
        "table.column.line.color": "rgb(212,212,212)",
        "table.cell.padding": 5,
        "table.body.font.size": 13,
        "table.border.color": "#BD0FE1",
        "table.border.width": 0,
        "table.body.color": "#7ED321",
        "table.columns": [
          {
            "displayName": "姓名",
            "key": "username",
            "width": 120
          },
          {
            "displayName": "性别",
            "align": "right",
            "key": "sex",
            "width": "0.1+20"
          },
          {
            "displayName": "年龄",
            "align": "center",
            "key": "userAge",
            "width": "30+0.1"
          },
          {
            "displayName": "地址",
            "key": "address",
            "width": 140
          },
          {
            "displayName": "状态",
            "key": "status",
            "width": 70,
            "align": "center",
            "isIcon": true
          }
        ],
        "table.dataSource": [
          {
            "username": "张三",
            "userAge": "23",
            "sex": "男",
            "address": "深圳宝安区",
            "status": "./symbols/basic/alarm.json"
          },
          {
            "username": "David",
            "userAge": "29",
            "sex": "男",
            "address": "厦门思明区",
            "status": "./symbols/basic/david.json"
          },
          {
            "username": "李四",
            "userAge": "29",
            "sex": "男",
            "address": "上海浦东新区",
            "status": "./symbols/basic/ht.json"
          },
          {
            "username": "小赵",
            "userAge": "29",
            "sex": "女",
            "address": "浙江",
            "status": "./symbols/basic/cloud.json"
          },
          {
            "username": "徐东",
            "userAge": "29",
            "sex": "男",
            "address": "福建泉州",
            "status": "./symbols/basic/label.json"
          }
        ],
        "table.row.line.width": 1,
        "table.column.line.width": 0
      }
    },
    {
      "c": "ht.Node",
      "i": 6740,
      "p": {
        "displayName": "textBox",
        "image": "symbols/basic/textBox.json",
        "position": {
          "x": 459.49737,
          "y": 701.08109
        },
        "width": 622.71222,
        "height": 290.2227
      },
      "a": {
        "cacheScaleMap": {
          "key": "61427819px sans-serif, arial26",
          "content": "columns说明：\n[{\n      key: 数据对应的属性名\n      displayName: 列展示名,\n      width: 宽度 逻辑与FormPane宽度设置一致,默认0.1,\n      align: 列水平对齐方式 默认left,\n      headColor: 列表头文字颜色 默认继承表格表头颜色设置,\n      bodyColor: 列内容文字颜色 默认继承表格内容颜色设置,\n      color: 列表格（会覆盖其他设置）文字颜色 默认继承表格颜色设置,\n      isIcon: 是否绘制图片 默认false\n}]",
          "scale": 0.94394
        },
        "tb.content": "columns说明：\n[{\n      key: 数据对应的属性名\n      displayName: 列展示名,\n      width: 宽度 逻辑与FormPane宽度设置一致,默认0.1,\n      align: 列水平对齐方式 默认left,\n      headColor: 列表头文字颜色 默认继承表格表头颜色设置,\n      bodyColor: 列内容文字颜色 默认继承表格内容颜色设置,\n      color: 列表格（会覆盖其他设置）文字颜色 默认继承表格颜色设置,\n      isIcon: 是否绘制图片 默认false\n}]",
        "tb.background": "#4A4A4A",
        "tb.color": "#B8E986",
        "tb.fontSize": 19,
        "tb.lineHeight": 26
      }
    }
  ]
}