{
  "v": "6.2.4",
  "p": {
    "autoAdjustIndex": true,
    "hierarchicalRendering": false
  },
  "a": {
    "connectActionType": "copyStyle",
    "previewURL": "display-tank.html",
    "width": 0,
    "height": 0
  },
  "d": [
    {
      "c": "ht.Node",
      "i": 3373,
      "p": {
        "tag": "tank1",
        "image": "symbols/basic/tank.json",
        "position": {
          "x": 62.52455,
          "y": 150
        },
        "width": -1,
        "height": -1
      },
      "a": {
        "tank.volume": 0.12,
        "tank.background": "#3498DB",
        "tank.alarm": 100
      }
    },
    {
      "c": "ht.Node",
      "i": 3374,
      "p": {
        "tag": "tank2",
        "image": "symbols/basic/tank.json",
        "position": {
          "x": 187.50818,
          "y": 150
        },
        "width": -1,
        "height": -1
      },
      "a": {
        "tank.volume": 0.38,
        "tank.background": "#3498DB",
        "tank.alarm": 400
      }
    },
    {
      "c": "ht.Node",
      "i": 3375,
      "p": {
        "tag": "tank3",
        "image": "symbols/basic/tank.json",
        "position": {
          "x": 312.49182,
          "y": 150
        },
        "width": -1,
        "height": -1
      },
      "a": {
        "tank.volume": 0.55,
        "tank.background": "#3498DB"
      }
    },
    {
      "c": "ht.Node",
      "i": 3376,
      "p": {
        "tag": "tank4",
        "image": "symbols/basic/tank.json",
        "position": {
          "x": 437.47545,
          "y": 150
        },
        "width": -1,
        "height": -1
      },
      "a": {
        "tank.volume": 0.91,
        "tank.background": "#3498DB",
        "tank.alarm": 500
      }
    }
  ],
  "contentRect": {
    "x": 12.52455,
    "y": 100,
    "width": 474.9509,
    "height": 100
  }
}