{
  "v": "6.1.4",
  "p": {
    "autoAdjustIndex": true,
    "hierarchicalRendering": true
  },
  "a": {},
  "d": [
    {
      "c": "ht.Node",
      "i": 2981,
      "p": {
        "displayName": "textBox",
        "image": "symbols/basic/textBox.json",
        "position": {
          "x": -497.66207,
          "y": -195.92024
        }
      },
      "a": {
        "tb.background": "rgb(0,255,238)",
        "tb.content": "单词不折行通过下面firePropertyChange的代码片段可以知道，oldValue和newValue相同时属性变化事件不会派发， 属性变化事件通过handleDataPropertyChange传递给DataModel继续做处理， 后续处理包括继续派发事件给通过addDataPropertyChangeListener添加到DataModel的属性变化监听器。",
        "cacheScaleMap": {
          "key": "9910014px sans-serif, arial18",
          "content": "单词不折行通过下面firePropertyChange的代码片段可以知道，oldValue和newValue相同时属性变化事件不会派发， 属性变化事件通过handleDataPropertyChange传递给DataModel继续做处理， 后续处理包括继续派发事件给通过addDataPropertyChangeListener添加到DataModel的属性变化监听器。",
          "scale": 0.48113
        }
      }
    },
    {
      "c": "ht.Node",
      "i": 2982,
      "p": {
        "displayName": "textBox",
        "image": "symbols/basic/textBox.json",
        "position": {
          "x": -345.50844,
          "y": -195.92024
        }
      },
      "a": {
        "tb.background": "rgb(0,255,238)",
        "tb.wordBreak": true,
        "tb.content": "英文单词会折行通过下面firePropertyChange的代码片段可以知道，oldValue和newValue相同时属性变化事件不会派发， 属性变化事件通过handleDataPropertyChange传递给DataModel继续做处理， 后续处理包括继续派发事件给通过addDataPropertyChangeListener添加到DataModel的属性变化监听器。",
        "cacheScaleMap": {
          "key": "9910014px sans-serif, arial18",
          "content": "英文单词会折行通过下面firePropertyChange的代码片段可以知道，oldValue和newValue相同时属性变化事件不会派发， 属性变化事件通过handleDataPropertyChange传递给DataModel继续做处理， 后续处理包括继续派发事件给通过addDataPropertyChangeListener添加到DataModel的属性变化监听器。",
          "scale": 0.50252
        }
      }
    },
    {
      "c": "ht.Node",
      "i": 2983,
      "p": {
        "displayName": "textBox",
        "image": "symbols/basic/textBox.json",
        "position": {
          "x": -497.66207,
          "y": -72.20023
        }
      },
      "a": {
        "tb.background": "#F8E81C",
        "tb.content": "单词不折行通过下面firePropertyChange的代码片段可以知道，oldValue和newValue相同时属性变化事件不会派发， 属性变化事件通过handleDataPropertyChange传递给DataModel继续做处理",
        "tb.autoScale": false
      }
    },
    {
      "c": "ht.Node",
      "i": 2984,
      "p": {
        "displayName": "textBox",
        "image": "symbols/basic/textBox.json",
        "position": {
          "x": -345.50844,
          "y": -72.20023
        }
      },
      "a": {
        "tb.background": "#F8E81C",
        "tb.content": "单词不折行通过下面firePropertyChange的代码片段可以知道，oldValue和newValue相同时属性变化事件不会派发， 属性变化事件通过handleDataPropertyChange传递给DataModel继续做处理",
        "tb.autoScale": false,
        "tb.verticalAlign": "middle"
      }
    },
    {
      "c": "ht.Node",
      "i": 2985,
      "p": {
        "displayName": "textBox",
        "image": "symbols/basic/textBox.json",
        "position": {
          "x": -196.32504,
          "y": -72.20023
        }
      },
      "a": {
        "tb.background": "#F8E81C",
        "tb.content": "单词不折行通过下面firePropertyChange的代码片段可以知道，oldValue和newValue相同时属性变化事件不会派发， 属性变化事件通过handleDataPropertyChange传递给DataModel继续做处理",
        "tb.autoScale": false,
        "tb.verticalAlign": "bottom"
      }
    },
    {
      "c": "ht.Node",
      "i": 2986,
      "p": {
        "displayName": "textBox",
        "image": "symbols/basic/textBox.json",
        "position": {
          "x": -497.66207,
          "y": 52.5946
        }
      },
      "a": {
        "tb.background": "#D0011B",
        "tb.content": "单词不折行通过下面firePropertyChange的代码片段可以知道，oldValue和newValue相同时属性变化事件不会派发， 属性变化事件通过handleDataPropertyChange传递给DataModel继续做处理， 后续处理包括继续派发事件给通过addDataPropertyChangeListener添加到DataModel的属性变化监听器。",
        "tb.color": "#FFFFFF",
        "cacheScaleMap": {
          "key": "9910014px sans-serif, arial18",
          "content": "单词不折行通过下面firePropertyChange的代码片段可以知道，oldValue和newValue相同时属性变化事件不会派发， 属性变化事件通过handleDataPropertyChange传递给DataModel继续做处理， 后续处理包括继续派发事件给通过addDataPropertyChangeListener添加到DataModel的属性变化监听器。",
          "scale": 0.48113
        }
      }
    },
    {
      "c": "ht.Node",
      "i": 2987,
      "p": {
        "displayName": "textBox",
        "image": "symbols/basic/textBox.json",
        "position": {
          "x": -196.32504,
          "y": 52.5946
        }
      },
      "a": {
        "tb.background": "#D0011B",
        "tb.content": "单词不折行通过下面firePropertyChange的代码片段可以知道，oldValue和newValue相同时属性变化事件不会派发， 属性变化事件通过handleDataPropertyChange传递给DataModel继续做处理， 后续处理包括继续派发事件给通过addDataPropertyChangeListener添加到DataModel的属性变化监听器。",
        "tb.textAlign": "right",
        "tb.color": "#FFFFFF",
        "cacheScaleMap": {
          "key": "9910014px sans-serif, arial18",
          "content": "单词不折行通过下面firePropertyChange的代码片段可以知道，oldValue和newValue相同时属性变化事件不会派发， 属性变化事件通过handleDataPropertyChange传递给DataModel继续做处理， 后续处理包括继续派发事件给通过addDataPropertyChangeListener添加到DataModel的属性变化监听器。",
          "scale": 0.48113
        }
      }
    },
    {
      "c": "ht.Node",
      "i": 2988,
      "p": {
        "displayName": "textBox",
        "image": "symbols/basic/textBox.json",
        "position": {
          "x": -345.50844,
          "y": 52.5946
        }
      },
      "a": {
        "tb.background": "#D0011B",
        "tb.content": "单词不折行通过下面firePropertyChange的代码片段可以知道，oldValue和newValue相同时属性变化事件不会派发， 属性变化事件通过handleDataPropertyChange传递给DataModel继续做处理， 后续处理包括继续派发事件给通过addDataPropertyChangeListener添加到DataModel的属性变化监听器。",
        "tb.textAlign": "center",
        "tb.color": "#FFFFFF",
        "cacheScaleMap": {
          "key": "9910014px sans-serif, arial18",
          "content": "单词不折行通过下面firePropertyChange的代码片段可以知道，oldValue和newValue相同时属性变化事件不会派发， 属性变化事件通过handleDataPropertyChange传递给DataModel继续做处理， 后续处理包括继续派发事件给通过addDataPropertyChangeListener添加到DataModel的属性变化监听器。",
          "scale": 0.48113
        }
      }
    },
    {
      "c": "ht.Node",
      "i": 2989,
      "p": {
        "displayName": "textBox",
        "image": "symbols/basic/textBox.json",
        "position": {
          "x": -497.66207,
          "y": 191.72625
        }
      },
      "a": {
        "cacheScaleMap": {
          "key": "596014px sans-serif, arial18",
          "content": "Padding设置为10》》》单词不折行通过下面firePropertyChange的代码片段可以知道，oldValue和newValue相同时属性变化事件不会派发",
          "scale": 0.41885
        },
        "TBPadding": "20",
        "tb.color": "rgb(0,0,0)",
        "tb.background": "rgb(132,255,0)",
        "tb.content": "Padding设置为10》》》单词不折行通过下面firePropertyChange的代码片段可以知道，oldValue和newValue相同时属性变化事件不会派发"
      }
    },
    {
      "c": "ht.Node",
      "i": 2990,
      "p": {
        "displayName": "textBox",
        "image": "symbols/basic/textBox.json",
        "position": {
          "x": -345.50844,
          "y": 191.72625
        }
      },
      "a": {
        "cacheScaleMap": {
          "key": "759014px sans-serif, arial18",
          "content": "Padding设置为5 12》》》单词不折行通过下面firePropertyChange的代码片段可以知道，oldValue和newValue相同时属性变化事件不会派发",
          "scale": 0.55902
        },
        "TBPadding": "5 12",
        "tb.color": "rgb(0,0,0)",
        "tb.background": "rgb(132,255,0)",
        "tb.content": "Padding设置为5 12》》》单词不折行通过下面firePropertyChange的代码片段可以知道，oldValue和newValue相同时属性变化事件不会派发"
      }
    },
    {
      "c": "ht.Node",
      "i": 2991,
      "p": {
        "displayName": "textBox",
        "image": "symbols/basic/textBox.json",
        "position": {
          "x": -196.32504,
          "y": 191.72625
        }
      },
      "a": {
        "cacheScaleMap": {
          "key": "755514px sans-serif, arial18",
          "content": "Padding设置为5 12 40》》》单词不折行通过下面firePropertyChange的代码片段可以知道，oldValue和newValue相同时属性变化事件不会派发",
          "scale": 0.46718
        },
        "TBPadding": "5 12 40",
        "tb.color": "rgb(0,0,0)",
        "tb.background": "rgb(132,255,0)",
        "tb.content": "Padding设置为5 12 40》》》单词不折行通过下面firePropertyChange的代码片段可以知道，oldValue和newValue相同时属性变化事件不会派发"
      }
    },
    {
      "c": "ht.Node",
      "i": 2992,
      "p": {
        "displayName": "textBox",
        "image": "symbols/basic/textBox.json",
        "position": {
          "x": -61.55717,
          "y": 191.72625
        }
      },
      "a": {
        "cacheScaleMap": {
          "key": "598014px sans-serif, arial18",
          "content": "Padding设置为4 8 16 32》》》单词不折行通过下面firePropertyChange的代码片段可以知道，oldValue和newValue相同时属性变化事件不会派发",
          "scale": 0.48365
        },
        "TBPadding": "4 8 16 32",
        "tb.color": "rgb(0,0,0)",
        "tb.background": "rgb(132,255,0)",
        "tb.content": "Padding设置为4 8 16 32》》》单词不折行通过下面firePropertyChange的代码片段可以知道，oldValue和newValue相同时属性变化事件不会派发"
      }
    },
    {
      "c": "ht.Node",
      "i": 3550,
      "p": {
        "displayName": "textBox",
        "image": "symbols/basic/textBox.json",
        "position": {
          "x": -61.55717,
          "y": 52.5946
        },
        "anchor": {
          "x": 0.5,
          "y": 0.5
        }
      },
      "a": {
        "cacheScaleMap": {
          "key": "899014px sans-serif, arial18",
          "content": "通过下面firePropertyChange的代码片段可以知道，oldValue和newValue相同时属性变化事件不会派发， 属性变化事件通过handleDataPropertyChange传递给DataModel继续做处理， 后续处理包括继续派发事件给通过addDataPropertyChangeListener添加到DataModel的属性变化监听器。",
          "scale": 0.43853
        },
        "tb.content": "HT For Web\n\nhttp://www.hightopo.com/",
        "TBPadding": "5",
        "tb.background": "rgb(0,149,255)"
      }
    }
  ]
}