{
  "v": "6.2.5",
  "p": {
    "background": "rgb(2,18,61)",
    "autoAdjustIndex": true,
    "hierarchicalRendering": true
  },
  "a": {
    "connectActionType": "CreateEdge"
  },
  "d": [
    {
      "c": "ht.Group",
      "i": 9699,
      "p": {
        "image": "symbols/basic/group.json",
        "position": {
          "x": -130.84589,
          "y": 392.99721
        },
        "width": 184.09483,
        "height": 148.46357,
        "expanded": true
      },
      "s": {
        "label": "服务器",
        "group.border.pattern": [
          5,
          5
        ],
        "group.border.color": "rgb(255,255,255)",
        "group.title.font": "18px Arial",
        "group.title.align": "center",
        "group.background": null,
        "group.title.background": null,
        "group.splitLine": true,
        "pixelPerfect": false
      }
    },
    {
      "c": "ht.Node",
      "i": 9700,
      "p": {
        "displayName": "服务器",
        "parent": {
          "__i": 9699
        },
        "image": "symbols/basic/服务器精简.json",
        "position": {
          "x": -125.26872,
          "y": 315.12453
        }
      }
    },
    {
      "c": "ht.Node",
      "i": 9701,
      "p": {
        "displayName": "服务器",
        "parent": {
          "__i": 9699
        },
        "image": "symbols/basic/服务器精简.json",
        "position": {
          "x": -130.84589,
          "y": 470.86989
        }
      }
    },
    {
      "c": "ht.Node",
      "i": 9702,
      "p": {
        "displayName": "服务器",
        "parent": {
          "__i": 9699
        },
        "image": "symbols/basic/服务器精简.json",
        "position": {
          "x": -36.42306,
          "y": 470.86989
        }
      }
    },
    {
      "c": "ht.Node",
      "i": 9703,
      "p": {
        "displayName": "服务器",
        "parent": {
          "__i": 9699
        },
        "image": "symbols/basic/服务器精简.json",
        "position": {
          "x": -225.26872,
          "y": 470.86989
        }
      }
    },
    {
      "c": "ht.Group",
      "i": 9704,
      "p": {
        "image": "symbols/basic/group.json",
        "position": {
          "x": 223.4689,
          "y": 946.65066
        },
        "width": 128.27252,
        "height": 140.14961,
        "expanded": true
      },
      "s": {
        "label": "客户机",
        "group.title.orientation": "bottom",
        "group.title.background": "rgb(125,195,125)",
        "group.title.font": "18px Arial Black",
        "group.border.radius": 15,
        "group.border.width": 2,
        "group.border.color": "#FEB64D",
        "group.border.pattern": [
          5,
          5
        ],
        "group.title.align": "center",
        "group.gradient": "radial.east",
        "group.gradient.color": "#32D3EB"
      }
    },
    {
      "c": "ht.Node",
      "i": 9705,
      "p": {
        "displayName": "电脑",
        "parent": {
          "__i": 9704
        },
        "image": "symbols/demo/topology/电脑.json",
        "position": {
          "x": 339.14314,
          "y": 946.65066
        }
      }
    },
    {
      "c": "ht.Node",
      "i": 9706,
      "p": {
        "displayName": "笔记本",
        "parent": {
          "__i": 9704
        },
        "image": "symbols/demo/topology/笔记本.json",
        "position": {
          "x": 454.81737,
          "y": 946.65066
        }
      }
    },
    {
      "c": "ht.Node",
      "i": 9707,
      "p": {
        "displayName": "机箱",
        "parent": {
          "__i": 9704
        },
        "image": "symbols/demo/topology/机箱.json",
        "position": {
          "x": -7.87957,
          "y": 946.65066
        }
      }
    },
    {
      "c": "ht.Node",
      "i": 9708,
      "p": {
        "displayName": "笔记本",
        "parent": {
          "__i": 9704
        },
        "image": "symbols/demo/topology/笔记本.json",
        "position": {
          "x": 570.49161,
          "y": 946.65066
        }
      }
    },
    {
      "c": "ht.Node",
      "i": 9709,
      "p": {
        "displayName": "电脑",
        "parent": {
          "__i": 9704
        },
        "image": "symbols/demo/topology/电脑.json",
        "position": {
          "x": 223.4689,
          "y": 946.65066
        }
      }
    },
    {
      "c": "ht.Node",
      "i": 9710,
      "p": {
        "displayName": "机箱",
        "parent": {
          "__i": 9704
        },
        "image": "symbols/demo/topology/机箱.json",
        "position": {
          "x": 107.79467,
          "y": 946.65066
        }
      }
    },
    {
      "c": "ht.Node",
      "i": 9711,
      "p": {
        "displayName": "机箱",
        "parent": {
          "__i": 9704
        },
        "image": "symbols/demo/topology/机箱.json",
        "position": {
          "x": -123.5538,
          "y": 946.65066
        }
      }
    },
    {
      "c": "ht.Node",
      "i": 9712,
      "p": {
        "displayName": "云",
        "image": "symbols/demo/topology/云.json",
        "position": {
          "x": 218.24756,
          "y": 140.65074
        }
      },
      "s": {
        "label": "Internet",
        "label.color": "rgb(247,247,247)",
        "label.position": 20,
        "label.font": "18px Arial"
      }
    },
    {
      "c": "ht.Node",
      "i": 9713,
      "p": {
        "displayName": "四向的副本",
        "image": "symbols/demo/it/四向的副本.json",
        "position": {
          "x": 219.28113,
          "y": 385.12453
        },
        "width": 80.10676,
        "height": 80.10676
      },
      "s": {
        "label": "路由器",
        "label.font": "18px Arial",
        "label.color": "rgb(247,247,247)",
        "label.position": 20
      }
    },
    {
      "c": "ht.Edge",
      "i": 9714,
      "p": {
        "source": {
          "__i": 9712
        },
        "target": {
          "__i": 9713
        }
      }
    },
    {
      "c": "ht.Node",
      "i": 9715,
      "p": {
        "displayName": "双向的副本",
        "image": "symbols/demo/it/双向的副本.json",
        "position": {
          "x": 218.24756,
          "y": 589.34132
        },
        "width": 121.96039,
        "height": 96.94287
      },
      "s": {
        "label": "交换机",
        "label.color": "rgb(247,247,247)",
        "label.position": 33,
        "label.font": "18px Arial"
      }
    },
    {
      "c": "ht.Edge",
      "i": 9716,
      "p": {
        "source": {
          "__i": 9713
        },
        "target": {
          "__i": 9715
        }
      }
    },
    {
      "c": "ht.Edge",
      "i": 9717,
      "p": {
        "source": {
          "__i": 9702
        },
        "target": {
          "__i": 9715
        }
      },
      "s": {
        "edge.type": "v.h"
      }
    },
    {
      "c": "ht.Edge",
      "i": 9718,
      "p": {
        "source": {
          "__i": 9703
        },
        "target": {
          "__i": 9715
        }
      },
      "s": {
        "edge.type": "v.h"
      }
    },
    {
      "c": "ht.Edge",
      "i": 9719,
      "p": {
        "source": {
          "__i": 9701
        },
        "target": {
          "__i": 9715
        }
      },
      "s": {
        "edge.type": "v.h"
      }
    },
    {
      "c": "ht.Group",
      "i": 9720,
      "p": {
        "image": "symbols/basic/group.json",
        "position": {
          "x": 617.60845,
          "y": 567.08517
        },
        "width": 106.32819,
        "height": 118.77086,
        "expanded": true
      },
      "s": {
        "label": "网络打印机\n一组",
        "group.title.orientation": "right",
        "group.title.background": "rgb(125,195,125)",
        "group.gradient": "linear.northwest",
        "group.gradient.color": "#32D3EB",
        "group.border.radius": 15,
        "group.border.color": "rgb(247,247,247)",
        "group.border.pattern": [
          5,
          8
        ],
        "group.splitLine": true,
        "group.title.font": "18px Arial",
        "group.title.align": "center"
      }
    },
    {
      "c": "ht.Node",
      "i": 9721,
      "p": {
        "displayName": "打印机",
        "parent": {
          "__i": 9720
        },
        "image": "symbols/demo/topology/打印机.json",
        "position": {
          "x": 617.60845,
          "y": 563.99729
        }
      }
    },
    {
      "c": "ht.Node",
      "i": 9722,
      "p": {
        "displayName": "打印机",
        "parent": {
          "__i": 9720
        },
        "image": "symbols/demo/topology/打印机.json",
        "position": {
          "x": 617.60845,
          "y": 677.6324
        }
      }
    },
    {
      "c": "ht.Node",
      "i": 9723,
      "p": {
        "displayName": "打印机",
        "parent": {
          "__i": 9720
        },
        "image": "symbols/demo/topology/打印机.json",
        "position": {
          "x": 617.60845,
          "y": 456.53794
        }
      }
    },
    {
      "c": "ht.Edge",
      "i": 9724,
      "p": {
        "source": {
          "__i": 9721
        },
        "target": {
          "__i": 9715
        }
      },
      "s": {
        "edge.type": "ortho"
      }
    },
    {
      "c": "ht.Edge",
      "i": 9725,
      "p": {
        "source": {
          "__i": 9723
        },
        "target": {
          "__i": 9715
        }
      },
      "s": {
        "edge.type": "ortho2"
      }
    },
    {
      "c": "ht.Edge",
      "i": 9726,
      "p": {
        "source": {
          "__i": 9722
        },
        "target": {
          "__i": 9715
        }
      },
      "s": {
        "edge.type": "ortho"
      }
    },
    {
      "c": "ht.Edge",
      "i": 9727,
      "p": {
        "source": {
          "__i": 9708
        },
        "target": {
          "__i": 9715
        }
      },
      "s": {
        "edge.type": "ortho"
      }
    },
    {
      "c": "ht.Edge",
      "i": 9728,
      "p": {
        "source": {
          "__i": 9706
        },
        "target": {
          "__i": 9715
        }
      },
      "s": {
        "edge.type": "ortho"
      }
    },
    {
      "c": "ht.Edge",
      "i": 9729,
      "p": {
        "source": {
          "__i": 9705
        },
        "target": {
          "__i": 9715
        }
      },
      "s": {
        "edge.type": "ortho"
      }
    },
    {
      "c": "ht.Edge",
      "i": 9730,
      "p": {
        "source": {
          "__i": 9709
        },
        "target": {
          "__i": 9715
        }
      },
      "s": {
        "edge.type": "ortho"
      }
    },
    {
      "c": "ht.Edge",
      "i": 9731,
      "p": {
        "source": {
          "__i": 9710
        },
        "target": {
          "__i": 9715
        }
      },
      "s": {
        "edge.type": "ortho"
      }
    },
    {
      "c": "ht.Edge",
      "i": 9732,
      "p": {
        "source": {
          "__i": 9707
        },
        "target": {
          "__i": 9715
        }
      },
      "s": {
        "edge.type": "ortho"
      }
    },
    {
      "c": "ht.Edge",
      "i": 9733,
      "p": {
        "source": {
          "__i": 9711
        },
        "target": {
          "__i": 9715
        }
      },
      "s": {
        "edge.type": "ortho"
      }
    }
  ],
  "contentRect": {
    "x": -285.74679,
    "y": 90.65074,
    "width": 1009.8982,
    "height": 943.01164
  }
}