{
  "v": "6.2.5",
  "p": {
    "autoAdjustIndex": true,
    "hierarchicalRendering": true
  },
  "a": {
    "connectActionType": "AnimatePaths",
    "previewURL": "display-animatepaths.html"
  },
  "d": [
    {
      "c": "ht.Shape",
      "i": 3182,
      "p": {
        "tag": 3166,
        "position": {
          "x": 657.12577,
          "y": 73.32744
        },
        "width": 888.73801,
        "height": 260.23638,
        "segments": {
          "__a": [
            1,
            4,
            4,
            4,
            4,
            4,
            4
          ]
        },
        "points": {
          "__a": [
            {
              "x": 212.75676,
              "y": 104.64865
            },
            {
              "x": 212.75676,
              "y": 104.64865
            },
            {
              "x": 244.75676,
              "y": 70.27027
            },
            {
              "x": 293.18919,
              "y": 58.81081
            },
            {
              "x": 341.62162,
              "y": 47.35135
            },
            {
              "x": 332.97297,
              "y": 169.51351
            },
            {
              "x": 382.27027,
              "y": 190.27027
            },
            {
              "x": 413.56174,
              "y": 203.44563
            },
            {
              "x": 476.61224,
              "y": 37.19593
            },
            {
              "x": 567.0995,
              "y": 31.64074
            },
            {
              "x": 657.58676,
              "y": 26.08555
            },
            {
              "x": 675.52853,
              "y": 132.94926
            },
            {
              "x": 744.21932,
              "y": 168.04952
            },
            {
              "x": 808.05592,
              "y": 200.66935
            },
            {
              "x": 850.24824,
              "y": 163.45522
            },
            {
              "x": 797.56837,
              "y": 104.64865
            },
            {
              "x": 652.94835,
              "y": -56.79075
            },
            {
              "x": 1101.49477,
              "y": 158.31901
            },
            {
              "x": 1096.32308,
              "y": 168.04952
            }
          ]
        }
      },
      "s": {
        "shape.background": null,
        "shape.border.width": 10,
        "shape.dash": true,
        "shape.dash.pattern": [
          4,
          8
        ],
        "shape.dash.3d": true,
        "shape.dash.3d.color": "rgb(247,247,247)",
        "note.border.color": "rgb(61,61,61)",
        "border.color": "#929292",
        "shape.border.color": "#60ACFC",
        "shape.dash.color": "#929292",
        "border.width": 1
      }
    },
    {
      "c": "ht.Shape",
      "i": 3183,
      "p": {
        "tag": 3167,
        "position": {
          "x": 449.14016,
          "y": 316.19726
        },
        "width": 392.7668,
        "height": 93.15263,
        "segments": {
          "__a": [
            1,
            2,
            2,
            2,
            2,
            2,
            2
          ]
        },
        "points": {
          "__a": [
            {
              "x": 252.75676,
              "y": 341.42109
            },
            {
              "x": 292.91617,
              "y": 269.62094
            },
            {
              "x": 329.42472,
              "y": 341.42109
            },
            {
              "x": 373.23498,
              "y": 269.62094
            },
            {
              "x": 417.04524,
              "y": 341.42109
            },
            {
              "x": 462.07246,
              "y": 269.62094
            },
            {
              "x": 645.52356,
              "y": 362.77357
            }
          ]
        }
      },
      "s": {
        "shape.background": null,
        "shape.border.width": 10,
        "shape.dash": true,
        "shape.dash.pattern": [
          4,
          8
        ],
        "shape.dash.3d": true,
        "shape.dash.3d.color": "rgb(247,247,247)",
        "note.border.color": "rgb(61,61,61)",
        "border.color": "#929292",
        "shape.border.color": "#60ACFC",
        "shape.dash.color": "#929292",
        "border.width": 1
      }
    },
    {
      "c": "ht.Node",
      "i": 3184,
      "p": {
        "image": "symbols/demo/factory/叉车.json",
        "position": {
          "x": 212.75676,
          "y": 108.2529
        }
      },
      "a": {
        "animatePaths": {
          "3166": true
        }
      }
    },
    {
      "c": "ht.Node",
      "i": 3228,
      "p": {
        "image": "symbols/demo/factory/叉车.json",
        "position": {
          "x": 252.75675,
          "y": 341.4211
        }
      },
      "a": {
        "animatePaths": {
          "3167": true
        }
      }
    },
    {
      "c": "ht.Shape",
      "i": 3231,
      "p": {
        "tag": 3231,
        "position": {
          "x": 862.23842,
          "y": 303.75152
        },
        "width": 509.47076,
        "height": 123.28301,
        "segments": {
          "__a": [
            1,
            2,
            2,
            2,
            2,
            2,
            2,
            2,
            2
          ]
        },
        "points": {
          "__a": [
            {
              "x": 607.50304,
              "y": 245.08069
            },
            {
              "x": 717.41801,
              "y": 242.11001
            },
            {
              "x": 717.41801,
              "y": 365.39303
            },
            {
              "x": 849.61305,
              "y": 365.39303
            },
            {
              "x": 849.61305,
              "y": 242.11001
            },
            {
              "x": 969.92539,
              "y": 242.11001
            },
            {
              "x": 969.92539,
              "y": 365.39303
            },
            {
              "x": 1116.9738,
              "y": 365.39303
            },
            {
              "x": 1116.9738,
              "y": 242.11001
            }
          ]
        }
      },
      "s": {
        "shape.background": null,
        "shape.border.width": 10,
        "shape.dash": true,
        "shape.dash.pattern": [
          4,
          8
        ],
        "shape.dash.3d": true,
        "shape.dash.3d.color": "rgb(247,247,247)",
        "note.border.color": "rgb(61,61,61)",
        "border.color": "#929292",
        "shape.border.color": "#60ACFC",
        "shape.dash.color": "#929292",
        "border.width": 1
      }
    },
    {
      "c": "ht.Node",
      "i": 3232,
      "p": {
        "image": "symbols/demo/factory/叉车.json",
        "position": {
          "x": 607.50304,
          "y": 243.44563
        }
      },
      "a": {
        "animatePaths": {
          "3231": true
        }
      }
    },
    {
      "c": "ht.Shape",
      "i": 3487,
      "p": {
        "tag": 3487,
        "position": {
          "x": 524.38918,
          "y": 502.36285
        },
        "width": 449.73436,
        "height": 1,
        "segments": {
          "__a": [
            1,
            2
          ]
        },
        "points": {
          "__a": [
            {
              "x": 299.522,
              "y": 502.36285
            },
            {
              "x": 749.25636,
              "y": 502.36285
            }
          ]
        }
      },
      "s": {
        "shape.background": null,
        "shape.border.width": 10,
        "shape.dash": true,
        "shape.dash.pattern": [
          4,
          8
        ],
        "shape.dash.3d": true,
        "shape.dash.3d.color": "rgb(247,247,247)",
        "note.border.color": "rgb(61,61,61)",
        "border.color": "#929292",
        "shape.border.color": "#60ACFC",
        "shape.dash.color": "#929292",
        "border.width": 1
      }
    },
    {
      "c": "ht.Shape",
      "i": 3489,
      "p": {
        "tag": 3489,
        "position": {
          "x": 300.94378,
          "y": 584.85686
        },
        "width": 2.84356,
        "height": 164.98802,
        "segments": {
          "__a": [
            1,
            2
          ]
        },
        "points": {
          "__a": [
            {
              "x": 299.522,
              "y": 502.36285
            },
            {
              "x": 302.36556,
              "y": 667.35087
            }
          ]
        }
      },
      "s": {
        "shape.background": null,
        "shape.border.width": 10,
        "shape.dash": true,
        "shape.dash.pattern": [
          4,
          8
        ],
        "shape.dash.3d": true,
        "shape.dash.3d.color": "rgb(247,247,247)",
        "note.border.color": "rgb(61,61,61)",
        "border.color": "#929292",
        "shape.border.color": "#60ACFC",
        "shape.dash.color": "#929292",
        "border.width": 1
      }
    },
    {
      "c": "ht.Node",
      "i": 3485,
      "p": {
        "image": "symbols/demo/factory/叉车.json",
        "position": {
          "x": 299.522,
          "y": 502.86285
        }
      },
      "a": {
        "animatePaths": {
          "3487": true,
          "3489": true
        }
      }
    },
    {
      "c": "ht.Node",
      "i": 3760,
      "p": {
        "displayName": "告警",
        "image": "symbols/basic/告警.json",
        "position": {
          "x": 299.522,
          "y": 472.53552
        },
        "width": 60.65465,
        "height": 60.65465
      },
      "a": {
        "animatePaths": {
          "3487": true
        }
      }
    },
    {
      "c": "ht.Node",
      "i": 3769,
      "p": {
        "displayName": "arrow",
        "image": "symbols/basic/arrow.json",
        "position": {
          "x": 269.19467,
          "y": 502.86285
        }
      },
      "a": {
        "animatePaths": {
          "3489": true
        }
      }
    },
    {
      "c": "ht.Shape",
      "i": 4355,
      "p": {
        "tag": 4355,
        "position": {
          "x": 952.99477,
          "y": 542.86285
        },
        "width": 297,
        "height": 264,
        "segments": {
          "__a": [
            1,
            2,
            4,
            4,
            4,
            4,
            2,
            2
          ]
        },
        "points": {
          "__a": [
            {
              "x": 901.49477,
              "y": 622.86285
            },
            {
              "x": 848.49477,
              "y": 624.86285
            },
            {
              "x": 804.49477,
              "y": 612.86285
            },
            {
              "x": 812.49477,
              "y": 539.86285
            },
            {
              "x": 859.49477,
              "y": 540.86285
            },
            {
              "x": 846.49477,
              "y": 502.86285
            },
            {
              "x": 903.49477,
              "y": 473.86285
            },
            {
              "x": 919.49477,
              "y": 508.86285
            },
            {
              "x": 964.49477,
              "y": 410.86285
            },
            {
              "x": 1095.49477,
              "y": 479.86285
            },
            {
              "x": 1056.49477,
              "y": 550.86285
            },
            {
              "x": 1101.49477,
              "y": 568.86285
            },
            {
              "x": 1094.49477,
              "y": 612.86285
            },
            {
              "x": 1065.49477,
              "y": 626.86285
            },
            {
              "x": 954.49477,
              "y": 626.86285
            },
            {
              "x": 882.49477,
              "y": 674.86285
            }
          ]
        },
        "thickness": -1
      },
      "s": {
        "shape.border.width": 10,
        "shape.repeat.image": "assets/tile/floor2.png",
        "repeat.uv.length": 64,
        "shape3d.top.image": "assets/floor2.png",
        "shape3d.bottom.image": "assets/floor2.png"
      }
    },
    {
      "c": "ht.Block",
      "i": 5946,
      "p": {
        "position": {
          "x": 900.93803,
          "y": 621.67323
        },
        "width": 42.53805,
        "height": 50.36702
      },
      "a": {
        "animatePaths": {
          "4355": true
        }
      }
    },
    {
      "c": "ht.Shape",
      "i": 5947,
      "p": {
        "parent": {
          "__i": 5946
        },
        "position": {
          "x": 914.94692,
          "y": 612.49208
        },
        "width": 9.898,
        "height": 9.44496,
        "segments": {
          "__a": [
            1,
            2,
            2
          ]
        },
        "points": {
          "__a": [
            {
              "x": 909.99792,
              "y": 607.7696
            },
            {
              "x": 914.32094,
              "y": 609.54896
            },
            {
              "x": 919.89592,
              "y": 617.21456
            }
          ]
        }
      },
      "s": {
        "shape.background": null,
        "shape.border.color": "rgb(118,132,140)",
        "shape.border.width": 1,
        "shape.border.cap": "round"
      }
    },
    {
      "c": "ht.Shape",
      "i": 5948,
      "p": {
        "parent": {
          "__i": 5946
        },
        "position": {
          "x": 908.59436,
          "y": 629.60873
        },
        "width": 26.96471,
        "height": 23.16334,
        "segments": {
          "__a": [
            1,
            2,
            2,
            2,
            2,
            2,
            2,
            2,
            2,
            2,
            2
          ]
        },
        "points": {
          "__a": [
            {
              "x": 897.79876,
              "y": 618.02706
            },
            {
              "x": 914.31581,
              "y": 628.04831
            },
            {
              "x": 922.07671,
              "y": 629.77295
            },
            {
              "x": 921.37287,
              "y": 633.45423
            },
            {
              "x": 911.55516,
              "y": 636.98011
            },
            {
              "x": 907.68441,
              "y": 632.76982
            },
            {
              "x": 910.33281,
              "y": 637.64455
            },
            {
              "x": 901.09677,
              "y": 637.64455
            },
            {
              "x": 901.09677,
              "y": 641.1904
            },
            {
              "x": 895.112,
              "y": 638.22106
            },
            {
              "x": 895.112,
              "y": 620.1938
            }
          ]
        }
      },
      "s": {
        "shape.background": "rgb(250,142,142)",
        "shape.border.color": "rgb(0,0,0)"
      }
    },
    {
      "c": "ht.Shape",
      "i": 5949,
      "p": {
        "parent": {
          "__i": 5946
        },
        "position": {
          "x": 909.07662,
          "y": 629.27216
        },
        "width": 26.26086,
        "height": 21.66344,
        "segments": {
          "__a": [
            1,
            2,
            2,
            2,
            2,
            2,
            2,
            2,
            2,
            2,
            2,
            2
          ]
        },
        "points": {
          "__a": [
            {
              "x": 898.63294,
              "y": 618.44044
            },
            {
              "x": 914.84014,
              "y": 629.79414
            },
            {
              "x": 922.20705,
              "y": 629.79414
            },
            {
              "x": 922.20705,
              "y": 633.86761
            },
            {
              "x": 914.84014,
              "y": 636.81437
            },
            {
              "x": 909.38211,
              "y": 638.63444
            },
            {
              "x": 906.86951,
              "y": 632.63401
            },
            {
              "x": 908.77807,
              "y": 637.39834
            },
            {
              "x": 901.70831,
              "y": 638.07937
            },
            {
              "x": 901.70831,
              "y": 640.10387
            },
            {
              "x": 895.94619,
              "y": 638.63444
            },
            {
              "x": 895.94619,
              "y": 620.60718
            }
          ]
        }
      },
      "s": {
        "shape.background": null,
        "shape.border.color": "rgb(0,0,0)",
        "shape.border.width": 1,
        "shape.border.cap": "round"
      }
    },
    {
      "c": "ht.Shape",
      "i": 5950,
      "p": {
        "parent": {
          "__i": 5946
        },
        "position": {
          "x": 905.50522,
          "y": 640.58424
        },
        "width": 8.9854,
        "height": 11.61271,
        "segments": {
          "__a": [
            1,
            4,
            4,
            4,
            2
          ]
        },
        "points": {
          "__a": [
            {
              "x": 905.26324,
              "y": 634.77788
            },
            {
              "x": 905.26324,
              "y": 634.77788
            },
            {
              "x": 909.99792,
              "y": 641.06564
            },
            {
              "x": 909.99792,
              "y": 641.9882
            },
            {
              "x": 909.99792,
              "y": 642.91075
            },
            {
              "x": 907.20509,
              "y": 646.39059
            },
            {
              "x": 906.39804,
              "y": 646.39059
            },
            {
              "x": 905.59098,
              "y": 646.39059
            },
            {
              "x": 906.39804,
              "y": 643.02505
            },
            {
              "x": 906.39804,
              "y": 643.02505
            },
            {
              "x": 901.01252,
              "y": 635.84203
            }
          ]
        }
      },
      "s": {
        "shape.background": "rgb(255,105,105)",
        "shape.border.color": "rgb(0,0,0)"
      }
    },
    {
      "c": "ht.Shape",
      "i": 5951,
      "p": {
        "parent": {
          "__i": 5946
        },
        "position": {
          "x": 891.10276,
          "y": 638.58529
        },
        "width": 8.86017,
        "height": 7.59746,
        "segments": {
          "__a": [
            1,
            2,
            4,
            4,
            2
          ]
        },
        "points": {
          "__a": [
            {
              "x": 892.82105,
              "y": 635.06418
            },
            {
              "x": 895.53284,
              "y": 641.4026
            },
            {
              "x": 895.53284,
              "y": 641.4026
            },
            {
              "x": 889.50144,
              "y": 642.38402
            },
            {
              "x": 889.32508,
              "y": 641.81263
            },
            {
              "x": 889.14872,
              "y": 641.24123
            },
            {
              "x": 891.10276,
              "y": 639.52704
            },
            {
              "x": 891.10276,
              "y": 639.52704
            },
            {
              "x": 886.67267,
              "y": 634.78657
            }
          ]
        }
      },
      "s": {
        "shape.background": "rgb(255,105,105)",
        "shape.border.color": "rgb(0,0,0)",
        "shape.border.cap": "round"
      }
    },
    {
      "c": "ht.Shape",
      "i": 5952,
      "p": {
        "parent": {
          "__i": 5946
        },
        "position": {
          "x": 898.72729,
          "y": 622.68006
        },
        "width": 27.99957,
        "height": 31.2956,
        "segments": {
          "__a": [
            1,
            2,
            2,
            2,
            2,
            2,
            2,
            2,
            2,
            2,
            2,
            2,
            2,
            2,
            2,
            2,
            2,
            2,
            2
          ]
        },
        "points": {
          "__a": [
            {
              "x": 884.81798,
              "y": 609.72613
            },
            {
              "x": 886.356,
              "y": 607.03226
            },
            {
              "x": 899.38401,
              "y": 618.13101
            },
            {
              "x": 905.17425,
              "y": 616.30166
            },
            {
              "x": 908.75905,
              "y": 620.04508
            },
            {
              "x": 908.01037,
              "y": 617.05034
            },
            {
              "x": 910.48102,
              "y": 617.05034
            },
            {
              "x": 912.72707,
              "y": 624.68692
            },
            {
              "x": 905.17425,
              "y": 623.30324
            },
            {
              "x": 904.35999,
              "y": 628.36772
            },
            {
              "x": 906.49629,
              "y": 636.74697
            },
            {
              "x": 902.76479,
              "y": 638.32786
            },
            {
              "x": 898.78136,
              "y": 633.25007
            },
            {
              "x": 894.99738,
              "y": 633.25007
            },
            {
              "x": 891.98051,
              "y": 635.44047
            },
            {
              "x": 885.38967,
              "y": 634.8299
            },
            {
              "x": 888.9797,
              "y": 626.10487
            },
            {
              "x": 891.42245,
              "y": 618.23876
            },
            {
              "x": 884.7275,
              "y": 609.94164
            }
          ]
        }
      },
      "s": {
        "shape.background": "rgb(42,188,250)",
        "shape.border.color": "rgb(0,0,0)",
        "shape.border.width": 1
      }
    },
    {
      "c": "ht.Shape",
      "i": 5953,
      "p": {
        "parent": {
          "__i": 5946
        },
        "position": {
          "x": 897.00092,
          "y": 629.61402
        },
        "width": 14.36684,
        "height": 8.47635,
        "segments": {
          "__a": [
            1,
            2,
            2,
            2,
            2,
            2,
            2,
            2
          ]
        },
        "points": {
          "__a": [
            {
              "x": 903.60127,
              "y": 628.39266
            },
            {
              "x": 904.18434,
              "y": 629.18152
            },
            {
              "x": 899.12314,
              "y": 633.8522
            },
            {
              "x": 894.79779,
              "y": 633.4171
            },
            {
              "x": 889.8175,
              "y": 626.36298
            },
            {
              "x": 890.01623,
              "y": 625.37585
            },
            {
              "x": 903.0868,
              "y": 627.94679
            },
            {
              "x": 901.3033,
              "y": 629.55994
            }
          ]
        }
      },
      "s": {
        "shape.background": "rgb(255,105,105)",
        "shape.border.color": "rgb(0,0,0)",
        "shape.border.cap": "round"
      }
    },
    {
      "c": "ht.Shape",
      "i": 5954,
      "p": {
        "parent": {
          "__i": 5946
        },
        "position": {
          "x": 898.37171,
          "y": 622.39056
        },
        "width": 9.86487,
        "height": 6.21095,
        "segments": {
          "__a": [
            1,
            2,
            2,
            2,
            2,
            2
          ]
        },
        "points": {
          "__a": [
            {
              "x": 902.34111,
              "y": 622.40884
            },
            {
              "x": 894.76821,
              "y": 625.49604
            },
            {
              "x": 893.43927,
              "y": 622.03789
            },
            {
              "x": 893.43927,
              "y": 619.28508
            },
            {
              "x": 903.30414,
              "y": 620.46202
            },
            {
              "x": 902.34111,
              "y": 622.40884
            }
          ]
        }
      },
      "s": {
        "shape.background": "rgb(255,189,66)",
        "shape.border.color": "rgb(0,0,0)",
        "shape.border.width": 1,
        "shape.border.cap": "round"
      }
    },
    {
      "c": "ht.Shape",
      "i": 5955,
      "p": {
        "parent": {
          "__i": 5946
        },
        "position": {
          "x": 900.20805,
          "y": 616.92673
        },
        "width": 8.16066,
        "height": 4.71671,
        "segments": {
          "__a": [
            1,
            2,
            2,
            2,
            2
          ]
        },
        "points": {
          "__a": [
            {
              "x": 904.28838,
              "y": 617.87316
            },
            {
              "x": 902.04233,
              "y": 619.28508
            },
            {
              "x": 898.22404,
              "y": 619.28508
            },
            {
              "x": 896.12773,
              "y": 616.96416
            },
            {
              "x": 896.12773,
              "y": 614.56837
            }
          ]
        }
      },
      "s": {
        "shape.background": "rgb(255,105,105)",
        "shape.border.color": "rgb(0,0,0)",
        "shape.border.width": 1
      }
    },
    {
      "c": "ht.Shape",
      "i": 5956,
      "p": {
        "parent": {
          "__i": 5946
        },
        "position": {
          "x": 908.84177,
          "y": 599.43652
        },
        "width": 1.78565,
        "height": 1.73739,
        "segments": {
          "__a": [
            1,
            4
          ]
        },
        "points": {
          "__a": [
            {
              "x": 909.7346,
              "y": 598.56782
            },
            {
              "x": 909.7346,
              "y": 600.30521
            },
            {
              "x": 907.94895,
              "y": 600.25695
            },
            {
              "x": 907.94895,
              "y": 600.25695
            }
          ]
        }
      },
      "s": {
        "shape.background": null,
        "shape.border.color": "rgb(0,0,0)",
        "shape.border.width": 1,
        "shape.border.cap": "round"
      }
    },
    {
      "c": "ht.Shape",
      "i": 5957,
      "p": {
        "parent": {
          "__i": 5946
        },
        "rotation": 3.09561,
        "position": {
          "x": 883.10815,
          "y": 606.34316
        },
        "width": 6.56749,
        "height": 6.9126,
        "segments": {
          "__a": [
            1,
            4,
            4
          ]
        },
        "points": {
          "__a": [
            {
              "x": 880.70519,
              "y": 602.88686
            },
            {
              "x": 880.70519,
              "y": 602.88686
            },
            {
              "x": 886.39189,
              "y": 603.21886
            },
            {
              "x": 883.68925,
              "y": 606.10016
            },
            {
              "x": 880.21933,
              "y": 609.79945
            },
            {
              "x": 879.82441,
              "y": 603.79709
            },
            {
              "x": 879.82441,
              "y": 603.79709
            }
          ]
        }
      },
      "s": {
        "shape.background": "rgb(250,218,160)",
        "shape.border.color": "rgb(0,0,0)",
        "shape.border.width": 1,
        "shape.border.cap": "round"
      }
    },
    {
      "c": "ht.Node",
      "i": 5958,
      "p": {
        "parent": {
          "__i": 5946
        },
        "rotation": 1.24667,
        "position": {
          "x": 892.67635,
          "y": 609.10749
        },
        "width": 4.8222,
        "height": 3.56611
      },
      "s": {
        "shape": "arc",
        "shape.background": "rgb(250,218,160)",
        "shape.border.width": 1,
        "shape.border.color": "rgb(0,0,0)",
        "shape.arc.from": 0,
        "shape.arc.to": 3.97935,
        "shape.arc.oval": true,
        "shape.arc.close": false,
        "shape.border.cap": "round"
      }
    },
    {
      "c": "ht.Shape",
      "i": 5959,
      "p": {
        "parent": {
          "__i": 5946
        },
        "rotation": 0.24898,
        "position": {
          "x": 901.70431,
          "y": 610.40533
        },
        "width": 18.32852,
        "height": 15.0305,
        "segments": {
          "__a": [
            1,
            4,
            4,
            2,
            2,
            4,
            4,
            4
          ]
        },
        "points": {
          "__a": [
            {
              "x": 893.43353,
              "y": 613.05396
            },
            {
              "x": 892.54005,
              "y": 611.25446
            },
            {
              "x": 893.54602,
              "y": 610.23481
            },
            {
              "x": 893.86239,
              "y": 608.16523
            },
            {
              "x": 894.18904,
              "y": 606.02836
            },
            {
              "x": 894.12669,
              "y": 603.87179
            },
            {
              "x": 894.12669,
              "y": 603.87179
            },
            {
              "x": 907.60291,
              "y": 602.89008
            },
            {
              "x": 910.86856,
              "y": 607.42932
            },
            {
              "x": 910.86856,
              "y": 607.42932
            },
            {
              "x": 910.47778,
              "y": 610.49315
            },
            {
              "x": 909.81956,
              "y": 612.54242
            },
            {
              "x": 909.00442,
              "y": 615.08024
            },
            {
              "x": 906.8982,
              "y": 617.92058
            },
            {
              "x": 901.55321,
              "y": 617.92058
            },
            {
              "x": 896.56515,
              "y": 617.92058
            },
            {
              "x": 894.38021,
              "y": 615.44693
            },
            {
              "x": 893.43353,
              "y": 613.05396
            }
          ]
        },
        "closePath": true
      },
      "s": {
        "shape.background": "rgb(250,218,160)",
        "shape.border.color": "rgb(0,0,0)",
        "shape.border.width": 1
      }
    },
    {
      "c": "ht.Shape",
      "i": 5960,
      "p": {
        "parent": {
          "__i": 5946
        },
        "rotation": -2.89262,
        "position": {
          "x": 903.09402,
          "y": 604.64759
        },
        "width": 20.4238,
        "height": 11.64212,
        "segments": {
          "__a": [
            1,
            4,
            4,
            4,
            4,
            4,
            4,
            4,
            4,
            4,
            4,
            4,
            4,
            4,
            4,
            4,
            4,
            4,
            4,
            4,
            4,
            4,
            4,
            4
          ]
        },
        "points": {
          "__a": [
            {
              "x": 893.76294,
              "y": 602.70423
            },
            {
              "x": 893.76294,
              "y": 602.70423
            },
            {
              "x": 893.73478,
              "y": 601.60112
            },
            {
              "x": 893.85493,
              "y": 600.7212
            },
            {
              "x": 893.95089,
              "y": 600.01841
            },
            {
              "x": 894.13336,
              "y": 600.58563
            },
            {
              "x": 894.5547,
              "y": 600.40279
            },
            {
              "x": 895.59486,
              "y": 599.95143
            },
            {
              "x": 895.69321,
              "y": 599.92678
            },
            {
              "x": 895.7975,
              "y": 599.65753
            },
            {
              "x": 895.83112,
              "y": 599.57073
            },
            {
              "x": 896.20038,
              "y": 598.82653
            },
            {
              "x": 896.42199,
              "y": 598.90736
            },
            {
              "x": 897.09277,
              "y": 599.15204
            },
            {
              "x": 896.82098,
              "y": 600.64941
            },
            {
              "x": 897.46106,
              "y": 601.50553
            },
            {
              "x": 898.29432,
              "y": 602.62004
            },
            {
              "x": 899.10469,
              "y": 603.50417
            },
            {
              "x": 899.10469,
              "y": 603.50417
            },
            {
              "x": 899.10469,
              "y": 603.50417
            },
            {
              "x": 900.07487,
              "y": 605.54885
            },
            {
              "x": 903.4985,
              "y": 605.54885
            },
            {
              "x": 906.92213,
              "y": 605.54885
            },
            {
              "x": 900.79798,
              "y": 602.82138
            },
            {
              "x": 900.79798,
              "y": 602.82138
            },
            {
              "x": 900.79798,
              "y": 602.82138
            },
            {
              "x": 905.36925,
              "y": 601.2136
            },
            {
              "x": 907.58859,
              "y": 601.69767
            },
            {
              "x": 910.10598,
              "y": 602.24674
            },
            {
              "x": 909.58262,
              "y": 603.99529
            },
            {
              "x": 909.843,
              "y": 603.54751
            },
            {
              "x": 910.31993,
              "y": 602.72737
            },
            {
              "x": 910.68673,
              "y": 602.97472
            },
            {
              "x": 910.75931,
              "y": 600.89151
            },
            {
              "x": 911.07466,
              "y": 601.10913
            },
            {
              "x": 912.07004,
              "y": 598.8901
            },
            {
              "x": 912.07004,
              "y": 598.8901
            },
            {
              "x": 912.64886,
              "y": 598.8901
            },
            {
              "x": 912.26602,
              "y": 599.65133
            },
            {
              "x": 912.81271,
              "y": 601.48468
            },
            {
              "x": 913.19778,
              "y": 602.77601
            },
            {
              "x": 912.93997,
              "y": 604.17905
            },
            {
              "x": 912.8127,
              "y": 605.28738
            },
            {
              "x": 912.78659,
              "y": 605.51478
            },
            {
              "x": 913.30592,
              "y": 605.50076
            },
            {
              "x": 913.2577,
              "y": 605.74362
            },
            {
              "x": 912.90378,
              "y": 607.52589
            },
            {
              "x": 911.63045,
              "y": 607.01422
            },
            {
              "x": 911.44688,
              "y": 607.2601
            },
            {
              "x": 910.1824,
              "y": 608.95373
            },
            {
              "x": 907.76816,
              "y": 610.32845
            },
            {
              "x": 903.17322,
              "y": 610.32845
            },
            {
              "x": 900.64943,
              "y": 610.32845
            },
            {
              "x": 898.73984,
              "y": 610.46865
            },
            {
              "x": 897.38167,
              "y": 609.78008
            },
            {
              "x": 896.85832,
              "y": 609.51474
            },
            {
              "x": 895.64649,
              "y": 608.91299
            },
            {
              "x": 895.2597,
              "y": 608.59124
            },
            {
              "x": 895.02952,
              "y": 608.39977
            },
            {
              "x": 895.64091,
              "y": 607.90652
            },
            {
              "x": 895.45336,
              "y": 607.70227
            },
            {
              "x": 895.19013,
              "y": 607.41561
            },
            {
              "x": 894.20763,
              "y": 606.95983
            },
            {
              "x": 894.02032,
              "y": 606.65941
            },
            {
              "x": 892.88212,
              "y": 604.83398
            },
            {
              "x": 894.05161,
              "y": 605.78713
            },
            {
              "x": 894.05118,
              "y": 605.13953
            },
            {
              "x": 894.05049,
              "y": 604.10491
            },
            {
              "x": 893.76294,
              "y": 602.70423
            },
            {
              "x": 893.76294,
              "y": 602.70423
            }
          ]
        },
        "closePath": true
      },
      "s": {
        "shape.background": "rgb(38,37,32)",
        "shape.border.color": "rgb(0,0,0)",
        "shape.border.width": 1
      }
    },
    {
      "c": "ht.Node",
      "i": 5961,
      "p": {
        "parent": {
          "__i": 5946
        },
        "rotation": 2.3152,
        "position": {
          "x": 910.12065,
          "y": 612.93492
        },
        "scale": {
          "x": 1,
          "y": -1
        },
        "width": 4.8222,
        "height": 3.56611
      },
      "s": {
        "shape": "arc",
        "shape.background": "rgb(250,218,160)",
        "shape.border.width": 1,
        "shape.border.color": "rgb(0,0,0)",
        "shape.arc.from": 0,
        "shape.arc.to": 3.97935,
        "shape.arc.oval": true,
        "shape.arc.close": false,
        "shape.border.cap": "round"
      }
    },
    {
      "c": "ht.Shape",
      "i": 5962,
      "p": {
        "parent": {
          "__i": 5946
        },
        "rotation": 3.14159,
        "position": {
          "x": 902.28385,
          "y": 601.56173
        },
        "width": 13.13106,
        "height": 9.06008,
        "segments": {
          "__a": [
            1,
            4,
            4,
            4,
            4,
            4,
            4,
            4,
            4,
            4,
            4,
            4,
            4,
            4,
            4,
            4,
            4
          ]
        },
        "points": {
          "__a": [
            {
              "x": 895.71833,
              "y": 600.58742
            },
            {
              "x": 895.71833,
              "y": 600.58742
            },
            {
              "x": 896.17732,
              "y": 600.59116
            },
            {
              "x": 896.26022,
              "y": 600.17794
            },
            {
              "x": 896.48158,
              "y": 599.07455
            },
            {
              "x": 897.79385,
              "y": 599.00545
            },
            {
              "x": 897.93574,
              "y": 598.85158
            },
            {
              "x": 898.41057,
              "y": 598.33668
            },
            {
              "x": 897.37948,
              "y": 597.62475
            },
            {
              "x": 897.48352,
              "y": 597.50592
            },
            {
              "x": 897.81379,
              "y": 597.12873
            },
            {
              "x": 899.68765,
              "y": 597.03169
            },
            {
              "x": 900.18784,
              "y": 597.50593
            },
            {
              "x": 901.91527,
              "y": 599.14374
            },
            {
              "x": 901.26074,
              "y": 597.25006
            },
            {
              "x": 901.55136,
              "y": 597.22481
            },
            {
              "x": 901.75319,
              "y": 597.20729
            },
            {
              "x": 902.94613,
              "y": 598.35726
            },
            {
              "x": 903.16487,
              "y": 598.35726
            },
            {
              "x": 903.51752,
              "y": 598.35726
            },
            {
              "x": 902.83138,
              "y": 597.20272
            },
            {
              "x": 903.16487,
              "y": 597.22482
            },
            {
              "x": 907.40674,
              "y": 597.50595
            },
            {
              "x": 908.84938,
              "y": 600.38589
            },
            {
              "x": 908.84938,
              "y": 601.87172
            },
            {
              "x": 908.84938,
              "y": 602.76627
            },
            {
              "x": 908.43419,
              "y": 604.91781
            },
            {
              "x": 907.42341,
              "y": 605.44823
            },
            {
              "x": 907.61385,
              "y": 604.91781
            },
            {
              "x": 906.96573,
              "y": 604.80518
            },
            {
              "x": 906.77586,
              "y": 604.92371
            },
            {
              "x": 905.54996,
              "y": 605.689
            },
            {
              "x": 903.80638,
              "y": 606.09177
            },
            {
              "x": 901.55134,
              "y": 606.09177
            },
            {
              "x": 899.58408,
              "y": 606.09177
            },
            {
              "x": 897.41597,
              "y": 605.04786
            },
            {
              "x": 896.41655,
              "y": 603.71767
            },
            {
              "x": 896.35038,
              "y": 603.6296
            },
            {
              "x": 897.17655,
              "y": 603.88089
            },
            {
              "x": 897.48351,
              "y": 603.71768
            },
            {
              "x": 896.91594,
              "y": 603.63016
            },
            {
              "x": 896.19593,
              "y": 602.98749
            },
            {
              "x": 896.41655,
              "y": 602.98749
            },
            {
              "x": 896.88366,
              "y": 602.9875
            },
            {
              "x": 896.82359,
              "y": 602.782
            },
            {
              "x": 896.78374,
              "y": 602.7594
            },
            {
              "x": 895.97316,
              "y": 602.29942
            },
            {
              "x": 895.8028,
              "y": 601.20491
            },
            {
              "x": 895.71833,
              "y": 600.58742
            }
          ]
        },
        "closePath": true
      },
      "s": {
        "shape.background": "rgb(15,14,12)",
        "shape.border.color": "rgb(0,0,0)",
        "shape.border.width": 1
      }
    },
    {
      "c": "ht.Shape",
      "i": 5963,
      "p": {
        "parent": {
          "__i": 5946
        },
        "rotation": 3.14159,
        "position": {
          "x": 902.77974,
          "y": 603.66065
        },
        "width": 15.33544,
        "height": 11.57751,
        "segments": {
          "__a": [
            1,
            4,
            4,
            4,
            4,
            4,
            4,
            4,
            4,
            4,
            4,
            4,
            4,
            4,
            4,
            4,
            4,
            4,
            4
          ]
        },
        "points": {
          "__a": [
            {
              "x": 895.11202,
              "y": 602.33946
            },
            {
              "x": 895.11202,
              "y": 602.33946
            },
            {
              "x": 895.64807,
              "y": 602.34431
            },
            {
              "x": 895.74488,
              "y": 601.81054
            },
            {
              "x": 896.00341,
              "y": 600.38529
            },
            {
              "x": 897.53598,
              "y": 600.29604
            },
            {
              "x": 897.70169,
              "y": 600.09729
            },
            {
              "x": 898.25623,
              "y": 599.4322
            },
            {
              "x": 897.05204,
              "y": 598.5126
            },
            {
              "x": 897.17355,
              "y": 598.35912
            },
            {
              "x": 897.55927,
              "y": 597.87189
            },
            {
              "x": 898.86023,
              "y": 599.48472
            },
            {
              "x": 899.4444,
              "y": 600.09729
            },
            {
              "x": 901.46182,
              "y": 602.21283
            },
            {
              "x": 900.22789,
              "y": 600.27787
            },
            {
              "x": 900.22789,
              "y": 599.78185
            },
            {
              "x": 900.54985,
              "y": 599.45568
            },
            {
              "x": 902.64076,
              "y": 598.98957
            },
            {
              "x": 904.22533,
              "y": 599.78186
            },
            {
              "x": 904.5937,
              "y": 599.96605
            },
            {
              "x": 903.36768,
              "y": 598.92502
            },
            {
              "x": 903.75716,
              "y": 598.95356
            },
            {
              "x": 906.92854,
              "y": 599.18603
            },
            {
              "x": 908.78127,
              "y": 600.40177
            },
            {
              "x": 909.70399,
              "y": 601.75011
            },
            {
              "x": 909.74934,
              "y": 601.81638
            },
            {
              "x": 909.99616,
              "y": 602.69346
            },
            {
              "x": 910.05112,
              "y": 602.87659
            },
            {
              "x": 910.17019,
              "y": 603.27331
            },
            {
              "x": 910.44747,
              "y": 603.64038
            },
            {
              "x": 910.44747,
              "y": 603.99839
            },
            {
              "x": 910.44746,
              "y": 605.15388
            },
            {
              "x": 910.14529,
              "y": 607.44782
            },
            {
              "x": 908.96483,
              "y": 608.13295
            },
            {
              "x": 909.18724,
              "y": 607.44782
            },
            {
              "x": 908.71603,
              "y": 607.38549
            },
            {
              "x": 908.64754,
              "y": 607.44781
            },
            {
              "x": 907.2106,
              "y": 608.75552
            },
            {
              "x": 904.96576,
              "y": 609.4494
            },
            {
              "x": 901.92427,
              "y": 609.4494
            },
            {
              "x": 899.62675,
              "y": 609.4494
            },
            {
              "x": 897.09467,
              "y": 608.10099
            },
            {
              "x": 895.92746,
              "y": 606.3828
            },
            {
              "x": 895.85018,
              "y": 606.26903
            },
            {
              "x": 896.81506,
              "y": 606.59362
            },
            {
              "x": 897.17354,
              "y": 606.3828
            },
            {
              "x": 896.51069,
              "y": 606.26975
            },
            {
              "x": 895.66981,
              "y": 605.43963
            },
            {
              "x": 895.92747,
              "y": 605.43963
            },
            {
              "x": 896.47299,
              "y": 605.43963
            },
            {
              "x": 896.40284,
              "y": 605.1742
            },
            {
              "x": 896.35629,
              "y": 605.14499
            },
            {
              "x": 895.40964,
              "y": 604.55084
            },
            {
              "x": 895.21068,
              "y": 603.13707
            },
            {
              "x": 895.11202,
              "y": 602.33946
            }
          ]
        },
        "closePath": true
      },
      "s": {
        "shape.background": "rgba(28,26,22,0.2)",
        "shape.border.color": "rgb(0,0,0)"
      }
    },
    {
      "c": "ht.Node",
      "i": 5964,
      "p": {
        "parent": {
          "__i": 5946
        },
        "position": {
          "x": 898.79832,
          "y": 616.92673
        },
        "width": 5.87044,
        "height": 2.48657
      },
      "s": {
        "shape": "arc",
        "shape.background": "rgb(250,218,160)",
        "shape.border.width": 1,
        "shape.border.color": "rgb(0,0,0)",
        "shape.arc.from": 0,
        "shape.arc.to": 3.36848,
        "shape.arc.close": false,
        "shape.border.cap": "round"
      }
    },
    {
      "c": "ht.Node",
      "i": 5965,
      "p": {
        "parent": {
          "__i": 5946
        },
        "position": {
          "x": 898.79832,
          "y": 615.03879
        },
        "width": 1.3932,
        "height": 2.84786
      },
      "s": {
        "shape": "oval",
        "shape.background": "rgb(240,134,110)",
        "shape.border.color": "#979797",
        "shape.arc.from": 6.28319,
        "shape.arc.to": 3.14159,
        "shape.arc.oval": true
      }
    },
    {
      "c": "ht.Node",
      "i": 5966,
      "p": {
        "parent": {
          "__i": 5946
        },
        "position": {
          "x": 898.80013,
          "y": 615.88743
        },
        "width": 0.97876,
        "height": 1.15055
      },
      "s": {
        "shape": "oval",
        "shape.background": "rgb(222,109,109)",
        "shape.border.color": "#979797",
        "shape.arc.from": 0,
        "shape.arc.to": 3.14159,
        "shape.arc.oval": true
      }
    },
    {
      "c": "ht.Shape",
      "i": 5967,
      "p": {
        "parent": {
          "__i": 5946
        },
        "rotation": 0.47923,
        "position": {
          "x": 903.17384,
          "y": 609.19177
        },
        "width": 2.877,
        "height": 1.80872,
        "segments": {
          "__a": [
            1,
            4,
            4
          ]
        },
        "points": {
          "__a": [
            {
              "x": 901.85696,
              "y": 609.63138
            },
            {
              "x": 901.73534,
              "y": 610.09613
            },
            {
              "x": 902.31526,
              "y": 610.01447
            },
            {
              "x": 902.38366,
              "y": 609.92602
            },
            {
              "x": 903.17181,
              "y": 608.90688
            },
            {
              "x": 904.61234,
              "y": 608.28741
            },
            {
              "x": 904.61234,
              "y": 608.28741
            }
          ]
        }
      },
      "s": {
        "shape.background": null,
        "shape.border.color": "rgb(0,0,0)",
        "shape.border.width": 1,
        "shape.border.cap": "round"
      }
    },
    {
      "c": "ht.Shape",
      "i": 5968,
      "p": {
        "parent": {
          "__i": 5946
        },
        "rotation": 0.10218,
        "position": {
          "x": 896.61194,
          "y": 608.38962
        },
        "width": 3.05417,
        "height": 1.0285,
        "segments": {
          "__a": [
            1,
            4,
            4
          ]
        },
        "points": {
          "__a": [
            {
              "x": 898.13903,
              "y": 608.39988
            },
            {
              "x": 898.08536,
              "y": 608.90387
            },
            {
              "x": 897.84105,
              "y": 608.77935
            },
            {
              "x": 897.72736,
              "y": 608.70868
            },
            {
              "x": 896.54559,
              "y": 607.97417
            },
            {
              "x": 895.08485,
              "y": 607.87537
            },
            {
              "x": 895.08485,
              "y": 607.87537
            }
          ]
        }
      },
      "s": {
        "shape.background": null,
        "shape.border.color": "rgb(0,0,0)",
        "shape.border.width": 1,
        "shape.border.cap": "round"
      }
    },
    {
      "c": "ht.Node",
      "i": 5969,
      "p": {
        "parent": {
          "__i": 5946
        },
        "rotation": 0.19892,
        "position": {
          "x": 895.17026,
          "y": 611.5096
        },
        "anchor": {
          "x": 0.7275,
          "y": 0.5
        },
        "width": 3.21206,
        "height": 1.0064
      },
      "s": {
        "shape": "oval",
        "shape.background": "rgb(240,139,89)",
        "shape.border.color": "rgb(0,0,0)"
      }
    },
    {
      "c": "ht.Node",
      "i": 5970,
      "p": {
        "parent": {
          "__i": 5946
        },
        "rotation": 0.19892,
        "position": {
          "x": 903.30414,
          "y": 610.89136
        },
        "width": 1.33348,
        "height": 1.48538
      },
      "s": {
        "shape": "oval",
        "shape.background": "rgb(56,49,49)",
        "shape.border.width": 1,
        "shape.border.color": "rgb(0,0,0)"
      }
    },
    {
      "c": "ht.Shape",
      "i": 5971,
      "p": {
        "parent": {
          "__i": 5946
        },
        "rotation": 0.19892,
        "position": {
          "x": 902.7803,
          "y": 610.65918
        },
        "width": 1.09384,
        "height": 1,
        "segments": {
          "__a": [
            1,
            2,
            2,
            2
          ]
        },
        "points": {
          "__a": [
            {
              "x": 902.27713,
              "y": 610.1814
            },
            {
              "x": 903.32722,
              "y": 610.71474
            },
            {
              "x": 902.43027,
              "y": 611.15918
            },
            {
              "x": 902.23338,
              "y": 610.15918
            }
          ]
        }
      },
      "s": {
        "shape.background": "rgb(250,218,160)",
        "shape.border.color": "#979797"
      }
    },
    {
      "c": "ht.Node",
      "i": 5972,
      "p": {
        "parent": {
          "__i": 5946
        },
        "rotation": 0.19892,
        "position": {
          "x": 896.54966,
          "y": 610.23888
        },
        "width": 1.33348,
        "height": 1.48538
      },
      "s": {
        "shape": "oval",
        "shape.background": "rgb(56,49,49)",
        "shape.border.width": 1,
        "shape.border.color": "rgb(0,0,0)"
      }
    },
    {
      "c": "ht.Shape",
      "i": 5973,
      "p": {
        "parent": {
          "__i": 5946
        },
        "rotation": 0.15506,
        "position": {
          "x": 895.86309,
          "y": 610.03155
        },
        "width": 1.09384,
        "height": 1,
        "segments": {
          "__a": [
            1,
            2,
            2,
            2
          ]
        },
        "points": {
          "__a": [
            {
              "x": 895.35993,
              "y": 609.55378
            },
            {
              "x": 896.41002,
              "y": 610.08711
            },
            {
              "x": 895.51307,
              "y": 610.53155
            },
            {
              "x": 895.31618,
              "y": 609.53155
            }
          ]
        }
      },
      "s": {
        "shape.background": "rgb(250,218,160)",
        "shape.border.color": "#979797"
      }
    },
    {
      "c": "ht.Node",
      "i": 5974,
      "p": {
        "parent": {
          "__i": 5946
        },
        "rotation": 0.19892,
        "position": {
          "x": 905.64382,
          "y": 612.94861
        },
        "anchor": {
          "x": 0.7275,
          "y": 0.5
        },
        "width": 3.21206,
        "height": 1.0064
      },
      "s": {
        "shape": "oval",
        "shape.background": "rgb(240,139,89)",
        "shape.border.color": "rgb(0,0,0)"
      }
    },
    {
      "c": "ht.Node",
      "i": 5975,
      "p": {
        "parent": {
          "__i": 5946
        },
        "position": {
          "x": 898.43015,
          "y": 613.98398
        },
        "width": 0.59427,
        "height": 0.73824
      },
      "s": {
        "shape": "roundRect",
        "shape.background": "rgb(255,255,255)",
        "shape.border.color": "#979797"
      }
    },
    {
      "c": "ht.Node",
      "i": 5976,
      "p": {
        "parent": {
          "__i": 5946
        },
        "position": {
          "x": 899.12475,
          "y": 613.98398
        },
        "width": 0.65285,
        "height": 0.73824
      },
      "s": {
        "shape": "roundRect",
        "shape.background": "rgb(255,255,255)",
        "shape.border.color": "#979797"
      }
    },
    {
      "c": "ht.Shape",
      "i": 5977,
      "p": {
        "parent": {
          "__i": 5946
        },
        "rotation": 0.19892,
        "position": {
          "x": 895.2667,
          "y": 610.00143
        },
        "width": 1.41465,
        "height": 1.20309,
        "segments": {
          "__a": [
            1,
            2,
            2,
            2
          ]
        },
        "points": {
          "__a": [
            {
              "x": 894.55937,
              "y": 609.39988
            },
            {
              "x": 895.97403,
              "y": 609.94323
            },
            {
              "x": 895.04232,
              "y": 610.60297
            },
            {
              "x": 894.55937,
              "y": 609.39988
            }
          ]
        }
      },
      "s": {
        "shape.background": "rgb(255,255,255)",
        "shape.border.color": "#979797"
      }
    },
    {
      "c": "ht.Shape",
      "i": 5978,
      "p": {
        "parent": {
          "__i": 5946
        },
        "rotation": 0.19892,
        "position": {
          "x": 902.30779,
          "y": 610.53513
        },
        "width": 1.03263,
        "height": 1.17406,
        "segments": {
          "__a": [
            1,
            2,
            2,
            2
          ]
        },
        "points": {
          "__a": [
            {
              "x": 901.79147,
              "y": 610.49025
            },
            {
              "x": 902.09826,
              "y": 609.9481
            },
            {
              "x": 902.8241,
              "y": 610.62884
            },
            {
              "x": 902.07849,
              "y": 611.12216
            }
          ]
        }
      },
      "s": {
        "shape.background": "rgb(255,255,255)",
        "shape.border.color": "#979797"
      }
    },
    {
      "c": "ht.Shape",
      "i": 5979,
      "p": {
        "parent": {
          "__i": 5946
        },
        "position": {
          "x": 908.64574,
          "y": 603.28718
        },
        "width": 4.704,
        "height": 2.13012,
        "segments": {
          "__a": [
            1,
            4,
            4
          ]
        },
        "points": {
          "__a": [
            {
              "x": 906.29375,
              "y": 602.6172
            },
            {
              "x": 906.85221,
              "y": 602.22212
            },
            {
              "x": 907.87072,
              "y": 602.82177
            },
            {
              "x": 908.38645,
              "y": 603.25122
            },
            {
              "x": 909.62104,
              "y": 604.27927
            },
            {
              "x": 910.99775,
              "y": 604.35224
            },
            {
              "x": 910.99775,
              "y": 604.35224
            }
          ]
        }
      },
      "s": {
        "shape.background": null,
        "shape.border.color": "rgb(0,0,0)",
        "shape.border.width": 1,
        "shape.border.cap": "round"
      }
    },
    {
      "c": "ht.Shape",
      "i": 5980,
      "p": {
        "parent": {
          "__i": 5946
        },
        "position": {
          "x": 905.60888,
          "y": 603.96046
        },
        "width": 4.08381,
        "height": 2.27744,
        "segments": {
          "__a": [
            1,
            4
          ]
        },
        "points": {
          "__a": [
            {
              "x": 907.65079,
              "y": 605.09918
            },
            {
              "x": 904.15685,
              "y": 604.7244
            },
            {
              "x": 903.56698,
              "y": 602.82173
            },
            {
              "x": 903.56698,
              "y": 602.82173
            }
          ]
        }
      },
      "s": {
        "shape.background": null,
        "shape.border.color": "rgb(0,0,0)",
        "shape.border.width": 1,
        "shape.border.cap": "round"
      }
    },
    {
      "c": "ht.Shape",
      "i": 5981,
      "p": {
        "parent": {
          "__i": 5946
        },
        "position": {
          "x": 907.9053,
          "y": 612.75206
        },
        "width": 1,
        "height": 1,
        "segments": {
          "__a": [
            1,
            2
          ]
        },
        "points": {
          "__a": [
            {
              "x": 908.40529,
              "y": 612.9857
            },
            {
              "x": 907.40529,
              "y": 612.51841
            }
          ]
        }
      },
      "s": {
        "shape.background": null,
        "shape.border.color": "rgb(0,0,0)",
        "shape.border.width": 1,
        "shape.border.cap": "round"
      }
    },
    {
      "c": "ht.Shape",
      "i": 5982,
      "p": {
        "parent": {
          "__i": 5946
        },
        "position": {
          "x": 908.05365,
          "y": 613.70481
        },
        "width": 1,
        "height": 1,
        "segments": {
          "__a": [
            1,
            2
          ]
        },
        "points": {
          "__a": [
            {
              "x": 908.46861,
              "y": 613.83106
            },
            {
              "x": 907.6387,
              "y": 613.57856
            }
          ]
        }
      },
      "s": {
        "shape.background": null,
        "shape.border.color": "rgb(0,0,0)",
        "shape.border.width": 1,
        "shape.border.cap": "round"
      }
    },
    {
      "c": "ht.Shape",
      "i": 5983,
      "p": {
        "parent": {
          "__i": 5946
        },
        "position": {
          "x": 907.44332,
          "y": 607.52587
        },
        "width": 1.68405,
        "height": 1,
        "segments": {
          "__a": [
            1,
            2
          ]
        },
        "points": {
          "__a": [
            {
              "x": 908.28534,
              "y": 607.13686
            },
            {
              "x": 906.60129,
              "y": 607.91487
            }
          ]
        }
      },
      "s": {
        "shape.background": null,
        "shape.border.color": "rgb(0,0,0)",
        "shape.border.width": 1,
        "shape.border.cap": "round"
      }
    },
    {
      "c": "ht.Shape",
      "i": 5984,
      "p": {
        "parent": {
          "__i": 5946
        },
        "position": {
          "x": 900.48834,
          "y": 602.43099
        },
        "width": 4.40718,
        "height": 2.02236,
        "segments": {
          "__a": [
            1,
            2,
            2,
            2,
            2
          ]
        },
        "points": {
          "__a": [
            {
              "x": 898.28475,
              "y": 602.25222
            },
            {
              "x": 900.3958,
              "y": 603.02581
            },
            {
              "x": 900.90524,
              "y": 602.25222
            },
            {
              "x": 902.69193,
              "y": 603.44217
            },
            {
              "x": 901.94622,
              "y": 601.41981
            }
          ]
        }
      },
      "s": {
        "shape.background": null,
        "shape.border.color": "rgb(118,132,140)",
        "shape.border.width": 1,
        "shape.border.cap": "round"
      }
    },
    {
      "c": "ht.Shape",
      "i": 5985,
      "p": {
        "parent": {
          "__i": 5946
        },
        "rotation": 3.6089,
        "position": {
          "x": 908.37174,
          "y": 613.46655
        },
        "width": 7.33215,
        "height": 8.05425,
        "segments": {
          "__a": [
            1,
            4,
            4
          ]
        },
        "points": {
          "__a": [
            {
              "x": 906.10758,
              "y": 609.81535
            },
            {
              "x": 906.10758,
              "y": 609.81535
            },
            {
              "x": 912.03782,
              "y": 609.43943
            },
            {
              "x": 908.94252,
              "y": 612.96596
            },
            {
              "x": 904.96846,
              "y": 617.49368
            },
            {
              "x": 904.70567,
              "y": 610.52275
            },
            {
              "x": 904.70567,
              "y": 610.52275
            }
          ]
        }
      },
      "s": {
        "shape.background": "rgb(250,218,160)",
        "shape.border.color": "rgb(0,0,0)",
        "shape.border.width": 1,
        "shape.border.cap": "round"
      }
    },
    {
      "c": "ht.Shape",
      "i": 5986,
      "p": {
        "parent": {
          "__i": 5946
        },
        "position": {
          "x": 890.41447,
          "y": 638.07019
        },
        "width": 10.15045,
        "height": 6.33842,
        "segments": {
          "__a": [
            1,
            2,
            2,
            2,
            2
          ]
        },
        "points": {
          "__a": [
            {
              "x": 892.63491,
              "y": 636.36011
            },
            {
              "x": 895.48969,
              "y": 641.2394
            },
            {
              "x": 888.25346,
              "y": 641.2394
            },
            {
              "x": 891.12667,
              "y": 639.58997
            },
            {
              "x": 885.33924,
              "y": 634.90098
            }
          ]
        }
      },
      "s": {
        "shape.background": null,
        "shape.border.color": "rgb(0,0,0)",
        "shape.border.width": 1,
        "shape.border.cap": "round"
      }
    },
    {
      "c": "ht.Shape",
      "i": 5987,
      "p": {
        "parent": {
          "__i": 5946
        },
        "position": {
          "x": 906.81988,
          "y": 641.71926
        },
        "width": 6.99634,
        "height": 10.27497,
        "segments": {
          "__a": [
            1,
            2,
            2,
            2,
            2
          ]
        },
        "points": {
          "__a": [
            {
              "x": 906.44862,
              "y": 636.58177
            },
            {
              "x": 910.31805,
              "y": 643.4912
            },
            {
              "x": 907.08982,
              "y": 646.85674
            },
            {
              "x": 907.08982,
              "y": 643.4912
            },
            {
              "x": 903.3217,
              "y": 639.40709
            }
          ]
        }
      },
      "s": {
        "shape.background": null,
        "shape.border.color": "rgb(0,0,0)",
        "shape.border.width": 1,
        "shape.border.cap": "round"
      }
    },
    {
      "c": "ht.Shape",
      "i": 5988,
      "p": {
        "parent": {
          "__i": 5946
        },
        "position": {
          "x": 896.38455,
          "y": 629.7177
        },
        "width": 15.13764,
        "height": 7.87831,
        "segments": {
          "__a": [
            1,
            2,
            2,
            2,
            2
          ]
        },
        "points": {
          "__a": [
            {
              "x": 903.95337,
              "y": 628.39809
            },
            {
              "x": 899.03358,
              "y": 633.65686
            },
            {
              "x": 894.82294,
              "y": 633.65686
            },
            {
              "x": 888.81573,
              "y": 625.77855
            },
            {
              "x": 902.51916,
              "y": 628.39809
            }
          ]
        }
      },
      "s": {
        "shape.background": null,
        "shape.border.color": "rgb(0,0,0)",
        "shape.border.width": 1,
        "shape.border.cap": "round"
      }
    },
    {
      "c": "ht.Shape",
      "i": 5989,
      "p": {
        "parent": {
          "__i": 5946
        },
        "position": {
          "x": 902.97549,
          "y": 629.47673
        },
        "width": 18.73675,
        "height": 22.04022,
        "segments": {
          "__a": [
            1,
            2,
            2,
            2,
            2,
            2,
            2,
            2,
            2,
            2,
            2,
            2,
            2,
            2,
            2,
            2,
            2,
            2,
            2
          ]
        },
        "points": {
          "__a": [
            {
              "x": 910.63824,
              "y": 618.45662
            },
            {
              "x": 912.34386,
              "y": 624.45969
            },
            {
              "x": 905.22037,
              "y": 623.3184
            },
            {
              "x": 904.08869,
              "y": 628.79042
            },
            {
              "x": 906.65561,
              "y": 636.0802
            },
            {
              "x": 908.37123,
              "y": 640.49684
            },
            {
              "x": 905.22037,
              "y": 637.64628
            },
            {
              "x": 902.84777,
              "y": 638.21651
            },
            {
              "x": 905.26337,
              "y": 634.01103
            },
            {
              "x": 903.37566,
              "y": 631.20548
            },
            {
              "x": 899.16876,
              "y": 633.71035
            },
            {
              "x": 900.47519,
              "y": 630.60195
            },
            {
              "x": 897.93241,
              "y": 628.79042
            },
            {
              "x": 901.23656,
              "y": 628.79042
            },
            {
              "x": 893.60711,
              "y": 626.0096
            },
            {
              "x": 899.9531,
              "y": 626.86523
            },
            {
              "x": 901.87829,
              "y": 624.45969
            },
            {
              "x": 905.22037,
              "y": 622.25241
            },
            {
              "x": 910.63824,
              "y": 622.25241
            }
          ]
        }
      },
      "s": {
        "shape.background": "rgba(12,53,122,0.20)",
        "shape.border.color": "rgb(0,0,0)"
      }
    },
    {
      "c": "ht.Shape",
      "i": 5990,
      "p": {
        "parent": {
          "__i": 5946
        },
        "position": {
          "x": 890.50869,
          "y": 632.60491
        },
        "width": 8.96927,
        "height": 13.45286,
        "segments": {
          "__a": [
            1,
            2,
            2,
            2,
            2,
            2,
            2,
            2,
            2,
            2
          ]
        },
        "points": {
          "__a": [
            {
              "x": 889.16583,
              "y": 625.87848
            },
            {
              "x": 894.99333,
              "y": 633.70654
            },
            {
              "x": 892.25694,
              "y": 635.42945
            },
            {
              "x": 894.13187,
              "y": 639.33134
            },
            {
              "x": 890.28066,
              "y": 635.42945
            },
            {
              "x": 886.02405,
              "y": 635.42945
            },
            {
              "x": 891.59818,
              "y": 633.70654
            },
            {
              "x": 890.97072,
              "y": 631.93295
            },
            {
              "x": 892.25694,
              "y": 632.43969
            },
            {
              "x": 889.16583,
              "y": 625.87848
            }
          ]
        }
      },
      "s": {
        "shape.background": "rgba(12,53,122,0.20)",
        "shape.border.color": "rgb(0,0,0)"
      }
    },
    {
      "c": "ht.Shape",
      "i": 5991,
      "p": {
        "parent": {
          "__i": 5946
        },
        "position": {
          "x": 889.25682,
          "y": 617.08045
        },
        "width": 8.0871,
        "height": 13.89474,
        "segments": {
          "__a": [
            1,
            2,
            2,
            2,
            2,
            2,
            2,
            2
          ]
        },
        "points": {
          "__a": [
            {
              "x": 887.47287,
              "y": 610.13308
            },
            {
              "x": 893.30037,
              "y": 617.96114
            },
            {
              "x": 892.43891,
              "y": 618.75774
            },
            {
              "x": 890.56398,
              "y": 624.02783
            },
            {
              "x": 891.09144,
              "y": 617.96114
            },
            {
              "x": 885.21327,
              "y": 610.13308
            },
            {
              "x": 890.56398,
              "y": 616.6943
            },
            {
              "x": 887.47287,
              "y": 610.13308
            }
          ]
        }
      },
      "s": {
        "shape.background": "rgba(12,53,122,0.20)",
        "shape.border.color": "rgb(0,0,0)"
      }
    },
    {
      "c": "ht.Shape",
      "i": 5992,
      "p": {
        "parent": {
          "__i": 5946
        },
        "position": {
          "x": 895.50857,
          "y": 621.90948
        },
        "width": 1,
        "height": 3.38467,
        "segments": {
          "__a": [
            1,
            2
          ]
        },
        "points": {
          "__a": [
            {
              "x": 896.00857,
              "y": 620.21714
            },
            {
              "x": 895.00857,
              "y": 623.60181
            }
          ]
        }
      },
      "s": {
        "shape.background": null,
        "shape.border.color": "rgb(252,33,33)",
        "shape.border.width": 1,
        "shape.border.cap": "round"
      }
    },
    {
      "c": "ht.Shape",
      "i": 5993,
      "p": {
        "parent": {
          "__i": 5946
        },
        "position": {
          "x": 895.75672,
          "y": 622.63409
        },
        "width": 1.74156,
        "height": 2.53642,
        "segments": {
          "__a": [
            1,
            2,
            2
          ]
        },
        "points": {
          "__a": [
            {
              "x": 896.31829,
              "y": 623.9023
            },
            {
              "x": 896.6275,
              "y": 621.6945
            },
            {
              "x": 894.88594,
              "y": 621.36587
            }
          ]
        }
      },
      "s": {
        "shape.background": null,
        "shape.border.color": "rgb(252,33,33)",
        "shape.border.width": 1,
        "shape.border.cap": "round"
      }
    },
    {
      "c": "ht.Shape",
      "i": 5994,
      "p": {
        "parent": {
          "__i": 5946
        },
        "rotation": 4.83795,
        "position": {
          "x": 898.72729,
          "y": 622.69431
        },
        "width": 2.18154,
        "height": 2.38877,
        "segments": {
          "__a": [
            1,
            2,
            2,
            2,
            2
          ]
        },
        "points": {
          "__a": [
            {
              "x": 899.1797,
              "y": 623.8887
            },
            {
              "x": 899.48891,
              "y": 621.68091
            },
            {
              "x": 897.96528,
              "y": 621.49993
            },
            {
              "x": 897.63652,
              "y": 622.91828
            },
            {
              "x": 899.81805,
              "y": 623.29419
            }
          ]
        }
      },
      "s": {
        "shape.background": null,
        "shape.border.color": "rgb(252,33,33)",
        "shape.border.width": 1,
        "shape.border.cap": "round"
      }
    },
    {
      "c": "ht.Shape",
      "i": 5995,
      "p": {
        "parent": {
          "__i": 5946
        },
        "position": {
          "x": 918.32083,
          "y": 636.70115
        },
        "width": 5.2852,
        "height": 5.27038,
        "segments": {
          "__a": [
            1,
            2
          ]
        },
        "points": {
          "__a": [
            {
              "x": 920.96342,
              "y": 639.33634
            },
            {
              "x": 915.67823,
              "y": 634.06595
            }
          ]
        }
      },
      "s": {
        "shape.background": null,
        "shape.border.color": "rgb(0,0,0)",
        "shape.border.width": 1,
        "shape.border.cap": "round"
      }
    }
  ],
  "contentRect": {
    "x": 172.75676,
    "y": -63.79075,
    "width": 951.21704,
    "height": 744.6536
  }
}