{
  "dataBindings": [
    {
      "attr": "clock.hour",
      "valueType": "Number",
      "name": "ClockHours"
    },
    {
      "attr": "clock.minute",
      "valueType": "Number",
      "name": "ClockMinutes"
    },
    {
      "attr": "clock.second",
      "valueType": "Number",
      "name": "ClockSeconds"
    }
  ],
  "width": 100,
  "height": 100,
  "fitSize": false,
  "comps": [
    {
      "type": "oval",
      "borderWidth": 2,
      "borderColor": "#DBEEFD",
      "dashPattern": [
        16,
        16
      ],
      "rect": [
        1,
        1,
        98,
        98
      ]
    },
    {
      "type": "components/clock/clock-pointer.json",
      "rect": [
        0,
        0,
        100,
        100
      ],
      "hours": {
        "func": "attr@clock.hour"
      },
      "minutes": {
        "func": "attr@clock.minute"
      },
      "seconds": {
        "func": "attr@clock.second"
      },
      "numberVisible": false
    }
  ]
}