{
  "dataBindings": [
    {
      "attr": "clock.hour",
      "valueType": "Number",
      "name": "ClockHours"
    },
    {
      "attr": "clock.minute",
      "valueType": "Number",
      "name": "ClockMinutes"
    },
    {
      "attr": "clock.second",
      "valueType": "Number",
      "name": "ClockSeconds"
    }
  ],
  "width": 100,
  "height": 100,
  "fitSize": false,
  "clip": "__ht__function(g, width, height, data, view, image) {\ng.beginPath();\ng.arc(width / 2, height / 2, Math.min(width, height) * 0.5, 0, Math.PI * 2, true);\ng.clip();\n}",
  "comps": [
    {
      "type": "image",
      "name": "assets/vintage.png",
      "rect": [
        0,
        0,
        100,
        100
      ]
    },
    {
      "type": "components/clock/clock-pointer.json",
      "rect": [
        0,
        0,
        100,
        100
      ],
      "hours": {
        "func": "attr@clock.hour"
      },
      "minutes": {
        "func": "attr@clock.minute"
      },
      "seconds": {
        "func": "attr@clock.second"
      },
      "hourColor": "rgb(0,0,0)",
      "minuteColor": "rgb(117,102,76)",
      "secondColor": "rgb(179,142,79)",
      "numberVisible": false
    }
  ]
}