{
  "modified": "Fri Dec 14 2018 14:52:45 GMT+0800 (中国标准时间)",
  "width": 100,
  "height": 100,
  "snapshotURL": "",
  "func": "__ht__function(g, rect, comp, data, view) {\nvar fontColor = comp.getValue('lineColor');\r\nvar lineColor = comp.getValue('fontColor');\r\n\r\ng.lineWidth = 1;\r\ng.lineCap = 'butt';\r\ng.strokeStyle = lineColor;\r\ng.fillStyle = lineColor;\r\ng.save();\r\n\r\nvar items = comp.getValue('items');\r\n\r\nvar width = rect.width;\r\nvar height = rect.height;\r\n\r\n//等分数\r\nvar spWidth = width / (items.length-1);\r\n\r\n//g.translate(0,100);\r\n\r\n//水平轴\r\ng.beginPath();\r\ng.moveTo(0,height);\r\ng.lineTo(width,height);\r\ng.stroke();\r\n\r\ng.textAlign = 'center';\r\ng.textBaseline = 'middle';\r\ng.font = comp.getValue('fontStyle');;\r\ng.fillStyle = true;\r\n\r\ng.strokeStyle = fontColor;\r\ng.fillStyle = fontColor;\r\n\r\n//对象均分\r\nfor(var i=0;i<items.length;i++){\r\n    var item = items[i];\r\n    g.fillText(item, i * spWidth, height + 8);\r\n}\r\n\r\ng.restore();\n}",
  "properties": {
    "items": {
      "valueType": "ObjectArray",
      "defaultValue": [
        "香蕉",
        "苹果",
        "葡萄"
      ]
    },
    "fontStyle": {
      "valueType": "String",
      "defaultValue": "8px Arial"
    },
    "lineColor": {
      "valueType": "String",
      "defaultValue": "rgb(0,0,0)"
    },
    "fontColor": {
      "valueType": "String",
      "defaultValue": "rgb(0,0,0)"
    }
  }
}