{
  "modified": "Wed Dec 19 2018 16:11:54 GMT+0800 (中国标准时间)",
  "width": 100,
  "height": 100,
  "snapshotURL": "",
  "func": "__ht__function(g, rect, comp, data, view) {\ng.lineWidth = 1;\r\ng.lineCap = 'butt';\r\ng.strokeStyle = 'rgb(0,0,0)';\r\ng.fillStyle = 'rgb(0,0,0)';\r\ng.save();\r\n\r\nvar width = rect.width;\r\n\r\nvar startAngle = comp.getValue('startAngle');\r\nvar endAngle = comp.getValue('endAngle');\r\nvar sScaleNum = comp.getValue('sScaleNum');\r\nvar bScaleNum = comp.getValue('bScaleNum');\r\nvar maxValue = comp.getValue('maxValue');\r\nvar activeValue = comp.getValue('activeValue');\r\nvar borderList = comp.getValue('borderList');\r\nvar colorList = comp.getValue('colorList');\r\n\r\n//总刻度数\r\nvar scaleNum = (bScaleNum-1)*(sScaleNum+1) + 1;\r\n//偏移角度\r\nvar divRo = (endAngle-startAngle) / (scaleNum-1);\r\n\r\ng.translate(width/2,width/2);\r\n\r\n//画原盘\r\nif(colorList.length == 0){\r\n    g.beginPath();\r\n    g.strokeStyle = 'rgb(0,0,0)';\r\n    g.fillStyle = 'rgb(0,0,0)';\r\n    g.arc(0,0,width/2,startAngle*Math.PI,endAngle*Math.PI);\r\n    g.stroke();\r\n}else if(colorList.length == 1){\r\n    g.beginPath();\r\n    g.strokeStyle = colorList[0];\r\n    g.fillStyle = colorList[0];\r\n    g.arc(0,0,width/2,startAngle*Math.PI,endAngle*Math.PI);\r\n    g.stroke();\r\n}else{\r\n    for(var i=0;i<colorList.length;i++){\r\n        g.beginPath();\r\n        g.strokeStyle = colorList[i];\r\n        g.fillStyle = colorList[i];\r\n        var borderTop = borderList[i];\r\n        var borderBottom = i==0?0:borderList[i-1];\r\n        g.arc(0,0,width/2,startAngle*Math.PI,startAngle*Math.PI + (borderTop-borderBottom)*(endAngle-startAngle)*Math.PI);\r\n        g.rotate((borderTop-borderBottom)*(endAngle-startAngle)*Math.PI);\r\n        g.stroke();\r\n    }\r\n    g.rotate(-(endAngle-startAngle)*Math.PI);\r\n}\r\n\r\ng.strokeStyle = comp.getValue('fontColor');\r\ng.fillStyle = comp.getValue('fontColor');\r\n\r\n//画刻度\r\ng.rotate(-(1-startAngle)*Math.PI);\r\n\r\nfor(var i=0;i<scaleNum;i++){\r\n    \r\n    g.beginPath();\r\n    g.moveTo(-width/2,0);\r\n\r\n    if(i % (sScaleNum+1) == 0){\r\n        g.lineTo(-width/2+4,0);\r\n    }else{\r\n        g.lineTo(-width/2+2,0);\r\n    }\r\n\r\n    g.stroke();\r\n\r\n    if(i !=(scaleNum-1)){\r\n        g.rotate(divRo*Math.PI);\r\n    }\r\n    \r\n}\r\n\r\n//旋转回垂直角度\r\ng.rotate(-(endAngle-startAngle+0.5)*Math.PI);\r\n\r\ng.textAlign = 'center';\r\ng.textBaseline = 'middle';\r\ng.font = '4px Arial';\r\ng.fillStyle = true;\r\n\r\nvar avgAngle = (endAngle-startAngle)/(bScaleNum-1);\r\nvar avgValue = maxValue/(bScaleNum-1);\r\n\r\n//刻度值\r\nfor(var i=0;i<bScaleNum;i++){   \r\n    g.fillText(avgValue*i, 0,-width/2+8);\r\n    if(i!=(bScaleNum-1)){\r\n        g.rotate(avgAngle*Math.PI);\r\n    }\r\n}\r\n\r\n//旋转回垂直角度\r\ng.rotate(-(endAngle-startAngle)*Math.PI);\r\n\r\ng.strokeStyle = comp.getValue('pinColor');\r\ng.fillStyle = comp.getValue('pinColor');\r\n\r\n//指针\r\ng.rotate(activeValue/maxValue*(endAngle-startAngle)*Math.PI);\r\ng.beginPath();\r\ng.moveTo(0,2);\r\ng.lineTo(-2,0);\r\ng.lineTo(0,-width/2+12);\r\ng.lineTo(2,0);\r\ng.lineTo(0,2);\r\ng.closePath();\r\ng.fill();\r\n\r\ng.restore();\n}",
  "properties": {
    "bScaleNum": {
      "valueType": "Number",
      "defaultValue": 11,
      "name": "大刻度数量"
    },
    "sScaleNum": {
      "valueType": "Number",
      "defaultValue": 4,
      "name": "小刻度数量"
    },
    "startAngle": {
      "valueType": "Number",
      "defaultValue": 0.75,
      "name": "起始角度"
    },
    "endAngle": {
      "valueType": "Number",
      "defaultValue": 2.25,
      "name": "结束角度"
    },
    "maxValue": {
      "valueType": "Number",
      "defaultValue": 100,
      "name": "最大值"
    },
    "activeValue": {
      "valueType": "Number",
      "defaultValue": 20,
      "name": "实际值"
    },
    "colorList": {
      "valueType": "ColorArray",
      "defaultValue": [
        "#56C160",
        "#4083CA",
        "#CD5D3A"
      ],
      "name": "颜色数组"
    },
    "borderList": {
      "valueType": "NumberArray",
      "defaultValue": [
        0.2,
        0.8,
        1
      ],
      "name": "边界数组"
    },
    "fontColor": {
      "valueType": "Color",
      "defaultValue": "#AAAFBB",
      "name": "刻度颜色"
    },
    "pinColor": {
      "valueType": "Color",
      "defaultValue": "#1B88F3",
      "name": "指针颜色"
    }
  }
}