{
  "dataBindings": [
    {
      "valueType": "Color",
      "name": "TableBackground",
      "attr": "table.background"
    },
    {
      "valueType": "Color",
      "name": "TableLineColor",
      "attr": "table.line.color"
    },
    {
      "valueType": "Number",
      "name": "TableRowCount",
      "attr": "table.row.count"
    },
    {
      "valueType": "Number",
      "name": "TableColumnCount",
      "attr": "table.column.count"
    },
    {
      "valueType": "Number",
      "name": "TableLineWidth",
      "attr": "table.line.width"
    }
  ],
  "width": 200,
  "height": 100,
  "fitSize": true,
  "comps": [
    {
      "type": "components/table/table.json",
      "rect": [
        0,
        0,
        200,
        100
      ],
      "borderColor": {
        "func": "attr@table.line.color",
        "value": "rgb(33,219,132)"
      },
      "borderWidth": {
        "func": "attr@table.line.width"
      },
      "background": {
        "func": "attr@table.background"
      },
      "rowCount": {
        "func": "attr@table.row.count"
      },
      "columnCount": {
        "func": "attr@table.column.count"
      },
      "rowLineColor": {
        "func": "attr@table.line.color",
        "value": "rgb(33,219,132)"
      },
      "columnLineColor": {
        "func": "attr@table.line.color",
        "value": "rgb(33,219,132)"
      },
      "rowLineWidth": {
        "func": "attr@table.line.width"
      },
      "columnLineWidth": {
        "func": "attr@table.line.width"
      }
    }
  ]
}