{
  "width": 650,
  "height": 380,
  "fitSize": false,
  "comps": [
    {
      "type": "percentageColumnChart",
      "label": "__ht__function (value, index, serie, data){ return '$' + value;}",
      "labelColor": "white",
      "labelFont": "10px Arial",
      "series": [
        {
          "color": "#20284C",
          "values": [
            471,
            482,
            567,
            525,
            590,
            637,
            780,
            679,
            848
          ]
        },
        {
          "color": "#303F74",
          "values": [
            275,
            290,
            361,
            328,
            346,
            341,
            440,
            423,
            505
          ]
        },
        {
          "color": "#7E93CD",
          "values": [
            82,
            104,
            115,
            118,
            135,
            154,
            198,
            197,
            247
          ]
        },
        {
          "color": "#A9B6DB",
          "values": [
            65,
            78,
            87,
            87,
            113,
            130,
            167,
            159,
            213
          ]
        }
      ],
      "rect": [
        10,
        160,
        630,
        160
      ]
    },
    {
      "type": "rect",
      "background": "#566CB0",
      "rect": [
        0,
        0,
        650,
        40
      ]
    },
    {
      "type": "text",
      "text": "Revenue by User Geography",
      "color": "white",
      "font": "20px Arial",
      "rect": [
        16,
        0,
        600,
        40
      ]
    },
    {
      "type": "text",
      "text": "In Millions",
      "font": "16px Arial",
      "rect": [
        40,
        50,
        16,
        16
      ]
    },
    {
      "type": "rect",
      "background": "#A9B6DB",
      "rect": [
        40,
        70,
        16,
        16
      ]
    },
    {
      "type": "rect",
      "background": "#7E93CD",
      "rect": [
        40,
        90,
        16,
        16
      ]
    },
    {
      "type": "rect",
      "background": "#303F74",
      "rect": [
        40,
        110,
        16,
        16
      ]
    },
    {
      "type": "rect",
      "background": "#20284C",
      "rect": [
        40,
        130,
        16,
        16
      ]
    },
    {
      "type": "text",
      "text": "Rest of World",
      "rect": [
        59.9995,
        70,
        0.001,
        16
      ]
    },
    {
      "type": "text",
      "text": "Asia",
      "rect": [
        59.9995,
        90,
        0.001,
        16
      ]
    },
    {
      "type": "text",
      "text": "Europe",
      "rect": [
        59.9995,
        110,
        0.001,
        16
      ]
    },
    {
      "type": "text",
      "text": "US & Canada",
      "rect": [
        59.9995,
        130,
        0.001,
        16
      ]
    },
    {
      "type": "text",
      "text": "Q2'11",
      "align": "center",
      "rect": [
        54.9995,
        322,
        0.001,
        16
      ]
    },
    {
      "type": "text",
      "text": "Q3'11",
      "align": "center",
      "rect": [
        123.9995,
        322,
        0.001,
        16
      ]
    },
    {
      "type": "text",
      "text": "Q4'11",
      "align": "center",
      "rect": [
        190.9995,
        322,
        0.001,
        16
      ]
    },
    {
      "type": "text",
      "text": "Q1'12",
      "align": "center",
      "rect": [
        258.9995,
        322,
        0.001,
        16
      ]
    },
    {
      "type": "text",
      "text": "Q2'12",
      "align": "center",
      "rect": [
        326.9995,
        322,
        0.001,
        16
      ]
    },
    {
      "type": "text",
      "text": "Q3'12",
      "align": "center",
      "rect": [
        393.9995,
        322,
        0.001,
        16
      ]
    },
    {
      "type": "text",
      "text": "Q4'12",
      "align": "center",
      "rect": [
        461.9995,
        322,
        0.001,
        16
      ]
    },
    {
      "type": "text",
      "text": "Q1'13",
      "align": "center",
      "rect": [
        528.9995,
        322,
        0.001,
        16
      ]
    },
    {
      "type": "text",
      "text": "Q2'13",
      "align": "center",
      "rect": [
        595.9995,
        322,
        0.001,
        16
      ]
    },
    {
      "type": "rect",
      "background": "#566CB0",
      "rect": [
        15,
        320,
        620,
        1
      ]
    },
    {
      "type": "rect",
      "background": "#566CB0",
      "rect": [
        0,
        340,
        650,
        40
      ]
    },
    {
      "type": "text",
      "text": "facebook.",
      "align": "right",
      "color": "white",
      "font": "20px Arial",
      "rect": [
        0,
        340,
        640,
        40
      ]
    }
  ]
}