{
  "v": "6.0.1",
  "p": {
    "autoAdjustIndex": true,
    "hierarchicalRendering": false
  },
  "a": {
    "previewURL": "display-tang.html"
  },
  "d": [
    {
      "c": "ht.Node",
      "i": 317,
      "p": {
        "tag": "tang1",
        "image": "symbols/scada/tang.json",
        "position": {
          "x": 92,
          "y": 86
        }
      },
      "a": {
        "tang.volume": 0.11999999999999988
      }
    },
    {
      "c": "ht.Node",
      "i": 318,
      "p": {
        "tag": "tang2",
        "image": "symbols/scada/tang.json",
        "position": {
          "x": 213.5,
          "y": 86
        },
        "width": 100,
        "height": 100
      },
      "a": {
        "tang.volume": 0.37999999999999995
      }
    },
    {
      "c": "ht.Node",
      "i": 319,
      "p": {
        "tag": "tang3",
        "image": "symbols/scada/tang.json",
        "position": {
          "x": 335,
          "y": 86
        },
        "width": 100,
        "height": 100
      },
      "a": {
        "tang.volume": 0.5499999999999999
      }
    },
    {
      "c": "ht.Node",
      "i": 320,
      "p": {
        "tag": "tang4",
        "image": "symbols/scada/tang.json",
        "position": {
          "x": 215.07503255289922,
          "y": 367.01652448377354
        },
        "width": 375.6117014638145,
        "height": 421.47183450638255
      },
      "a": {
        "tang.volume": 0.9099999999999999
      }
    }
  ]
}