{
  "v": "6.0.2",
  "p": {
    "autoAdjustIndex": true,
    "hierarchicalRendering": true
  },
  "a": {
    "previewURL": "display-temperature.html"
  },
  "d": [
    {
      "c": "ht.Block",
      "i": 317,
      "p": {
        "displayName": "M001",
        "position": {
          "x": 105.5,
          "y": 220.3690200102418
        },
        "width": 79,
        "height": 224
      }
    },
    {
      "c": "ht.Node",
      "i": 318,
      "p": {
        "displayName": "节点",
        "parent": {
          "__i": 317
        },
        "dataBindings": {
          "a": {
            "pb.fore.color": {
              "id": "M001",
              "func": "__ht__function(value) {\n    if (value > 80) return 'red';\n    if (value > 60) return 'orange';\n    if (value > 40) return 'yellow';\n    return '#34BCFB';\n}"
            },
            "pb.value": {
              "id": "M001",
              "func": "__ht__function(value) {\n    return (value || 0) / 100;\n}"
            }
          }
        },
        "image": "symbols/progressBar/vProgressBar.json",
        "position": {
          "x": 105.5,
          "y": 198.3690200102418
        },
        "width": 52,
        "height": 180
      },
      "a": {
        "pb.value.visible": false
      }
    },
    {
      "c": "ht.Text",
      "i": 319,
      "p": {
        "parent": {
          "__i": 317
        },
        "dataBindings": {
          "s": {
            "text": {
              "id": "M001",
              "func": "__ht__function(value) {\n    return (value || 0) + ' °C';\n}"
            },
            "text.color": {
              "id": "M001",
              "func": "__ht__function(value) {\n    if (value > 80) return 'red';\n    if (value > 60) return 'orange';\n    if (value > 40) return 'yellow';\n    return '#34BCFB';\n}"
            }
          }
        },
        "position": {
          "x": 105.5,
          "y": 311.86902001024174
        },
        "width": 79,
        "height": 41
      },
      "s": {
        "text": "0 °C",
        "text.align": "center",
        "text.shadow": true
      }
    },
    {
      "c": "ht.Block",
      "i": 331,
      "p": {
        "displayName": "M002",
        "position": {
          "x": 203.08710785287698,
          "y": 220.36902001024177
        },
        "width": 79,
        "height": 223.99999999999994
      }
    },
    {
      "c": "ht.Node",
      "i": 332,
      "p": {
        "displayName": "节点",
        "parent": {
          "__i": 331
        },
        "dataBindings": {
          "a": {
            "pb.fore.color": {
              "id": "M002",
              "func": "__ht__function(value) {\n    if (value > 80) return 'red';\n    if (value > 60) return 'orange';\n    if (value > 40) return 'yellow';\n    return '#34BCFB';\n}"
            },
            "pb.value": {
              "id": "M002",
              "func": "__ht__function(value) {\n    return (value || 0) / 100;\n}"
            }
          }
        },
        "image": "symbols/progressBar/vProgressBar.json",
        "position": {
          "x": 203.08710785287698,
          "y": 198.3690200102418
        },
        "width": 52,
        "height": 180
      },
      "a": {
        "pb.value.visible": false
      }
    },
    {
      "c": "ht.Text",
      "i": 333,
      "p": {
        "parent": {
          "__i": 331
        },
        "dataBindings": {
          "s": {
            "text": {
              "id": "M002",
              "func": "__ht__function(value) {\n    return (value || 0) + ' °C';\n}"
            },
            "text.color": {
              "id": "M002",
              "func": "__ht__function(value) {\n    if (value > 80) return 'red';\n    if (value > 60) return 'orange';\n    if (value > 40) return 'yellow';\n    return '#34BCFB';\n}"
            }
          }
        },
        "position": {
          "x": 203.08710785287698,
          "y": 311.8690200102417
        },
        "width": 79,
        "height": 41
      },
      "s": {
        "text": "0 °C",
        "text.align": "center",
        "text.shadow": true
      }
    },
    {
      "c": "ht.Block",
      "i": 334,
      "p": {
        "displayName": "M003",
        "position": {
          "x": 300.67421570575397,
          "y": 220.36902001024177
        },
        "width": 79,
        "height": 223.99999999999994
      }
    },
    {
      "c": "ht.Node",
      "i": 335,
      "p": {
        "displayName": "节点",
        "parent": {
          "__i": 334
        },
        "dataBindings": {
          "a": {
            "pb.fore.color": {
              "id": "M003",
              "func": "__ht__function(value) {\n    if (value > 80) return 'red';\n    if (value > 60) return 'orange';\n    if (value > 40) return 'yellow';\n    return '#34BCFB';\n}"
            },
            "pb.value": {
              "id": "M003",
              "func": "__ht__function(value) {\n    return (value || 0) / 100;\n}"
            }
          }
        },
        "image": "symbols/progressBar/vProgressBar.json",
        "position": {
          "x": 300.67421570575397,
          "y": 198.3690200102418
        },
        "width": 52,
        "height": 180
      },
      "a": {
        "pb.value.visible": false
      }
    },
    {
      "c": "ht.Text",
      "i": 336,
      "p": {
        "parent": {
          "__i": 334
        },
        "dataBindings": {
          "s": {
            "text": {
              "id": "M003",
              "func": "__ht__function(value) {\n    return (value || 0) + ' °C';\n}"
            },
            "text.color": {
              "id": "M003",
              "func": "__ht__function(value) {\n    if (value > 80) return 'red';\n    if (value > 60) return 'orange';\n    if (value > 40) return 'yellow';\n    return '#34BCFB';\n}"
            }
          }
        },
        "position": {
          "x": 300.67421570575397,
          "y": 311.8690200102417
        },
        "width": 79,
        "height": 41
      },
      "s": {
        "text": "0 °C",
        "text.align": "center",
        "text.shadow": true
      }
    }
  ]
}