{
  "v": "6.0.7",
  "p": {
    "autoAdjustIndex": true,
    "hierarchicalRendering": false
  },
  "a": {},
  "d": [
    {
      "c": "ht.Edge",
      "i": 1034,
      "p": {
        "source": {
          "__i": 1043
        },
        "target": {
          "__i": 1047
        }
      },
      "s": {
        "edge.width": 1,
        "edge.color": "#979797",
        "icons": {
          "symbols/basic/toArrow2.json": {
            "position": 19,
            "keepOrien": true,
            "names": [
              "symbols/basic/toArrow2.json"
            ]
          }
        },
        "edge.type": "boundary"
      }
    },
    {
      "c": "ht.Edge",
      "i": 1035,
      "p": {
        "source": {
          "__i": 1049
        },
        "target": {
          "__i": 1047
        }
      },
      "s": {
        "edge.width": 1,
        "edge.color": "#979797",
        "icons": {
          "symbols/basic/toArrow2.json": {
            "position": 19,
            "keepOrien": true,
            "names": [
              "symbols/basic/toArrow2.json"
            ]
          }
        },
        "edge.type": "boundary"
      }
    },
    {
      "c": "ht.Edge",
      "i": 1036,
      "p": {
        "source": {
          "__i": 1048
        },
        "target": {
          "__i": 1041
        }
      },
      "s": {
        "edge.width": 1,
        "edge.color": "#979797",
        "icons": {
          "symbols/basic/toArrow2.json": {
            "position": 19,
            "keepOrien": true,
            "names": [
              "symbols/basic/toArrow2.json"
            ]
          }
        },
        "edge.type": "boundary"
      }
    },
    {
      "c": "ht.Edge",
      "i": 1037,
      "p": {
        "source": {
          "__i": 1042
        },
        "target": {
          "__i": 1041
        }
      },
      "s": {
        "edge.width": 1,
        "edge.color": "#979797",
        "icons": {
          "symbols/basic/toArrow2.json": {
            "position": 19,
            "keepOrien": true,
            "names": [
              "symbols/basic/toArrow2.json"
            ]
          }
        },
        "edge.type": "boundary"
      }
    },
    {
      "c": "ht.Edge",
      "i": 1038,
      "p": {
        "source": {
          "__i": 1050
        },
        "target": {
          "__i": 1052
        }
      },
      "s": {
        "edge.width": 1,
        "edge.color": "#979797",
        "icons": {
          "symbols/basic/toArrow2.json": {
            "position": 19,
            "keepOrien": true,
            "names": [
              "symbols/basic/toArrow2.json"
            ]
          }
        },
        "edge.type": "boundary"
      }
    },
    {
      "c": "ht.Edge",
      "i": 1040,
      "p": {
        "source": {
          "__i": 1044
        },
        "target": {
          "__i": 1051
        }
      },
      "s": {
        "edge.width": 1,
        "edge.color": "#979797",
        "icons": {
          "symbols/basic/toArrow2.json": {
            "position": 19,
            "keepOrien": true,
            "names": [
              "symbols/basic/toArrow2.json"
            ]
          }
        },
        "edge.type": "boundary"
      }
    },
    {
      "c": "ht.Node",
      "i": 1041,
      "p": {
        "displayName": "EditView",
        "position": {
          "x": 581.9963,
          "y": 166.59247
        },
        "width": 300,
        "height": 60
      },
      "s": {
        "shape": "roundRect",
        "shape.background": "rgb(252,73,63)",
        "shape.border.width": 1,
        "shape.border.color": "rgb(112,112,112)",
        "label": "EditView",
        "label.position": 17,
        "label.offset.y": 0,
        "label.scale": 1.6,
        "shape.gradient.color": "rgb(255,255,255)",
        "label.color": "rgb(255,255,255)"
      }
    },
    {
      "c": "ht.Node",
      "i": 1042,
      "p": {
        "displayName": "DisplayView",
        "parent": {
          "__i": 1041
        },
        "host": {
          "__i": 1041
        },
        "position": {
          "x": 208.63214,
          "y": 342.82947
        },
        "width": 300,
        "height": 60
      },
      "s": {
        "shape": "roundRect",
        "shape.background": "rgb(252,73,63)",
        "shape.border.width": 1,
        "shape.border.color": "rgb(112,112,112)",
        "label": "DisplayView",
        "label.position": 17,
        "label.offset.y": 0,
        "label.scale": 1.6,
        "shape.gradient.color": "rgb(255,255,255)",
        "label.color": "rgb(255,255,255)"
      }
    },
    {
      "c": "ht.Node",
      "i": 1043,
      "p": {
        "displayName": "DisplayGraphView",
        "parent": {
          "__i": 1042
        },
        "host": {
          "__i": 1042
        },
        "position": {
          "x": 170.03279,
          "y": 276.18541
        },
        "width": 218,
        "height": 60
      },
      "s": {
        "shape": "roundRect",
        "shape.background": "rgb(53,153,219)",
        "shape.border.width": 1,
        "shape.border.color": "rgb(112,112,112)",
        "label": "DisplayGraphView",
        "label.position": 17,
        "label.offset.y": 0,
        "label.scale": 1.6,
        "shape.gradient.color": "rgb(255,255,255)",
        "label.color": "rgb(255,255,255)"
      }
    },
    {
      "c": "ht.Node",
      "i": 1044,
      "p": {
        "displayName": "DisplayTree",
        "parent": {
          "__i": 1042
        },
        "host": {
          "__i": 1042
        },
        "position": {
          "x": 166.8883,
          "y": 415.21985
        },
        "width": 218,
        "height": 60
      },
      "s": {
        "shape": "roundRect",
        "shape.background": "rgb(92,219,115)",
        "shape.border.width": 1,
        "shape.border.color": "rgb(112,112,112)",
        "label": "DisplayTree",
        "label.position": 17,
        "label.offset.y": 0,
        "label.scale": 1.6,
        "shape.gradient.color": "rgb(255,255,255)",
        "label.color": "rgb(255,255,255)"
      }
    },
    {
      "c": "ht.Node",
      "i": 1046,
      "p": {
        "displayName": "Ruler",
        "parent": {
          "__i": 1041
        },
        "host": {
          "__i": 1041
        },
        "position": {
          "x": 694.15047,
          "y": 84.66022
        },
        "width": 70.34245,
        "height": 60
      },
      "s": {
        "shape": "roundRect",
        "shape.background": "rgb(107,207,250)",
        "shape.border.width": 1,
        "shape.border.color": "rgb(112,112,112)",
        "label": "Ruler",
        "label.position": 17,
        "label.offset.y": 0,
        "label.scale": 1.6,
        "shape.gradient.color": "rgb(255,255,255)",
        "label.color": "rgb(255,255,255)"
      }
    },
    {
      "c": "ht.Node",
      "i": 1047,
      "p": {
        "displayName": "EditGraphView",
        "parent": {
          "__i": 1041
        },
        "host": {
          "__i": 1041
        },
        "position": {
          "x": 541.25152,
          "y": 84.66022
        },
        "width": 218,
        "height": 60
      },
      "s": {
        "shape": "roundRect",
        "shape.background": "rgb(53,153,219)",
        "shape.border.width": 1,
        "shape.border.color": "rgb(112,112,112)",
        "label": "EditGraphView",
        "label.position": 17,
        "label.offset.y": 0,
        "label.scale": 1.6,
        "shape.gradient.color": "rgb(255,255,255)",
        "label.color": "rgb(255,255,255)"
      }
    },
    {
      "c": "ht.Node",
      "i": 1048,
      "p": {
        "displayName": "SymbolView",
        "parent": {
          "__i": 1041
        },
        "host": {
          "__i": 1041
        },
        "position": {
          "x": 932.87568,
          "y": 352.44365
        },
        "width": 300,
        "height": 60
      },
      "s": {
        "shape": "roundRect",
        "shape.background": "rgb(252,73,63)",
        "shape.border.width": 1,
        "shape.border.color": "rgb(112,112,112)",
        "label": "SymbolView",
        "label.position": 17,
        "label.offset.y": 0,
        "label.scale": 1.6,
        "shape.gradient.color": "rgb(255,255,255)",
        "label.color": "rgb(255,255,255)"
      }
    },
    {
      "c": "ht.Node",
      "i": 1049,
      "p": {
        "displayName": "SymbolGraphView",
        "parent": {
          "__i": 1048
        },
        "host": {
          "__i": 1048
        },
        "position": {
          "x": 969.39495,
          "y": 286.75276
        },
        "width": 218,
        "height": 60
      },
      "s": {
        "shape": "roundRect",
        "shape.background": "rgb(53,153,219)",
        "shape.border.width": 1,
        "shape.border.color": "rgb(112,112,112)",
        "label": "SymbolGraphView",
        "label.position": 17,
        "label.offset.y": 0,
        "label.scale": 1.6,
        "shape.gradient.color": "rgb(255,255,255)",
        "label.color": "rgb(255,255,255)"
      }
    },
    {
      "c": "ht.Node",
      "i": 1050,
      "p": {
        "displayName": "SymbolList",
        "parent": {
          "__i": 1048
        },
        "host": {
          "__i": 1048
        },
        "position": {
          "x": 971.05824,
          "y": 422.13115
        },
        "width": 218,
        "height": 60
      },
      "s": {
        "shape": "roundRect",
        "shape.background": "rgb(100,100,217)",
        "shape.border.width": 1,
        "shape.border.color": "rgb(112,112,112)",
        "label": "SymbolList",
        "label.position": 17,
        "label.offset.y": 0,
        "label.scale": 1.6,
        "shape.gradient.color": "rgb(255,255,255)",
        "label.color": "rgb(255,255,255)"
      }
    },
    {
      "c": "ht.Node",
      "i": 1052,
      "p": {
        "displayName": "DNDIndexList",
        "host": {
          "__i": 1041
        },
        "position": {
          "x": 729.3217,
          "y": 554.73955
        },
        "width": 218,
        "height": 60
      },
      "s": {
        "shape": "roundRect",
        "shape.background": "rgb(100,100,217)",
        "shape.border.width": 1,
        "shape.border.color": "rgb(112,112,112)",
        "label": "DNDIndexList",
        "label.position": 17,
        "label.offset.y": 0,
        "label.scale": 1.6,
        "shape.gradient.color": "rgb(255,255,255)",
        "label.color": "rgb(255,255,255)"
      }
    },
    {
      "c": "ht.Node",
      "i": 1051,
      "p": {
        "displayName": "DNDTree",
        "host": {
          "__i": 1042
        },
        "position": {
          "x": 467.63214,
          "y": 554.73955
        },
        "width": 218,
        "height": 60
      },
      "s": {
        "shape": "roundRect",
        "shape.background": "rgb(92,219,115)",
        "shape.border.width": 1,
        "shape.border.color": "rgb(112,112,112)",
        "label": "DNDTree",
        "label.position": 17,
        "label.offset.y": 0,
        "label.scale": 1.6,
        "shape.gradient.color": "rgb(255,255,255)",
        "label.color": "rgb(255,255,255)"
      }
    }
  ]
}