{
  "v": "6.2.4",
  "p": {
    "autoAdjustIndex": true,
    "hierarchicalRendering": true
  },
  "a": {
    "connectActionType": "copyStyle"
  },
  "d": [
    {
      "c": "ht.Shape",
      "i": 3550,
      "p": {
        "position": {
          "x": 0,
          "y": -150
        },
        "width": 800,
        "height": 100,
        "tall": 1,
        "elevation": 1,
        "points": {
          "__a": [
            {
              "x": -400,
              "y": -200
            },
            {
              "x": 400,
              "y": -200
            },
            {
              "x": 400,
              "y": -100
            },
            {
              "x": -400,
              "y": -100
            }
          ]
        },
        "thickness": -1,
        "closePath": true
      },
      "s": {
        "shape.repeat.image": "assets/tile/grass.jpg",
        "repeat.uv.length": 128,
        "shape3d.visible": false,
        "shape3d.bottom.visible": false,
        "shape3d.top.image": "assets/grass.jpg",
        "shape3d.reverse.flip": true
      }
    },
    {
      "c": "ht.Shape",
      "i": 3551,
      "p": {
        "position": {
          "x": -252.5,
          "y": 30.2449
        },
        "width": 297,
        "height": 264,
        "tall": 30,
        "elevation": 15,
        "segments": {
          "__a": [
            1,
            2,
            4,
            4,
            4,
            4,
            2,
            2
          ]
        },
        "points": {
          "__a": [
            {
              "x": -304,
              "y": 110.2449
            },
            {
              "x": -357,
              "y": 112.2449
            },
            {
              "x": -401,
              "y": 100.2449
            },
            {
              "x": -393,
              "y": 27.2449
            },
            {
              "x": -346,
              "y": 28.2449
            },
            {
              "x": -359,
              "y": -9.7551
            },
            {
              "x": -302,
              "y": -38.7551
            },
            {
              "x": -286,
              "y": -3.7551
            },
            {
              "x": -241,
              "y": -101.7551
            },
            {
              "x": -110,
              "y": -32.7551
            },
            {
              "x": -149,
              "y": 38.2449
            },
            {
              "x": -104,
              "y": 56.2449
            },
            {
              "x": -111,
              "y": 100.2449
            },
            {
              "x": -140,
              "y": 114.2449
            },
            {
              "x": -251,
              "y": 114.2449
            },
            {
              "x": -323,
              "y": 162.2449
            }
          ]
        },
        "thickness": -1,
        "closePath": true
      },
      "s": {
        "shape.border.width": 10,
        "shape.repeat.image": "assets/tile/floor2.png",
        "repeat.uv.length": 64,
        "shape3d.top.image": "assets/floor2.png",
        "shape3d.bottom.image": "assets/floor2.png"
      }
    },
    {
      "c": "ht.Shape",
      "i": 3552,
      "p": {
        "position": {
          "x": 200,
          "y": 26.45634
        },
        "width": 400,
        "height": 150,
        "tall": 10,
        "elevation": 5,
        "points": {
          "__a": [
            {
              "x": 100,
              "y": -48.54366
            },
            {
              "x": 300,
              "y": -48.54366
            },
            {
              "x": 400,
              "y": 101.45634
            },
            {
              "x": 0,
              "y": 101.45634
            }
          ]
        },
        "thickness": -1,
        "closePath": true
      },
      "s": {
        "shape.border.width": 12,
        "shape.border.color": "yellow",
        "shape.repeat.image": "assets/tile/floor1.png",
        "repeat.uv.length": 256,
        "shape3d.color": "yellow",
        "shape3d.top.image": "assets/floor1.png",
        "shape3d.bottom.image": "assets/floor1.png",
        "shape.dash": true,
        "shape.border.3d": true,
        "shape.border.3d.color": "rgb(0,255,238)"
      }
    }
  ],
  "contentRect": {
    "x": -407,
    "y": -200,
    "width": 814,
    "height": 368.2449
  }
}