{
  "v": "6.0.8",
  "p": {
    "autoAdjustIndex": true,
    "hierarchicalRendering": false
  },
  "a": {},
  "d": [
    {
      "c": "ht.Group",
      "i": 563,
      "p": {
        "name": "Dash Group",
        "position": {
          "x": 390.74513,
          "y": 270.69128
        },
        "expanded": true
      },
      "s": {
        "select.width": 0,
        "group.type": "roundRect",
        "group.background": null,
        "group.border.width": 3,
        "group.border.pattern": [
          8,
          3,
          3,
          3
        ],
        "group.repeat.image": "assets/tile/grass.jpg"
      }
    },
    {
      "c": "ht.Group",
      "i": 562,
      "p": {
        "image": "symbols/basic/group.json",
        "position": {
          "x": 456.5293,
          "y": 682.82702
        },
        "expanded": true
      },
      "s": {
        "label": " "
      }
    },
    {
      "c": "ht.Group",
      "i": 564,
      "p": {
        "name": "Center Title Group",
        "position": {
          "x": 137.0293,
          "y": 106.4017
        },
        "expanded": true
      },
      "s": {
        "group.title.align": "center",
        "group.padding": 20,
        "group.depth": 5
      }
    },
    {
      "c": "ht.Node",
      "i": 565,
      "p": {
        "name": "Node1",
        "parent": {
          "__i": 564
        },
        "position": {
          "x": 87.0293,
          "y": 106.4017
        }
      }
    },
    {
      "c": "ht.Node",
      "i": 566,
      "p": {
        "name": "林意炜",
        "parent": {
          "__i": 564
        },
        "tag": "12",
        "position": {
          "x": 187.0293,
          "y": 106.4017
        }
      }
    },
    {
      "c": "ht.Group",
      "i": 567,
      "p": {
        "position": {
          "x": 387.0293,
          "y": 96.4017
        },
        "expanded": true
      },
      "s": {
        "group.toggleable": false,
        "group.padding": 20,
        "group.depth": -5,
        "note": "Always Expanded Group"
      }
    },
    {
      "c": "ht.Node",
      "i": 568,
      "p": {
        "name": "I am in a group without title",
        "parent": {
          "__i": 567
        },
        "position": {
          "x": 387.0293,
          "y": 96.4017
        }
      }
    },
    {
      "c": "ht.Group",
      "i": 569,
      "p": {
        "name": "Oval Group",
        "position": {
          "x": 137.0293,
          "y": 261.4017
        },
        "expanded": true
      },
      "s": {
        "select.type": "oval",
        "select.padding": 3,
        "select.width": 2,
        "group.type": "oval",
        "group.gradient": "radial.west",
        "group.gradient.color": "yellow",
        "group.background": "red",
        "group.border.width": 2
      }
    },
    {
      "c": "ht.Node",
      "i": 570,
      "p": {
        "name": "Node1",
        "parent": {
          "__i": 569
        },
        "position": {
          "x": 87.0293,
          "y": 236.4017
        }
      }
    },
    {
      "c": "ht.Node",
      "i": 571,
      "p": {
        "name": "Node12",
        "parent": {
          "__i": 569
        },
        "position": {
          "x": 187.0293,
          "y": 286.4017
        }
      }
    },
    {
      "c": "ht.Group",
      "i": 575,
      "p": {
        "name": "Double click on me",
        "position": {
          "x": 137.0293,
          "y": 542.32702
        },
        "expanded": true
      }
    },
    {
      "c": "ht.Node",
      "i": 576,
      "p": {
        "name": "Node1",
        "parent": {
          "__i": 575
        },
        "position": {
          "x": 87.0293,
          "y": 512.32702
        }
      }
    },
    {
      "c": "ht.Node",
      "i": 577,
      "p": {
        "name": "Node2",
        "parent": {
          "__i": 575
        },
        "position": {
          "x": 187.0293,
          "y": 512.32702
        }
      }
    },
    {
      "c": "ht.Node",
      "i": 578,
      "p": {
        "name": "HT for Web",
        "parent": {
          "__i": 575
        },
        "position": {
          "x": 137.0293,
          "y": 572.32702
        }
      },
      "s": {
        "label.font": "bold 21px arial",
        "label.color": "white",
        "label.offset.y": 8,
        "label.background": "#E74C3C"
      }
    },
    {
      "c": "ht.SubGraph",
      "i": 579,
      "p": {
        "name": "The Special One",
        "parent": {
          "__i": 575
        },
        "position": {
          "x": 306.90243,
          "y": 539.32702
        }
      },
      "s": {
        "ingroup": false
      }
    },
    {
      "c": "ht.Node",
      "i": 583,
      "p": {
        "parent": {
          "__i": 600
        },
        "image": "symbols/basic/node.json",
        "position": {
          "x": 404.7793,
          "y": 273.82702
        }
      }
    },
    {
      "c": "ht.Node",
      "i": 584,
      "p": {
        "parent": {
          "__i": 600
        },
        "image": "symbols/basic/node.json",
        "position": {
          "x": 184.7793,
          "y": 353.82702
        }
      }
    },
    {
      "c": "ht.Block",
      "i": 585,
      "p": {
        "position": {
          "x": 747.0293,
          "y": 607.82702
        },
        "width": 162,
        "height": 137
      }
    },
    {
      "c": "ht.Node",
      "i": 586,
      "p": {
        "parent": {
          "__i": 585
        },
        "position": {
          "x": 681.0293,
          "y": 603.32702
        }
      },
      "s": {
        "shape": "oval",
        "shape.background": "#D8D8D8",
        "shape.border.width": 1,
        "shape.border.color": "#979797"
      }
    },
    {
      "c": "ht.Node",
      "i": 587,
      "p": {
        "parent": {
          "__i": 585
        },
        "position": {
          "x": 744.0293,
          "y": 661.32702
        }
      },
      "s": {
        "shape": "roundRect",
        "shape.background": "#D8D8D8",
        "shape.border.width": 1,
        "shape.border.color": "#979797"
      }
    },
    {
      "c": "ht.Node",
      "i": 588,
      "p": {
        "parent": {
          "__i": 585
        },
        "position": {
          "x": 744.0293,
          "y": 554.32702
        }
      },
      "s": {
        "shape": "rect",
        "shape.background": "#D8D8D8",
        "shape.border.width": 1,
        "shape.border.color": "#979797"
      }
    },
    {
      "c": "ht.Node",
      "i": 589,
      "p": {
        "parent": {
          "__i": 585
        },
        "position": {
          "x": 802.0293,
          "y": 607.82702
        },
        "width": 52,
        "height": 47
      },
      "s": {
        "shape": "polygon",
        "shape.background": "#D8D8D8",
        "shape.border.width": 1,
        "shape.border.color": "#979797",
        "shape.polygon.side": 3
      }
    },
    {
      "c": "ht.Node",
      "i": 590,
      "p": {
        "parent": {
          "__i": 585
        },
        "position": {
          "x": 744.0293,
          "y": 603.32702
        }
      },
      "s": {
        "shape": "arc",
        "shape.background": "#D8D8D8",
        "shape.border.width": 1,
        "shape.border.color": "#979797",
        "shape.arc.from": 0,
        "shape.arc.to": 4.1888
      }
    },
    {
      "c": "ht.Data",
      "i": 591
    },
    {
      "c": "ht.Edge",
      "i": 592,
      "p": {
        "parent": {
          "__i": 591
        },
        "source": {
          "__i": 594
        },
        "target": {
          "__i": 595
        }
      },
      "s": {
        "edge.gap": 10,
        "edge.offset": 0,
        "edge.center": true,
        "edge.pattern": [
          10
        ]
      }
    },
    {
      "c": "ht.Edge",
      "i": 593,
      "p": {
        "parent": {
          "__i": 591
        },
        "source": {
          "__i": 594
        },
        "target": {
          "__i": 595
        }
      },
      "s": {
        "edge.gap": 10,
        "edge.offset": 0,
        "edge.center": true,
        "edge.pattern": [
          10
        ],
        "2d.editable": false
      }
    },
    {
      "c": "ht.Edge",
      "i": 596,
      "p": {
        "parent": {
          "__i": 591
        },
        "source": {
          "__i": 600
        },
        "target": {
          "__i": 562
        }
      },
      "s": {
        "edge.color": "#009687",
        "edge.width": 1
      }
    },
    {
      "c": "ht.Edge",
      "i": 597,
      "p": {
        "parent": {
          "__i": 591
        },
        "source": {
          "__i": 600
        },
        "target": {
          "__i": 598
        }
      },
      "s": {
        "edge.color": "#009687",
        "edge.width": 1
      }
    },
    {
      "c": "ht.Node",
      "i": 598,
      "p": {
        "parent": {
          "__i": 562
        },
        "image": "symbols/basic/node.json",
        "position": {
          "x": 399.7793,
          "y": 636.82702
        }
      }
    },
    {
      "c": "ht.Edge",
      "i": 599,
      "p": {
        "parent": {
          "__i": 591
        },
        "source": {
          "__i": 600
        },
        "target": {
          "__i": 601
        }
      },
      "s": {
        "edge.color": "#009687",
        "edge.width": 1
      }
    },
    {
      "c": "ht.SubGraph",
      "i": 600,
      "p": {
        "image": "symbols/basic/subgraph.json",
        "position": {
          "x": 610.7793,
          "y": 465.32702
        }
      }
    },
    {
      "c": "ht.Node",
      "i": 601,
      "p": {
        "parent": {
          "__i": 562
        },
        "image": "symbols/basic/node.json",
        "position": {
          "x": 513.2793,
          "y": 728.82702
        }
      }
    },
    {
      "c": "ht.Group",
      "i": 580,
      "p": {
        "name": "Group Image",
        "position": {
          "x": 677.0293,
          "y": 261.4017
        },
        "expanded": true
      },
      "s": {
        "group.repeat.image": "assets/tile/floor2.png",
        "group.padding": 10,
        "group.depth": 0,
        "group.type": "oval",
        "group.border.width": 5,
        "select.type": "oval",
        "select.padding": 5,
        "select.width": 3
      }
    },
    {
      "c": "ht.Node",
      "i": 581,
      "p": {
        "name": "Node1",
        "parent": {
          "__i": 580
        },
        "position": {
          "x": 607.0293,
          "y": 236.4017
        }
      },
      "s": {
        "label.background": "yellow",
        "body.color": "red"
      }
    },
    {
      "c": "ht.Node",
      "i": 582,
      "p": {
        "name": "Node2",
        "parent": {
          "__i": 580
        },
        "position": {
          "x": 747.0293,
          "y": 286.4017
        }
      },
      "s": {
        "label.background": "yellow",
        "body.color": "green"
      }
    },
    {
      "c": "ht.Node",
      "i": 594,
      "p": {
        "name": "Node1",
        "parent": {
          "__i": 563
        },
        "position": {
          "x": 320.74513,
          "y": 245.69128
        }
      }
    },
    {
      "c": "ht.Node",
      "i": 595,
      "p": {
        "name": "Node12",
        "parent": {
          "__i": 563
        },
        "position": {
          "x": 460.74513,
          "y": 295.69128
        }
      }
    },
    {
      "c": "ht.Group",
      "i": 572,
      "p": {
        "name": "Group Image",
        "position": {
          "x": 669.5293,
          "y": 116.1517
        },
        "expanded": true
      },
      "s": {
        "group.image": "assets/tile/floor1.png",
        "group.padding": 10,
        "group.depth": 0
      }
    },
    {
      "c": "ht.Node",
      "i": 573,
      "p": {
        "name": "Node1",
        "parent": {
          "__i": 572
        },
        "position": {
          "x": 607.0293,
          "y": 106.4017
        }
      },
      "s": {
        "label.color": "white",
        "body.color": "red",
        "note": "3 Alarms",
        "note.background": "red"
      }
    },
    {
      "c": "ht.Node",
      "i": 574,
      "p": {
        "name": "Node2",
        "parent": {
          "__i": 572
        },
        "position": {
          "x": 732.0293,
          "y": 125.9017
        }
      },
      "s": {
        "label.color": "white",
        "note": "I am fine"
      }
    }
  ]
}