{
  "v": "5.3.6",
  "p": {
    "autoAdjustIndex": true
  },
  "d": [
    {
      "c": "ht.Group",
      "i": 413,
      "p": {
        "name": "HT for Web 5.2",
        "position": {
          "x": 160,
          "y": 110
        },
        "expanded": true
      }
    },
    {
      "c": "ht.Edge",
      "i": 414,
      "p": {
        "name": "Hello World\nwww.hightopo.com",
        "parent": {
          "__i": 413
        },
        "source": {
          "__i": 416
        },
        "target": {
          "__i": 415
        }
      },
      "s": {
        "label.color": "white",
        "label.background": "#3498DB"
      }
    },
    {
      "c": "ht.Node",
      "i": 415,
      "p": {
        "name": "World",
        "parent": {
          "__i": 413
        },
        "position": {
          "x": 260,
          "y": 80
        }
      },
      "s": {
        "note": "HT for your imagination",
        "note.expanded": false,
        "border.color": "red"
      }
    },
    {
      "c": "ht.Node",
      "i": 416,
      "p": {
        "name": "Hello",
        "parent": {
          "__i": 413
        },
        "position": {
          "x": 60,
          "y": 140
        }
      },
      "s": {
        "note": "I love HT",
        "note.background": "#FFA000"
      }
    },
    {
      "c": "ht.Node",
      "i": 417,
      "p": {
        "name": "Learn More",
        "toolTip": "SplitView<br>AccordionView<br>TabView<br>PropertyView<br>ListView<br>TreeView<br>TableView<br>TreeTableView<br>TableHeader<br>TablePane<br>TreeTablePane<br>Toolbar<br>BorderPane<br>...",
        "image": "symbols/basic/sunrise.json",
        "position": {
          "x": 430,
          "y": 130
        },
        "width": 160,
        "height": 100
      },
      "s": {
        "note": "TreeView,TableView,\nSplitView,AccordionView,\nPropertyView,...",
        "note.max": 200,
        "select.type": "shadow"
      }
    }
  ]
}