{
  "v": "6.2.5",
  "p": {
    "layers": [
      {
        "name": "background",
        "visible": true,
        "selectable": false,
        "movable": false,
        "editable": false
      },
      {
        "name": "progress",
        "visible": true,
        "selectable": true,
        "movable": true,
        "editable": true
      },
      {
        "name": "text",
        "visible": true,
        "selectable": false,
        "movable": false,
        "editable": false
      }
    ],
    "autoAdjustIndex": true,
    "hierarchicalRendering": true
  },
  "a": {
    "gridBlockSize": 50,
    "connectActionType": null,
    "rotateAsClock": false,
    "width": 1000,
    "height": 600,
    "previewURL": "display-radialbarchart.html"
  },
  "d": [
    {
      "c": "ht.Node",
      "i": 22589,
      "p": {
        "layer": "background",
        "anchor": {
          "x": 0,
          "y": 0
        },
        "width": 1000,
        "height": 600
      },
      "s": {
        "shape": "rect",
        "shape.background": "#141414",
        "shape.border.color": "#979797"
      }
    },
    {
      "c": "ht.Node",
      "i": 22590,
      "p": {
        "layer": "background",
        "position": {
          "x": 200,
          "y": 300
        },
        "width": 220,
        "height": 220
      },
      "s": {
        "shape": "rect",
        "shape.background": "#141414",
        "shape.border.width": 1,
        "shape.border.color": "#FFF"
      }
    },
    {
      "c": "ht.Node",
      "i": 22591,
      "p": {
        "layer": "background",
        "position": {
          "x": 500,
          "y": 300
        },
        "width": 220,
        "height": 220
      },
      "s": {
        "shape": "rect",
        "shape.background": "#141414",
        "shape.border.width": 1,
        "shape.border.color": "#FFF"
      }
    },
    {
      "c": "ht.Node",
      "i": 22592,
      "p": {
        "layer": "background",
        "position": {
          "x": 800,
          "y": 300
        },
        "width": 220,
        "height": 220
      },
      "s": {
        "shape": "rect",
        "shape.background": "#141414",
        "shape.border.width": 1,
        "shape.border.color": "#FFF"
      }
    },
    {
      "c": "ht.Node",
      "i": 22593,
      "p": {
        "displayName": "radialBarChart",
        "layer": "progress",
        "tag": "p1",
        "image": "symbols/basic/radialBarChart.json",
        "position": {
          "x": 200,
          "y": 300
        },
        "width": 200,
        "height": 200
      },
      "s": {
        "interactive": true
      },
      "a": {
        "progressPercentage": [
          25,
          50,
          75
        ]
      }
    },
    {
      "c": "ht.Node",
      "i": 22594,
      "p": {
        "displayName": "radialBarChart",
        "layer": "progress",
        "tag": "p2",
        "image": "symbols/basic/radialBarChart.json",
        "position": {
          "x": 500,
          "y": 300
        },
        "width": 200,
        "height": 200
      }
    },
    {
      "c": "ht.Node",
      "i": 22595,
      "p": {
        "displayName": "radialBarChart",
        "layer": "progress",
        "tag": "p3",
        "image": "symbols/basic/radialBarChart.json",
        "position": {
          "x": 800,
          "y": 300
        },
        "width": 200,
        "height": 200
      },
      "a": {
        "blankCirclePercent": 0.35
      }
    },
    {
      "c": "ht.Text",
      "i": 22596,
      "p": {
        "layer": "text",
        "position": {
          "x": 150,
          "y": 75
        },
        "anchor": {
          "x": 0,
          "y": 0
        },
        "width": 700
      },
      "s": {
        "text": "HT iWatch Activity Chart",
        "text.color": "#FFF",
        "text.align": "center",
        "text.font": "bold 32px arial, sans-serif"
      }
    },
    {
      "c": "ht.Text",
      "i": 22597,
      "p": {
        "layer": "text",
        "position": {
          "x": 200,
          "y": 475
        },
        "width": 200
      },
      "s": {
        "text": "Ease In",
        "text.font": "bold 22px arial, sans-serif",
        "text.align": "center",
        "text.color": "#fff"
      }
    },
    {
      "c": "ht.Text",
      "i": 22598,
      "p": {
        "layer": "text",
        "position": {
          "x": 500,
          "y": 475
        },
        "width": 200
      },
      "s": {
        "text": "Ease Out",
        "text.font": "bold 22px arial, sans-serif",
        "text.align": "center",
        "text.color": "#fff"
      }
    },
    {
      "c": "ht.Text",
      "i": 22599,
      "p": {
        "layer": "text",
        "position": {
          "x": 800,
          "y": 475
        },
        "width": 200
      },
      "s": {
        "text": "Ease In Out",
        "text.font": "bold 22px arial, sans-serif",
        "text.align": "center",
        "text.color": "#fff"
      }
    }
  ],
  "contentRect": {
    "x": 0,
    "y": 0,
    "width": 1000,
    "height": 600
  }
}