{
  "v": "6.0.8",
  "p": {
    "autoAdjustIndex": true,
    "hierarchicalRendering": false
  },
  "a": {},
  "d": [
    {
      "c": "ht.Node",
      "i": 1474,
      "p": {
        "name": "rect",
        "position": {
          "x": 70,
          "y": 50
        },
        "width": 60,
        "height": 40
      },
      "s": {
        "shape": "rect"
      }
    },
    {
      "c": "ht.Node",
      "i": 1475,
      "p": {
        "name": "circle",
        "position": {
          "x": 150,
          "y": 50
        },
        "width": 60,
        "height": 40
      },
      "s": {
        "shape": "circle"
      }
    },
    {
      "c": "ht.Node",
      "i": 1476,
      "p": {
        "name": "oval",
        "position": {
          "x": 230,
          "y": 50
        },
        "width": 60,
        "height": 40
      },
      "s": {
        "shape": "oval"
      }
    },
    {
      "c": "ht.Node",
      "i": 1477,
      "p": {
        "name": "roundRect",
        "position": {
          "x": 310,
          "y": 50
        },
        "width": 60,
        "height": 40
      },
      "s": {
        "shape": "roundRect"
      }
    },
    {
      "c": "ht.Node",
      "i": 1478,
      "p": {
        "name": "star",
        "position": {
          "x": 390,
          "y": 50
        },
        "width": 60,
        "height": 40
      },
      "s": {
        "shape": "star"
      }
    },
    {
      "c": "ht.Node",
      "i": 1479,
      "p": {
        "name": "triangle",
        "position": {
          "x": 470,
          "y": 50
        },
        "width": 60,
        "height": 40
      },
      "s": {
        "shape": "triangle"
      }
    },
    {
      "c": "ht.Node",
      "i": 1480,
      "p": {
        "name": "hexagon",
        "position": {
          "x": 550,
          "y": 50
        },
        "width": 60,
        "height": 40
      },
      "s": {
        "shape": "hexagon"
      }
    },
    {
      "c": "ht.Node",
      "i": 1481,
      "p": {
        "name": "pentagon",
        "position": {
          "x": 630,
          "y": 50
        },
        "width": 60,
        "height": 40
      },
      "s": {
        "shape": "pentagon"
      }
    },
    {
      "c": "ht.Node",
      "i": 1482,
      "p": {
        "name": "diamond",
        "position": {
          "x": 710,
          "y": 50
        },
        "width": 60,
        "height": 40
      },
      "s": {
        "shape": "diamond"
      }
    },
    {
      "c": "ht.Node",
      "i": 1483,
      "p": {
        "name": "rightTriangle",
        "position": {
          "x": 790,
          "y": 50
        },
        "width": 60,
        "height": 40
      },
      "s": {
        "shape": "rightTriangle"
      }
    },
    {
      "c": "ht.Node",
      "i": 1484,
      "p": {
        "name": "parallelogram",
        "position": {
          "x": 870,
          "y": 50
        },
        "width": 60,
        "height": 40
      },
      "s": {
        "shape": "parallelogram"
      }
    },
    {
      "c": "ht.Node",
      "i": 1485,
      "p": {
        "name": "trapezoid",
        "position": {
          "x": 950,
          "y": 50
        },
        "width": 60,
        "height": 40
      },
      "s": {
        "shape": "trapezoid"
      }
    },
    {
      "c": "ht.Node",
      "i": 1486,
      "p": {
        "name": "circle",
        "position": {
          "x": 150,
          "y": 150
        },
        "width": 60,
        "height": 40
      },
      "s": {
        "shape": "circle",
        "shape.border.width": 1,
        "shape.border.color": "yellow",
        "shape.repeat.image": "assets/tile/floor1.png"
      }
    },
    {
      "c": "ht.Node",
      "i": 1487,
      "p": {
        "name": "oval",
        "position": {
          "x": 230,
          "y": 150
        },
        "width": 60,
        "height": 40
      },
      "s": {
        "shape": "oval",
        "shape.border.width": 1,
        "shape.border.color": "yellow",
        "shape.repeat.image": "assets/tile/floor1.png"
      }
    },
    {
      "c": "ht.Node",
      "i": 1488,
      "p": {
        "name": "roundRect",
        "position": {
          "x": 310,
          "y": 150
        },
        "width": 60,
        "height": 40
      },
      "s": {
        "shape": "roundRect",
        "shape.border.width": 1,
        "shape.border.color": "yellow",
        "shape.repeat.image": "assets/tile/floor1.png"
      }
    },
    {
      "c": "ht.Node",
      "i": 1489,
      "p": {
        "name": "star",
        "position": {
          "x": 390,
          "y": 150
        },
        "width": 60,
        "height": 40
      },
      "s": {
        "shape": "star",
        "shape.border.width": 1,
        "shape.border.color": "yellow",
        "shape.repeat.image": "assets/tile/floor1.png"
      }
    },
    {
      "c": "ht.Node",
      "i": 1490,
      "p": {
        "name": "triangle",
        "position": {
          "x": 470,
          "y": 150
        },
        "width": 60,
        "height": 40
      },
      "s": {
        "shape": "triangle",
        "shape.border.width": 1,
        "shape.border.color": "yellow",
        "shape.repeat.image": "assets/tile/floor1.png"
      }
    },
    {
      "c": "ht.Node",
      "i": 1491,
      "p": {
        "name": "hexagon",
        "position": {
          "x": 550,
          "y": 150
        },
        "width": 60,
        "height": 40
      },
      "s": {
        "shape": "hexagon",
        "shape.border.width": 1,
        "shape.border.color": "yellow",
        "shape.repeat.image": "assets/tile/floor1.png"
      }
    },
    {
      "c": "ht.Node",
      "i": 1492,
      "p": {
        "name": "pentagon",
        "position": {
          "x": 630,
          "y": 150
        },
        "width": 60,
        "height": 40
      },
      "s": {
        "shape": "pentagon",
        "shape.border.width": 1,
        "shape.border.color": "yellow",
        "shape.repeat.image": "assets/tile/floor1.png"
      }
    },
    {
      "c": "ht.Node",
      "i": 1493,
      "p": {
        "name": "diamond",
        "position": {
          "x": 710,
          "y": 150
        },
        "width": 60,
        "height": 40
      },
      "s": {
        "shape": "diamond",
        "shape.border.width": 1,
        "shape.border.color": "yellow",
        "shape.repeat.image": "assets/tile/floor1.png"
      }
    },
    {
      "c": "ht.Node",
      "i": 1494,
      "p": {
        "name": "rightTriangle",
        "position": {
          "x": 790,
          "y": 150
        },
        "width": 60,
        "height": 40
      },
      "s": {
        "shape": "rightTriangle",
        "shape.border.width": 1,
        "shape.border.color": "yellow",
        "shape.repeat.image": "assets/tile/floor1.png"
      }
    },
    {
      "c": "ht.Node",
      "i": 1495,
      "p": {
        "name": "parallelogram",
        "position": {
          "x": 870,
          "y": 150
        },
        "width": 60,
        "height": 40
      },
      "s": {
        "shape": "parallelogram",
        "shape.border.width": 1,
        "shape.border.color": "yellow",
        "shape.repeat.image": "assets/tile/floor1.png"
      }
    },
    {
      "c": "ht.Node",
      "i": 1496,
      "p": {
        "name": "trapezoid",
        "position": {
          "x": 950,
          "y": 150
        },
        "width": 60,
        "height": 40
      },
      "s": {
        "shape": "trapezoid",
        "shape.border.width": 1,
        "shape.border.color": "yellow",
        "shape.repeat.image": "assets/tile/floor1.png"
      }
    },
    {
      "c": "ht.Node",
      "i": 1497,
      "p": {
        "name": "rect",
        "position": {
          "x": 70,
          "y": 250
        },
        "width": 60,
        "height": 40
      },
      "s": {
        "shape": "rect",
        "shape.background": null,
        "shape.border.width": 5,
        "shape.border.3d": true
      }
    },
    {
      "c": "ht.Node",
      "i": 1498,
      "p": {
        "name": "circle",
        "position": {
          "x": 150,
          "y": 250
        },
        "width": 60,
        "height": 40
      },
      "s": {
        "shape": "circle",
        "shape.background": null,
        "shape.border.width": 5,
        "shape.border.3d": true
      }
    },
    {
      "c": "ht.Node",
      "i": 1499,
      "p": {
        "name": "oval",
        "position": {
          "x": 230,
          "y": 250
        },
        "width": 60,
        "height": 40
      },
      "s": {
        "shape": "oval",
        "shape.background": null,
        "shape.border.width": 5,
        "shape.border.3d": true
      }
    },
    {
      "c": "ht.Node",
      "i": 1500,
      "p": {
        "name": "roundRect",
        "position": {
          "x": 310,
          "y": 250
        },
        "width": 60,
        "height": 40
      },
      "s": {
        "shape": "roundRect",
        "shape.background": null,
        "shape.border.width": 5,
        "shape.border.3d": true
      }
    },
    {
      "c": "ht.Node",
      "i": 1501,
      "p": {
        "name": "star",
        "position": {
          "x": 390,
          "y": 250
        },
        "width": 60,
        "height": 40
      },
      "s": {
        "shape": "star",
        "shape.background": null,
        "shape.border.width": 5,
        "shape.border.3d": true
      }
    },
    {
      "c": "ht.Node",
      "i": 1502,
      "p": {
        "name": "triangle",
        "position": {
          "x": 470,
          "y": 250
        },
        "width": 60,
        "height": 40
      },
      "s": {
        "shape": "triangle",
        "shape.background": null,
        "shape.border.width": 5,
        "shape.border.3d": true
      }
    },
    {
      "c": "ht.Node",
      "i": 1503,
      "p": {
        "name": "hexagon",
        "position": {
          "x": 550,
          "y": 250
        },
        "width": 60,
        "height": 40
      },
      "s": {
        "shape": "hexagon",
        "shape.background": null,
        "shape.border.width": 5,
        "shape.border.3d": true
      }
    },
    {
      "c": "ht.Node",
      "i": 1504,
      "p": {
        "name": "pentagon",
        "position": {
          "x": 630,
          "y": 250
        },
        "width": 60,
        "height": 40
      },
      "s": {
        "shape": "pentagon",
        "shape.background": null,
        "shape.border.width": 5,
        "shape.border.3d": true
      }
    },
    {
      "c": "ht.Node",
      "i": 1505,
      "p": {
        "name": "diamond",
        "position": {
          "x": 710,
          "y": 250
        },
        "width": 60,
        "height": 40
      },
      "s": {
        "shape": "diamond",
        "shape.background": null,
        "shape.border.width": 5,
        "shape.border.3d": true
      }
    },
    {
      "c": "ht.Node",
      "i": 1506,
      "p": {
        "name": "rightTriangle",
        "position": {
          "x": 790,
          "y": 250
        },
        "width": 60,
        "height": 40
      },
      "s": {
        "shape": "rightTriangle",
        "shape.background": null,
        "shape.border.width": 5,
        "shape.border.3d": true
      }
    },
    {
      "c": "ht.Node",
      "i": 1507,
      "p": {
        "name": "parallelogram",
        "position": {
          "x": 870,
          "y": 250
        },
        "width": 60,
        "height": 40
      },
      "s": {
        "shape": "parallelogram",
        "shape.background": null,
        "shape.border.width": 5,
        "shape.border.3d": true
      }
    },
    {
      "c": "ht.Node",
      "i": 1508,
      "p": {
        "name": "trapezoid",
        "position": {
          "x": 950,
          "y": 250
        },
        "width": 60,
        "height": 40
      },
      "s": {
        "shape": "trapezoid",
        "shape.background": null,
        "shape.border.width": 5,
        "shape.border.3d": true
      }
    },
    {
      "c": "ht.Node",
      "i": 1509,
      "p": {
        "name": "rect",
        "position": {
          "x": 70,
          "y": 350
        },
        "width": 60,
        "height": 40
      },
      "s": {
        "shape": "rect",
        "shape.background": null,
        "shape.border.width": 1,
        "shape.border.pattern": [
          5,
          5
        ]
      }
    },
    {
      "c": "ht.Node",
      "i": 1510,
      "p": {
        "name": "circle",
        "position": {
          "x": 150,
          "y": 350
        },
        "width": 60,
        "height": 40
      },
      "s": {
        "shape": "circle",
        "shape.background": null,
        "shape.border.width": 1,
        "shape.border.pattern": [
          5,
          5
        ]
      }
    },
    {
      "c": "ht.Node",
      "i": 1511,
      "p": {
        "name": "oval",
        "position": {
          "x": 230,
          "y": 350
        },
        "width": 60,
        "height": 40
      },
      "s": {
        "shape": "oval",
        "shape.background": null,
        "shape.border.width": 1,
        "shape.border.pattern": [
          5,
          5
        ]
      }
    },
    {
      "c": "ht.Node",
      "i": 1512,
      "p": {
        "name": "roundRect",
        "position": {
          "x": 310,
          "y": 350
        },
        "width": 60,
        "height": 40
      },
      "s": {
        "shape": "roundRect",
        "shape.background": null,
        "shape.border.width": 1,
        "shape.border.pattern": [
          5,
          5
        ]
      }
    },
    {
      "c": "ht.Node",
      "i": 1513,
      "p": {
        "name": "star",
        "position": {
          "x": 390,
          "y": 350
        },
        "width": 60,
        "height": 40
      },
      "s": {
        "shape": "star",
        "shape.background": null,
        "shape.border.width": 1,
        "shape.border.pattern": [
          5,
          5
        ]
      }
    },
    {
      "c": "ht.Node",
      "i": 1514,
      "p": {
        "name": "triangle",
        "position": {
          "x": 470,
          "y": 350
        },
        "width": 60,
        "height": 40
      },
      "s": {
        "shape": "triangle",
        "shape.background": null,
        "shape.border.width": 1,
        "shape.border.pattern": [
          5,
          5
        ]
      }
    },
    {
      "c": "ht.Node",
      "i": 1515,
      "p": {
        "name": "hexagon",
        "position": {
          "x": 550,
          "y": 350
        },
        "width": 60,
        "height": 40
      },
      "s": {
        "shape": "hexagon",
        "shape.background": null,
        "shape.border.width": 1,
        "shape.border.pattern": [
          5,
          5
        ]
      }
    },
    {
      "c": "ht.Node",
      "i": 1516,
      "p": {
        "name": "pentagon",
        "position": {
          "x": 630,
          "y": 350
        },
        "width": 60,
        "height": 40
      },
      "s": {
        "shape": "pentagon",
        "shape.background": null,
        "shape.border.width": 1,
        "shape.border.pattern": [
          5,
          5
        ]
      }
    },
    {
      "c": "ht.Node",
      "i": 1517,
      "p": {
        "name": "diamond",
        "position": {
          "x": 710,
          "y": 350
        },
        "width": 60,
        "height": 40
      },
      "s": {
        "shape": "diamond",
        "shape.background": null,
        "shape.border.width": 1,
        "shape.border.pattern": [
          5,
          5
        ]
      }
    },
    {
      "c": "ht.Node",
      "i": 1518,
      "p": {
        "name": "rightTriangle",
        "position": {
          "x": 790,
          "y": 350
        },
        "width": 60,
        "height": 40
      },
      "s": {
        "shape": "rightTriangle",
        "shape.background": null,
        "shape.border.width": 1,
        "shape.border.pattern": [
          5,
          5
        ]
      }
    },
    {
      "c": "ht.Node",
      "i": 1519,
      "p": {
        "name": "parallelogram",
        "position": {
          "x": 870,
          "y": 350
        },
        "width": 60,
        "height": 40
      },
      "s": {
        "shape": "parallelogram",
        "shape.background": null,
        "shape.border.width": 1,
        "shape.border.pattern": [
          5,
          5
        ]
      }
    },
    {
      "c": "ht.Node",
      "i": 1520,
      "p": {
        "name": "trapezoid",
        "position": {
          "x": 950,
          "y": 350
        },
        "width": 60,
        "height": 40
      },
      "s": {
        "shape": "trapezoid",
        "shape.background": null,
        "shape.border.width": 1,
        "shape.border.pattern": [
          5,
          5
        ]
      }
    },
    {
      "c": "ht.Node",
      "i": 1521,
      "p": {
        "name": "rect",
        "position": {
          "x": 70,
          "y": 450
        },
        "width": 60,
        "height": 40
      },
      "s": {
        "shape": "rect",
        "shape.background": null,
        "shape.border.width": 6,
        "shape.dash": true,
        "shape.dash.3d": true,
        "shape.dash.pattern": [
          5
        ],
        "shape.dash.color": "red",
        "shape.dash.width": 4
      }
    },
    {
      "c": "ht.Node",
      "i": 1522,
      "p": {
        "name": "circle",
        "position": {
          "x": 150,
          "y": 450
        },
        "width": 60,
        "height": 40
      },
      "s": {
        "shape": "circle",
        "shape.background": null,
        "shape.border.width": 6,
        "shape.dash": true,
        "shape.dash.3d": true,
        "shape.dash.pattern": [
          5
        ],
        "shape.dash.color": "red",
        "shape.dash.width": 4
      }
    },
    {
      "c": "ht.Node",
      "i": 1523,
      "p": {
        "name": "oval",
        "position": {
          "x": 230,
          "y": 450
        },
        "width": 60,
        "height": 40
      },
      "s": {
        "shape": "oval",
        "shape.background": null,
        "shape.border.width": 6,
        "shape.dash": true,
        "shape.dash.3d": true,
        "shape.dash.pattern": [
          5
        ],
        "shape.dash.color": "red",
        "shape.dash.width": 4
      }
    },
    {
      "c": "ht.Node",
      "i": 1524,
      "p": {
        "name": "roundRect",
        "position": {
          "x": 310,
          "y": 450
        },
        "width": 60,
        "height": 40
      },
      "s": {
        "shape": "roundRect",
        "shape.background": null,
        "shape.border.width": 6,
        "shape.dash": true,
        "shape.dash.3d": true,
        "shape.dash.pattern": [
          5
        ],
        "shape.dash.color": "red",
        "shape.dash.width": 4
      }
    },
    {
      "c": "ht.Node",
      "i": 1525,
      "p": {
        "name": "star",
        "position": {
          "x": 390,
          "y": 450
        },
        "width": 60,
        "height": 40
      },
      "s": {
        "shape": "star",
        "shape.background": null,
        "shape.border.width": 6,
        "shape.dash": true,
        "shape.dash.3d": true,
        "shape.dash.pattern": [
          5
        ],
        "shape.dash.color": "red",
        "shape.dash.width": 4
      }
    },
    {
      "c": "ht.Node",
      "i": 1526,
      "p": {
        "name": "triangle",
        "position": {
          "x": 470,
          "y": 450
        },
        "width": 60,
        "height": 40
      },
      "s": {
        "shape": "triangle",
        "shape.background": null,
        "shape.border.width": 6,
        "shape.dash": true,
        "shape.dash.3d": true,
        "shape.dash.pattern": [
          5
        ],
        "shape.dash.color": "red",
        "shape.dash.width": 4
      }
    },
    {
      "c": "ht.Node",
      "i": 1527,
      "p": {
        "name": "hexagon",
        "position": {
          "x": 550,
          "y": 450
        },
        "width": 60,
        "height": 40
      },
      "s": {
        "shape": "hexagon",
        "shape.background": null,
        "shape.border.width": 6,
        "shape.dash": true,
        "shape.dash.3d": true,
        "shape.dash.pattern": [
          5
        ],
        "shape.dash.color": "red",
        "shape.dash.width": 4
      }
    },
    {
      "c": "ht.Node",
      "i": 1528,
      "p": {
        "name": "pentagon",
        "position": {
          "x": 630,
          "y": 450
        },
        "width": 60,
        "height": 40
      },
      "s": {
        "shape": "pentagon",
        "shape.background": null,
        "shape.border.width": 6,
        "shape.dash": true,
        "shape.dash.3d": true,
        "shape.dash.pattern": [
          5
        ],
        "shape.dash.color": "red",
        "shape.dash.width": 4
      }
    },
    {
      "c": "ht.Node",
      "i": 1529,
      "p": {
        "name": "diamond",
        "position": {
          "x": 710,
          "y": 450
        },
        "width": 60,
        "height": 40
      },
      "s": {
        "shape": "diamond",
        "shape.background": null,
        "shape.border.width": 6,
        "shape.dash": true,
        "shape.dash.3d": true,
        "shape.dash.pattern": [
          5
        ],
        "shape.dash.color": "red",
        "shape.dash.width": 4
      }
    },
    {
      "c": "ht.Node",
      "i": 1530,
      "p": {
        "name": "rightTriangle",
        "position": {
          "x": 790,
          "y": 450
        },
        "width": 60,
        "height": 40
      },
      "s": {
        "shape": "rightTriangle",
        "shape.background": null,
        "shape.border.width": 6,
        "shape.dash": true,
        "shape.dash.3d": true,
        "shape.dash.pattern": [
          5
        ],
        "shape.dash.color": "red",
        "shape.dash.width": 4
      }
    },
    {
      "c": "ht.Node",
      "i": 1531,
      "p": {
        "name": "parallelogram",
        "position": {
          "x": 870,
          "y": 450
        },
        "width": 60,
        "height": 40
      },
      "s": {
        "shape": "parallelogram",
        "shape.background": null,
        "shape.border.width": 6,
        "shape.dash": true,
        "shape.dash.3d": true,
        "shape.dash.pattern": [
          5
        ],
        "shape.dash.color": "red",
        "shape.dash.width": 4
      }
    },
    {
      "c": "ht.Node",
      "i": 1532,
      "p": {
        "name": "trapezoid",
        "position": {
          "x": 950,
          "y": 450
        },
        "width": 60,
        "height": 40
      },
      "s": {
        "shape": "trapezoid",
        "shape.background": null,
        "shape.border.width": 6,
        "shape.dash": true,
        "shape.dash.3d": true,
        "shape.dash.pattern": [
          5
        ],
        "shape.dash.color": "red",
        "shape.dash.width": 4
      }
    },
    {
      "c": "ht.Node",
      "i": 1533,
      "p": {
        "name": "Pology 3",
        "position": {
          "x": 70,
          "y": 550
        },
        "width": 60,
        "height": 40
      },
      "s": {
        "shape": "polygon",
        "shape.polygon.side": 3,
        "shape.border.width": 6,
        "shape.dash": true,
        "shape.dash.3d": true,
        "shape.dash.pattern": [
          5
        ],
        "shape.dash.color": "red",
        "shape.dash.width": 4,
        "shape.gradient": "linear.south",
        "shape.background": "yellow"
      }
    },
    {
      "c": "ht.Node",
      "i": 1534,
      "p": {
        "name": "Pology 4",
        "position": {
          "x": 150,
          "y": 550
        },
        "width": 60,
        "height": 40
      },
      "s": {
        "shape": "polygon",
        "shape.polygon.side": 4,
        "shape.border.width": 6,
        "shape.dash": true,
        "shape.dash.3d": true,
        "shape.dash.pattern": [
          5
        ],
        "shape.dash.color": "red",
        "shape.dash.width": 4,
        "shape.gradient": "linear.south",
        "shape.background": "yellow"
      }
    },
    {
      "c": "ht.Node",
      "i": 1535,
      "p": {
        "name": "Pology 5",
        "position": {
          "x": 230,
          "y": 550
        },
        "width": 60,
        "height": 40
      },
      "s": {
        "shape": "polygon",
        "shape.polygon.side": 5,
        "shape.border.width": 6,
        "shape.dash": true,
        "shape.dash.3d": true,
        "shape.dash.pattern": [
          5
        ],
        "shape.dash.color": "red",
        "shape.dash.width": 4,
        "shape.gradient": "linear.south",
        "shape.background": "yellow"
      }
    },
    {
      "c": "ht.Node",
      "i": 1536,
      "p": {
        "name": "Pology 6",
        "position": {
          "x": 310,
          "y": 550
        },
        "width": 60,
        "height": 40
      },
      "s": {
        "shape": "polygon",
        "shape.border.width": 6,
        "shape.dash": true,
        "shape.dash.3d": true,
        "shape.dash.pattern": [
          5
        ],
        "shape.dash.color": "red",
        "shape.dash.width": 4,
        "shape.gradient": "linear.south",
        "shape.background": "yellow"
      }
    },
    {
      "c": "ht.Node",
      "i": 1537,
      "p": {
        "name": "Pology 7",
        "position": {
          "x": 390,
          "y": 550
        },
        "width": 60,
        "height": 40
      },
      "s": {
        "shape": "polygon",
        "shape.polygon.side": 7,
        "shape.border.width": 6,
        "shape.dash": true,
        "shape.dash.3d": true,
        "shape.dash.pattern": [
          5
        ],
        "shape.dash.color": "red",
        "shape.dash.width": 4,
        "shape.gradient": "linear.south",
        "shape.background": "yellow"
      }
    },
    {
      "c": "ht.Node",
      "i": 1538,
      "p": {
        "name": "Pology 8",
        "position": {
          "x": 470,
          "y": 550
        },
        "width": 60,
        "height": 40
      },
      "s": {
        "shape": "polygon",
        "shape.polygon.side": 8,
        "shape.border.width": 6,
        "shape.dash": true,
        "shape.dash.3d": true,
        "shape.dash.pattern": [
          5
        ],
        "shape.dash.color": "red",
        "shape.dash.width": 4,
        "shape.gradient": "linear.south",
        "shape.background": "yellow"
      }
    },
    {
      "c": "ht.Node",
      "i": 1539,
      "p": {
        "name": "Pology 9",
        "position": {
          "x": 550,
          "y": 550
        },
        "width": 60,
        "height": 40
      },
      "s": {
        "shape": "polygon",
        "shape.polygon.side": 9,
        "shape.border.width": 6,
        "shape.dash": true,
        "shape.dash.3d": true,
        "shape.dash.pattern": [
          5
        ],
        "shape.dash.color": "red",
        "shape.dash.width": 4,
        "shape.gradient": "linear.south",
        "shape.background": "yellow"
      }
    },
    {
      "c": "ht.Node",
      "i": 1540,
      "p": {
        "name": "Pology 10",
        "position": {
          "x": 630,
          "y": 550
        },
        "width": 60,
        "height": 40
      },
      "s": {
        "shape": "polygon",
        "shape.polygon.side": 10,
        "shape.border.width": 6,
        "shape.dash": true,
        "shape.dash.3d": true,
        "shape.dash.pattern": [
          5
        ],
        "shape.dash.color": "red",
        "shape.dash.width": 4,
        "shape.gradient": "linear.south",
        "shape.background": "yellow"
      }
    },
    {
      "c": "ht.Node",
      "i": 1541,
      "p": {
        "name": "Pology 11",
        "position": {
          "x": 710,
          "y": 550
        },
        "width": 60,
        "height": 40
      },
      "s": {
        "shape": "polygon",
        "shape.polygon.side": 11,
        "shape.border.width": 6,
        "shape.dash": true,
        "shape.dash.3d": true,
        "shape.dash.pattern": [
          5
        ],
        "shape.dash.color": "red",
        "shape.dash.width": 4,
        "shape.gradient": "linear.south",
        "shape.background": "yellow"
      }
    },
    {
      "c": "ht.Node",
      "i": 1542,
      "p": {
        "name": "Pology 12",
        "position": {
          "x": 790,
          "y": 550
        },
        "width": 60,
        "height": 40
      },
      "s": {
        "shape": "polygon",
        "shape.polygon.side": 12,
        "shape.border.width": 6,
        "shape.dash": true,
        "shape.dash.3d": true,
        "shape.dash.pattern": [
          5
        ],
        "shape.dash.color": "red",
        "shape.dash.width": 4,
        "shape.gradient": "linear.south",
        "shape.background": "yellow"
      }
    },
    {
      "c": "ht.Node",
      "i": 1543,
      "p": {
        "name": "Pology 13",
        "position": {
          "x": 870,
          "y": 550
        },
        "width": 60,
        "height": 40
      },
      "s": {
        "shape": "polygon",
        "shape.polygon.side": 13,
        "shape.border.width": 6,
        "shape.dash": true,
        "shape.dash.3d": true,
        "shape.dash.pattern": [
          5
        ],
        "shape.dash.color": "red",
        "shape.dash.width": 4,
        "shape.gradient": "linear.south",
        "shape.background": "yellow"
      }
    },
    {
      "c": "ht.Node",
      "i": 1544,
      "p": {
        "name": "Pology 14",
        "position": {
          "x": 950,
          "y": 550
        },
        "width": 60,
        "height": 40
      },
      "s": {
        "shape": "polygon",
        "shape.polygon.side": 14,
        "shape.border.width": 6,
        "shape.dash": true,
        "shape.dash.3d": true,
        "shape.dash.pattern": [
          5
        ],
        "shape.dash.color": "red",
        "shape.dash.width": 4,
        "shape.gradient": "linear.south",
        "shape.background": "yellow"
      }
    },
    {
      "c": "ht.Node",
      "i": 1545,
      "p": {
        "name": "Arc 30",
        "position": {
          "x": 150,
          "y": 650
        },
        "width": 60,
        "height": 40
      },
      "s": {
        "shape": "arc",
        "shape.arc.from": 0.52,
        "shape.border.width": 4,
        "shape.dash": true,
        "shape.dash.3d": true,
        "shape.dash.pattern": [
          5
        ],
        "shape.dash.color": "red",
        "shape.gradient": "linear.south",
        "shape.repeat.image": "assets/tile/floor1.png"
      }
    },
    {
      "c": "ht.Node",
      "i": 1546,
      "p": {
        "name": "Arc 60",
        "position": {
          "x": 230,
          "y": 650
        },
        "width": 60,
        "height": 40
      },
      "s": {
        "shape": "arc",
        "shape.arc.from": 1.05,
        "shape.border.width": 4,
        "shape.dash": true,
        "shape.dash.3d": true,
        "shape.dash.pattern": [
          5
        ],
        "shape.dash.color": "red",
        "shape.gradient": "linear.south",
        "shape.repeat.image": "assets/tile/floor1.png"
      }
    },
    {
      "c": "ht.Node",
      "i": 1547,
      "p": {
        "name": "Arc 90",
        "position": {
          "x": 310,
          "y": 650
        },
        "width": 60,
        "height": 40
      },
      "s": {
        "shape": "arc",
        "shape.arc.from": 1.57,
        "shape.border.width": 4,
        "shape.dash": true,
        "shape.dash.3d": true,
        "shape.dash.pattern": [
          5
        ],
        "shape.dash.color": "red",
        "shape.gradient": "linear.south",
        "shape.repeat.image": "assets/tile/floor1.png"
      }
    },
    {
      "c": "ht.Node",
      "i": 1548,
      "p": {
        "name": "Arc 150",
        "position": {
          "x": 470,
          "y": 650
        },
        "width": 60,
        "height": 40
      },
      "s": {
        "shape": "arc",
        "shape.arc.from": 2.62,
        "shape.border.width": 4,
        "shape.dash": true,
        "shape.dash.3d": true,
        "shape.dash.pattern": [
          5
        ],
        "shape.dash.color": "red",
        "shape.gradient": "linear.south",
        "shape.repeat.image": "assets/tile/floor1.png"
      }
    },
    {
      "c": "ht.Node",
      "i": 1549,
      "p": {
        "name": "Arc 180",
        "position": {
          "x": 550,
          "y": 650
        },
        "width": 60,
        "height": 40
      },
      "s": {
        "shape": "arc",
        "shape.border.width": 4,
        "shape.dash": true,
        "shape.dash.3d": true,
        "shape.dash.pattern": [
          5
        ],
        "shape.dash.color": "red",
        "shape.gradient": "linear.south",
        "shape.repeat.image": "assets/tile/floor1.png"
      }
    },
    {
      "c": "ht.Node",
      "i": 1550,
      "p": {
        "name": "Arc 210",
        "position": {
          "x": 630,
          "y": 650
        },
        "width": 60,
        "height": 40
      },
      "s": {
        "shape": "arc",
        "shape.arc.from": 3.67,
        "shape.border.width": 4,
        "shape.dash": true,
        "shape.dash.3d": true,
        "shape.dash.pattern": [
          5
        ],
        "shape.dash.color": "red",
        "shape.gradient": "linear.south",
        "shape.repeat.image": "assets/tile/floor1.png"
      }
    },
    {
      "c": "ht.Node",
      "i": 1551,
      "p": {
        "name": "Arc 240",
        "position": {
          "x": 710,
          "y": 650
        },
        "width": 60,
        "height": 40
      },
      "s": {
        "shape": "arc",
        "shape.arc.from": 4.19,
        "shape.border.width": 4,
        "shape.dash": true,
        "shape.dash.3d": true,
        "shape.dash.pattern": [
          5
        ],
        "shape.dash.color": "red",
        "shape.gradient": "linear.south",
        "shape.repeat.image": "assets/tile/floor1.png"
      }
    },
    {
      "c": "ht.Node",
      "i": 1552,
      "p": {
        "name": "Arc 270",
        "position": {
          "x": 790,
          "y": 650
        },
        "width": 60,
        "height": 40
      },
      "s": {
        "shape": "arc",
        "shape.arc.from": 4.71,
        "shape.border.width": 4,
        "shape.dash": true,
        "shape.dash.3d": true,
        "shape.dash.pattern": [
          5
        ],
        "shape.dash.color": "red",
        "shape.gradient": "linear.south",
        "shape.repeat.image": "assets/tile/floor1.png"
      }
    },
    {
      "c": "ht.Node",
      "i": 1553,
      "p": {
        "name": "Arc 0",
        "position": {
          "x": 70,
          "y": 750
        },
        "width": 60,
        "height": 40
      },
      "s": {
        "shape": "arc",
        "shape.arc.oval": true,
        "shape.arc.from": 0,
        "shape.arc.close": false,
        "shape.background": null,
        "shape.border.width": 4,
        "shape.dash": true,
        "shape.dash.3d": true,
        "shape.dash.pattern": [
          5
        ],
        "shape.dash.color": "red"
      }
    },
    {
      "c": "ht.Node",
      "i": 1554,
      "p": {
        "name": "Arc 30",
        "position": {
          "x": 150,
          "y": 750
        },
        "width": 60,
        "height": 40
      },
      "s": {
        "shape": "arc",
        "shape.arc.oval": true,
        "shape.arc.from": 0,
        "shape.arc.to": 5.76,
        "shape.arc.close": false,
        "shape.background": null,
        "shape.border.width": 4,
        "shape.dash": true,
        "shape.dash.3d": true,
        "shape.dash.pattern": [
          5
        ],
        "shape.dash.color": "red"
      }
    },
    {
      "c": "ht.Node",
      "i": 1555,
      "p": {
        "name": "Arc 60",
        "position": {
          "x": 230,
          "y": 750
        },
        "width": 60,
        "height": 40
      },
      "s": {
        "shape": "arc",
        "shape.arc.oval": true,
        "shape.arc.from": 0,
        "shape.arc.to": 5.24,
        "shape.arc.close": false,
        "shape.background": null,
        "shape.border.width": 4,
        "shape.dash": true,
        "shape.dash.3d": true,
        "shape.dash.pattern": [
          5
        ],
        "shape.dash.color": "red"
      }
    },
    {
      "c": "ht.Node",
      "i": 1556,
      "p": {
        "name": "Arc 90",
        "position": {
          "x": 310,
          "y": 750
        },
        "width": 60,
        "height": 40
      },
      "s": {
        "shape": "arc",
        "shape.arc.oval": true,
        "shape.arc.from": 0,
        "shape.arc.to": 4.71,
        "shape.arc.close": false,
        "shape.background": null,
        "shape.border.width": 4,
        "shape.dash": true,
        "shape.dash.3d": true,
        "shape.dash.pattern": [
          5
        ],
        "shape.dash.color": "red"
      }
    },
    {
      "c": "ht.Node",
      "i": 1557,
      "p": {
        "name": "Arc 120",
        "position": {
          "x": 390,
          "y": 750
        },
        "width": 60,
        "height": 40
      },
      "s": {
        "shape": "arc",
        "shape.arc.oval": true,
        "shape.arc.from": 0,
        "shape.arc.to": 4.19,
        "shape.arc.close": false,
        "shape.background": null,
        "shape.border.width": 4,
        "shape.dash": true,
        "shape.dash.3d": true,
        "shape.dash.pattern": [
          5
        ],
        "shape.dash.color": "red"
      }
    },
    {
      "c": "ht.Node",
      "i": 1558,
      "p": {
        "name": "Arc 150",
        "position": {
          "x": 470,
          "y": 750
        },
        "width": 60,
        "height": 40
      },
      "s": {
        "shape": "arc",
        "shape.arc.oval": true,
        "shape.arc.from": 0,
        "shape.arc.to": 3.67,
        "shape.arc.close": false,
        "shape.background": null,
        "shape.border.width": 4,
        "shape.dash": true,
        "shape.dash.3d": true,
        "shape.dash.pattern": [
          5
        ],
        "shape.dash.color": "red"
      }
    },
    {
      "c": "ht.Node",
      "i": 1559,
      "p": {
        "name": "Arc 180",
        "position": {
          "x": 550,
          "y": 750
        },
        "width": 60,
        "height": 40
      },
      "s": {
        "shape": "arc",
        "shape.arc.oval": true,
        "shape.arc.from": 0,
        "shape.arc.to": 3.14,
        "shape.arc.close": false,
        "shape.background": null,
        "shape.border.width": 4,
        "shape.dash": true,
        "shape.dash.3d": true,
        "shape.dash.pattern": [
          5
        ],
        "shape.dash.color": "red"
      }
    },
    {
      "c": "ht.Node",
      "i": 1560,
      "p": {
        "name": "Arc 210",
        "position": {
          "x": 630,
          "y": 750
        },
        "width": 60,
        "height": 40
      },
      "s": {
        "shape": "arc",
        "shape.arc.oval": true,
        "shape.arc.from": 0,
        "shape.arc.to": 2.62,
        "shape.arc.close": false,
        "shape.background": null,
        "shape.border.width": 4,
        "shape.dash": true,
        "shape.dash.3d": true,
        "shape.dash.pattern": [
          5
        ],
        "shape.dash.color": "red"
      }
    },
    {
      "c": "ht.Node",
      "i": 1561,
      "p": {
        "name": "Arc 240",
        "position": {
          "x": 710,
          "y": 750
        },
        "width": 60,
        "height": 40
      },
      "s": {
        "shape": "arc",
        "shape.arc.oval": true,
        "shape.arc.from": 0,
        "shape.arc.to": 2.09,
        "shape.arc.close": false,
        "shape.background": null,
        "shape.border.width": 4,
        "shape.dash": true,
        "shape.dash.3d": true,
        "shape.dash.pattern": [
          5
        ],
        "shape.dash.color": "red"
      }
    },
    {
      "c": "ht.Node",
      "i": 1562,
      "p": {
        "name": "Arc 270",
        "position": {
          "x": 790,
          "y": 750
        },
        "width": 60,
        "height": 40
      },
      "s": {
        "shape": "arc",
        "shape.arc.oval": true,
        "shape.arc.from": 0,
        "shape.arc.to": 1.57,
        "shape.arc.close": false,
        "shape.background": null,
        "shape.border.width": 4,
        "shape.dash": true,
        "shape.dash.3d": true,
        "shape.dash.pattern": [
          5
        ],
        "shape.dash.color": "red"
      }
    },
    {
      "c": "ht.Node",
      "i": 1563,
      "p": {
        "name": "rect",
        "position": {
          "x": 70,
          "y": 150
        },
        "width": 60,
        "height": 40
      },
      "s": {
        "shape": "rect",
        "shape.border.width": 1,
        "shape.border.color": "yellow",
        "shape.repeat.image": "assets/tile/floor1.png"
      }
    },
    {
      "c": "ht.Node",
      "i": 1564,
      "p": {
        "name": "Arc 0",
        "position": {
          "x": 70,
          "y": 650
        },
        "width": 60,
        "height": 40
      },
      "s": {
        "shape": "arc",
        "shape.arc.from": 0,
        "shape.border.width": 4,
        "shape.dash": true,
        "shape.dash.3d": true,
        "shape.dash.pattern": [
          5
        ],
        "shape.dash.color": "red",
        "shape.gradient": "linear.south",
        "shape.repeat.image": "assets/tile/floor1.png"
      }
    },
    {
      "c": "ht.Node",
      "i": 1565,
      "p": {
        "name": "Arc 120",
        "position": {
          "x": 390,
          "y": 650
        },
        "width": 60,
        "height": 40
      },
      "s": {
        "shape": "arc",
        "shape.arc.from": 2.09,
        "shape.border.width": 4,
        "shape.dash": true,
        "shape.dash.3d": true,
        "shape.dash.pattern": [
          5
        ],
        "shape.dash.color": "red",
        "shape.gradient": "linear.south",
        "shape.repeat.image": "assets/tile/floor1.png"
      }
    },
    {
      "c": "ht.Node",
      "i": 1566,
      "p": {
        "image": "symbols/basic/basic.json",
        "position": {
          "x": 414.2865,
          "y": 970.89594
        }
      }
    }
  ]
}