{
  "modified": "Fri Dec 21 2018 13:40:50 GMT+0800 (中国标准时间)",
  "width": 100,
  "height": 100,
  "snapshotURL": "",
  "func": "__ht__function(g, rect, comp, data, view) {\nvar fontColor = comp.getValue('fontColor');\r\nvar lineColor = comp.getValue('lineColor');\r\n\r\ng.lineWidth = 1;\r\ng.lineCap = 'butt';\r\ng.strokeStyle = lineColor;\r\ng.fillStyle = lineColor;\r\ng.save();\r\n\r\nvar height = rect.height;\r\nvar width = rect.width;\r\n\r\nvar scale = comp.getValue('scale');\r\nvar lineLength = comp.getValue('lineLength');\r\nvar pointWidth = comp.getValue('pointWidth');\r\nvar maxValue = comp.getValue('maxValue');\r\n\r\n//是否标度最大值\r\nvar isMaxShow = comp.getValue('isMaxShow');\r\n//刻度线是否绘制\r\nvar isScaleShow = comp.getValue('isScaleShow');\r\nvar isShade = comp.getValue('isShade');\r\nvar shadeColors = comp.getValue('shadeColors');\r\n\r\n//是否绘制长刻度线\r\nvar isScaleLineShow = comp.getValue('isScaleLineShow');\r\n\r\n//格式化处理\r\nvar format = comp.getValue('format');\r\nif(format==undefined){\r\n    format = '';\r\n}\r\n\r\ng.beginPath();\r\ng.moveTo(0,0);\r\ng.lineTo(0,height);\r\ng.stroke();\r\n\r\ng.textAlign = 'right';\r\ng.textBaseline = 'middle';\r\ng.font = comp.getValue('fontStyle');;\r\ng.fillStyle = true;\r\n\r\nvar splitSize = comp.getValue('splitSize');\r\nif(splitSize>0){\r\n\r\n    for(var i=0;i<=splitSize;i++){\r\n\r\n        var activeScale = parseInt(maxValue/splitSize) * i;\r\n        var yPoint = height - activeScale / maxValue * height;\r\n\r\n        if(yPoint!=height && (isMaxShow || yPoint!=0)){\r\n\r\n            g.strokeStyle = lineColor;\r\n            g.fillStyle = lineColor;\r\n\r\n            if(isScaleShow){\r\n                //绘制标度\r\n                g.beginPath();\r\n                g.moveTo(0,yPoint);\r\n                g.lineTo(pointWidth,yPoint);\r\n                g.stroke();\r\n            }\r\n        }\r\n\r\n        if(yPoint!=height && (isMaxShow || yPoint!=0)){\r\n            g.strokeStyle = lineColor;\r\n            g.fillStyle = lineColor;\r\n\r\n            if(isScaleLineShow && yPoint!=0){\r\n                //绘制行线\r\n                g.beginPath();\r\n                g.moveTo(0,yPoint);\r\n                g.lineTo(width,yPoint);\r\n                g.stroke();\r\n            }\r\n        }\r\n\r\n        //绘制数字\r\n        if(isMaxShow || yPoint!=0){\r\n            \r\n            g.strokeStyle = fontColor;\r\n            g.fillStyle = fontColor;\r\n\r\n            if(format.indexOf('{value}')>=0){\r\n                g.fillText(format.replace('{value}',activeScale), -2, yPoint);\r\n            }else{\r\n                g.fillText(activeScale, -2, yPoint);\r\n            }\r\n\r\n        }\r\n\r\n        if(isShade){\r\n\r\n            if(i!=0){\r\n                g.beginPath();\r\n                g.strokeStyle = shadeColors[i % shadeColors.length];\r\n                g.fillStyle = shadeColors[i % shadeColors.length];\r\n                g.rect(0,yPoint,width,height/splitSize);\r\n                g.fill();\r\n            }\r\n\r\n        }\r\n    }\r\n\r\n}else{\r\n\r\n    for(var i=0;i<scale.length;i++){\r\n\r\n        var activeScale = scale[i];\r\n        var yPoint = height - activeScale / maxValue * height;\r\n\r\n        //绘制标度\r\n        if(yPoint!=height &&(isMaxShow || yPoint!=0)){\r\n\r\n            g.strokeStyle = lineColor;\r\n            g.fillStyle = lineColor;\r\n\r\n            if(isScaleShow){\r\n                g.beginPath();\r\n                g.moveTo(0,yPoint);\r\n                g.lineTo(pointWidth,yPoint);\r\n                g.stroke();\r\n            }\r\n\r\n        }\r\n\r\n        //绘制数字\r\n        if(isMaxShow || yPoint!=0){\r\n\r\n            g.strokeStyle = fontColor;\r\n            g.fillStyle = fontColor;\r\n\r\n            if(format.indexOf('{value}')>=0){\r\n                g.fillText(format.replace('{value}',activeScale), -2, yPoint);\r\n            }else{\r\n                g.fillText(activeScale, -2, yPoint);\r\n            }\r\n\r\n           \r\n        }\r\n\r\n    }\r\n\r\n}\r\n\r\ng.restore();\n}",
  "properties": {
    "scale": {
      "valueType": "ObjectArray",
      "defaultValue": [
        0,
        15,
        30,
        45,
        60,
        75,
        90
      ],
      "name": "scale"
    },
    "pointWidth": {
      "valueType": "PositiveNumber",
      "defaultValue": 3,
      "name": "pointWidth"
    },
    "maxValue": {
      "valueType": "Number",
      "defaultValue": 100,
      "name": "maxValue"
    },
    "fontStyle": {
      "valueType": "String",
      "defaultValue": "8px Arial"
    },
    "splitSize": {
      "valueType": "PositiveNumber",
      "defaultValue": 5,
      "name": "splitSize"
    },
    "fontColor": {
      "valueType": "Color",
      "defaultValue": "#4574A9"
    },
    "lineColor": {
      "valueType": "Color",
      "defaultValue": "#4574A9"
    },
    "format": {
      "valueType": "String"
    },
    "isMaxShow": {
      "valueType": "Boolean",
      "defaultValue": true,
      "name": "最大值是否显示"
    },
    "isScaleShow": {
      "valueType": "Boolean",
      "defaultValue": false,
      "name": "刻度尺是否绘制"
    },
    "isShade": {
      "valueType": "Boolean",
      "defaultValue": true,
      "name": "是否绘制底纹"
    },
    "shadeColors": {
      "valueType": "ColorArray",
      "defaultValue": [
        "#1D2551",
        "#101636"
      ],
      "name": "底纹数组"
    },
    "isScaleLineShow": {
      "valueType": "Boolean",
      "defaultValue": false,
      "name": "是否绘制刻度线"
    }
  }
}