{
  "modified": "Thu Dec 27 2018 10:08:46 GMT+0800 (中国标准时间)",
  "width": 100,
  "height": 100,
  "snapshotURL": "",
  "func": "__ht__function(g, rect, comp, data, view) {\nvar colors = comp.getValue('colors');\r\nvar datas = comp.getValue('datas');\r\nvar maxValue = comp.getValue('maxValue');\r\n\r\nvar shadeColors = comp.getValue('shadeColors');\r\n\r\nvar isPoint = comp.getValue('isPoint');\r\nvar isShade = comp.getValue('isShade');\r\n\r\nvar pointRs = comp.getValue('pointRs');\r\nvar circleAngle = {\r\n    sAngle: 0,\r\n    eAngle: 2 * Math.PI\r\n};\r\n\r\n\r\ng.lineWidth = comp.getValue('lineWidth');\r\ng.lineCap = 'butt';\r\n\r\nvar width = rect.width;\r\nvar height = rect.height;\r\n\r\ng.save();\r\n\r\n//多线绘制\r\nfor(var i=0;i<datas.length;i++){\r\n\r\n    var color = colors[i % colors.length];\r\n    var data = datas[i];\r\n\r\n    g.strokeStyle = color;\r\n    g.fillStyle = color;\r\n\r\n    g.beginPath();\r\n\r\n    for(var j=0;j<data.length;j++){\r\n        var fina = data[j];\r\n        if(j==0){\r\n            g.moveTo(j*(width/(data.length-1)),height*(1-fina/maxValue));\r\n        }else{\r\n            g.lineTo(j*(width/(data.length-1)),height*(1-fina/maxValue));\r\n        }\r\n    }\r\n\r\n    g.stroke();\r\n\r\n}\r\n\r\n//点绘制\r\nif(isPoint){\r\n\r\n    for(var i=0;i<datas.length;i++){\r\n\r\n        var color = colors[i % colors.length];\r\n        var data = datas[i];\r\n\r\n        g.strokeStyle = color;\r\n        g.fillStyle = color;\r\n\r\n        for(var j=0;j<data.length;j++){\r\n            var fina = data[j];\r\n            g.beginPath();\r\n            g.arc(j*(width/(data.length-1)), height*(1-fina/maxValue), pointRs, circleAngle.sAngle, circleAngle.eAngle);\r\n            g.closePath();\r\n            g.fill();\r\n        }\r\n\r\n    }\r\n\r\n}\r\n\r\n//底纹绘制\r\nif(isShade){\r\n\r\n    for(var i=0;i<datas.length;i++){\r\n\r\n        var color = shadeColors[i % shadeColors.length];\r\n        var data = datas[i];\r\n\r\n        g.strokeStyle = color;\r\n        g.fillStyle = color;\r\n\r\n        /*var crd = g.createLinearGradient(0,0,0,100);\r\n        crd.addColorStop(0,color);\r\n        crd.addColorStop(1,'rgba(12,16,41,0.2)');\r\n        g.fillStyle = crd;*/\r\n\r\n        g.beginPath();\r\n\r\n        g.moveTo(0,height);\r\n\r\n        for(var j=0;j<data.length;j++){\r\n            var fina = data[j];\r\n            g.lineTo(j*(width/(data.length-1)),height*(1-fina/maxValue));        \r\n        }\r\n\r\n        g.lineTo(width,height);\r\n\r\n        g.closePath();\r\n\r\n        g.fill();\r\n\r\n    }\r\n\r\n}\r\n\r\ng.restore();\n}",
  "properties": {
    "colors": {
      "valueType": "ColorArray",
      "defaultValue": [
        "#9C79F3",
        "#B9A551"
      ],
      "name": "颜色"
    },
    "datas": {
      "valueType": "ObjectArray",
      "defaultValue": [
        [
          15,
          20,
          80,
          60,
          70
        ],
        [
          80,
          60,
          90,
          70,
          30
        ]
      ],
      "name": "数据数组"
    },
    "maxValue": {
      "valueType": "Number",
      "defaultValue": 100,
      "name": "上限值"
    },
    "isPoint": {
      "valueType": "Boolean",
      "defaultValue": true,
      "name": "是否绘制点"
    },
    "isShade": {
      "valueType": "Boolean",
      "defaultValue": true,
      "name": "是否绘制底纹"
    },
    "pointRs": {
      "valueType": "Number",
      "defaultValue": 2,
      "name": "点半径"
    },
    "lineWidth": {
      "valueType": "Number",
      "defaultValue": 0.5,
      "name": "线宽"
    },
    "shadeColors": {
      "valueType": "ColorArray",
      "defaultValue": [
        "rgb(156,121,243,0.2)",
        "rgb(185,165,81,0.2)"
      ],
      "name": "底纹颜色"
    }
  }
}