{
  "modified": "Wed Nov 07 2018 17:47:37 GMT+0800 (中国标准时间)",
  "width": 16,
  "height": 16,
  "comps": [
    {
      "type": "shape",
      "background": "rgb(51,153,255)",
      "points": [
        13.27131,
        5.31118,
        12.15863,
        5.31118,
        11.25665,
        4.40912,
        11.25665,
        3.29652,
        11.25665,
        2.18386,
        13.27131,
        0.27457,
        13.27131,
        0.27457,
        13.27131,
        0.27457,
        15.28595,
        2.18386,
        15.28595,
        3.29652,
        15.28595,
        4.40914,
        14.38394,
        5.31118,
        13.27131,
        5.31118,
        13.27131,
        5.31118,
        13.27131,
        1.28188,
        13.27131,
        1.28188,
        11.92819,
        2.55476,
        11.92819,
        3.29652,
        11.92819,
        4.0383,
        12.52953,
        4.63961,
        13.27131,
        4.63961,
        14.01307,
        4.63961,
        14.61437,
        4.0383,
        14.61437,
        3.29652,
        14.61437,
        2.55476,
        13.27131,
        1.28188,
        13.27131,
        1.28188,
        13.27131,
        1.28188,
        6.55584,
        15.72009,
        3.40333,
        15.72009,
        0.84774,
        13.12689,
        0.84774,
        9.92802,
        0.84774,
        6.72915,
        6.55584,
        0.27457,
        6.55584,
        0.27457,
        6.55584,
        0.27457,
        12.26397,
        6.72915,
        12.26397,
        9.92802,
        12.26397,
        13.12689,
        9.70837,
        15.72009,
        6.55584,
        15.72009,
        6.55584,
        15.72009,
        1.85502,
        9.92188,
        1.85502,
        12.56783,
        3.95968,
        14.71281,
        6.55584,
        14.71281,
        9.15203,
        14.71281,
        11.25665,
        12.56783,
        11.25665,
        9.92188,
        11.25665,
        7.27596,
        6.55584,
        1.61762,
        6.55584,
        1.61762,
        6.55584,
        1.61762,
        1.85502,
        7.27596,
        1.85502,
        9.92188,
        1.85502,
        9.92188,
        6.55584,
        14.377,
        4.14509,
        14.377,
        2.19079,
        12.43648,
        2.19079,
        10.04268,
        2.19079,
        7.64896,
        4.45927,
        8.86106,
        6.55584,
        10.04268,
        8.66092,
        11.22914,
        10.92091,
        7.64896,
        10.92091,
        10.04268,
        10.92091,
        12.43648,
        8.96658,
        14.377,
        6.55584,
        14.377,
        6.55584,
        14.377
      ],
      "segments": [
        1,
        4,
        4,
        4,
        4,
        2,
        1,
        4,
        4,
        4,
        4,
        2,
        1,
        4,
        4,
        4,
        4,
        2,
        1,
        4,
        4,
        4,
        4,
        2,
        1,
        4,
        4,
        4,
        4,
        2
      ]
    }
  ]
}