{
  "modified": "Wed Nov 07 2018 17:47:29 GMT+0800 (中国标准时间)",
  "width": 16,
  "height": 16,
  "comps": [
    {
      "type": "shape",
      "background": "rgb(51,153,255)",
      "points": [
        8.80773,
        9.53001,
        8.80773,
        4.06752,
        8.76689,
        3.95221,
        8.71149,
        3.84315,
        8.64247,
        3.74215,
        8.56099,
        3.65091,
        8.46841,
        3.57096,
        8.36628,
        3.50363,
        8.2563,
        3.45007,
        8.14033,
        3.41115,
        8.02031,
        3.38753,
        7.89824,
        3.37962,
        7.77617,
        3.38753,
        7.65614,
        3.41115,
        7.54017,
        3.45007,
        7.4302,
        3.50363,
        7.32807,
        3.57096,
        7.23548,
        3.65091,
        7.154,
        3.74215,
        7.08498,
        3.84315,
        7.02959,
        3.95221,
        6.98875,
        4.06752,
        6.98875,
        9.53001,
        6.46822,
        9.85082,
        6.05327,
        10.29991,
        5.77453,
        10.84412,
        5.65257,
        11.44327,
        5.69641,
        12.05314,
        5.9028,
        12.6287,
        6.2565,
        13.12746,
        6.73141,
        13.51259,
        7.29246,
        13.75566,
        7.89824,
        13.83873,
        8.50401,
        13.75566,
        9.06506,
        13.51259,
        9.53997,
        13.12746,
        9.89368,
        12.6287,
        10.10007,
        12.05314,
        10.1439,
        11.44327,
        10.02195,
        10.84412,
        9.7432,
        10.29991,
        9.32825,
        9.85082,
        8.80773,
        9.53001,
        8.80773,
        9.53001
      ]
    },
    {
      "type": "shape",
      "background": "rgb(51,153,255)",
      "points": [
        10.92455,
        8.38053,
        10.92455,
        2.4356,
        10.91938,
        2.33141,
        10.90939,
        2.22758,
        10.89459,
        2.12432,
        10.87502,
        2.02186,
        10.85071,
        1.92042,
        10.82173,
        1.82022,
        10.78813,
        1.72146,
        10.74999,
        1.62437,
        10.70739,
        1.52916,
        10.66042,
        1.43602,
        10.60917,
        1.34516,
        10.55377,
        1.25678,
        10.49433,
        1.17106,
        10.43098,
        1.08819,
        10.36385,
        1.00834,
        10.29309,
        0.9317,
        10.21885,
        0.85842,
        10.1413,
        0.78866,
        10.06059,
        0.72258,
        9.9769,
        0.6603,
        9.79208,
        0.53819,
        9.60011,
        0.42765,
        9.40171,
        0.32912,
        9.19764,
        0.24296,
        8.98865,
        0.16949,
        8.77555,
        0.109,
        8.55914,
        0.06172,
        8.34023,
        0.02781,
        8.11965,
        0.00742,
        7.89824,
        0.00061,
        7.67682,
        0.00742,
        7.45624,
        0.02781,
        7.23733,
        0.06172,
        7.02092,
        0.109,
        6.80782,
        0.16949,
        6.59884,
        0.24296,
        6.39476,
        0.32912,
        6.19636,
        0.42765,
        6.00439,
        0.53819,
        5.81957,
        0.6603,
        5.73589,
        0.72258,
        5.65518,
        0.78866,
        5.57762,
        0.85842,
        5.50339,
        0.9317,
        5.43263,
        1.00834,
        5.3655,
        1.08819,
        5.30214,
        1.17106,
        5.2427,
        1.25678,
        5.1873,
        1.34516,
        5.13606,
        1.43602,
        5.08909,
        1.52916,
        5.04648,
        1.62437,
        5.00834,
        1.72146,
        4.97474,
        1.82022,
        4.94576,
        1.92042,
        4.92146,
        2.02186,
        4.90189,
        2.12432,
        4.88709,
        2.22758,
        4.8771,
        2.33141,
        4.87193,
        2.4356,
        4.87193,
        8.38114,
        4.19949,
        9.18713,
        3.73653,
        10.12918,
        3.50928,
        11.15395,
        3.53058,
        12.20339,
        3.79926,
        13.21809,
        4.30007,
        14.14057,
        5.00467,
        14.91859,
        5.87316,
        15.50811,
        6.85634,
        15.87572,
        7.89855,
        16.00061,
        8.94075,
        15.87572,
        9.92393,
        15.50811,
        10.79242,
        14.91859,
        11.49702,
        14.14057,
        11.99784,
        13.21809,
        12.26651,
        12.20339,
        12.28782,
        11.15395,
        12.06056,
        10.12918,
        11.5976,
        9.18713,
        10.92516,
        8.38114,
        10.92455,
        8.38053,
        7.89824,
        14.81343,
        7.50412,
        14.78929,
        7.1159,
        14.71716,
        6.73941,
        14.59812,
        6.3803,
        14.43396,
        6.04394,
        14.22713,
        5.73538,
        13.98074,
        5.45926,
        13.69848,
        5.2197,
        13.38459,
        5.02031,
        13.04378,
        4.86407,
        12.68114,
        4.75332,
        12.30213,
        4.68973,
        11.91242,
        4.67425,
        11.51787,
        4.70712,
        11.12438,
        4.78783,
        10.73785,
        4.91518,
        10.3641,
        5.08726,
        10.0087,
        5.30149,
        9.67701,
        5.55465,
        9.37399,
        5.84296,
        9.10418,
        6.05772,
        8.92635,
        6.05772,
        2.4356,
        6.05772,
        1.75871,
        6.90075,
        1.18582,
        7.89885,
        1.18582,
        8.89696,
        1.18582,
        9.73999,
        1.7581,
        9.73999,
        2.4356,
        9.73999,
        8.92635,
        9.95475,
        9.10418,
        10.24305,
        9.37399,
        10.49622,
        9.67701,
        10.71045,
        10.0087,
        10.88253,
        10.3641,
        11.00988,
        10.73785,
        11.09059,
        11.12438,
        11.12345,
        11.51787,
        11.10797,
        11.91242,
        11.04439,
        12.30213,
        10.93364,
        12.68114,
        10.7774,
        13.04378,
        10.57801,
        13.38459,
        10.33845,
        13.69848,
        10.06232,
        13.98074,
        9.75377,
        14.22713,
        9.41741,
        14.43396,
        9.05829,
        14.59812,
        8.68181,
        14.71716,
        8.29359,
        14.78929,
        7.89947,
        14.81343,
        7.89824,
        14.81343,
        11.50605,
        3.06634,
        12.2174,
        3.06634,
        12.26312,
        3.06273,
        12.30771,
        3.05201,
        12.35008,
        3.03446,
        12.38917,
        3.01049,
        12.42404,
        2.9807,
        12.45382,
        2.94583,
        12.47778,
        2.90672,
        12.49533,
        2.86435,
        12.50603,
        2.81976,
        12.50963,
        2.77404,
        12.50603,
        2.72833,
        12.49533,
        2.68373,
        12.47778,
        2.64136,
        12.45382,
        2.60226,
        12.42404,
        2.56739,
        12.38917,
        2.5376,
        12.35008,
        2.51363,
        12.30771,
        2.49607,
        12.26312,
        2.48536,
        12.2174,
        2.48175,
        11.50605,
        2.48175,
        11.46032,
        2.48534,
        11.41571,
        2.49604,
        11.37333,
        2.51359,
        11.33421,
        2.53755,
        11.29933,
        2.56734,
        11.26953,
        2.60222,
        11.24556,
        2.64133,
        11.228,
        2.68371,
        11.21729,
        2.72831,
        11.21369,
        2.77404,
        11.21729,
        2.81978,
        11.228,
        2.86438,
        11.24556,
        2.90676,
        11.26953,
        2.94587,
        11.29933,
        2.98075,
        11.33421,
        3.01054,
        11.37333,
        3.0345,
        11.41571,
        3.05205,
        11.46032,
        3.06275,
        11.50605,
        3.06634,
        11.50605,
        3.06634,
        12.2174,
        3.37894,
        11.50605,
        3.37894,
        11.46033,
        3.38253,
        11.41573,
        3.39324,
        11.37336,
        3.41079,
        11.33425,
        3.43476,
        11.29937,
        3.46455,
        11.26958,
        3.49942,
        11.24562,
        3.53853,
        11.22807,
        3.58091,
        11.21736,
        3.6255,
        11.21376,
        3.67123,
        11.21736,
        3.71695,
        11.22807,
        3.76155,
        11.24562,
        3.80393,
        11.26958,
        3.84303,
        11.29937,
        3.87791,
        11.33425,
        3.9077,
        11.37336,
        3.93166,
        11.41573,
        3.94922,
        11.46033,
        3.95992,
        11.50605,
        3.96352,
        12.2174,
        3.96352,
        12.26313,
        3.95992,
        12.30773,
        3.94922,
        12.3501,
        3.93166,
        12.38921,
        3.9077,
        12.42409,
        3.87791,
        12.45387,
        3.84303,
        12.47784,
        3.80393,
        12.49539,
        3.76155,
        12.5061,
        3.71695,
        12.5097,
        3.67123,
        12.5061,
        3.6255,
        12.49539,
        3.58091,
        12.47784,
        3.53853,
        12.45387,
        3.49942,
        12.42409,
        3.46455,
        12.38921,
        3.43476,
        12.3501,
        3.41079,
        12.30773,
        3.39324,
        12.26313,
        3.38253,
        12.2174,
        3.37894,
        12.2174,
        3.37894
      ],
      "segments": [
        1,
        2,
        2,
        2,
        2,
        2,
        2,
        2,
        2,
        2,
        2,
        2,
        2,
        2,
        2,
        2,
        2,
        2,
        2,
        2,
        2,
        2,
        2,
        2,
        2,
        2,
        2,
        2,
        2,
        2,
        2,
        2,
        2,
        2,
        2,
        2,
        2,
        2,
        2,
        2,
        2,
        2,
        2,
        2,
        2,
        2,
        2,
        2,
        2,
        2,
        2,
        2,
        2,
        2,
        2,
        2,
        2,
        2,
        2,
        2,
        2,
        2,
        2,
        2,
        2,
        2,
        2,
        2,
        2,
        2,
        2,
        2,
        2,
        2,
        2,
        2,
        2,
        2,
        2,
        2,
        2,
        2,
        2,
        2,
        1,
        2,
        2,
        2,
        2,
        2,
        2,
        2,
        2,
        2,
        2,
        2,
        2,
        2,
        2,
        2,
        2,
        2,
        2,
        2,
        2,
        2,
        2,
        4,
        4,
        2,
        2,
        2,
        2,
        2,
        2,
        2,
        2,
        2,
        2,
        2,
        2,
        2,
        2,
        2,
        2,
        2,
        2,
        2,
        2,
        2,
        2,
        2,
        1,
        2,
        2,
        2,
        2,
        2,
        2,
        2,
        2,
        2,
        2,
        2,
        2,
        2,
        2,
        2,
        2,
        2,
        2,
        2,
        2,
        2,
        2,
        2,
        2,
        2,
        2,
        2,
        2,
        2,
        2,
        2,
        2,
        2,
        2,
        2,
        2,
        2,
        2,
        2,
        2,
        2,
        2,
        2,
        1,
        2,
        2,
        2,
        2,
        2,
        2,
        2,
        2,
        2,
        2,
        2,
        2,
        2,
        2,
        2,
        2,
        2,
        2,
        2,
        2,
        2,
        2,
        2,
        2,
        2,
        2,
        2,
        2,
        2,
        2,
        2,
        2,
        2,
        2,
        2,
        2,
        2,
        2,
        2,
        2,
        2,
        2,
        2
      ]
    },
    {
      "type": "shape",
      "background": "rgb(51,153,255)",
      "points": [
        12.2174,
        4.27612,
        11.50605,
        4.27612,
        11.46033,
        4.27972,
        11.41573,
        4.29043,
        11.37336,
        4.30798,
        11.33425,
        4.33194,
        11.29937,
        4.36173,
        11.26958,
        4.39661,
        11.24562,
        4.43572,
        11.22807,
        4.47809,
        11.21736,
        4.52269,
        11.21376,
        4.56841,
        11.21736,
        4.61414,
        11.22807,
        4.65874,
        11.24562,
        4.70111,
        11.26958,
        4.74022,
        11.29937,
        4.7751,
        11.33425,
        4.80488,
        11.37336,
        4.82885,
        11.41573,
        4.8464,
        11.46033,
        4.85711,
        11.50605,
        4.86071,
        12.2174,
        4.86071,
        12.26313,
        4.85711,
        12.30773,
        4.8464,
        12.3501,
        4.82885,
        12.38921,
        4.80488,
        12.42409,
        4.7751,
        12.45387,
        4.74022,
        12.47784,
        4.70111,
        12.49539,
        4.65874,
        12.5061,
        4.61414,
        12.5097,
        4.56841,
        12.5061,
        4.52269,
        12.49539,
        4.47809,
        12.47784,
        4.43572,
        12.45387,
        4.39661,
        12.42409,
        4.36173,
        12.38921,
        4.33194,
        12.3501,
        4.30798,
        12.30773,
        4.29043,
        12.26313,
        4.27972,
        12.2174,
        4.27612,
        12.2174,
        4.27612,
        12.2174,
        5.17331,
        11.50605,
        5.17331,
        11.46032,
        5.1769,
        11.41571,
        5.1876,
        11.37333,
        5.20514,
        11.33421,
        5.22911,
        11.29933,
        5.25889,
        11.26953,
        5.29377,
        11.24556,
        5.33288,
        11.228,
        5.37526,
        11.21729,
        5.41987,
        11.21369,
        5.4656,
        11.21729,
        5.51133,
        11.228,
        5.55594,
        11.24556,
        5.59832,
        11.26953,
        5.63743,
        11.29933,
        5.67231,
        11.33421,
        5.70209,
        11.37333,
        5.72606,
        11.41571,
        5.7436,
        11.46032,
        5.7543,
        11.50605,
        5.75789,
        12.2174,
        5.75789,
        12.26312,
        5.75428,
        12.30771,
        5.74357,
        12.35008,
        5.72601,
        12.38917,
        5.70205,
        12.42404,
        5.67226,
        12.45382,
        5.63738,
        12.47778,
        5.59828,
        12.49533,
        5.55591,
        12.50603,
        5.51132,
        12.50963,
        5.4656,
        12.50603,
        5.41988,
        12.49533,
        5.37529,
        12.47778,
        5.33292,
        12.45382,
        5.29382,
        12.42404,
        5.25894,
        12.38917,
        5.22915,
        12.35008,
        5.20519,
        12.30771,
        5.18763,
        12.26312,
        5.17691,
        12.2174,
        5.17331,
        12.2174,
        5.17331,
        12.2174,
        6.07049,
        11.50605,
        6.07049,
        11.46034,
        6.0741,
        11.41575,
        6.08481,
        11.37338,
        6.10237,
        11.33428,
        6.12634,
        11.29942,
        6.15613,
        11.26964,
        6.191,
        11.24568,
        6.2301,
        11.22813,
        6.27247,
        11.21743,
        6.31707,
        11.21383,
        6.36278,
        11.21743,
        6.4085,
        11.22813,
        6.4531,
        11.24568,
        6.49546,
        11.26964,
        6.53457,
        11.29942,
        6.56944,
        11.33428,
        6.59923,
        11.37338,
        6.6232,
        11.41575,
        6.64075,
        11.46034,
        6.65147,
        11.50605,
        6.65508,
        12.2174,
        6.65508,
        12.26312,
        6.65147,
        12.30771,
        6.64075,
        12.35008,
        6.6232,
        12.38917,
        6.59923,
        12.42404,
        6.56944,
        12.45382,
        6.53457,
        12.47778,
        6.49546,
        12.49533,
        6.4531,
        12.50603,
        6.4085,
        12.50963,
        6.36278,
        12.50603,
        6.31707,
        12.49533,
        6.27247,
        12.47778,
        6.2301,
        12.45382,
        6.191,
        12.42404,
        6.15613,
        12.38917,
        6.12634,
        12.35008,
        6.10237,
        12.30771,
        6.08481,
        12.26312,
        6.0741,
        12.2174,
        6.07049,
        12.2174,
        6.07049,
        12.2174,
        6.96768,
        11.50605,
        6.96768,
        11.46032,
        6.97127,
        11.41571,
        6.98197,
        11.37333,
        6.99951,
        11.33421,
        7.02348,
        11.29933,
        7.05326,
        11.26953,
        7.08814,
        11.24556,
        7.12725,
        11.228,
        7.16963,
        11.21729,
        7.21424,
        11.21369,
        7.25997,
        11.21729,
        7.3057,
        11.228,
        7.35031,
        11.24556,
        7.39269,
        11.26953,
        7.4318,
        11.29933,
        7.46668,
        11.33421,
        7.49646,
        11.37333,
        7.52043,
        11.41571,
        7.53797,
        11.46032,
        7.54867,
        11.50605,
        7.55226,
        12.2174,
        7.55226,
        12.26312,
        7.54865,
        12.30771,
        7.53794,
        12.35008,
        7.52038,
        12.38917,
        7.49642,
        12.42404,
        7.46663,
        12.45382,
        7.43175,
        12.47778,
        7.39265,
        12.49533,
        7.35028,
        12.50603,
        7.30569,
        12.50963,
        7.25997,
        12.50603,
        7.21425,
        12.49533,
        7.16966,
        12.47778,
        7.12729,
        12.45382,
        7.08819,
        12.42404,
        7.05331,
        12.38917,
        7.02352,
        12.35008,
        6.99956,
        12.30771,
        6.982,
        12.26312,
        6.97129,
        12.2174,
        6.96768,
        12.2174,
        6.96768
      ],
      "segments": [
        1,
        2,
        2,
        2,
        2,
        2,
        2,
        2,
        2,
        2,
        2,
        2,
        2,
        2,
        2,
        2,
        2,
        2,
        2,
        2,
        2,
        2,
        2,
        2,
        2,
        2,
        2,
        2,
        2,
        2,
        2,
        2,
        2,
        2,
        2,
        2,
        2,
        2,
        2,
        2,
        2,
        2,
        2,
        2,
        1,
        2,
        2,
        2,
        2,
        2,
        2,
        2,
        2,
        2,
        2,
        2,
        2,
        2,
        2,
        2,
        2,
        2,
        2,
        2,
        2,
        2,
        2,
        2,
        2,
        2,
        2,
        2,
        2,
        2,
        2,
        2,
        2,
        2,
        2,
        2,
        2,
        2,
        2,
        2,
        2,
        2,
        2,
        2,
        1,
        2,
        2,
        2,
        2,
        2,
        2,
        2,
        2,
        2,
        2,
        2,
        2,
        2,
        2,
        2,
        2,
        2,
        2,
        2,
        2,
        2,
        2,
        2,
        2,
        2,
        2,
        2,
        2,
        2,
        2,
        2,
        2,
        2,
        2,
        2,
        2,
        2,
        2,
        2,
        2,
        2,
        2,
        2,
        1,
        2,
        2,
        2,
        2,
        2,
        2,
        2,
        2,
        2,
        2,
        2,
        2,
        2,
        2,
        2,
        2,
        2,
        2,
        2,
        2,
        2,
        2,
        2,
        2,
        2,
        2,
        2,
        2,
        2,
        2,
        2,
        2,
        2,
        2,
        2,
        2,
        2,
        2,
        2,
        2,
        2,
        2,
        2
      ]
    }
  ]
}