{
  "modified": "Wed Nov 07 2018 17:43:42 GMT+0800 (中国标准时间)",
  "width": 16,
  "height": 16,
  "comps": [
    {
      "type": "shape",
      "background": "rgb(51,153,255)",
      "points": [
        15.91,
        13.176,
        15.91,
        13.1765,
        15.91025,
        13.177,
        15.91025,
        13.1775,
        15.91025,
        13.44825,
        15.69,
        13.66775,
        15.418,
        13.66775,
        11.75125,
        13.66775,
        12.02625,
        13.6075,
        12.232,
        13.364,
        12.232,
        13.07175,
        12.232,
        13.07025,
        12.23225,
        13.07025,
        12.23225,
        13.07025,
        12.23225,
        10.8425,
        10.5995,
        10.03275,
        9.90125,
        9.6865,
        9.855,
        9.7525,
        9.50825,
        9.6705,
        9.518,
        8.7055,
        9.518,
        8.7055,
        9.137,
        8.41525,
        9.0185,
        7.5035,
        8.77975,
        7.57225,
        8.701,
        7.2245,
        8.68725,
        7.00325,
        8.674,
        6.78925,
        8.549,
        6.121,
        8.83975,
        6.181,
        8.78025,
        5.735,
        8.73725,
        5.3325,
        8.7585,
        5.11925,
        8.8315,
        4.371,
        9.55475,
        3.58925,
        10.6685,
        3.53225,
        11.97875,
        3.58925,
        12.49775,
        4.37075,
        12.57075,
        5.1185,
        12.5915,
        5.332,
        12.545,
        5.7345,
        12.4855,
        6.18,
        12.77675,
        6.12075,
        12.65025,
        6.78775,
        12.636,
        7.00175,
        12.623,
        7.2235,
        12.54225,
        7.56975,
        12.3045,
        7.5015,
        12.18525,
        8.4125,
        11.8045,
        8.70075,
        11.8045,
        8.70075,
        11.81325,
        9.6645,
        11.81325,
        9.6645,
        12.0545,
        9.80175,
        13.07225,
        10.222,
        14.09025,
        10.6425,
        13.771,
        10.328,
        14.6,
        10.73875,
        15.9105,
        11.389,
        15.9105,
        13.176,
        15.9105,
        13.176,
        15.91,
        13.176,
        15.91,
        13.176,
        8.526,
        9.88,
        9.64525,
        10.34275,
        9.294,
        9.9965,
        10.2055,
        10.4485,
        11.646,
        11.16275,
        11.646,
        13.12725,
        11.646,
        13.12725,
        11.64575,
        13.12725,
        11.64575,
        13.128,
        11.646,
        13.12825,
        11.646,
        13.12875,
        11.646,
        13.4265,
        11.4035,
        13.66775,
        11.10475,
        13.66775,
        0.6465,
        13.66775,
        0.34775,
        13.66775,
        0.1055,
        13.4265,
        0.1055,
        13.12875,
        0.1055,
        13.12725,
        0.10525,
        13.12725,
        0.10525,
        13.12725,
        0.10525,
        11.163,
        1.54575,
        10.44825,
        2.45725,
        9.99625,
        2.10625,
        10.363,
        3.22525,
        9.90075,
        4.344,
        9.439,
        4.60925,
        9.27775,
        4.60925,
        9.27775,
        4.61975,
        8.21325,
        4.61975,
        8.21325,
        4.20075,
        7.89375,
        4.07075,
        6.892,
        3.80875,
        6.9675,
        3.72175,
        6.58525,
        3.70625,
        6.34175,
        3.692,
        6.10675,
        3.55475,
        5.372,
        3.8745,
        5.43825,
        3.809,
        4.94775,
        3.762,
        4.5055,
        3.785,
        4.2715,
        3.8655,
        3.44875,
        4.66,
        2.58925,
        5.8845,
        2.52675,
        7.32475,
        2.58925,
        7.895,
        3.44825,
        7.975,
        4.27025,
        7.9985,
        4.50475,
        7.947,
        4.94725,
        7.8815,
        5.437,
        8.2015,
        5.3715,
        8.0625,
        6.105,
        8.04675,
        6.34025,
        8.03275,
        6.58375,
        7.944,
        6.96475,
        7.6825,
        6.88925,
        7.55175,
        7.891,
        7.1325,
        8.208,
        7.1325,
        8.208,
        7.1425,
        9.26725,
        7.1425,
        9.26725,
        7.4075,
        9.418,
        8.526,
        9.88
      ],
      "segments": [
        1,
        4,
        4,
        2,
        4,
        2,
        2,
        4,
        4,
        2,
        4,
        4,
        4,
        4,
        4,
        4,
        4,
        4,
        4,
        4,
        2,
        4,
        4,
        4,
        2,
        2,
        1,
        4,
        4,
        2,
        4,
        4,
        2,
        4,
        2,
        2,
        4,
        4,
        4,
        2,
        4,
        4,
        4,
        4,
        4,
        4,
        4,
        4,
        4,
        4,
        2,
        4
      ]
    }
  ]
}