{
  "width": 100,
  "height": 100,
  "snapshotURL": "",
  "func": "__ht__function(g, rect, comp, data, view) {\nvar image = ht.Default.getImage(comp.getValue('fan.icon'));\nif (!image) return;\n\ng.save();\n\nvar x = rect.x;\nvar y = rect.y;\nvar width = rect.width;\nvar height = rect.height;\nvar size = Math.min(width, height);\n\nvar shiftX = x + width / 2;\nvar shiftY = y + height / 2;\ng.translate(shiftX, shiftY);\n\nvar axisX = {\n    x : comp.getValue('fan.axis.x.x') / size,\n    y : comp.getValue('fan.axis.x.y') / size,\n};\nvar axisY = {\n    x : comp.getValue('fan.axis.y.x') / size,\n    y : comp.getValue('fan.axis.y.y') / size\n};\n\ng.transform(axisX.x, axisX.y, axisY.x, axisY.y, 0, 0);\n\nvar rotation = comp.getValue('fan.rotation');\nif (rotation) {\n    g.rotate(rotation);\n}\n\nif (comp.getValue('fan.axis.debug')) {\n    g.fillStyle = 'red';\n    g.strokeStyle = 'black';\n\n    var debugWidth = 50;\n    var debugHeight = 50;\n\n    g.beginPath();\n    g.moveTo(0, 0);\n    g.lineTo(debugWidth / 2, 0);\n    g.stroke();\n    g.beginPath();\n    g.arc(debugWidth / 2, 0, 3, 0, Math.PI * 2);\n    g.fill();\n\n    g.beginPath();\n    g.moveTo(0, 0);\n    g.lineTo(0, debugHeight / 2);\n    g.stroke();\n    g.beginPath();\n    g.arc(0, debugHeight / 2, 3, 0, Math.PI * 2);\n    g.fill();\n}\n\ng.translate(-shiftX, -shiftY);\nht.Default.drawImage(g, image, x, y, width, height, data, view);\n\ng.restore();\n}",
  "properties": {
    "fan.rotation": {
      "valueType": "Number",
      "defaultValue": 3,
      "name": "扇叶旋转"
    },
    "fan.axis.x.x": {
      "valueType": "Number",
      "defaultValue": 100,
      "name": "x轴的x位置"
    },
    "fan.axis.x.y": {
      "valueType": "Number",
      "defaultValue": 0,
      "name": "x轴的y位置"
    },
    "fan.axis.y.x": {
      "valueType": "Number",
      "defaultValue": 0,
      "name": "y轴的x位置"
    },
    "fan.axis.y.y": {
      "valueType": "Number",
      "defaultValue": 100,
      "name": "y轴的y位置"
    },
    "fan.axis.debug": {
      "valueType": "Boolean",
      "defaultValue": false,
      "name": "调试轴"
    },
    "fan.icon": {
      "valueType": "Image",
      "defaultValue": "symbols/demo/fan/fan3.json",
      "name": "扇叶图标"
    }
  }
}