{
  "v": "6.3.0",
  "p": {
    "autoAdjustIndex": true,
    "hierarchicalRendering": true
  },
  "a": {
    "connectActionType": null,
    "rotateAsClock": false,
    "previewURL": "display-2d3d.html"
  },
  "d": [
    {
      "c": "ht.Node",
      "i": 4720,
      "p": {
        "displayName": "scene",
        "image": "symbols/html/scene.json",
        "position": {
          "x": 711.01007,
          "y": 703.60793
        },
        "width": 779.1765,
        "height": 523.84794
      },
      "s": {
        "2d.movable": false
      },
      "a": {
        "sceneURL": "scenes/炼铁高炉.json",
        "far": 10000,
        "eye": [
          0,
          500,
          1900
        ]
      }
    },
    {
      "c": "ht.Block",
      "i": 4721,
      "p": {
        "position": {
          "x": 1250.88098,
          "y": 703.60793
        },
        "width": 300.56532,
        "height": 523.84794
      },
      "s": {
        "2d.selectable": false
      }
    },
    {
      "c": "ht.Node",
      "i": 4722,
      "p": {
        "parent": {
          "__i": 4721
        },
        "position": {
          "x": 1250.88098,
          "y": 703.60793
        },
        "width": 300.56532,
        "height": 523.84794
      },
      "s": {
        "shape": "rect",
        "shape.background": "rgb(61,61,61)",
        "shape.border.color": "#979797"
      }
    },
    {
      "c": "ht.Node",
      "i": 4723,
      "p": {
        "displayName": "slider",
        "parent": {
          "__i": 4721
        },
        "image": "symbols/ht/ui/slider.json",
        "position": {
          "x": 1285.9592,
          "y": 596.98175
        },
        "width": 190.84769,
        "height": 30
      },
      "a": {
        "ht.barWidth": 4,
        "ht.sliderWidth": 12,
        "ht.sliderHeight": 12,
        "ht.sliderOffsetX": 0,
        "ht.name": "car@p:y",
        "ht.sliderBorderWidth": 1,
        "ht.sliderBorderRadios": 0.5,
        "ht.min": 100,
        "ht.max": 1044,
        "ht.value": 1044,
        "ht.showToolTip": false
      }
    },
    {
      "c": "ht.Text",
      "i": 4724,
      "p": {
        "parent": {
          "__i": 4721
        },
        "position": {
          "x": 1159.23945,
          "y": 596.98175
        },
        "width": 77.72107,
        "height": 18.63917
      },
      "s": {
        "text": "小车位置",
        "text.color": "rgb(247,247,247)"
      }
    },
    {
      "c": "ht.Text",
      "i": 4725,
      "p": {
        "parent": {
          "__i": 4721
        },
        "position": {
          "x": 1159.23945,
          "y": 481.00354
        },
        "width": 77.72107,
        "height": 18.63917
      },
      "s": {
        "text": "Center",
        "text.color": "rgb(247,247,247)"
      }
    },
    {
      "c": "ht.Text",
      "i": 4726,
      "p": {
        "parent": {
          "__i": 4721
        },
        "position": {
          "x": 1138.37562,
          "y": 507.00701
        },
        "width": 22.99341,
        "height": 18.63917
      },
      "s": {
        "text": "X",
        "text.color": "rgb(247,247,247)"
      }
    },
    {
      "c": "ht.Node",
      "i": 4727,
      "p": {
        "displayName": "input",
        "parent": {
          "__i": 4721
        },
        "image": "symbols/ht/ui/input.json",
        "position": {
          "x": 1173.54514,
          "y": 507.00701
        },
        "width": 47.34565,
        "height": 22
      },
      "a": {
        "ht.borderColor": "#32D3EB",
        "ht.borderRadius": "3",
        "ht.textColor": "rgb(247,247,247)",
        "ht.padding": "0 2",
        "ht.name": "center#0",
        "ht.inputType": "number",
        "ht.disabled": false,
        "ht.font": "14px Arial"
      }
    },
    {
      "c": "ht.Text",
      "i": 4728,
      "p": {
        "parent": {
          "__i": 4721
        },
        "position": {
          "x": 1228.0212,
          "y": 507.00701
        },
        "width": 22.99341,
        "height": 18.63917
      },
      "s": {
        "text": "Y",
        "text.color": "rgb(247,247,247)"
      }
    },
    {
      "c": "ht.Node",
      "i": 4729,
      "p": {
        "displayName": "input",
        "parent": {
          "__i": 4721
        },
        "image": "symbols/ht/ui/input.json",
        "position": {
          "x": 1263.19073,
          "y": 507.00701
        },
        "width": 47.34565,
        "height": 22
      },
      "a": {
        "ht.borderColor": "#32D3EB",
        "ht.borderRadius": "3",
        "ht.textColor": "rgb(247,247,247)",
        "ht.padding": "0 2",
        "ht.inputType": "number",
        "ht.font": "14px Arial",
        "ht.name": "center#1"
      }
    },
    {
      "c": "ht.Text",
      "i": 4730,
      "p": {
        "parent": {
          "__i": 4721
        },
        "position": {
          "x": 1317.66679,
          "y": 507.00701
        },
        "width": 22.99341,
        "height": 18.63917
      },
      "s": {
        "text": "Z",
        "text.color": "rgb(247,247,247)"
      }
    },
    {
      "c": "ht.Node",
      "i": 4731,
      "p": {
        "displayName": "input",
        "parent": {
          "__i": 4721
        },
        "image": "symbols/ht/ui/input.json",
        "position": {
          "x": 1352.83632,
          "y": 507.00701
        },
        "width": 47.34565,
        "height": 22
      },
      "a": {
        "ht.borderColor": "#32D3EB",
        "ht.borderRadius": "3",
        "ht.textColor": "rgb(247,247,247)",
        "ht.padding": "0 2",
        "ht.inputType": "number",
        "ht.font": "14px Arial",
        "ht.name": "center#2"
      }
    },
    {
      "c": "ht.Text",
      "i": 4732,
      "p": {
        "parent": {
          "__i": 4721
        },
        "position": {
          "x": 1159.23945,
          "y": 534.21995
        },
        "width": 77.72107,
        "height": 18.63917
      },
      "s": {
        "text": "Eye",
        "text.color": "rgb(247,247,247)"
      }
    },
    {
      "c": "ht.Text",
      "i": 4733,
      "p": {
        "parent": {
          "__i": 4721
        },
        "position": {
          "x": 1138.37562,
          "y": 560.22341
        },
        "width": 22.99341,
        "height": 18.63917
      },
      "s": {
        "text": "X",
        "text.color": "rgb(247,247,247)"
      }
    },
    {
      "c": "ht.Node",
      "i": 4734,
      "p": {
        "displayName": "input",
        "parent": {
          "__i": 4721
        },
        "image": "symbols/ht/ui/input.json",
        "position": {
          "x": 1173.54514,
          "y": 560.22341
        },
        "width": 47.34565,
        "height": 22
      },
      "a": {
        "ht.borderColor": "#32D3EB",
        "ht.borderRadius": "3",
        "ht.textColor": "rgb(247,247,247)",
        "ht.padding": "0 2",
        "ht.inputType": "number",
        "ht.font": "14px Arial",
        "ht.name": "eye#0"
      }
    },
    {
      "c": "ht.Text",
      "i": 4735,
      "p": {
        "parent": {
          "__i": 4721
        },
        "position": {
          "x": 1228.0212,
          "y": 560.22341
        },
        "width": 22.99341,
        "height": 18.63917
      },
      "s": {
        "text": "Y",
        "text.color": "rgb(247,247,247)"
      }
    },
    {
      "c": "ht.Node",
      "i": 4736,
      "p": {
        "displayName": "input",
        "parent": {
          "__i": 4721
        },
        "image": "symbols/ht/ui/input.json",
        "position": {
          "x": 1263.19073,
          "y": 560.22341
        },
        "width": 47.34565,
        "height": 22
      },
      "a": {
        "ht.borderColor": "#32D3EB",
        "ht.borderRadius": "3",
        "ht.textColor": "rgb(247,247,247)",
        "ht.padding": "0 2",
        "ht.inputType": "number",
        "ht.font": "14px Arial",
        "ht.name": "eye#1"
      }
    },
    {
      "c": "ht.Text",
      "i": 4737,
      "p": {
        "parent": {
          "__i": 4721
        },
        "position": {
          "x": 1317.66679,
          "y": 560.22341
        },
        "width": 22.99341,
        "height": 18.63917
      },
      "s": {
        "text": "Z",
        "text.color": "rgb(247,247,247)"
      }
    },
    {
      "c": "ht.Node",
      "i": 4738,
      "p": {
        "displayName": "input",
        "parent": {
          "__i": 4721
        },
        "image": "symbols/ht/ui/input.json",
        "position": {
          "x": 1352.83632,
          "y": 560.22341
        },
        "width": 47.34565,
        "height": 22
      },
      "a": {
        "ht.borderColor": "#32D3EB",
        "ht.borderRadius": "3",
        "ht.textColor": "rgb(247,247,247)",
        "ht.padding": "0 2",
        "ht.inputType": "number",
        "ht.font": "14px Arial",
        "ht.name": "eye#2"
      }
    },
    {
      "c": "ht.Text",
      "i": 4739,
      "p": {
        "parent": {
          "__i": 4721
        },
        "position": {
          "x": 1159.23945,
          "y": 626.6136
        },
        "width": 77.72107,
        "height": 18.63917
      },
      "s": {
        "text": "出铁速度",
        "text.color": "rgb(247,247,247)"
      }
    },
    {
      "c": "ht.Node",
      "i": 4740,
      "p": {
        "displayName": "input",
        "parent": {
          "__i": 4721
        },
        "image": "symbols/ht/ui/input.json",
        "position": {
          "x": 1283.52225,
          "y": 625.93319
        },
        "width": 185.97378,
        "height": 22
      },
      "a": {
        "ht.borderColor": "#32D3EB",
        "ht.borderRadius": "3",
        "ht.textColor": "rgb(247,247,247)",
        "ht.name": "tapping@a:speed",
        "ht.padding": "0 2",
        "ht.value": "68",
        "ht.inputType": "number",
        "ht.font": "14px Arial"
      }
    },
    {
      "c": "ht.Node",
      "i": 4741,
      "p": {
        "displayName": "slider",
        "parent": {
          "__i": 4721
        },
        "image": "symbols/ht/ui/slider.json",
        "position": {
          "x": 1285.9592,
          "y": 659.87386
        },
        "width": 190.84769,
        "height": 30
      },
      "s": {
        "text": "小车位置"
      },
      "a": {
        "ht.barWidth": 4,
        "ht.sliderWidth": 12,
        "ht.sliderHeight": 12,
        "ht.sliderOffsetX": 0,
        "ht.name": "tapping@a:percent",
        "ht.sliderBorderWidth": 1,
        "ht.sliderBorderRadios": 0.5,
        "ht.min": 0,
        "ht.max": 1,
        "ht.value": 0,
        "ht.showToolTip": false,
        "ht.step": 0.01
      }
    },
    {
      "c": "ht.Text",
      "i": 4742,
      "p": {
        "parent": {
          "__i": 4721
        },
        "position": {
          "x": 1159.23945,
          "y": 659.87386
        },
        "width": 77.72107,
        "height": 18.63917
      },
      "s": {
        "text": "铁水容量",
        "text.color": "rgb(247,247,247)"
      }
    }
  ],
  "modified": "Thu Feb 14 2019 09:30:18 GMT+0800 (中国标准时间)",
  "contentRect": {
    "x": 321.42182,
    "y": 441.68396,
    "width": 1079.74182,
    "height": 523.84794
  }
}