{
  "width": 16,
  "height": 16,
  "comps": [
    {
      "type": "shape",
      "borderWidth": 1,
      "borderColor": "white",
      "points": [
        8,
        1,
        8,
        6,
        6,
        3,
        8,
        1,
        10,
        3,
        8,
        10,
        8,
        15,
        6,
        13,
        8,
        15,
        10,
        13,
        1,
        8,
        6,
        8,
        3,
        6,
        1,
        8,
        3,
        10,
        10,
        8,
        15,
        8,
        13,
        6,
        15,
        8,
        13,
        10
      ],
      "segments": [
        1,
        2,
        1,
        2,
        2,
        1,
        2,
        1,
        2,
        2,
        1,
        2,
        1,
        2,
        2,
        1,
        2,
        1,
        2,
        2
      ]
    }
  ]
}