{
  "background": "rgb(97,97,97)",
  "width": 16,
  "height": 16,
  "comps": [
    {
      "type": "rect",
      "borderWidth": 1,
      "borderColor": "rgb(255,255,255)",
      "rotation": 1.5708,
      "rect": [
        5,
        1.99695,
        6,
        15
      ]
    },
    {
      "type": "shape",
      "borderWidth": 1,
      "borderColor": "rgb(255,255,255)",
      "borderCap": "round",
      "rotation": 1.5708,
      "points": [
        8.45502,
        7.90531,
        5.24295,
        9.73991,
        5.24295,
        6.2601,
        8.45502,
        7.90531,
        14.23686,
        7.90531
      ]
    }
  ]
}