{
  "background": "rgb(97,97,97)",
  "width": 16,
  "height": 16,
  "comps": [
    {
      "type": "rect",
      "borderWidth": 1,
      "borderColor": "rgb(255,255,255)",
      "rect": [
        5.49696,
        0.5,
        6,
        15
      ]
    },
    {
      "type": "shape",
      "borderWidth": 1,
      "borderColor": "rgb(255,255,255)",
      "borderCap": "round",
      "points": [
        5.71512,
        6.1654,
        2.50305,
        8,
        2.50305,
        4.52019,
        5.71512,
        6.1654,
        11.49696,
        6.1654
      ]
    }
  ]
}