{
  "width": 512,
  "height": 512,
  "comps": [
    {
      "type": "shape",
      "background": "rgba(51,153,255,0.46)",
      "shadow": true,
      "shadowColor": "#32D3EB",
      "shadowOffsetX": 0,
      "shadowOffsetY": 0,
      "points": [
        392.08632,
        293.33288,
        408.87341,
        297.68916,
        411.60553,
        288.14164,
        413.37575,
        278.3236,
        414.21078,
        268.42285,
        396.99869,
        265.76918,
        396.31401,
        275.12215,
        394.67323,
        284.35571,
        392.08632,
        293.33288,
        392.08632,
        293.33288
      ],
      "segments": [
        1,
        2,
        4,
        2,
        4,
        2
      ]
    },
    {
      "type": "shape",
      "background": "rgba(76,205,252,0.39)",
      "shadow": true,
      "shadowColor": "#32D3EB",
      "shadowOffsetX": 0,
      "shadowOffsetY": 0,
      "points": [
        299.29254,
        126.1522,
        331.5398,
        135.38156,
        360.42694,
        156.44466,
        378.73871,
        187.48452,
        379.57456,
        188.93577,
        380.37536,
        190.37283,
        381.17613,
        191.83658,
        389.29994,
        206.85006,
        394.26571,
        222.80627,
        396.29566,
        238.88523,
        413.68888,
        238.05855,
        411.4778,
        219.2508,
        405.74211,
        200.58832,
        396.14535,
        183.04979,
        395.34458,
        181.59854,
        394.54045,
        180.14896,
        393.69124,
        178.71605,
        372.95546,
        143.56216,
        340.20385,
        119.74017,
        303.64795,
        109.40023,
        299.29254,
        126.1522,
        299.29254,
        126.1522
      ],
      "segments": [
        1,
        4,
        4,
        4,
        2,
        4,
        4,
        4,
        2,
        2
      ]
    },
    {
      "type": "shape",
      "background": "rgba(76,205,252,0.39)",
      "shadow": true,
      "shadowColor": "#32D3EB",
      "shadowOffsetX": 0,
      "shadowOffsetY": 0,
      "points": [
        132.63205,
        337.53415,
        147.60127,
        328.75654,
        146.717,
        327.35453,
        145.83691,
        325.95674,
        144.98352,
        324.52386,
        126.706,
        293.48738,
        122.26625,
        258.06041,
        129.86734,
        225.48499,
        137.97361,
        190.61915,
        159.8375,
        159.01319,
        193.14607,
        139.47562,
        193.14607,
        139.47562,
        184.35423,
        124.54564,
        184.35423,
        124.54564,
        146.89735,
        146.49805,
        122.28294,
        181.98763,
        113.0444,
        221.13878,
        104.34942,
        258.01113,
        109.29351,
        298.14421,
        130.01264,
        333.29311,
        130.86767,
        334.73519,
        131.75197,
        336.14132,
        132.63205,
        337.53415,
        132.63205,
        337.53415
      ],
      "segments": [
        1,
        2,
        4,
        4,
        4,
        2,
        2,
        2,
        4,
        4,
        4,
        2
      ]
    },
    {
      "type": "shape",
      "background": "rgba(76,205,252,0.39)",
      "shadow": true,
      "shadowColor": "#32D3EB",
      "shadowOffsetX": 0,
      "shadowOffsetY": 0,
      "points": [
        226.88465,
        404.37836,
        263.8639,
        413.06832,
        304.10303,
        408.12004,
        339.37969,
        387.45853,
        339.37969,
        387.45853,
        330.57117,
        372.5336,
        330.57117,
        372.5336,
        299.43781,
        390.77521,
        263.93154,
        395.19325,
        231.25841,
        387.63141,
        215.50179,
        383.98658,
        200.40398,
        377.54365,
        186.79664,
        368.53558,
        177.24915,
        383.0046,
        192.47973,
        393.06148,
        209.3152,
        400.27012,
        226.88465,
        404.37836,
        226.88465,
        404.37836
      ],
      "segments": [
        1,
        4,
        2,
        2,
        2,
        4,
        4,
        2,
        4,
        2
      ]
    },
    {
      "type": "shape",
      "background": "rgba(51,153,255,0.46)",
      "shadow": true,
      "shadowColor": "#32D3EB",
      "shadowOffsetX": 0,
      "shadowOffsetY": 0,
      "points": [
        329.46854,
        370.54917,
        392.81824,
        333.41964,
        414.05837,
        251.8091,
        376.81859,
        188.63726,
        339.55546,
        125.48128,
        257.72111,
        104.3071,
        194.38812,
        141.43666,
        131.02507,
        178.58041,
        109.79827,
        260.17676,
        147.04305,
        323.3494,
        184.28283,
        386.51877,
        266.12216,
        407.69294,
        329.46854,
        370.54917,
        329.46854,
        370.54917,
        194.86157,
        142.29923,
        257.75118,
        105.44353,
        338.96761,
        126.45825,
        375.95104,
        189.14494,
        412.91274,
        251.84083,
        391.83124,
        332.82261,
        328.95917,
        369.67745,
        266.08711,
        406.55568,
        184.85815,
        385.54097,
        147.89141,
        322.84006,
        110.92971,
        260.1542,
        132.00619,
        179.15989,
        194.86157,
        142.29923,
        194.86157,
        142.29923
      ],
      "segments": [
        1,
        4,
        4,
        4,
        4,
        2,
        1,
        4,
        4,
        4,
        4,
        2
      ]
    },
    {
      "type": "shape",
      "background": "rgba(51,153,255,0.46)",
      "shadow": true,
      "shadowColor": "#32D3EB",
      "shadowOffsetX": 0,
      "shadowOffsetY": 0,
      "points": [
        419.72936,
        256.02214,
        422.72786,
        256.02214,
        422.72786,
        239.22175,
        420.10513,
        222.62509,
        414.91386,
        206.67807,
        412.08316,
        207.59241,
        417.17425,
        223.24381,
        419.74771,
        239.54073,
        419.72936,
        256.02214,
        419.72936,
        256.02214
      ],
      "segments": [
        1,
        2,
        4,
        2,
        4,
        2
      ]
    },
    {
      "type": "shape",
      "background": "rgba(51,153,255,0.46)",
      "shadow": true,
      "shadowColor": "#32D3EB",
      "shadowOffsetX": 0,
      "shadowOffsetY": 0,
      "points": [
        353.18659,
        123.95862,
        339.34965,
        114.46374,
        324.14994,
        107.21167,
        308.0042,
        102.38616,
        307.14997,
        105.25607,
        322.99179,
        109.97472,
        337.90757,
        117.09567,
        351.48484,
        126.42107,
        353.18659,
        123.95862,
        353.18659,
        123.95862
      ],
      "segments": [
        1,
        4,
        2,
        4,
        2,
        2
      ]
    },
    {
      "type": "shape",
      "background": "rgba(51,153,255,0.46)",
      "shadow": true,
      "shadowColor": "#32D3EB",
      "shadowOffsetX": 0,
      "shadowOffsetY": 0,
      "points": [
        379.75243,
        146.88797,
        378.60677,
        145.66721,
        377.44359,
        144.45144,
        376.28131,
        143.2574,
        374.15366,
        145.36658,
        375.29932,
        146.52563,
        376.44409,
        147.72887,
        377.55882,
        148.9271,
        379.75243,
        146.88797,
        379.75243,
        146.88797
      ],
      "segments": [
        1,
        4,
        2,
        4,
        2,
        2
      ]
    },
    {
      "type": "shape",
      "background": "rgba(51,153,255,0.46)",
      "shadow": true,
      "shadowColor": "#32D3EB",
      "shadowOffsetX": 0,
      "shadowOffsetY": 0,
      "points": [
        413.29561,
        201.92436,
        409.90381,
        192.54385,
        405.61352,
        183.4038,
        400.48823,
        174.73055,
        397.91391,
        176.24779,
        402.94231,
        184.75656,
        407.15159,
        193.7254,
        410.46075,
        202.93639,
        413.29561,
        201.92436,
        413.29561,
        201.92436
      ],
      "segments": [
        1,
        4,
        2,
        4,
        2,
        2
      ]
    },
    {
      "type": "shape",
      "background": "rgba(51,153,255,0.46)",
      "shadow": true,
      "shadowColor": "#32D3EB",
      "shadowOffsetX": 0,
      "shadowOffsetY": 0,
      "points": [
        415.91336,
        290.19823,
        418.84593,
        290.85209,
        419.20833,
        289.21212,
        419.54901,
        287.56632,
        419.86294,
        285.93053,
        416.91286,
        285.37275,
        416.6173,
        286.97847,
        416.28912,
        288.58838,
        415.91336,
        290.19823,
        415.91336,
        290.19823
      ],
      "segments": [
        1,
        2,
        4,
        2,
        4,
        2
      ]
    },
    {
      "type": "shape",
      "background": "rgba(51,153,255,0.46)",
      "shadow": true,
      "shadowColor": "#32D3EB",
      "shadowOffsetX": 0,
      "shadowOffsetY": 0,
      "points": [
        177.00115,
        392.26988,
        191.28147,
        401.09259,
        206.80767,
        407.61067,
        223.17052,
        411.64797,
        223.88696,
        408.76049,
        207.83807,
        404.78001,
        192.59413,
        398.38552,
        178.5885,
        389.73059,
        177.00115,
        392.26988,
        177.00115,
        392.26988
      ],
      "segments": [
        1,
        4,
        2,
        4,
        2,
        2
      ]
    },
    {
      "type": "shape",
      "background": "rgba(51,153,255,0.46)",
      "shadow": true,
      "shadowColor": "#32D3EB",
      "shadowOffsetX": 0,
      "shadowOffsetY": 0,
      "points": [
        228.08371,
        412.78024,
        237.87422,
        414.91199,
        247.96197,
        416.08855,
        258.00045,
        416.34489,
        258.06643,
        413.3689,
        248.22666,
        413.1159,
        238.33431,
        411.93605,
        228.70163,
        409.87442,
        228.08371,
        412.78024,
        228.08371,
        412.78024
      ],
      "segments": [
        1,
        4,
        2,
        4,
        2,
        2
      ]
    },
    {
      "type": "shape",
      "background": "rgba(51,153,255,0.46)",
      "shadow": true,
      "shadowColor": "#32D3EB",
      "shadowOffsetX": 0,
      "shadowOffsetY": 0,
      "points": [
        149.35731,
        370.64063,
        150.55138,
        371.82132,
        151.78134,
        372.98449,
        152.9921,
        374.09836,
        155.02285,
        371.90898,
        153.82795,
        370.80425,
        152.61633,
        369.65865,
        151.43648,
        368.51302,
        149.35731,
        370.64063,
        149.35731,
        370.64063
      ],
      "segments": [
        1,
        4,
        2,
        4,
        2,
        2
      ]
    },
    {
      "type": "shape",
      "background": "rgba(51,153,255,0.46)",
      "shadow": true,
      "shadowColor": "#32D3EB",
      "shadowOffsetX": 0,
      "shadowOffsetY": 0,
      "points": [
        307.64598,
        409.77335,
        309.23333,
        409.29993,
        310.86995,
        408.79139,
        312.45813,
        408.26119,
        311.50707,
        405.41713,
        309.95478,
        405.94318,
        308.36242,
        406.45255,
        306.81012,
        406.90762,
        307.64598,
        409.77335,
        307.64598,
        409.77335
      ],
      "segments": [
        1,
        4,
        2,
        4,
        2,
        2
      ]
    },
    {
      "type": "shape",
      "background": "rgba(51,153,255,0.46)",
      "shadow": true,
      "shadowColor": "#32D3EB",
      "shadowOffsetX": 0,
      "shadowOffsetY": 0,
      "points": [
        380.62251,
        359.72623,
        382.88287,
        361.69017,
        389.49784,
        354.1592,
        395.41136,
        345.97694,
        400.50575,
        337.33204,
        397.91391,
        335.83241,
        392.93473,
        344.30108,
        387.10637,
        352.34053,
        380.62251,
        359.72623,
        380.62251,
        359.72623
      ],
      "segments": [
        1,
        2,
        4,
        2,
        4,
        2
      ]
    },
    {
      "type": "shape",
      "background": "rgba(51,153,255,0.46)",
      "shadow": true,
      "shadowColor": "#32D3EB",
      "shadowOffsetX": 0,
      "shadowOffsetY": 0,
      "points": [
        303.15696,
        101.0326,
        293.45916,
        98.45492,
        283.45574,
        96.78324,
        273.4473,
        96.0576,
        273.23521,
        99.0244,
        283.0616,
        99.73751,
        292.85293,
        101.38663,
        302.40045,
        103.92091,
        303.15696,
        101.0326,
        303.15696,
        101.0326
      ],
      "segments": [
        1,
        4,
        2,
        4,
        2,
        2
      ]
    },
    {
      "type": "shape",
      "background": "rgba(51,153,255,0.46)",
      "shadow": true,
      "shadowColor": "#32D3EB",
      "shadowOffsetX": 0,
      "shadowOffsetY": 0,
      "points": [
        341.85715,
        391.67705,
        340.77332,
        392.3183,
        339.67614,
        392.93788,
        338.58055,
        393.5433,
        340.02183,
        396.14766,
        341.1541,
        395.53224,
        342.26465,
        394.89597,
        343.37855,
        394.24136,
        356.80886,
        386.35636,
        368.97997,
        376.65856,
        379.49104,
        365.40843,
        377.31085,
        363.36936,
        366.98008,
        374.42657,
        355.05783,
        383.94651,
        341.85715,
        391.67705,
        341.85715,
        391.67705
      ],
      "segments": [
        1,
        4,
        2,
        4,
        4,
        2,
        4,
        2
      ]
    },
    {
      "type": "shape",
      "background": "rgba(51,153,255,0.46)",
      "shadow": true,
      "shadowColor": "#32D3EB",
      "shadowOffsetX": 0,
      "shadowOffsetY": 0,
      "points": [
        223.52874,
        100.22847,
        221.89295,
        100.62596,
        220.25217,
        101.05515,
        218.66396,
        101.51106,
        219.46891,
        104.37682,
        221.03875,
        103.93427,
        222.64447,
        103.51341,
        224.24936,
        103.12513,
        223.52874,
        100.22847,
        223.52874,
        100.22847
      ],
      "segments": [
        1,
        4,
        2,
        4,
        2,
        2
      ]
    },
    {
      "type": "shape",
      "background": "rgba(51,153,255,0.46)",
      "shadow": true,
      "shadowColor": "#32D3EB",
      "shadowOffsetX": 0,
      "shadowOffsetY": 0,
      "points": [
        122.12095,
        329.1849,
        117.51753,
        320.44234,
        113.73578,
        311.27893,
        110.85249,
        301.89924,
        107.98673,
        302.77936,
        110.91844,
        312.33189,
        114.78372,
        321.6723,
        119.48483,
        330.56096,
        122.12095,
        329.1849,
        122.12095,
        329.1849
      ],
      "segments": [
        1,
        4,
        2,
        4,
        2,
        2
      ]
    },
    {
      "type": "shape",
      "background": "rgba(51,153,255,0.46)",
      "shadow": true,
      "shadowColor": "#32D3EB",
      "shadowOffsetX": 0,
      "shadowOffsetY": 0,
      "points": [
        104.20498,
        248.45112,
        101.20728,
        248.30078,
        100.38814,
        265.08367,
        102.18927,
        281.79557,
        106.61064,
        297.94966,
        109.47722,
        297.18062,
        105.16942,
        281.30458,
        103.38248,
        264.91166,
        104.20498,
        248.45112,
        104.20498,
        248.45112
      ],
      "segments": [
        1,
        2,
        4,
        2,
        4,
        2
      ]
    },
    {
      "type": "shape",
      "background": "rgba(51,153,255,0.46)",
      "shadow": true,
      "shadowColor": "#32D3EB",
      "shadowOffsetX": 0,
      "shadowOffsetY": 0,
      "points": [
        181.8659,
        120.3447,
        181.8659,
        120.3447,
        185.13915,
        118.42585,
        188.48171,
        116.62139,
        191.87351,
        114.94971,
        190.52915,
        112.28771,
        187.10561,
        113.97191,
        183.68288,
        115.82564,
        180.35704,
        117.77204,
        180.35704,
        117.77204,
        169.17376,
        124.3302,
        158.83883,
        132.17513,
        149.63036,
        141.09556,
        151.73123,
        143.23985,
        160.75353,
        134.48311,
        170.8897,
        126.77513,
        181.8659,
        120.3447,
        181.8659,
        120.3447
      ],
      "segments": [
        1,
        2,
        4,
        2,
        4,
        2,
        4,
        2,
        4,
        2
      ]
    },
    {
      "type": "shape",
      "background": "rgba(51,153,255,0.46)",
      "shadow": true,
      "shadowColor": "#32D3EB",
      "shadowOffsetX": 0,
      "shadowOffsetY": 0,
      "points": [
        109.64007,
        214.47456,
        106.73923,
        213.69632,
        106.30169,
        215.29703,
        105.8725,
        216.93365,
        105.47837,
        218.55606,
        108.39755,
        219.2508,
        108.77331,
        217.66345,
        109.19832,
        216.05773,
        109.64007,
        214.47456,
        109.64007,
        214.47456
      ],
      "segments": [
        1,
        2,
        4,
        2,
        4,
        2
      ]
    },
    {
      "type": "shape",
      "background": "rgba(51,153,255,0.46)",
      "shadow": true,
      "shadowColor": "#32D3EB",
      "shadowOffsetX": 0,
      "shadowOffsetY": 0,
      "points": [
        148.22503,
        146.72851,
        146.08073,
        144.65436,
        139.10255,
        151.85466,
        132.80071,
        159.75216,
        127.28132,
        168.15066,
        129.78384,
        169.77396,
        135.1755,
        161.54409,
        141.39714,
        153.79521,
        148.22503,
        146.72851,
        148.22503,
        146.72851
      ],
      "segments": [
        1,
        2,
        4,
        2,
        4,
        2
      ]
    },
    {
      "type": "shape",
      "background": "rgba(51,153,255,0.46)",
      "shadow": true,
      "shadowColor": "#32D3EB",
      "shadowOffsetX": 0,
      "shadowOffsetY": 0,
      "points": [
        347.07141,
        400.40286,
        426.94345,
        353.5872,
        453.70716,
        250.71564,
        406.73788,
        171.09576,
        359.79947,
        91.45418,
        256.62229,
        64.76976,
        176.76361,
        111.57958,
        96.92327,
        158.40777,
        70.14951,
        261.26681,
        117.08459,
        340.90506,
        164.0397,
        420.52411,
        267.21772,
        447.23023,
        347.07141,
        400.40286,
        347.07141,
        400.40286,
        177.42243,
        112.65925,
        256.6707,
        66.18928,
        359.06045,
        92.68747,
        405.65488,
        171.71534,
        452.2668,
        250.7599,
        425.70096,
        352.84989,
        346.45266,
        399.32319,
        267.1693,
        445.78901,
        164.77535,
        419.29501,
        118.16845,
        340.26378,
        71.57321,
        261.23677,
        98.13904,
        159.1284,
        177.42243,
        112.65925,
        177.42243,
        112.65925
      ],
      "segments": [
        1,
        4,
        4,
        4,
        4,
        2,
        1,
        4,
        4,
        4,
        4,
        2
      ]
    },
    {
      "type": "shape",
      "background": "rgba(51,153,255,0.46)",
      "shadow": true,
      "shadowColor": "#32D3EB",
      "shadowOffsetX": 0,
      "shadowOffsetY": 0,
      "points": [
        451.37207,
        233.63632,
        455.33418,
        233.18044,
        454.94007,
        229.85543,
        454.44908,
        226.49954,
        453.89213,
        223.21294,
        449.97843,
        223.8893,
        450.51784,
        227.10906,
        451.01302,
        230.39902,
        451.37207,
        233.63632,
        451.37207,
        233.63632
      ],
      "segments": [
        1,
        2,
        4,
        2,
        4,
        2
      ]
    },
    {
      "type": "shape",
      "background": "rgba(51,153,255,0.46)",
      "shadow": true,
      "shadowColor": "#32D3EB",
      "shadowOffsetX": 0,
      "shadowOffsetY": 0,
      "points": [
        405.94167,
        131.24661,
        408.95272,
        128.63301,
        406.75915,
        126.11714,
        404.48122,
        123.62296,
        402.15576,
        121.22564,
        399.29,
        123.97198,
        401.54953,
        126.33757,
        403.81408,
        128.78333,
        405.94167,
        131.24661,
        405.94167,
        131.24661
      ],
      "segments": [
        1,
        2,
        4,
        2,
        4,
        2
      ]
    },
    {
      "type": "shape",
      "background": "rgba(51,153,255,0.46)",
      "shadow": true,
      "shadowColor": "#32D3EB",
      "shadowOffsetX": 0,
      "shadowOffsetY": 0,
      "points": [
        326.59066,
        72.8318,
        323.44686,
        71.71707,
        320.23625,
        70.69083,
        317.01227,
        69.74393,
        315.89838,
        73.55575,
        319.04217,
        74.48514,
        322.20351,
        75.49298,
        325.28219,
        76.576,
        326.59066,
        72.8318,
        326.59066,
        72.8318
      ],
      "segments": [
        1,
        4,
        2,
        4,
        2,
        2
      ]
    },
    {
      "type": "shape",
      "background": "rgba(51,153,255,0.46)",
      "shadow": true,
      "shadowColor": "#32D3EB",
      "shadowOffsetX": 0,
      "shadowOffsetY": 0,
      "points": [
        227.34475,
        64.81821,
        224.05396,
        65.40606,
        220.72894,
        66.08242,
        217.46991,
        66.83893,
        218.37172,
        70.72173,
        221.57815,
        69.97941,
        224.82382,
        69.30722,
        228.04783,
        68.7319,
        227.34475,
        64.81821,
        227.34475,
        64.81821
      ],
      "segments": [
        1,
        4,
        2,
        4,
        2,
        2
      ]
    },
    {
      "type": "shape",
      "background": "rgba(51,153,255,0.46)",
      "shadow": true,
      "shadowColor": "#32D3EB",
      "shadowOffsetX": 0,
      "shadowOffsetY": 0,
      "points": [
        392.26754,
        117.07231,
        394.99972,
        114.17566,
        380.27845,
        100.42637,
        363.52232,
        89.07443,
        345.2139,
        80.45545,
        343.51132,
        84.04598,
        348.45542,
        86.37232,
        353.27092,
        88.90657,
        357.97286,
        91.63457,
        357.95446,
        91.6571,
        360.78931,
        93.28787,
        363.60585,
        95.04474,
        366.35637,
        96.83501,
        366.37474,
        96.79992,
        375.57734,
        102.78863,
        384.22307,
        109.56808,
        392.26754,
        117.07231,
        392.26754,
        117.07231
      ],
      "segments": [
        1,
        2,
        4,
        2,
        4,
        2,
        4,
        2,
        4,
        2
      ]
    },
    {
      "type": "shape",
      "background": "rgba(76,205,252,0.39)",
      "shadow": true,
      "shadowColor": "#32D3EB",
      "shadowOffsetX": 0,
      "shadowOffsetY": 0,
      "points": [
        98.94775,
        156.93565,
        98.97865,
        156.95323,
        100.66788,
        154.1718,
        102.48569,
        151.38617,
        104.32021,
        148.68744,
        104.28512,
        148.66993,
        107.98673,
        143.23902,
        111.98476,
        138.0252,
        116.24332,
        133.01933,
        116.27422,
        133.03186,
        121.30264,
        127.0749,
        126.7252,
        121.45863,
        132.43834,
        116.18303,
        134.7822,
        114.0387,
        137.20623,
        111.91527,
        139.66033,
        109.87201,
        139.64698,
        109.85364,
        144.68873,
        105.67024,
        149.94682,
        101.72149,
        155.41696,
        98.06414,
        155.44786,
        98.09504,
        158.59252,
        95.98998,
        161.85238,
        93.9467,
        165.15988,
        92.00947,
        178.9534,
        83.92992,
        193.62703,
        77.60139,
        208.84009,
        73.21424,
        207.72533,
        69.38488,
        196.9654,
        72.51116,
        186.47181,
        76.57514,
        176.36655,
        81.5109,
        176.33146,
        81.47917,
        173.33294,
        82.94713,
        170.32105,
        84.49939,
        167.38934,
        86.10096,
        167.42443,
        86.15356,
        165.99571,
        86.94515,
        164.57203,
        87.7551,
        163.1475,
        88.58593,
        161.67455,
        89.44349,
        160.19824,
        90.33779,
        158.74281,
        91.24794,
        158.70775,
        91.20036,
        148.34193,
        97.63913,
        138.64412,
        105.0465,
        129.70619,
        113.29388,
        129.65691,
        113.34731,
        129.57341,
        113.39994,
        129.52414,
        113.43167,
        129.52414,
        113.43167,
        127.06505,
        115.70875,
        124.67776,
        118.05261,
        122.33387,
        120.44574,
        122.3155,
        120.44574,
        108.23474,
        134.83966,
        96.52538,
        151.31774,
        87.5081,
        169.38318,
        91.07694,
        171.15673,
        93.49429,
        166.30198,
        96.13878,
        161.54409,
        98.94775,
        156.93565,
        98.94775,
        156.93565
      ],
      "segments": [
        1,
        2,
        4,
        2,
        4,
        2,
        4,
        4,
        2,
        4,
        2,
        4,
        4,
        2,
        4,
        2,
        4,
        2,
        4,
        4,
        2,
        4,
        4,
        2,
        4,
        2,
        4,
        2,
        4,
        2
      ]
    },
    {
      "type": "shape",
      "background": "rgba(76,205,252,0.39)",
      "shadow": true,
      "shadowColor": "#32D3EB",
      "shadowOffsetX": 0,
      "shadowOffsetY": 0,
      "points": [
        444.37967,
        311.44676,
        444.39303,
        311.46932,
        443.42861,
        314.60477,
        442.3807,
        317.70933,
        441.26594,
        320.78218,
        441.26594,
        320.78218,
        440.75743,
        322.17998,
        440.218,
        323.58195,
        439.67942,
        324.96558,
        439.58173,
        325.2186,
        439.47986,
        325.46575,
        439.38214,
        325.73127,
        438.95797,
        326.84181,
        438.49788,
        327.91151,
        438.05616,
        328.99448,
        434.58501,
        337.27362,
        430.55528,
        345.33982,
        425.93848,
        353.10125,
        425.96941,
        353.11874,
        424.2977,
        355.93611,
        422.52833,
        358.71753,
        420.71135,
        361.45469,
        420.68042,
        361.42878,
        418.876,
        364.1484,
        416.9613,
        366.84214,
        415.01573,
        369.4641,
        415.065,
        369.495,
        411.13374,
        374.76223,
        406.9412,
        379.82156,
        402.48809,
        384.64624,
        402.48809,
        384.64624,
        400.10915,
        387.2064,
        397.6901,
        389.72228,
        395.18259,
        392.15964,
        394.983,
        392.34086,
        394.80683,
        392.52204,
        394.62476,
        392.70744,
        391.74235,
        395.4805,
        388.77888,
        398.15586,
        385.76284,
        400.73354,
        385.76284,
        400.73354,
        383.24192,
        402.8478,
        380.6868,
        404.93534,
        378.06822,
        406.90762,
        378.08659,
        406.92517,
        372.89447,
        410.92316,
        367.47276,
        414.6565,
        361.85233,
        418.07837,
        361.83897,
        418.0383,
        360.75595,
        418.71965,
        359.67713,
        419.35592,
        358.57992,
        420.00221,
        352.94527,
        423.30553,
        347.14861,
        426.30821,
        341.25345,
        429.00112,
        340.66059,
        429.27085,
        340.07277,
        429.54976,
        339.46654,
        429.81112,
        333.2265,
        432.5967,
        326.85371,
        435.04662,
        320.37065,
        437.12579,
        320.35317,
        437.09486,
        319.15826,
        437.47982,
        317.96502,
        437.84639,
        316.74842,
        438.21381,
        300.96006,
        442.94163,
        284.76667,
        445.60782,
        268.45227,
        446.18311,
        268.45227,
        446.18311,
        248.72014,
        446.83781,
        229.01809,
        444.43628,
        209.93645,
        439.07219,
        208.85677,
        442.89238,
        226.25002,
        447.80558,
        244.13343,
        450.26048,
        262.13208,
        450.24297,
        262.13208,
        450.2864,
        270.9907,
        450.26048,
        279.85268,
        449.63675,
        288.64867,
        448.4026,
        288.64867,
        448.4427,
        291.98704,
        447.97005,
        295.33126,
        447.42563,
        298.62033,
        446.80691,
        298.60281,
        446.75342,
        301.8936,
        446.10801,
        305.1518,
        445.4049,
        308.4292,
        444.59496,
        308.44675,
        444.64424,
        319.38787,
        441.96469,
        330.06267,
        438.30731,
        340.38088,
        433.7607,
        340.39842,
        433.7607,
        340.6464,
        433.66385,
        340.85846,
        433.54861,
        341.08895,
        433.45505,
        341.72607,
        433.17285,
        342.33146,
        432.88475,
        342.95517,
        432.59753,
        345.14878,
        431.60634,
        347.35989,
        430.57265,
        349.50419,
        429.49294,
        349.50419,
        429.46207,
        352.48515,
        427.95404,
        355.43443,
        426.37589,
        358.36614,
        424.70332,
        358.37949,
        424.7526,
        359.18448,
        424.30589,
        359.95351,
        423.84161,
        360.74093,
        423.3857,
        360.75428,
        423.3857,
        360.75428,
        423.3857,
        360.75428,
        423.3857,
        373.4147,
        415.96498,
        385.17416,
        407.1339,
        395.81886,
        397.05951,
        395.81886,
        397.05951,
        396.34491,
        396.56851,
        396.85341,
        396.08251,
        397.35776,
        395.59154,
        397.55735,
        395.38783,
        397.76861,
        395.20242,
        397.96399,
        395.00289,
        411.70407,
        381.65688,
        423.35249,
        366.3729,
        432.60436,
        349.55492,
        432.57349,
        349.54156,
        435.79663,
        343.65057,
        438.74671,
        337.6235,
        441.35113,
        331.47696,
        441.35113,
        331.47696,
        441.46636,
        331.20729,
        441.56402,
        330.93758,
        441.67925,
        330.66284,
        442.17025,
        329.48633,
        442.64289,
        328.32316,
        443.10296,
        327.1341,
        443.19984,
        326.92116,
        443.28417,
        326.6782,
        443.381,
        326.46608,
        446.80456,
        317.67095,
        449.62104,
        308.64447,
        451.74866,
        299.4243,
        451.71773,
        299.41094,
        455.20645,
        284.26051,
        456.86056,
        268.77276,
        456.66186,
        253.20732,
        452.66801,
        253.25992,
        452.92766,
        272.97284,
        450.14208,
        292.54633,
        444.37967,
        311.44676,
        444.37967,
        311.44676
      ],
      "segments": [
        1,
        2,
        4,
        2,
        4,
        4,
        4,
        4,
        2,
        4,
        2,
        4,
        2,
        4,
        2,
        4,
        4,
        4,
        2,
        4,
        2,
        4,
        2,
        4,
        4,
        4,
        4,
        2,
        4,
        4,
        2,
        4,
        2,
        4,
        2,
        4,
        2,
        4,
        2,
        4,
        2,
        4,
        2,
        4,
        4,
        4,
        2,
        4,
        2,
        4,
        4,
        4,
        2,
        4,
        4,
        4,
        2,
        4,
        2,
        4,
        4,
        4,
        4,
        2,
        4,
        2,
        4,
        2
      ]
    },
    {
      "type": "shape",
      "background": "rgba(51,153,255,0.46)",
      "shadow": true,
      "shadowColor": "#32D3EB",
      "shadowOffsetX": 0,
      "shadowOffsetY": 0,
      "points": [
        189.80852,
        436.46281,
        192.90388,
        437.68274,
        196.07947,
        438.86346,
        199.24164,
        439.92057,
        200.53759,
        436.16221,
        197.42383,
        435.11005,
        194.3109,
        433.96445,
        191.28147,
        432.752,
        189.80852,
        436.46281,
        189.80852,
        436.46281
      ],
      "segments": [
        1,
        4,
        2,
        4,
        2,
        2
      ]
    },
    {
      "type": "shape",
      "background": "rgba(51,153,255,0.46)",
      "shadow": true,
      "shadowColor": "#32D3EB",
      "shadowOffsetX": 0,
      "shadowOffsetY": 0,
      "points": [
        77.26923,
        207.92973,
        73.41315,
        206.91604,
        70.56577,
        217.81789,
        68.6636,
        228.87763,
        67.73089,
        240.02671,
        67.70002,
        240.02671,
        67.41194,
        243.35671,
        67.22155,
        246.72598,
        67.12469,
        250.06518,
        67.15975,
        250.06518,
        66.99611,
        255.57956,
        67.04452,
        261.09901,
        67.32342,
        266.61424,
        71.31643,
        266.40634,
        70.25513,
        246.72598,
        72.25416,
        227.06065,
        77.26923,
        207.92973,
        77.26923,
        207.92973
      ],
      "segments": [
        1,
        2,
        4,
        2,
        4,
        2,
        4,
        2,
        4,
        2
      ]
    },
    {
      "type": "shape",
      "background": "rgba(51,153,255,0.46)",
      "shadow": true,
      "shadowColor": "#32D3EB",
      "shadowOffsetX": 0,
      "shadowOffsetY": 0,
      "points": [
        83.22535,
        189.1871,
        79.48869,
        187.78931,
        78.32551,
        190.90723,
        77.20743,
        194.11867,
        76.21627,
        197.27084,
        79.99719,
        198.48243,
        80.99669,
        195.3787,
        82.07637,
        192.24322,
        83.22535,
        189.1871,
        83.22535,
        189.1871
      ],
      "segments": [
        1,
        2,
        4,
        2,
        4,
        2
      ]
    },
    {
      "type": "shape",
      "background": "rgba(51,153,255,0.46)",
      "shadow": true,
      "shadowColor": "#32D3EB",
      "shadowOffsetX": 0,
      "shadowOffsetY": 0,
      "points": [
        73.39979,
        285.96143,
        69.45938,
        286.58434,
        69.98125,
        289.89267,
        70.61335,
        293.21851,
        71.29889,
        296.47754,
        75.21677,
        295.64169,
        74.53539,
        292.45779,
        73.92166,
        289.20294,
        73.39979,
        285.96143,
        73.39979,
        285.96143
      ],
      "segments": [
        1,
        2,
        4,
        2,
        4,
        2
      ]
    },
    {
      "type": "shape",
      "background": "rgba(51,153,255,0.46)",
      "shadow": true,
      "shadowColor": "#32D3EB",
      "shadowOffsetX": 0,
      "shadowOffsetY": 0,
      "points": [
        307.31447,
        67.14455,
        296.32491,
        64.51345,
        285.2243,
        62.86011,
        274.03681,
        62.15201,
        274.03681,
        62.12028,
        270.69761,
        61.91321,
        267.3058,
        61.77961,
        263.96743,
        61.74871,
        263.96743,
        61.77961,
        258.41296,
        61.71365,
        252.87599,
        61.88231,
        247.32654,
        62.28897,
        247.60458,
        66.25108,
        267.32418,
        64.79983,
        287.07384,
        66.4014,
        306.38259,
        71.0098,
        307.31447,
        67.14455,
        307.31447,
        67.14455
      ],
      "segments": [
        1,
        4,
        2,
        4,
        2,
        4,
        2,
        4,
        2,
        2
      ]
    },
    {
      "type": "shape",
      "background": "rgba(51,153,255,0.46)",
      "shadow": true,
      "shadowColor": "#32D3EB",
      "shadowOffsetX": 0,
      "shadowOffsetY": 0,
      "points": [
        159.29809,
        416.44261,
        156.54256,
        414.6874,
        153.79203,
        412.82952,
        151.13923,
        410.93652,
        151.08995,
        410.97161,
        145.75172,
        407.17733,
        140.59133,
        403.0774,
        135.6648,
        398.74374,
        135.6648,
        398.73454,
        129.84896,
        393.61338,
        124.37882,
        388.19254,
        119.23516,
        382.43349,
        119.23516,
        382.43349,
        117.05996,
        379.98357,
        114.92733,
        377.45431,
        112.89826,
        374.90753,
        112.86736,
        374.92505,
        108.75494,
        369.79558,
        104.91975,
        364.48409,
        101.35175,
        358.94799,
        101.38681,
        358.93879,
        100.04245,
        356.81117,
        98.6839,
        354.63099,
        97.38878,
        352.42489,
        88.64123,
        337.58343,
        81.94612,
        321.68898,
        77.50637,
        305.21675,
        73.65029,
        306.23798,
        78.18772,
        323.07261,
        85.02396,
        339.28598,
        93.94854,
        354.45393,
        94.179,
        354.82054,
        94.39025,
        355.17458,
        94.61154,
        355.54194,
        94.57147,
        355.57287,
        102.58088,
        368.96807,
        112.15927,
        381.30205,
        123.13132,
        392.38511,
        123.13132,
        392.39764,
        137.28305,
        406.73478,
        153.54821,
        418.75055,
        171.49343,
        428.091,
        173.34629,
        424.57058,
        168.53079,
        422.05806,
        163.84722,
        419.35678,
        159.27889,
        416.46012,
        159.29809,
        416.44261,
        159.29809,
        416.44261
      ],
      "segments": [
        1,
        4,
        2,
        4,
        2,
        4,
        2,
        4,
        2,
        4,
        2,
        4,
        4,
        2,
        4,
        4,
        2,
        4,
        2,
        4,
        2,
        4,
        2,
        2
      ]
    },
    {
      "type": "shape",
      "background": "rgba(51,153,255,0.46)",
      "shadow": true,
      "shadowColor": "#32D3EB",
      "shadowOffsetX": 0,
      "shadowOffsetY": 0,
      "points": [
        430.32565,
        158.45705,
        430.29475,
        158.4696,
        430.13191,
        158.16398,
        429.93235,
        157.85919,
        429.7687,
        157.58115,
        427.13341,
        153.10967,
        424.28431,
        148.68744,
        421.33592,
        144.46812,
        418.05852,
        146.74606,
        420.97767,
        150.88015,
        423.74158,
        155.2139,
        426.34683,
        159.58433,
        436.40285,
        176.67196,
        443.70918,
        195.06058,
        448.04705,
        214.22237,
        451.92985,
        213.34229,
        448.3251,
        197.36853,
        442.67795,
        181.92168,
        435.14279,
        167.27476,
        435.16036,
        167.27476,
        433.6515,
        164.308,
        432.02823,
        161.34037,
        430.32565,
        158.45705,
        430.32565,
        158.45705
      ],
      "segments": [
        1,
        2,
        4,
        4,
        2,
        4,
        4,
        2,
        4,
        2,
        4,
        2
      ]
    },
    {
      "type": "shape",
      "background": "rgba(76,205,252,0.39)",
      "shadow": true,
      "shadowColor": "#32D3EB",
      "shadowBlur": 26,
      "shadowOffsetX": 0,
      "shadowOffsetY": 0,
      "points": [
        324.21925,
        361.64505,
        265.80448,
        395.90467,
        190.33793,
        376.37128,
        155.9756,
        318.12433,
        121.63162,
        259.85984,
        141.20595,
        184.61458,
        199.63744,
        150.35496,
        258.0564,
        116.09534,
        333.54132,
        135.62874,
        367.88527,
        193.88904,
        402.22507,
        252.14017,
        382.65576,
        327.39962,
        324.21925,
        361.64505,
        324.21925,
        361.64505,
        206.71414,
        162.34821,
        154.92849,
        192.70833,
        137.56614,
        259.42314,
        168.01394,
        311.071,
        198.4751,
        362.71137,
        265.36359,
        380.01026,
        317.16176,
        349.65599,
        368.9474,
        319.28834,
        386.32647,
        252.57688,
        355.8611,
        200.93736,
        325.41748,
        149.29366,
        258.48144,
        131.98056,
        206.71414,
        162.34821,
        206.71414,
        162.34821
      ],
      "segments": [
        1,
        4,
        4,
        4,
        4,
        2,
        1,
        4,
        4,
        4,
        4,
        2
      ]
    },
    {
      "type": "shape",
      "background": "rgba(51,153,255,0.46)",
      "shadow": true,
      "shadowColor": "#32D3EB",
      "shadowOffsetX": 0,
      "shadowOffsetY": 0,
      "rotation": 6.28319,
      "points": [
        262.77585,
        489.24119,
        263.06811,
        489.24119,
        263.36038,
        489.3514,
        263.58081,
        489.57269,
        272.78847,
        498.78452,
        273.23521,
        499.22707,
        273.23521,
        499.95185,
        272.78847,
        500.39944,
        263.58081,
        509.60708,
        263.13407,
        510.05382,
        262.41348,
        510.05382,
        261.96674,
        509.60708,
        261.52001,
        509.15952,
        261.52001,
        508.43975,
        261.96674,
        507.99216,
        270.3686,
        499.5903,
        261.96674,
        491.18842,
        261.52001,
        490.74169,
        261.52001,
        490.02109,
        261.96674,
        489.57353,
        262.19302,
        489.35224,
        262.48445,
        489.24119,
        262.77585,
        489.24119,
        262.77585,
        489.24119
      ],
      "segments": [
        1,
        4,
        2,
        4,
        2,
        4,
        4,
        2,
        2,
        4,
        4,
        2
      ]
    },
    {
      "type": "oval",
      "borderWidth": 1,
      "borderColor": "rgba(51,153,255,0.20)",
      "shadow": true,
      "shadowColor": "#32D3EB",
      "shadowOffsetX": 0,
      "shadowOffsetY": 0,
      "rect": [
        18.28082,
        12.3525,
        487.29502,
        487.29502
      ]
    },
    {
      "type": "shape",
      "background": "rgba(51,153,255,0.46)",
      "shadow": true,
      "shadowColor": "#32D3EB",
      "shadowOffsetX": 0,
      "shadowOffsetY": 0,
      "rotation": 3.14159,
      "points": [
        247.60707,
        1.94617,
        247.89931,
        1.94617,
        248.19157,
        2.05638,
        248.41203,
        2.27767,
        257.61967,
        11.4895,
        258.06643,
        11.93205,
        258.06643,
        12.65683,
        257.61967,
        13.10442,
        248.41203,
        22.31206,
        247.96526,
        22.7588,
        247.2447,
        22.7588,
        246.79796,
        22.31206,
        246.35123,
        21.8645,
        246.35123,
        21.14473,
        246.79796,
        20.69714,
        255.19982,
        12.29528,
        246.79796,
        3.8934,
        246.35123,
        3.44667,
        246.35123,
        2.72607,
        246.79796,
        2.2785,
        247.02424,
        2.05722,
        247.31564,
        1.94617,
        247.60707,
        1.94617,
        247.60707,
        1.94617
      ],
      "segments": [
        1,
        4,
        2,
        4,
        2,
        4,
        4,
        2,
        2,
        4,
        4,
        2
      ]
    },
    {
      "type": "oval",
      "background": "rgba(78,206,252,0.10)",
      "shadow": true,
      "shadowColor": "#32D3EB",
      "shadowBlur": 66,
      "shadowOffsetX": 0,
      "shadowOffsetY": 0,
      "rect": [
        161.41101,
        158.88323,
        195.0797,
        195.0797
      ]
    },
    {
      "type": "oval",
      "background": "rgba(78,206,252,0.10)",
      "shadow": true,
      "shadowColor": "#32D3EB",
      "shadowBlur": 66,
      "shadowOffsetX": 0,
      "shadowOffsetY": 0,
      "rect": [
        173.39108,
        170.8633,
        171.11953,
        171.11953
      ]
    },
    {
      "type": "oval",
      "background": "rgba(78,206,252,0.10)",
      "shadow": true,
      "shadowColor": "#32D3EB",
      "shadowBlur": 66,
      "shadowOffsetX": 0,
      "shadowOffsetY": 0,
      "rect": [
        205.1319,
        202.60412,
        107.63792,
        107.63792
      ]
    },
    {
      "type": "shape",
      "borderWidth": 2,
      "borderColor": "rgba(51,153,255,0.46)",
      "borderJoin": "bevel",
      "shadow": true,
      "shadowColor": "#32D3EB",
      "shadowOffsetX": 0,
      "shadowOffsetY": 0,
      "rotation": -3.14159,
      "points": [
        9.45886,
        221.59578,
        9.45886,
        188.86838,
        27.10278,
        221.59578,
        27.10278,
        188.86838
      ]
    },
    {
      "type": "shape",
      "background": " rgba(51,153,255,0.46)",
      "borderColor": "rgba(51,153,255,0.46)",
      "borderJoin": "bevel",
      "shadow": true,
      "shadowColor": "#32D3EB",
      "shadowOffsetX": 0,
      "shadowOffsetY": 0,
      "rotation": -3.14159,
      "points": [
        6.42422,
        261.45602,
        6.42422,
        234.4419,
        18.4365,
        277.8709,
        6.42422,
        261.45602
      ]
    },
    {
      "type": "shape",
      "background": "rgba(51,153,255,0.20)",
      "borderColor": "rgba(235,235,235,0.40)",
      "borderJoin": "bevel",
      "shadow": true,
      "shadowColor": "#32D3EB",
      "shadowOffsetX": 0,
      "shadowOffsetY": 0,
      "rotation": -3.14159,
      "points": [
        30.13743,
        261.45602,
        18.4365,
        278.40426,
        30.13743,
        234.4419,
        30.13743,
        261.45602
      ]
    }
  ]
}