{
  "modified": "Tue Jan 22 2019 15:06:03 GMT+0800 (China Standard Time)",
  "background": "rgb(61,61,61)",
  "width": 1351,
  "height": 298,
  "attachStyle": "close",
  "comps": [
    {
      "type": "shape",
      "background": "rgba(6,13,36,0.80)",
      "borderColor": "rgb(12,104,135)",
      "borderJoin": "bevel",
      "rotation": -1.5708,
      "points": [
        410.625,
        127.17625,
        423.49619,
        141.29801,
        423.4959,
        295.82437,
        410.62471,
        311.69288,
        397.75355,
        295.82437,
        397.75384,
        141.29801
      ]
    },
    {
      "type": "oval",
      "background": "rgba(41,155,217,0.51)",
      "borderColor": "#979797",
      "shadow": true,
      "shadowColor": "rgb(64,188,255)",
      "shadowBlur": 16,
      "shadowOffsetX": 0,
      "shadowOffsetY": 0,
      "rect": [
        525.03358,
        170.68061,
        159.66553,
        3.82025
      ]
    },
    {
      "type": "oval",
      "background": "rgba(41,155,217,0.51)",
      "borderColor": "#979797",
      "shadow": true,
      "shadowColor": "rgb(64,188,255)",
      "shadowBlur": 16,
      "shadowOffsetX": 0,
      "shadowOffsetY": 0,
      "rect": [
        525.03358,
        104.32587,
        159.66553,
        3.82025
      ]
    },
    {
      "type": "oval",
      "background": "rgba(41,155,217,0.51)",
      "borderColor": "#979797",
      "shadow": true,
      "shadowColor": "rgb(64,188,255)",
      "shadowBlur": 16,
      "shadowOffsetX": 0,
      "shadowOffsetY": 0,
      "rect": [
        525.03358,
        237.24957,
        159.66553,
        3.82025
      ]
    },
    {
      "type": "shape",
      "background": "rgba(5,5,41,0.4)",
      "borderColor": "rgba(76,205,252,0.50)",
      "points": [
        525.27519,
        106.23599,
        511.12363,
        91.99111,
        511.12363,
        60.06715,
        672.31579,
        60.06715,
        684.69911,
        75.65088,
        684.69911,
        106.23599,
        525.27519,
        106.23599
      ]
    },
    {
      "type": "shape",
      "background": "rgba(5,5,41,0.4)",
      "borderColor": "rgba(76,205,252,0.50)",
      "points": [
        525.27519,
        172.59074,
        511.12363,
        158.34584,
        511.12363,
        126.4219,
        672.31579,
        126.4219,
        684.69911,
        142.00562,
        684.69911,
        172.59074,
        525.27519,
        172.59074
      ]
    },
    {
      "type": "shape",
      "background": "rgba(5,5,41,0.4)",
      "borderColor": "rgba(76,205,252,0.50)",
      "points": [
        525.27519,
        238.94548,
        511.12363,
        224.7006,
        511.12363,
        192.77664,
        672.31579,
        192.77664,
        684.69911,
        208.36036,
        684.69911,
        238.94548,
        525.27519,
        238.94548
      ]
    },
    {
      "type": "shape",
      "background": "rgba(5,5,41,0.30)",
      "borderWidth": 2,
      "borderColor": "rgb(0,90,120)",
      "borderCap": "round",
      "borderPattern": [
        2,
        8
      ],
      "points": [
        1057.67215,
        244.40225,
        1274.25586,
        244.40225,
        1309.04411,
        217.44889,
        770.81284,
        217.44889,
        725.08749,
        244.40225,
        926.09333,
        244.40225
      ]
    },
    {
      "type": "shape",
      "background": "rgba(5,5,41,0.4)",
      "borderWidth": 2,
      "borderColor": "rgb(0,90,120)",
      "borderCap": "round",
      "borderPattern": [
        2,
        8
      ],
      "points": [
        772.41758,
        22.75612,
        772.41758,
        210.71477,
        1309.04411,
        210.71477,
        1309.04411,
        22.75612,
        772.41758,
        22.75612
      ]
    },
    {
      "type": "circle",
      "background": "rgba(5,5,41,0.4)",
      "borderColor": "rgba(5,5,41,0.20)",
      "borderJoin": "bevel",
      "shadowColor": "rgb(41,155,217)",
      "shadowBlur": 32,
      "shadowOffsetX": 0,
      "shadowOffsetY": 0,
      "rect": [
        39.50593,
        18.92174,
        214.52883,
        226.6267
      ]
    },
    {
      "type": "shape",
      "borderWidth": 2,
      "borderColor": "rgba(41,155,217,0.51)",
      "borderCap": "round",
      "borderJoin": "bevel",
      "points": [
        277.41839,
        181.83507,
        288.9895,
        170.39041,
        288.9895,
        85.70649,
        277.41839,
        75.19019,
        21.24857,
        75.19019,
        8.14747,
        85.70649,
        8.14747,
        170.39041,
        21.24857,
        181.83507,
        21.24857,
        220.42935,
        21.24857,
        250.99985,
        43.97861,
        268.98383,
        274.71088,
        268.98383,
        297.40345,
        289.45699,
        699.39232,
        289.45699,
        733.9968,
        265.4007,
        801.4334,
        265.4007,
        316.2246,
        274.95591,
        688.06042,
        274.95591,
        733.9968,
        244.86133,
        1326.55583,
        244.86133,
        1341.57753,
        230.36476,
        1341.57753,
        162.50694,
        1326.55583,
        150.76343,
        1326.55583,
        27.0014,
        733.9968,
        50.44658,
        733.9968,
        27.0014,
        746.37048,
        13.32551
      ],
      "segments": [
        1,
        2,
        2,
        2,
        1,
        2,
        2,
        2,
        1,
        2,
        2,
        2,
        2,
        2,
        2,
        2,
        1,
        2,
        2,
        2,
        2,
        2,
        2,
        2,
        1,
        2,
        2
      ]
    },
    {
      "type": "oval",
      "background": "rgba(41,155,217,0.51)",
      "borderColor": "#979797",
      "shadow": true,
      "shadowColor": "rgb(41,155,217)",
      "shadowBlur": 16,
      "shadowOffsetX": 0,
      "shadowOffsetY": 0,
      "rect": [
        301.6165,
        287.0242,
        396.58475,
        4.86559
      ]
    },
    {
      "type": "shape",
      "borderWidth": 2,
      "borderColor": "rgb(12,104,135)",
      "borderJoin": "bevel",
      "shadow": true,
      "shadowColor": "rgb(41,155,217)",
      "shadowBlur": 32,
      "shadowOffsetX": 0,
      "shadowOffsetY": 0,
      "points": [
        471.8803,
        162.29233,
        471.8803,
        173.68288,
        412.19702,
        210.71477,
        352.51373,
        173.68288,
        352.51373,
        162.29233
      ]
    },
    {
      "type": "shape",
      "borderWidth": 2,
      "borderColor": "rgb(12,104,135)",
      "borderJoin": "bevel",
      "points": [
        355.74125,
        62.61123,
        355.74125,
        43.48873,
        373.57502,
        29.15293,
        449.30407,
        29.14248,
        467.15086,
        43.48873,
        467.15086,
        62.61123
      ],
      "segments": [
        1,
        2,
        2,
        1,
        2,
        2
      ]
    },
    {
      "type": "shape",
      "background": "rgba(5,5,41,0.4)",
      "borderColor": "rgb(12,104,135)",
      "borderJoin": "bevel",
      "points": [
        410.62487,
        14.3237,
        456.45072,
        48.17079,
        456.45072,
        166.66081,
        410.62487,
        190.82848,
        364.79902,
        166.66081,
        364.79902,
        48.17079
      ]
    },
    {
      "type": "rect",
      "background": "rgb(12,104,135)",
      "borderColor": "#979797",
      "rect": [
        432.51962,
        47.65181,
        8.00012,
        120.34969
      ]
    },
    {
      "type": "rect",
      "background": "rgb(76,205,252)",
      "borderColor": "#979797",
      "rect": [
        432.51962,
        83.28003,
        8.00012,
        84.72148
      ]
    },
    {
      "type": "rect",
      "background": "rgb(12,104,135)",
      "borderColor": "#979797",
      "rect": [
        381.20967,
        47.2452,
        8.00012,
        120.34969
      ]
    },
    {
      "type": "rect",
      "background": "rgb(76,205,252)",
      "borderColor": "#979797",
      "rect": [
        381.20967,
        82.87341,
        8.00012,
        84.72148
      ]
    },
    {
      "type": "rect",
      "background": "rgb(12,104,135)",
      "borderColor": "#979797",
      "rect": [
        406.62481,
        25.66035,
        8.00012,
        155.11513
      ]
    },
    {
      "type": "rect",
      "background": "rgb(76,205,252)",
      "borderColor": "#979797",
      "rect": [
        406.62481,
        71.58049,
        8.00012,
        109.19499
      ]
    },
    {
      "type": "oval",
      "background": "rgba(41,155,217,0.51)",
      "borderColor": "#979797",
      "shadow": true,
      "shadowColor": "rgb(41,155,217)",
      "shadowBlur": 16,
      "shadowOffsetX": 0,
      "shadowOffsetY": 0,
      "rect": [
        43.6024,
        266.57439,
        207.02337,
        4.86559
      ]
    },
    {
      "type": "oval",
      "background": "rgba(41,155,217,0.51)",
      "borderColor": "#979797",
      "shadow": true,
      "shadowColor": "rgb(41,155,217)",
      "shadowBlur": 16,
      "shadowOffsetX": 0,
      "shadowOffsetY": 0,
      "rect": [
        772.41758,
        241.54843,
        480.80307,
        5.39002
      ]
    },
    {
      "type": "rect",
      "background": "rgb(41,155,217)",
      "borderWidth": 2,
      "borderColor": "rgb(0,0,0)",
      "borderJoin": "bevel",
      "rect": [
        273.16666,
        70.37869,
        8,
        8
      ]
    },
    {
      "type": "rect",
      "background": "rgb(41,155,217)",
      "borderWidth": 2,
      "borderColor": "rgb(0,0,0)",
      "borderJoin": "bevel",
      "rect": [
        17.8682,
        176.87237,
        8,
        8
      ]
    },
    {
      "type": "rect",
      "background": "rgb(41,155,217)",
      "borderWidth": 2,
      "borderColor": "rgb(0,0,0)",
      "borderJoin": "bevel",
      "rect": [
        798.35731,
        261.00719,
        8,
        8
      ]
    },
    {
      "type": "rect",
      "background": "rgb(41,155,217)",
      "borderWidth": 2,
      "borderColor": "rgb(0,0,0)",
      "borderJoin": "bevel",
      "rect": [
        311.03077,
        270.69304,
        8,
        8
      ]
    },
    {
      "type": "rect",
      "background": "rgb(41,155,217)",
      "borderWidth": 2,
      "borderColor": "rgb(0,0,0)",
      "borderJoin": "bevel",
      "rect": [
        742.47786,
        9.62651,
        8,
        8
      ]
    },
    {
      "type": "shape",
      "borderWidth": 2,
      "borderColor": "rgb(12,104,135)",
      "borderJoin": "bevel",
      "rotation": -1.5708,
      "points": [
        477.82304,
        243.00529,
        477.82304,
        247.33084,
        473.38647,
        251.0527,
        450.12817,
        252.22316,
        444.29638,
        247.33084,
        444.29638,
        243.00529
      ],
      "segments": [
        1,
        2,
        2,
        1,
        2,
        2
      ]
    },
    {
      "type": "shape",
      "borderWidth": 2,
      "borderColor": "rgb(12,104,135)",
      "borderJoin": "bevel",
      "rotation": -1.5708,
      "points": [
        344.69047,
        252.4202,
        344.69047,
        247.1694,
        349.69947,
        243.23296,
        370.96958,
        243.23009,
        375.98225,
        247.1694,
        375.98225,
        252.4202
      ],
      "segments": [
        1,
        2,
        2,
        1,
        2,
        2
      ]
    },
    {
      "type": "shape",
      "background": "rgba(6,13,36,0.80)",
      "borderColor": "rgb(12,104,135)",
      "borderJoin": "bevel",
      "rotation": -1.5708,
      "points": [
        409.37754,
        194.71617,
        422.2483,
        202.97784,
        422.2483,
        292.25892,
        409.37715,
        301.39534,
        396.50595,
        292.25892,
        396.50595,
        202.97784
      ]
    },
    {
      "type": "text",
      "text": "安防",
      "align": "center",
      "color": "rgb(76,205,252)",
      "font": "16px arial, sans-serif",
      "anchorX": 0.2884,
      "anchorY": 0.35576,
      "rect": [
        371.15484,
        231.1043,
        82.96591,
        33.90289
      ]
    },
    {
      "type": "rect",
      "background": "rgb(41,155,217)",
      "borderWidth": 2,
      "borderColor": "rgb(0,0,0)",
      "borderJoin": "bevel",
      "rect": [
        1322.84732,
        22.75612,
        8,
        8
      ]
    },
    {
      "type": "shape",
      "borderWidth": 2,
      "borderColor": "rgb(12,104,135)",
      "borderJoin": "bevel",
      "rotation": -1.5708,
      "points": [
        201.75601,
        17.32915,
        201.75601,
        21.06955,
        197.31944,
        24.28794,
        174.06114,
        25.30005,
        168.22934,
        21.06955,
        168.22934,
        17.32915
      ],
      "segments": [
        1,
        2,
        2,
        1,
        2,
        2
      ]
    },
    {
      "type": "shape",
      "borderWidth": 2,
      "borderColor": "rgb(12,104,135)",
      "borderJoin": "bevel",
      "rotation": -1.5708,
      "points": [
        92.86844,
        25.49897,
        92.86844,
        20.95848,
        97.87744,
        17.55456,
        119.14756,
        17.55208,
        124.16022,
        20.95848,
        124.16022,
        25.49897
      ],
      "segments": [
        1,
        2,
        2,
        1,
        2,
        2
      ]
    },
    {
      "type": "shape",
      "background": "rgba(6,13,36,0.80)",
      "borderColor": "rgb(12,104,135)",
      "borderJoin": "bevel",
      "rotation": -1.5708,
      "points": [
        147.11408,
        -24.02816,
        159.98526,
        -11.67233,
        159.98526,
        53.65624,
        147.11408,
        67.54039,
        134.24291,
        53.65624,
        134.24291,
        -11.67233
      ]
    },
    {
      "type": "text",
      "text": "PM2.5",
      "align": "center",
      "color": "rgb(76,205,252)",
      "font": "16px arial, sans-serif",
      "anchorX": 0.2884,
      "anchorY": 0.35576,
      "rect": [
        117.037,
        4.17507,
        60.15416,
        33.90289
      ]
    },
    {
      "type": "text",
      "text": "150",
      "align": "center",
      "color": "rgb(76,205,252)",
      "scaleX": 2,
      "scaleY": 2,
      "rect": [
        123.44773,
        92.62725,
        45.83779,
        21.00255
      ]
    },
    {
      "type": "arc",
      "borderWidth": 28,
      "borderColor": "rgb(12,104,135)",
      "arcFrom": 1.0472,
      "arcTo": -1.0472,
      "arcClose": false,
      "rotation": 1.5708,
      "rect": [
        70.34047,
        52.9837,
        151.25273,
        155.54084
      ]
    },
    {
      "type": "arc",
      "borderWidth": 33,
      "borderColor": "rgb(36,145,181)",
      "arcFrom": 3.9619,
      "arcTo": -0.90757,
      "arcClose": false,
      "rect": [
        70.74026,
        53.3835,
        151.25273,
        155.54084
      ]
    },
    {
      "type": "arc",
      "borderWidth": 1,
      "borderColor": "rgb(124,145,155)",
      "arcFrom": -1.0472,
      "arcTo": -2.07694,
      "arcClose": false,
      "rect": [
        45.64368,
        -7.9978,
        201.4459,
        277.00499
      ]
    },
    {
      "type": "arc",
      "borderWidth": 33,
      "borderColor": "rgba(20,42,122,0.45)",
      "arcFrom": 1.0472,
      "arcTo": -1.0472,
      "arcClose": false,
      "rotation": 1.5708,
      "rect": [
        74.3791,
        53.49013,
        144.77466,
        155.54084
      ]
    },
    {
      "type": "oval",
      "background": "rgb(124,145,155)",
      "borderColor": "#979797",
      "rect": [
        92.57799,
        40.44967,
        6.33135,
        6.33135
      ]
    },
    {
      "type": "oval",
      "background": "rgb(124,145,155)",
      "borderColor": "#979797",
      "rect": [
        193.86033,
        40.44967,
        6.33135,
        6.33135
      ]
    },
    {
      "type": "text",
      "text": "当前平均值",
      "align": "center",
      "color": "rgb(76,205,252)",
      "anchorX": 0.2884,
      "anchorY": 0.35576,
      "rect": [
        121.04165,
        177.9268,
        49.85036,
        13.18396
      ]
    },
    {
      "type": "text",
      "text": "每周曲线分析",
      "align": "center",
      "color": "rgb(124,145,155)",
      "anchorX": 0.2884,
      "anchorY": 0.35576,
      "rect": [
        121.04165,
        203.26314,
        49.85036,
        13.18396
      ]
    },
    {
      "type": "shape",
      "background": "rgb(76,205,252)",
      "borderColor": "#979797",
      "rotation": 4.71239,
      "points": [
        144.46584,
        169.79406,
        147.46783,
        173.09625,
        147.46783,
        218.87656,
        144.46584,
        222.17874
      ]
    },
    {
      "type": "text",
      "text": "新风机故障数",
      "color": "rgb(76,205,252)",
      "anchorX": 0.2884,
      "anchorY": 0.35576,
      "rect": [
        785.55527,
        29.58282,
        48.27575,
        14.23084
      ]
    },
    {
      "type": "text",
      "text": "回风机故障数",
      "color": "rgb(76,205,252)",
      "anchorX": 0.2884,
      "anchorY": 0.35576,
      "rect": [
        785.55527,
        93.09525,
        48.27575,
        14.23084
      ]
    },
    {
      "type": "shape",
      "borderWidth": 2,
      "borderColor": "rgb(12,104,135)",
      "borderJoin": "bevel",
      "rotation": -1.5708,
      "points": [
        1151.38623,
        237.19326,
        1151.38623,
        244.27272,
        1146.94966,
        250.36415,
        1123.69136,
        252.27979,
        1117.85957,
        244.27272,
        1117.85957,
        237.19326
      ],
      "segments": [
        1,
        2,
        2,
        1,
        2,
        2
      ]
    },
    {
      "type": "shape",
      "borderWidth": 2,
      "borderColor": "rgb(12,104,135)",
      "borderJoin": "bevel",
      "rotation": -1.5708,
      "points": [
        985.26781,
        252.06898,
        985.26781,
        243.4752,
        990.27681,
        237.03258,
        1011.54693,
        237.02788,
        1016.55959,
        243.4752,
        1016.55959,
        252.06898
      ],
      "segments": [
        1,
        2,
        2,
        1,
        2,
        2
      ]
    },
    {
      "type": "shape",
      "background": "rgba(6,13,36,0.80)",
      "borderColor": "rgb(12,104,135)",
      "borderJoin": "bevel",
      "rotation": -1.5708,
      "points": [
        1066.00781,
        176.56301,
        1078.87939,
        185.95533,
        1078.87896,
        302.2927,
        1066.00781,
        313.79272,
        1053.13661,
        302.2926,
        1053.13704,
        185.95524
      ]
    },
    {
      "type": "text",
      "text": "故障统计",
      "align": "center",
      "color": "rgb(76,205,252)",
      "font": "16px arial, sans-serif",
      "anchorX": 0.2884,
      "anchorY": 0.35576,
      "rect": [
        1026.45073,
        227.59699,
        78.94006,
        33.90289
      ]
    },
    {
      "type": "rect",
      "background": "rgb(41,155,217)",
      "borderWidth": 2,
      "borderColor": "rgb(0,0,0)",
      "borderJoin": "bevel",
      "rect": [
        993.39309,
        241.54843,
        8,
        8
      ]
    },
    {
      "type": "rect",
      "background": "rgb(41,155,217)",
      "borderWidth": 2,
      "borderColor": "rgb(0,0,0)",
      "borderJoin": "bevel",
      "rect": [
        1130.6229,
        240.24344,
        8,
        8
      ]
    },
    {
      "type": "text",
      "text": "给排水故障数",
      "color": "rgb(76,205,252)",
      "anchorX": 0.2884,
      "anchorY": 0.35576,
      "rect": [
        785.55527,
        188.36391,
        48.27575,
        14.23084
      ]
    },
    {
      "type": "text",
      "text": "风机盘管故障",
      "color": "rgb(76,205,252)",
      "anchorX": 0.2884,
      "anchorY": 0.35576,
      "rect": [
        785.55527,
        156.60769,
        48.27575,
        14.23084
      ]
    },
    {
      "type": "text",
      "text": "雨水回收故障",
      "color": "rgb(76,205,252)",
      "anchorX": 0.2884,
      "anchorY": 0.35576,
      "rect": [
        785.55527,
        124.85147,
        48.27575,
        14.23084
      ]
    },
    {
      "type": "text",
      "text": "光伏发电故障",
      "color": "rgb(76,205,252)",
      "anchorX": 0.2884,
      "anchorY": 0.35576,
      "rect": [
        785.55527,
        61.33904,
        48.27575,
        14.23084
      ]
    },
    {
      "type": "rect",
      "background": "rgb(12,104,135)",
      "borderColor": "#979797",
      "rotation": 1.5708,
      "rect": [
        1082.18557,
        -170.22765,
        16.24992,
        417.76743
      ]
    },
    {
      "type": "rect",
      "background": "rgb(76,205,252)",
      "borderColor": "#979797",
      "rotation": 1.5708,
      "rect": [
        1020.3478,
        -108.38991,
        16.24992,
        294.09195
      ]
    },
    {
      "type": "rect",
      "background": "rgb(12,104,135)",
      "borderColor": "#979797",
      "rotation": 1.5708,
      "rect": [
        1082.18557,
        -139.35709,
        16.24992,
        417.76743
      ]
    },
    {
      "type": "rect",
      "background": "rgb(76,205,252)",
      "borderColor": "#979797",
      "rotation": 1.5708,
      "rect": [
        1020.3478,
        -77.51935,
        16.24992,
        294.09195
      ]
    },
    {
      "type": "rect",
      "background": "rgb(12,104,135)",
      "borderColor": "#979797",
      "rotation": 1.5708,
      "rect": [
        1082.18557,
        -109.68258,
        16.24992,
        417.76743
      ]
    },
    {
      "type": "rect",
      "background": "rgb(76,205,252)",
      "borderColor": "#979797",
      "rotation": 1.5708,
      "rect": [
        1020.3478,
        -47.84484,
        16.24992,
        294.09195
      ]
    },
    {
      "type": "rect",
      "background": "rgb(12,104,135)",
      "borderColor": "#979797",
      "rotation": 1.5708,
      "rect": [
        1082.18557,
        -77.92636,
        16.24992,
        417.76743
      ]
    },
    {
      "type": "rect",
      "background": "rgb(76,205,252)",
      "borderColor": "#979797",
      "rotation": 1.5708,
      "rect": [
        1020.3478,
        -16.08862,
        16.24992,
        294.09195
      ]
    },
    {
      "type": "rect",
      "background": "rgb(12,104,135)",
      "borderColor": "#979797",
      "rotation": 1.5708,
      "rect": [
        1082.18557,
        -45.1606,
        16.24992,
        417.76743
      ]
    },
    {
      "type": "rect",
      "background": "rgb(76,205,252)",
      "borderColor": "#979797",
      "rotation": 1.5708,
      "rect": [
        1020.3478,
        16.67714,
        16.24992,
        294.09195
      ]
    },
    {
      "type": "rect",
      "background": "rgb(12,104,135)",
      "borderColor": "#979797",
      "rotation": 1.5708,
      "rect": [
        1082.18557,
        -12.39484,
        16.24992,
        417.76743
      ]
    },
    {
      "type": "rect",
      "background": "rgb(76,205,252)",
      "borderColor": "#979797",
      "rotation": 1.5708,
      "rect": [
        1020.3478,
        49.4429,
        16.24992,
        294.09195
      ]
    },
    {
      "type": "text",
      "text": "1F 电梯故障",
      "color": "#FF7C7C",
      "font": "16px arial, sans-serif",
      "anchorX": 0.2884,
      "anchorY": 0.35576,
      "rect": [
        536.81701,
        60.70091,
        102.57731,
        33.90289
      ]
    },
    {
      "type": "text",
      "text": "2018-08-01    12:12:12",
      "color": "rgb(124,145,155)",
      "anchorX": 0.2884,
      "anchorY": 0.35576,
      "rect": [
        536.81701,
        78.13971,
        102.57731,
        33.90289
      ]
    },
    {
      "type": "text",
      "text": "2F 安检违禁品",
      "color": "#FF7C7C",
      "font": "16px arial, sans-serif",
      "anchorX": 0.2884,
      "anchorY": 0.35576,
      "rect": [
        536.81701,
        126.4219,
        102.57731,
        33.90289
      ]
    },
    {
      "type": "text",
      "text": "2018-08-01    12:12:12",
      "color": "rgb(124,145,155)",
      "anchorX": 0.2884,
      "anchorY": 0.35576,
      "rect": [
        536.81701,
        143.13106,
        102.57731,
        33.90289
      ]
    },
    {
      "type": "text",
      "text": "3F 温度报警",
      "color": "#FF7C7C",
      "font": "16px arial, sans-serif",
      "anchorX": 0.2884,
      "anchorY": 0.35576,
      "rect": [
        536.81701,
        191.97289,
        102.57731,
        33.90289
      ]
    },
    {
      "type": "text",
      "text": "2018-08-01    12:12:12",
      "color": "rgb(124,145,155)",
      "anchorX": 0.2884,
      "anchorY": 0.35576,
      "rect": [
        536.81701,
        209.49833,
        102.57731,
        33.90289
      ]
    },
    {
      "type": "text",
      "text": "监控",
      "align": "center",
      "color": "rgb(124,145,155)",
      "anchorX": 0.2884,
      "anchorY": 0.35576,
      "rect": [
        309.94244,
        203.69935,
        82.96591,
        33.90289
      ]
    },
    {
      "type": "text",
      "text": "门禁",
      "align": "center",
      "color": "rgb(124,145,155)",
      "anchorX": 0.2884,
      "anchorY": 0.35576,
      "rect": [
        369.62572,
        203.69935,
        82.96591,
        33.90289
      ]
    },
    {
      "type": "text",
      "text": "其他",
      "align": "center",
      "color": "rgb(124,145,155)",
      "anchorX": 0.2884,
      "anchorY": 0.35576,
      "rect": [
        429.98376,
        203.69935,
        82.96591,
        33.90289
      ]
    },
    {
      "type": "image",
      "name": "symbols/ht/gauge/gauge.json",
      "displayName": "gauge",
      "rect": [
        61.99373,
        46.78102,
        168.74579,
        168.74579
      ]
    },
    {
      "type": "shape",
      "borderWidth": 2,
      "borderColor": "rgb(12,104,135)",
      "borderJoin": "bevel",
      "rotation": -1.5708,
      "points": [
        668.70027,
        25.83238,
        668.70027,
        30.15793,
        664.2637,
        33.87979,
        641.0054,
        35.05025,
        635.17361,
        30.15793,
        635.17361,
        25.83238
      ],
      "segments": [
        1,
        2,
        2,
        1,
        2,
        2
      ]
    },
    {
      "type": "shape",
      "borderWidth": 2,
      "borderColor": "rgb(12,104,135)",
      "borderJoin": "bevel",
      "rotation": -1.5708,
      "points": [
        535.5677,
        35.24729,
        535.5677,
        29.99649,
        540.5767,
        26.06005,
        561.84681,
        26.05718,
        566.85948,
        29.99649,
        566.85948,
        35.24729
      ],
      "segments": [
        1,
        2,
        2,
        1,
        2,
        2
      ]
    },
    {
      "type": "shape",
      "background": "rgba(6,13,36,0.80)",
      "borderColor": "rgb(12,104,135)",
      "borderJoin": "bevel",
      "rotation": -1.5708,
      "points": [
        600.25477,
        -22.45674,
        613.12553,
        -14.19507,
        613.12553,
        75.08601,
        600.25437,
        84.22243,
        587.38318,
        75.08601,
        587.38318,
        -14.19507
      ]
    },
    {
      "type": "text",
      "text": "告警",
      "align": "center",
      "color": "#FF7C7C",
      "font": "16px arial, sans-serif",
      "anchorX": 0.2884,
      "anchorY": 0.35576,
      "rect": [
        562.03207,
        13.93139,
        82.96591,
        33.90289
      ]
    },
    {
      "type": "oval",
      "background": "#FF7C7C",
      "borderColor": "#979797",
      "rect": [
        639.39432,
        5.58282,
        24,
        24
      ]
    },
    {
      "type": "text",
      "text": "08",
      "align": "center",
      "color": "rgb(235,235,235)",
      "font": "16px arial, sans-serif",
      "anchorX": 0.2884,
      "anchorY": 0.35576,
      "rect": [
        639.39432,
        5.87962,
        24,
        23.7032
      ]
    }
  ]
}