{
  "background": "rgb(61,61,61)",
  "width": 341,
  "height": 772,
  "comps": [
    {
      "type": "shape",
      "background": "rgba(6,13,36,0.80)",
      "borderColor": "rgb(12,104,135)",
      "borderJoin": "bevel",
      "rotation": -1.5708,
      "points": [
        154.0044,
        279.88541,
        166.87522,
        290.83628,
        166.87492,
        445.36264,
        154.00374,
        458.52728,
        141.13257,
        445.36264,
        141.13287,
        290.83628
      ]
    },
    {
      "type": "shape",
      "background": "rgba(5,5,41,0.20)",
      "borderWidth": 2,
      "borderColor": "rgb(0,90,120)",
      "borderCap": "round",
      "borderPattern": [
        2,
        8
      ],
      "points": [
        42.60896,
        447.63871,
        42.60896,
        677.59512,
        287.72516,
        677.59512,
        287.72516,
        447.63871,
        42.60896,
        447.63871
      ]
    },
    {
      "type": "shape",
      "borderWidth": 2,
      "borderColor": "rgba(41,155,217,0.51)",
      "borderCap": "round",
      "borderJoin": "bevel",
      "rotation": -1.5708,
      "points": [
        -175.98723,
        256.31437,
        -175.98723,
        509.44171,
        -117.43287,
        509.44171,
        -107.30598,
        491.88785,
        14.05063,
        491.88785,
        25.3668,
        512.36101,
        163.36424,
        512.36101,
        180.62055,
        488.30472,
        238.5697,
        488.30472,
        34.7524,
        497.85993,
        157.71333,
        497.85993,
        180.62055,
        467.76535,
        462.18861,
        467.76535,
        486.1297,
        497.85993,
        506.80046,
        497.85993,
        506.80098,
        356.6347,
        526.01651,
        356.63477,
        558.88511,
        356.63489,
        562.46794,
        356.63491,
        506.80046,
        385.41096,
        453.71274,
        385.41096,
        439.51723,
        369.39296,
        439.51723,
        264.29605
      ],
      "segments": [
        1,
        2,
        2,
        2,
        2,
        2,
        2,
        2,
        2,
        1,
        2,
        2,
        2,
        2,
        2,
        2,
        2,
        1,
        2,
        1,
        2,
        2,
        2
      ]
    },
    {
      "type": "oval",
      "background": "rgba(41,155,217,0.51)",
      "borderColor": "#979797",
      "shadow": true,
      "shadowColor": "rgb(64,188,255)",
      "shadowBlur": 16,
      "shadowOffsetX": 0,
      "shadowOffsetY": 0,
      "rect": [
        53.65989,
        86.78763,
        78.63906,
        2.12738
      ]
    },
    {
      "type": "oval",
      "background": "rgba(41,155,217,0.51)",
      "borderColor": "#979797",
      "shadow": true,
      "shadowColor": "rgb(64,188,255)",
      "shadowBlur": 16,
      "shadowOffsetX": 0,
      "shadowOffsetY": 0,
      "rect": [
        53.65988,
        49.83674,
        78.63906,
        2.12738
      ]
    },
    {
      "type": "oval",
      "background": "rgba(41,155,217,0.51)",
      "borderColor": "#979797",
      "shadow": true,
      "shadowColor": "rgb(64,188,255)",
      "shadowBlur": 16,
      "shadowOffsetX": 0,
      "shadowOffsetY": 0,
      "rect": [
        53.65989,
        123.85781,
        78.63906,
        2.12738
      ]
    },
    {
      "type": "shape",
      "background": "rgba(38,130,222,0.38)",
      "borderColor": "#979797",
      "gradient": "linear.south",
      "gradientColor": "rgba(51,179,214,0.00)",
      "points": [
        26.89821,
        599.03621,
        45.48533,
        552.50162,
        61.01282,
        588.71677,
        76.24171,
        519.64821,
        92.06781,
        542.1606,
        106.10227,
        470.59016,
        124.31721,
        507.3837,
        130.28932,
        560.31474,
        151.01208,
        566.88552,
        168.51084,
        599.03621,
        186.42718,
        581.61626,
        198.96861,
        542.1606,
        214.1975,
        607.43629,
        231.21802,
        566.88552,
        247.93993,
        576.41558,
        261.07858,
        529.97621,
        273.58975,
        576.41558,
        273.58975,
        697.10509,
        26.89821,
        697.10509,
        26.89821,
        599.03621
      ]
    },
    {
      "type": "shape",
      "background": "rgba(76,205,252,0.50)",
      "borderWidth": 1,
      "borderColor": "rgba(76,205,252,0.50)",
      "points": [
        55.73502,
        50.90043,
        48.76504,
        42.9679,
        48.76504,
        25.19044,
        128.156,
        25.19044,
        134.25508,
        33.86853,
        134.25508,
        50.90043,
        55.73502,
        50.90043
      ]
    },
    {
      "type": "text",
      "text": "日",
      "align": "center",
      "color": "rgb(247,247,247)",
      "font": "14px arial, sans-serif",
      "anchorY": 0.41691,
      "rect": [
        48.76504,
        28.76335,
        85.49004,
        17.13999
      ]
    },
    {
      "type": "shape",
      "background": "rgba(5,5,41,0.20)",
      "borderWidth": 1,
      "borderColor": "rgba(76,205,252,0.50)",
      "points": [
        55.73502,
        87.85132,
        48.76504,
        79.91878,
        48.76504,
        62.14133,
        128.156,
        62.14133,
        134.25508,
        70.81942,
        134.25508,
        87.85132,
        55.73502,
        87.85132
      ]
    },
    {
      "type": "text",
      "text": "周",
      "align": "center",
      "color": "rgb(247,247,247)",
      "font": "14px arial, sans-serif",
      "anchorY": 0.41691,
      "rect": [
        48.76504,
        66.42633,
        85.49004,
        17.13999
      ]
    },
    {
      "type": "shape",
      "background": "rgba(5,5,41,0.20)",
      "borderWidth": 1,
      "borderColor": "rgba(76,205,252,0.50)",
      "points": [
        55.73502,
        124.80221,
        48.76504,
        116.86968,
        48.76504,
        99.09222,
        128.156,
        99.09222,
        134.25508,
        107.77031,
        134.25508,
        124.80221,
        55.73502,
        124.80221
      ]
    },
    {
      "type": "text",
      "text": "月",
      "align": "center",
      "color": "rgb(247,247,247)",
      "font": "14px arial, sans-serif",
      "anchorY": 0.41691,
      "rect": [
        48.76504,
        102.66514,
        85.49004,
        17.13999
      ]
    },
    {
      "type": "shape",
      "background": "rgba(5,5,41,0.10)",
      "borderWidth": 2,
      "borderColor": "rgb(0,90,120)",
      "borderCap": "round",
      "borderPattern": [
        2,
        8
      ],
      "points": [
        34.87823,
        447.63871,
        16.19082,
        461.93075,
        16.19082,
        696.03599,
        34.87823,
        677.03487,
        34.87823,
        447.63871
      ]
    },
    {
      "type": "shape",
      "background": "rgba(5,5,41,0.30)",
      "borderWidth": 2,
      "borderColor": "rgb(0,90,120)",
      "borderCap": "round",
      "borderPattern": [
        2,
        8
      ],
      "points": [
        234.71238,
        706.18296,
        269.6507,
        706.18296,
        288.20566,
        683.70956,
        40.37826,
        683.70956,
        16.41163,
        706.18296,
        76.0873,
        706.18296
      ]
    },
    {
      "type": "shape",
      "borderWidth": 2,
      "borderColor": "rgb(12,104,135)",
      "borderJoin": "bevel",
      "shadow": true,
      "shadowColor": "rgb(41,155,217)",
      "shadowBlur": 32,
      "shadowOffsetX": 0,
      "shadowOffsetY": 0,
      "points": [
        213.45367,
        318.19261,
        213.45367,
        328.09354,
        153.77039,
        360.2825,
        94.0871,
        328.09354,
        94.0871,
        318.19261
      ]
    },
    {
      "type": "shape",
      "borderWidth": 2,
      "borderColor": "rgb(12,104,135)",
      "borderJoin": "bevel",
      "points": [
        97.31462,
        218.51151,
        97.31462,
        199.38901,
        115.14839,
        185.05321,
        190.87744,
        185.04276,
        208.72423,
        199.38901,
        208.72423,
        218.51151
      ],
      "segments": [
        1,
        2,
        2,
        1,
        2,
        2
      ]
    },
    {
      "type": "shape",
      "background": "rgba(5,5,41,0.20)",
      "borderColor": "rgb(12,104,135)",
      "borderJoin": "bevel",
      "points": [
        152.19824,
        170.22398,
        198.02409,
        204.07107,
        198.02409,
        322.56109,
        152.19824,
        346.72876,
        106.37239,
        322.56109,
        106.37239,
        204.07107
      ]
    },
    {
      "type": "shape",
      "borderWidth": 3,
      "borderColor": "rgb(76,205,252)",
      "borderCap": "round",
      "borderJoin": "bevel",
      "gradientColor": "rgba(51,179,214,0.00)",
      "points": [
        26.83803,
        599.03621,
        45.52869,
        552.50162,
        61.08647,
        588.71677,
        76.34506,
        519.6482,
        92.20202,
        542.1606,
        106.26385,
        470.59016,
        124.51432,
        507.3837,
        130.49808,
        560.31474,
        151.26125,
        566.88552,
        168.79414,
        599.03621,
        186.74543,
        581.61626,
        199.31132,
        542.1606,
        214.56991,
        607.43629,
        231.62363,
        566.88552,
        248.37816,
        576.41558,
        261.54243,
        529.97621,
        274.078,
        576.41558
      ]
    },
    {
      "type": "shape",
      "borderWidth": 2,
      "borderColor": "rgb(12,104,135)",
      "borderJoin": "bevel",
      "rotation": -1.5708,
      "points": [
        211.14187,
        700.87714,
        211.14187,
        705.85673,
        206.03447,
        710.14135,
        179.25943,
        711.48879,
        172.54585,
        705.85673,
        172.54585,
        700.87714
      ],
      "segments": [
        1,
        2,
        2,
        1,
        2,
        2
      ]
    },
    {
      "type": "shape",
      "borderWidth": 2,
      "borderColor": "rgb(12,104,135)",
      "borderJoin": "bevel",
      "rotation": -1.5708,
      "points": [
        89.41208,
        711.93215,
        89.41208,
        705.88741,
        95.17847,
        701.35576,
        119.66471,
        701.35246,
        125.4353,
        705.88741,
        125.4353,
        711.93215
      ],
      "segments": [
        1,
        2,
        2,
        1,
        2,
        2
      ]
    },
    {
      "type": "shape",
      "background": "rgba(6,13,36,0.80)",
      "borderColor": "rgb(12,104,135)",
      "borderJoin": "bevel",
      "rotation": -1.5708,
      "points": [
        151.08156,
        658.3796,
        165.89891,
        671.40428,
        165.89891,
        740.26928,
        151.08156,
        754.90501,
        136.26422,
        740.26928,
        136.26422,
        671.40428
      ]
    },
    {
      "type": "text",
      "text": "客流变化",
      "align": "center",
      "color": "rgb(76,205,252)",
      "font": "16px arial, sans-serif",
      "anchorX": 0.2884,
      "anchorY": 0.35576,
      "rect": [
        102.34885,
        687.12773,
        95.67142,
        39.02914
      ]
    },
    {
      "type": "rect",
      "background": "rgb(12,104,135)",
      "borderColor": "#979797",
      "rect": [
        174.09299,
        203.55209,
        8.00012,
        120.34969
      ]
    },
    {
      "type": "rect",
      "background": "rgb(76,205,252)",
      "borderColor": "#979797",
      "rect": [
        174.09299,
        239.18031,
        8.00012,
        84.72148
      ]
    },
    {
      "type": "rect",
      "background": "rgb(12,104,135)",
      "borderColor": "#979797",
      "rect": [
        122.78304,
        203.14548,
        8.00012,
        120.34969
      ]
    },
    {
      "type": "rect",
      "background": "rgb(76,205,252)",
      "borderColor": "#979797",
      "rect": [
        122.78304,
        238.77369,
        8.00012,
        84.72148
      ]
    },
    {
      "type": "rect",
      "background": "rgb(12,104,135)",
      "borderColor": "#979797",
      "rect": [
        148.19818,
        181.56063,
        8.00012,
        155.11513
      ]
    },
    {
      "type": "rect",
      "background": "rgb(76,205,252)",
      "borderColor": "#979797",
      "rect": [
        148.19818,
        227.48077,
        8.00012,
        109.19499
      ]
    },
    {
      "type": "rect",
      "background": "rgb(41,155,217)",
      "borderWidth": 2,
      "borderColor": "rgb(0,0,0)",
      "borderJoin": "bevel",
      "rect": [
        64.64044,
        702.03748,
        9.20963,
        9.20963
      ]
    },
    {
      "type": "rect",
      "background": "rgb(41,155,217)",
      "borderWidth": 2,
      "borderColor": "rgb(0,0,0)",
      "borderJoin": "bevel",
      "rect": [
        226.90956,
        701.57815,
        9.20963,
        9.20963
      ]
    },
    {
      "type": "rect",
      "background": "rgb(41,155,217)",
      "borderWidth": 2,
      "borderColor": "rgb(0,0,0)",
      "borderJoin": "bevel",
      "rotation": -1.5708,
      "rect": [
        301.78183,
        538.44979,
        8,
        8
      ]
    },
    {
      "type": "rect",
      "background": "rgb(41,155,217)",
      "borderWidth": 2,
      "borderColor": "rgb(0,0,0)",
      "borderJoin": "bevel",
      "rotation": -1.5708,
      "rect": [
        65.24526,
        134.02795,
        8,
        8
      ]
    },
    {
      "type": "rect",
      "background": "rgb(41,155,217)",
      "borderWidth": 2,
      "borderColor": "rgb(0,0,0)",
      "borderJoin": "bevel",
      "rotation": -1.5708,
      "rect": [
        64.07524,
        749.56528,
        8,
        8
      ]
    },
    {
      "type": "text",
      "text": "室内",
      "align": "center",
      "color": "rgb(124,145,155)",
      "font": "14px arial, sans-serif",
      "anchorY": 0.41691,
      "rect": [
        111.57552,
        360.63635,
        85.49004,
        17.13999
      ]
    },
    {
      "type": "text",
      "text": "广场",
      "align": "center",
      "color": "rgb(124,145,155)",
      "font": "14px arial, sans-serif",
      "anchorY": 0.41691,
      "rect": [
        60.07379,
        360.63635,
        74.18129,
        17.13999
      ]
    },
    {
      "type": "text",
      "text": "停车场",
      "align": "center",
      "color": "rgb(124,145,155)",
      "font": "14px arial, sans-serif",
      "anchorY": 0.41691,
      "rect": [
        163.35334,
        360.63635,
        85.49004,
        17.13999
      ]
    },
    {
      "type": "shape",
      "borderWidth": 2,
      "borderColor": "rgb(12,104,135)",
      "borderJoin": "bevel",
      "rotation": -1.5708,
      "points": [
        216.43178,
        391.76855,
        216.43178,
        396.74814,
        211.32438,
        401.03275,
        184.54934,
        402.38019,
        177.83576,
        396.74814,
        177.83576,
        391.76855
      ],
      "segments": [
        1,
        2,
        2,
        1,
        2,
        2
      ]
    },
    {
      "type": "shape",
      "borderWidth": 2,
      "borderColor": "rgb(12,104,135)",
      "borderJoin": "bevel",
      "rotation": -1.5708,
      "points": [
        94.702,
        402.82356,
        94.702,
        396.77881,
        100.46838,
        392.24717,
        124.95462,
        392.24387,
        130.72521,
        396.77881,
        130.72521,
        402.82356
      ],
      "segments": [
        1,
        2,
        2,
        1,
        2,
        2
      ]
    },
    {
      "type": "shape",
      "background": "rgba(6,13,36,0.80)",
      "borderColor": "rgb(12,104,135)",
      "borderJoin": "bevel",
      "rotation": -1.5708,
      "points": [
        156.37147,
        349.27101,
        171.18882,
        362.29568,
        171.18882,
        431.16069,
        156.37147,
        445.79641,
        141.55413,
        431.16069,
        141.55413,
        362.29568
      ]
    },
    {
      "type": "text",
      "text": "温度",
      "align": "center",
      "color": "rgb(76,205,252)",
      "font": "16px arial, sans-serif",
      "anchorX": 0.2884,
      "anchorY": 0.35576,
      "rect": [
        107.63877,
        378.01914,
        95.67142,
        39.02914
      ]
    },
    {
      "type": "roundRect",
      "background": "rgba(41,155,217,0.51)",
      "borderColor": "#979797",
      "cornerRadius": 1,
      "rect": [
        164.53053,
        28.78023,
        2.13233,
        8.58826
      ]
    },
    {
      "type": "roundRect",
      "background": "rgba(41,155,217,0.51)",
      "borderColor": "#979797",
      "cornerRadius": 1,
      "rotation": 1.5708,
      "rect": [
        166.64888,
        33.08986,
        2.16029,
        6.39698
      ]
    },
    {
      "type": "oval",
      "borderWidth": 1,
      "borderColor": "rgba(41,155,217,0.51)",
      "rect": [
        154.60836,
        24.90239,
        21.97667,
        22.26485
      ]
    },
    {
      "type": "text",
      "text": "2018- 03- 24",
      "color": "rgb(124,145,155)",
      "anchorY": 0.41691,
      "rect": [
        258.78742,
        37.11185,
        40.98561,
        12.72489
      ]
    },
    {
      "type": "text",
      "text": "15:06",
      "color": "rgb(124,145,155)",
      "font": "24px arial, sans-serif",
      "anchorY": 0.41691,
      "rect": [
        180.51978,
        24.1903,
        82.21605,
        23.21686
      ]
    },
    {
      "type": "text",
      "text": "星期一",
      "color": "rgb(124,145,155)",
      "anchorY": 0.41691,
      "rect": [
        258.78742,
        24.1903,
        40.98561,
        12.72489
      ]
    },
    {
      "type": "roundRect",
      "background": "rgba(41,155,217,0.51)",
      "borderColor": "#979797",
      "rect": [
        252.04328,
        24.1903,
        1.08811,
        23.21686
      ]
    }
  ]
}