{
  "width": 286,
  "height": 388,
  "comps": [
    {
      "type": "shape",
      "background": "rgba(6,13,36,0.80)",
      "borderColor": "#979797",
      "points": [
        12.66765,
        23.75585,
        30.64836,
        23.75585,
        239.76824,
        23.75585,
        278.11967,
        65.13093,
        278.11967,
        378.11996,
        25.6212,
        378.11996,
        12.66765,
        363.8526,
        12.66765,
        207.13886,
        17.48229,
        201.18768,
        17.48229,
        181.22816,
        12.66765,
        177.25959
      ]
    },
    {
      "type": "shape",
      "background": "rgb(0,16,61)",
      "borderWidth": 1,
      "borderColor": "rgb(0,145,194)",
      "borderCap": "square",
      "rotation": -1.5708,
      "closePath": true,
      "points": [
        -0.28572,
        186.65452,
        3.25267,
        190.98843,
        16.87357,
        190.98843,
        21.28703,
        186.65452,
        -0.28572,
        186.65452
      ]
    },
    {
      "type": "shape",
      "borderWidth": 1,
      "borderColor": "rgb(0,145,194)",
      "borderCap": "square",
      "scaleX": -1,
      "rotation": -1.5708,
      "points": [
        -147.03279,
        197.27053,
        -147.03287,
        178.88458,
        6.54688,
        178.89194,
        10.59235,
        183.55246,
        30.39286,
        183.55246,
        35.27235,
        178.89194,
        186.41199,
        178.88312,
        207.26528,
        197.26922,
        207.26537,
        218.11416
      ]
    },
    {
      "type": "shape",
      "borderWidth": 1,
      "borderColor": "rgb(0,145,194)",
      "borderCap": "square",
      "rotation": -1.5708,
      "points": [
        11.47047,
        110.50542,
        11.46983,
        284.87873,
        334.82181,
        284.87992,
        365.10427,
        258.21796,
        365.10441,
        222.56005
      ]
    },
    {
      "type": "text",
      "text": "信号电缆引入室",
      "align": "center",
      "color": "rgb(51,153,255)",
      "scaleX": 2,
      "scaleY": 2,
      "rect": [
        88.68982,
        14.2189,
        69.57034,
        13.4662
      ]
    },
    {
      "type": "text",
      "text": "状态",
      "color": "rgb(51,153,255)",
      "scaleX": 1.5,
      "scaleY": 1.5,
      "rect": [
        44.37905,
        62.04833,
        84.60954,
        13.4662
      ]
    },
    {
      "type": "rect",
      "background": "rgb(0,0,0)",
      "borderWidth": 1,
      "borderColor": "rgb(51,153,255)",
      "rect": [
        23.22666,
        89.62099,
        240,
        29.57468
      ]
    },
    {
      "type": "text",
      "text": "报修",
      "align": "center",
      "color": "rgb(51,153,255)",
      "scaleX": 1.5,
      "scaleY": 1.5,
      "rect": [
        202.864,
        97.67523,
        39.27468,
        13.4662
      ]
    },
    {
      "type": "rect",
      "background": "rgb(51,153,255)",
      "borderWidth": 1,
      "borderColor": "rgb(51,153,255)",
      "rect": [
        103.22666,
        89.62099,
        80,
        29.42771
      ]
    },
    {
      "type": "text",
      "text": "正常",
      "align": "center",
      "color": "rgb(247,247,247)",
      "scaleX": 1.5,
      "scaleY": 1.5,
      "rect": [
        123.22666,
        97.67523,
        40,
        13.4662
      ]
    },
    {
      "type": "text",
      "text": "禁止通行",
      "align": "center",
      "color": "rgb(51,153,255)",
      "scaleX": 2,
      "scaleY": 2,
      "rect": [
        103.08889,
        180.7386,
        84.60954,
        13.4662
      ]
    },
    {
      "type": "oval",
      "borderWidth": 7,
      "borderColor": "#FF7C7C",
      "rect": [
        86.40946,
        225.66038,
        123,
        123
      ]
    },
    {
      "type": "text",
      "text": "告警",
      "align": "center",
      "color": "rgb(51,153,255)",
      "scaleX": 1.5,
      "scaleY": 1.5,
      "rect": [
        44.31465,
        97.67523,
        39.27468,
        13.4662
      ]
    },
    {
      "type": "shape",
      "borderWidth": 14,
      "borderColor": "#FF7C7C",
      "points": [
        114.55324,
        290.61157,
        185.6685,
        290.61157
      ]
    }
  ]
}