{
  "modified": "Thu Jan 24 2019 17:38:49 GMT+0800 (中国标准时间)",
  "cacheRule": true,
  "width": 100,
  "height": 140,
  "attachStyle": "close",
  "comps": [
    {
      "type": "shape",
      "background": "rgba(13,15,15,0.3)",
      "points": [
        79.36116,
        119.13793,
        66.51908,
        134.52918,
        49.50708,
        137.42161,
        49.50708,
        137.42161,
        47.05729,
        139.16225,
        19.72539,
        122.95781,
        19.5904,
        122.23377,
        60.9145,
        104.20727,
        80.29941,
        118.18141
      ],
      "segments": [
        1,
        4,
        2,
        2,
        2,
        2,
        2
      ]
    },
    {
      "type": "shape",
      "background": "#222527",
      "points": [
        80.41757,
        118.32335,
        53.46066,
        102.75838,
        53.46066,
        0.89175,
        80.41757,
        16.45611,
        80.41757,
        118.32335
      ]
    },
    {
      "type": "shape",
      "background": "#616466",
      "points": [
        19.58243,
        122.2442,
        53.46066,
        102.75838,
        53.46066,
        0.89175,
        19.58243,
        20.37573,
        19.58243,
        122.2442
      ]
    },
    {
      "type": "shape",
      "background": "#414e52",
      "points": [
        78.21171,
        105.02683,
        47.95367,
        122.497,
        24.25861,
        108.88325,
        54.51665,
        91.4143,
        78.21171,
        105.02683
      ]
    },
    {
      "type": "shape",
      "background": "#283539",
      "points": [
        47.95367,
        127.55177,
        24.25861,
        113.93924,
        24.25861,
        108.88325,
        47.95367,
        122.497,
        47.95367,
        127.55177,
        47.95367,
        127.55177,
        47.95367,
        127.55177
      ]
    },
    {
      "type": "shape",
      "background": "#283539",
      "points": [
        78.24976,
        110.06257,
        47.94201,
        127.5622,
        47.94201,
        122.46817,
        78.24976,
        104.96976,
        78.24976,
        110.06257
      ]
    },
    {
      "type": "shape",
      "background": "#3b4548",
      "points": [
        57.18884,
        120.41018,
        50.11842,
        124.49302,
        50.11842,
        122.6682,
        57.18884,
        118.58536,
        57.18884,
        120.41018
      ]
    },
    {
      "type": "shape",
      "background": "#3b4548",
      "points": [
        64.925,
        115.94446,
        57.85336,
        120.02669,
        57.85336,
        118.20186,
        64.925,
        114.12025,
        64.925,
        115.94446
      ]
    },
    {
      "type": "shape",
      "background": "#3b4548",
      "points": [
        72.66055,
        111.47874,
        65.59013,
        115.56158,
        65.59013,
        113.73614,
        72.66055,
        109.65331,
        72.66055,
        111.47874
      ]
    },
    {
      "type": "shape",
      "background": "#00ff00",
      "points": [
        51.02492,
        121.52638,
        51.02492,
        121.74819,
        50.87039,
        122.01625,
        50.67802,
        122.12663,
        50.48775,
        122.23596,
        50.33112,
        122.1466,
        50.33112,
        121.92795,
        50.33112,
        121.70614,
        50.48775,
        121.43703,
        50.67802,
        121.32665,
        50.87039,
        121.21733,
        51.02492,
        121.30563,
        51.02492,
        121.52638
      ],
      "segments": [
        1,
        4,
        4,
        4,
        4
      ]
    },
    {
      "type": "shape",
      "background": "#00ff00",
      "points": [
        58.74693,
        117.06698,
        58.74798,
        117.28983,
        58.59135,
        117.55579,
        58.40003,
        117.66827,
        58.20976,
        117.77865,
        58.05523,
        117.68719,
        58.05523,
        117.46749,
        58.05523,
        117.24568,
        58.20976,
        116.97657,
        58.40003,
        116.86724,
        58.59135,
        116.75792,
        58.74798,
        116.84622,
        58.74693,
        117.06698
      ],
      "segments": [
        1,
        4,
        4,
        4,
        4
      ]
    },
    {
      "type": "shape",
      "background": "#00ff00",
      "points": [
        66.47761,
        112.60454,
        66.47761,
        112.82635,
        66.32203,
        113.09441,
        66.13071,
        113.20689,
        65.93939,
        113.31622,
        65.78381,
        113.22581,
        65.78381,
        113.00506,
        65.78381,
        112.78325,
        65.93939,
        112.51519,
        66.13071,
        112.40481,
        66.32203,
        112.29443,
        66.47761,
        112.38694,
        66.47761,
        112.60454
      ],
      "segments": [
        1,
        4,
        4,
        4,
        4
      ]
    },
    {
      "type": "shape",
      "background": "#00ff00",
      "points": [
        73.85175,
        111.4999,
        73.85175,
        111.71961,
        73.69512,
        111.99082,
        73.50485,
        112.10015,
        73.31248,
        112.21053,
        73.15795,
        112.12222,
        73.15795,
        111.89937,
        73.15795,
        111.67966,
        73.31248,
        111.4116,
        73.50485,
        111.30017,
        73.69512,
        111.18874,
        73.85175,
        111.2781,
        73.85175,
        111.4999
      ],
      "segments": [
        1,
        4,
        4,
        4,
        4
      ]
    },
    {
      "type": "shape",
      "background": "#00ff00",
      "points": [
        74.59538,
        111.06977,
        74.59538,
        111.28948,
        74.44191,
        111.55754,
        74.24848,
        111.66792,
        74.05821,
        111.77935,
        73.90473,
        111.68894,
        73.90473,
        111.46924,
        73.90473,
        111.24638,
        74.05821,
        110.97937,
        74.24848,
        110.86794,
        74.44191,
        110.75967,
        74.59538,
        110.84902,
        74.59538,
        111.06977
      ],
      "segments": [
        1,
        4,
        4,
        4,
        4
      ]
    },
    {
      "type": "shape",
      "background": "rgb(98,200,240)",
      "points": [
        50.11842,
        124.96732,
        72.66055,
        111.95305,
        72.66055,
        113.29068,
        50.11842,
        126.30557,
        50.11842,
        124.96732
      ]
    },
    {
      "type": "shape",
      "background": "#414e52",
      "points": [
        78.21171,
        93.74288,
        47.95367,
        111.21121,
        24.25861,
        97.59869,
        54.51665,
        80.12973,
        78.21171,
        93.74288
      ]
    },
    {
      "type": "shape",
      "background": "#283539",
      "points": [
        47.95367,
        116.2666,
        24.25861,
        102.65407,
        24.25861,
        97.59869,
        47.95367,
        111.21121,
        47.95367,
        116.2666,
        47.95367,
        116.2666,
        47.95367,
        116.2666
      ]
    },
    {
      "type": "shape",
      "background": "#283539",
      "points": [
        78.24976,
        98.77801,
        47.94201,
        116.2758,
        47.94201,
        111.1836,
        78.24976,
        93.68397,
        78.24976,
        98.77801
      ]
    },
    {
      "type": "shape",
      "background": "#3b4548",
      "points": [
        57.18884,
        109.12623,
        50.11842,
        113.20723,
        50.11842,
        111.38302,
        57.18884,
        107.29957,
        57.18884,
        109.12623
      ]
    },
    {
      "type": "shape",
      "background": "#3b4548",
      "points": [
        64.925,
        104.6599,
        57.85336,
        108.7409,
        57.85336,
        106.91669,
        64.925,
        102.83569,
        64.925,
        104.6599
      ]
    },
    {
      "type": "shape",
      "background": "#3b4548",
      "points": [
        72.66055,
        100.19356,
        65.59013,
        104.2764,
        65.59013,
        102.44974,
        72.66055,
        98.36936,
        72.66055,
        100.19356
      ]
    },
    {
      "type": "shape",
      "background": "#00ff00",
      "points": [
        51.02492,
        110.24121,
        51.02492,
        110.46091,
        50.87039,
        110.73002,
        50.67802,
        110.83935,
        50.48775,
        110.95183,
        50.33112,
        110.86037,
        50.33112,
        110.64067,
        50.33112,
        110.41886,
        50.48775,
        110.14975,
        50.67802,
        110.04042,
        50.87039,
        109.9311,
        51.02492,
        110.0194,
        51.02492,
        110.24121
      ],
      "segments": [
        1,
        4,
        4,
        4,
        4
      ]
    },
    {
      "type": "shape",
      "background": "#00ff00",
      "points": [
        58.74693,
        105.7818,
        58.74798,
        106.00466,
        58.59135,
        106.27062,
        58.40003,
        106.38415,
        58.20976,
        106.49347,
        58.05523,
        106.40202,
        58.05523,
        106.18231,
        58.05523,
        105.96051,
        58.20976,
        105.6935,
        58.40003,
        105.58207,
        58.59135,
        105.47274,
        58.74798,
        105.56104,
        58.74693,
        105.7818
      ],
      "segments": [
        1,
        4,
        4,
        4,
        4
      ]
    },
    {
      "type": "shape",
      "background": "#00ff00",
      "points": [
        66.47761,
        101.32064,
        66.47761,
        101.54034,
        66.32203,
        101.80945,
        66.13071,
        101.92088,
        65.93939,
        102.03126,
        65.78381,
        101.94296,
        65.78381,
        101.7201,
        65.78381,
        101.49829,
        65.93939,
        101.23128,
        66.13071,
        101.11985,
        66.32203,
        101.00843,
        66.47761,
        101.09883,
        66.47761,
        101.32064
      ],
      "segments": [
        1,
        4,
        4,
        4,
        4
      ]
    },
    {
      "type": "shape",
      "background": "#00ff00",
      "points": [
        73.85175,
        100.21368,
        73.85175,
        100.43548,
        73.69512,
        100.70459,
        73.50485,
        100.81392,
        73.31248,
        100.9243,
        73.15795,
        100.836,
        73.15795,
        100.61314,
        73.15795,
        100.39343,
        73.31248,
        100.12537,
        73.50485,
        100.01499,
        73.69512,
        99.90462,
        73.85175,
        99.99397,
        73.85175,
        100.21368
      ],
      "segments": [
        1,
        4,
        4,
        4,
        4
      ]
    },
    {
      "type": "shape",
      "background": "#00ff00",
      "points": [
        74.59538,
        99.7846,
        74.59538,
        100.0043,
        74.44191,
        100.27342,
        74.24848,
        100.38484,
        74.05821,
        100.49522,
        73.90473,
        100.40482,
        73.90473,
        100.18511,
        73.90473,
        99.96225,
        74.05821,
        99.69419,
        74.24848,
        99.58382,
        74.44191,
        99.47344,
        74.59538,
        99.56279,
        74.59538,
        99.7846
      ],
      "segments": [
        1,
        4,
        4,
        4,
        4
      ]
    },
    {
      "type": "shape",
      "background": "#151f22",
      "points": [
        75.24031,
        99.41171,
        75.24031,
        99.63247,
        75.08368,
        99.90053,
        74.89131,
        100.01091,
        74.70104,
        100.12233,
        74.54651,
        100.03403,
        74.54651,
        99.81117,
        74.54651,
        99.59252,
        74.70104,
        99.32446,
        74.89131,
        99.21093,
        75.08368,
        99.10265,
        75.24031,
        99.19201,
        75.24031,
        99.41171
      ],
      "segments": [
        1,
        4,
        4,
        4,
        4
      ]
    },
    {
      "type": "shape",
      "background": "rgb(98,200,240)",
      "points": [
        50.11842,
        113.68276,
        72.66055,
        100.6691,
        72.66055,
        102.0055,
        50.11842,
        115.01916,
        50.11842,
        113.68276
      ]
    },
    {
      "type": "shape",
      "background": "#414e52",
      "points": [
        78.21171,
        86.96392,
        47.95367,
        104.43287,
        24.25861,
        90.82034,
        54.51665,
        73.35077,
        78.21171,
        86.96392
      ]
    },
    {
      "type": "shape",
      "background": "#283539",
      "points": [
        47.95367,
        109.48825,
        24.25861,
        95.87695,
        24.25861,
        90.82034,
        47.95367,
        104.43287,
        47.95367,
        109.48825,
        47.95367,
        109.48825,
        47.95367,
        109.48825
      ]
    },
    {
      "type": "shape",
      "background": "#283539",
      "points": [
        78.24976,
        92.00089,
        47.94201,
        109.49684,
        47.94201,
        104.40403,
        78.24976,
        86.90747,
        78.24976,
        92.00089
      ]
    },
    {
      "type": "shape",
      "background": "#3b4548",
      "points": [
        57.18884,
        102.34788,
        50.11842,
        106.43011,
        50.11842,
        104.6059,
        57.18884,
        100.52306,
        57.18884,
        102.34788
      ]
    },
    {
      "type": "shape",
      "background": "#3b4548",
      "points": [
        64.925,
        97.88155,
        57.85336,
        101.96378,
        57.85336,
        100.13957,
        64.925,
        96.05673,
        64.925,
        97.88155
      ]
    },
    {
      "type": "shape",
      "background": "#3b4548",
      "points": [
        72.66055,
        93.41522,
        65.59013,
        97.49806,
        65.59013,
        95.67324,
        72.66055,
        91.59101,
        72.66055,
        93.41522
      ]
    },
    {
      "type": "shape",
      "background": "#00ff00",
      "points": [
        51.02492,
        103.46264,
        51.02492,
        103.6855,
        50.87039,
        103.95146,
        50.67802,
        104.06394,
        50.48775,
        104.17432,
        50.33112,
        104.08496,
        50.33112,
        103.86316,
        50.33112,
        103.64345,
        50.48775,
        103.37434,
        50.67802,
        103.26501,
        50.87039,
        103.15253,
        51.02492,
        103.24294,
        51.02492,
        103.46264
      ],
      "segments": [
        1,
        4,
        4,
        4,
        4
      ]
    },
    {
      "type": "shape",
      "background": "#00ff00",
      "points": [
        58.74693,
        99.00661,
        58.74798,
        99.22526,
        58.59135,
        99.49437,
        58.40003,
        99.60475,
        58.20976,
        99.71408,
        58.05523,
        99.62577,
        58.05523,
        99.40607,
        58.05523,
        99.18321,
        58.20976,
        98.91515,
        58.40003,
        98.80477,
        58.59135,
        98.69545,
        58.74798,
        98.7848,
        58.74693,
        99.00661
      ],
      "segments": [
        1,
        4,
        4,
        4,
        4
      ]
    },
    {
      "type": "shape",
      "background": "#00ff00",
      "points": [
        66.47761,
        94.54142,
        66.47761,
        94.76322,
        66.32203,
        95.03233,
        66.13071,
        95.14166,
        65.93939,
        95.25414,
        65.78381,
        95.16269,
        65.78381,
        94.94088,
        65.78381,
        94.72117,
        65.93939,
        94.45206,
        66.13071,
        94.34274,
        66.32203,
        94.23131,
        66.47761,
        94.32066,
        66.47761,
        94.54142
      ],
      "segments": [
        1,
        4,
        4,
        4,
        4
      ]
    },
    {
      "type": "shape",
      "background": "#00ff00",
      "points": [
        73.85175,
        93.43699,
        73.85175,
        93.6567,
        73.69512,
        93.92791,
        73.50485,
        94.03619,
        73.31248,
        94.14762,
        73.15795,
        94.05616,
        73.15795,
        93.83646,
        73.15795,
        93.61675,
        73.31248,
        93.34554,
        73.50485,
        93.23621,
        73.69512,
        93.12583,
        73.85175,
        93.21414,
        73.85175,
        93.43699
      ],
      "segments": [
        1,
        4,
        4,
        4,
        4
      ]
    },
    {
      "type": "shape",
      "background": "#00ff00",
      "points": [
        74.59538,
        93.00581,
        74.59538,
        93.22762,
        74.44191,
        93.49673,
        74.24848,
        93.60606,
        74.05821,
        93.71854,
        73.90473,
        93.62814,
        73.90473,
        93.40738,
        73.90473,
        93.18557,
        74.05821,
        92.91646,
        74.24848,
        92.80713,
        74.44191,
        92.69465,
        74.59538,
        92.78611,
        74.59538,
        93.00581
      ],
      "segments": [
        1,
        4,
        4,
        4,
        4
      ]
    },
    {
      "type": "shape",
      "background": "rgb(98,200,240)",
      "points": [
        50.11842,
        106.90442,
        72.66055,
        93.89014,
        72.66055,
        95.22715,
        50.11842,
        108.24205,
        50.11842,
        106.90442
      ]
    },
    {
      "type": "shape",
      "background": "#414e52",
      "points": [
        78.21171,
        73.40968,
        47.95367,
        90.8774,
        24.25861,
        77.26488,
        54.51665,
        59.79531,
        78.21171,
        73.40968
      ]
    },
    {
      "type": "shape",
      "background": "#283539",
      "points": [
        47.95367,
        95.93217,
        24.25861,
        82.32087,
        24.25861,
        77.26488,
        47.95367,
        90.8774,
        47.95367,
        95.93217,
        47.95367,
        95.93217,
        47.95367,
        95.93217
      ]
    },
    {
      "type": "shape",
      "background": "#283539",
      "points": [
        78.24976,
        78.44481,
        47.94201,
        95.94322,
        47.94201,
        90.85041,
        78.24976,
        73.35077,
        78.24976,
        78.44481
      ]
    },
    {
      "type": "shape",
      "background": "#3b4548",
      "points": [
        57.18884,
        88.79119,
        50.11842,
        92.87464,
        50.11842,
        91.04982,
        57.18884,
        86.9676,
        57.18884,
        88.79119
      ]
    },
    {
      "type": "shape",
      "background": "#3b4548",
      "points": [
        64.925,
        84.32609,
        57.85336,
        88.40831,
        57.85336,
        86.5841,
        64.925,
        82.50127,
        64.925,
        84.32609
      ]
    },
    {
      "type": "shape",
      "background": "#3b4548",
      "points": [
        72.66055,
        79.86098,
        65.59013,
        83.94198,
        65.59013,
        82.11654,
        72.66055,
        78.03432,
        72.66055,
        79.86098
      ]
    },
    {
      "type": "shape",
      "background": "#00ff00",
      "points": [
        51.02492,
        89.90718,
        51.02492,
        90.12898,
        50.87039,
        90.3981,
        50.67802,
        90.50847,
        50.48775,
        90.6178,
        50.33112,
        90.52845,
        50.33112,
        90.30874,
        50.33112,
        90.08694,
        50.48775,
        89.81782,
        50.67802,
        89.7085,
        50.87039,
        89.59812,
        51.02492,
        89.68432,
        51.02492,
        89.90718
      ],
      "segments": [
        1,
        4,
        4,
        4,
        4
      ]
    },
    {
      "type": "shape",
      "background": "#00ff00",
      "points": [
        58.74693,
        85.44965,
        58.74798,
        85.66936,
        58.59135,
        85.93742,
        58.40003,
        86.0478,
        58.20976,
        86.16028,
        58.05523,
        86.06882,
        58.05523,
        85.84912,
        58.05523,
        85.62731,
        58.20976,
        85.3582,
        58.40003,
        85.24782,
        58.59135,
        85.13954,
        58.74798,
        85.22785,
        58.74693,
        85.44965
      ],
      "segments": [
        1,
        4,
        4,
        4,
        4
      ]
    },
    {
      "type": "shape",
      "background": "#00ff00",
      "points": [
        66.47761,
        80.9845,
        66.47761,
        81.20631,
        66.32203,
        81.47542,
        66.13071,
        81.5879,
        65.93939,
        81.69723,
        65.78381,
        81.60683,
        65.78381,
        81.38607,
        65.78381,
        81.16637,
        65.93939,
        80.8962,
        66.13071,
        80.78582,
        66.32203,
        80.67545,
        66.47761,
        80.76585,
        66.47761,
        80.9845
      ],
      "segments": [
        1,
        4,
        4,
        4,
        4
      ]
    },
    {
      "type": "shape",
      "background": "#00ff00",
      "points": [
        73.85175,
        79.88092,
        73.85175,
        80.10062,
        73.69512,
        80.37078,
        73.50485,
        80.48116,
        73.31248,
        80.59049,
        73.15795,
        80.50219,
        73.15795,
        80.28038,
        73.15795,
        80.05962,
        73.31248,
        79.79261,
        73.50485,
        79.67908,
        73.69512,
        79.57081,
        73.85175,
        79.66016,
        73.85175,
        79.88092
      ],
      "segments": [
        1,
        4,
        4,
        4,
        4
      ]
    },
    {
      "type": "shape",
      "background": "#00ff00",
      "points": [
        74.59538,
        79.44952,
        74.59538,
        79.67238,
        74.44191,
        79.94044,
        74.24848,
        80.05081,
        74.05821,
        80.16224,
        73.90473,
        80.07394,
        73.90473,
        79.85213,
        73.90473,
        79.62928,
        74.05821,
        79.36122,
        74.24848,
        79.25189,
        74.44191,
        79.13941,
        74.59538,
        79.22981,
        74.59538,
        79.44952
      ],
      "segments": [
        1,
        4,
        4,
        4,
        4
      ]
    },
    {
      "type": "shape",
      "background": "rgb(98,200,240)",
      "points": [
        50.11842,
        93.34956,
        72.66055,
        80.33467,
        72.66055,
        81.67169,
        50.11842,
        94.68719,
        50.11842,
        93.34956
      ]
    },
    {
      "type": "shape",
      "background": "#414e52",
      "points": [
        78.21171,
        67.2124,
        47.95367,
        84.68136,
        24.25861,
        71.06883,
        54.51665,
        53.59988,
        78.21171,
        67.2124
      ]
    },
    {
      "type": "shape",
      "background": "#283539",
      "points": [
        47.95367,
        89.18512,
        24.25861,
        75.5732,
        24.25861,
        71.06883,
        47.95367,
        84.68136,
        47.95367,
        89.18512,
        47.95367,
        89.18512,
        47.95367,
        89.18512
      ]
    },
    {
      "type": "shape",
      "background": "#283539",
      "points": [
        78.24976,
        67.18111,
        47.94201,
        84.67829,
        47.94201,
        89.18573,
        78.24976,
        71.68733,
        78.24976,
        67.18111
      ]
    },
    {
      "type": "shape",
      "background": "#00ff00",
      "points": [
        50.6006,
        84.2015,
        50.6006,
        84.39388,
        50.465,
        84.6304,
        50.29785,
        84.72816,
        50.12861,
        84.82593,
        49.9909,
        84.74814,
        49.9909,
        84.55261,
        49.99195,
        84.35814,
        50.12861,
        84.12161,
        50.29785,
        84.02385,
        50.46395,
        83.92503,
        50.6006,
        84.00703,
        50.6006,
        84.2015
      ],
      "segments": [
        1,
        4,
        4,
        4,
        4
      ]
    },
    {
      "type": "shape",
      "background": "#00ff00",
      "points": [
        51.53979,
        83.65738,
        51.53979,
        83.85186,
        51.40419,
        84.08838,
        51.23494,
        84.18614,
        51.06569,
        84.28391,
        50.93114,
        84.20296,
        50.93114,
        84.01059,
        50.93114,
        83.81612,
        51.06569,
        83.57959,
        51.23494,
        83.48183,
        51.40419,
        83.38407,
        51.53979,
        83.46291,
        51.53979,
        83.65738
      ],
      "segments": [
        1,
        4,
        4,
        4,
        4
      ]
    },
    {
      "type": "shape",
      "background": "#00ff00",
      "points": [
        52.47859,
        83.11497,
        52.47859,
        83.31049,
        52.34298,
        83.54807,
        52.17584,
        83.64163,
        52.00659,
        83.73939,
        51.86993,
        83.6637,
        51.86993,
        83.46818,
        51.86993,
        83.27475,
        52.00659,
        83.03718,
        52.17584,
        82.93941,
        52.34298,
        82.84375,
        52.47859,
        82.92154,
        52.47859,
        83.11497
      ],
      "segments": [
        1,
        4,
        4,
        4,
        4
      ]
    },
    {
      "type": "shape",
      "background": "#00ff00",
      "points": [
        53.418,
        82.57444,
        53.418,
        82.76786,
        53.28239,
        83.00333,
        53.1142,
        83.1011,
        52.94495,
        83.19781,
        52.80934,
        83.11897,
        52.80934,
        82.92659,
        52.80934,
        82.73002,
        52.94495,
        82.49559,
        53.1142,
        82.39888,
        53.28239,
        82.30112,
        53.418,
        82.37891,
        53.418,
        82.57444
      ],
      "segments": [
        1,
        4,
        4,
        4,
        4
      ]
    },
    {
      "type": "shape",
      "background": "#00ff00",
      "points": [
        54.35763,
        82.03224,
        54.35763,
        82.22461,
        54.22097,
        82.46219,
        54.05277,
        82.55995,
        53.88458,
        82.65666,
        53.74792,
        82.57782,
        53.74792,
        82.38335,
        53.74792,
        82.18887,
        53.88458,
        81.95445,
        54.05277,
        81.85458,
        54.22097,
        81.75682,
        54.35763,
        81.83776,
        54.35763,
        82.03224
      ],
      "segments": [
        1,
        4,
        4,
        4,
        4
      ]
    },
    {
      "type": "shape",
      "background": "#00ff00",
      "points": [
        55.29642,
        81.4879,
        55.29642,
        81.68237,
        55.16186,
        81.9189,
        54.99262,
        82.01666,
        54.82442,
        82.11442,
        54.68671,
        82.03663,
        54.68671,
        81.84111,
        54.68671,
        81.64663,
        54.82442,
        81.41011,
        54.99262,
        81.31234,
        55.16186,
        81.21668,
        55.29537,
        81.29553,
        55.29642,
        81.4879
      ],
      "segments": [
        1,
        4,
        4,
        4,
        4
      ]
    },
    {
      "type": "shape",
      "background": "#00ff00",
      "points": [
        56.23666,
        80.94675,
        56.23666,
        81.14123,
        56.09895,
        81.37775,
        55.93076,
        81.47552,
        55.76256,
        81.57223,
        55.62696,
        81.49234,
        55.6259,
        81.29996,
        55.6259,
        81.10549,
        55.76256,
        80.86791,
        55.93076,
        80.7712,
        56.09895,
        80.67344,
        56.23666,
        80.75228,
        56.23666,
        80.94675
      ],
      "segments": [
        1,
        4,
        4,
        4,
        4
      ]
    },
    {
      "type": "shape",
      "background": "#00ff00",
      "points": [
        57.17546,
        80.40434,
        57.17546,
        80.59986,
        57.03985,
        80.83744,
        56.87165,
        80.9331,
        56.70346,
        81.02876,
        56.5647,
        80.95097,
        56.5647,
        80.7565,
        56.5647,
        80.56202,
        56.70346,
        80.32655,
        56.87165,
        80.22878,
        57.03985,
        80.13207,
        57.17546,
        80.21091,
        57.17546,
        80.40434
      ],
      "segments": [
        1,
        4,
        4,
        4,
        4
      ]
    },
    {
      "type": "shape",
      "background": "#00ff00",
      "points": [
        58.11381,
        79.86359,
        58.11381,
        80.05701,
        57.97821,
        80.29248,
        57.80896,
        80.39025,
        57.64077,
        80.48696,
        57.50516,
        80.40812,
        57.50516,
        80.21469,
        57.50516,
        80.02127,
        57.64077,
        79.78475,
        57.80896,
        79.68803,
        57.97821,
        79.59027,
        58.11381,
        79.66806,
        58.11381,
        79.86359
      ],
      "segments": [
        1,
        4,
        4,
        4,
        4
      ]
    },
    {
      "type": "shape",
      "background": "#00ff00",
      "points": [
        59.05344,
        79.32074,
        59.05344,
        79.51416,
        58.91678,
        79.75068,
        58.74754,
        79.8474,
        58.58039,
        79.94516,
        58.44374,
        79.86632,
        58.44374,
        79.67184,
        58.44374,
        79.47737,
        58.58039,
        79.24084,
        58.74754,
        79.14308,
        58.91678,
        79.04847,
        59.05344,
        79.12626,
        59.05344,
        79.32074
      ],
      "segments": [
        1,
        4,
        4,
        4,
        4
      ]
    },
    {
      "type": "shape",
      "background": "#00ff00",
      "points": [
        59.99119,
        78.77687,
        59.99119,
        78.97135,
        59.85663,
        79.20787,
        59.68843,
        79.30564,
        59.52024,
        79.4034,
        59.38358,
        79.32561,
        59.38358,
        79.13008,
        59.38358,
        78.93456,
        59.52024,
        78.69908,
        59.68843,
        78.60132,
        59.85663,
        78.50356,
        59.99119,
        78.5845,
        59.99119,
        78.77687
      ],
      "segments": [
        1,
        4,
        4,
        4,
        4
      ]
    },
    {
      "type": "shape",
      "background": "#00ff00",
      "points": [
        60.93248,
        78.23569,
        60.93248,
        78.43016,
        60.79582,
        78.66669,
        60.62552,
        78.76445,
        60.45733,
        78.86116,
        60.32172,
        78.78127,
        60.32172,
        78.5889,
        60.32172,
        78.39442,
        60.45838,
        78.15685,
        60.62552,
        78.06013,
        60.79582,
        77.96342,
        60.93248,
        78.04121,
        60.93248,
        78.23569
      ],
      "segments": [
        1,
        4,
        4,
        4,
        4
      ]
    },
    {
      "type": "shape",
      "background": "#00ff00",
      "points": [
        61.87044,
        77.69371,
        61.86939,
        77.88924,
        61.73483,
        78.12576,
        61.56664,
        78.22247,
        61.39844,
        78.31813,
        61.26073,
        78.24034,
        61.26073,
        78.04587,
        61.26073,
        77.85139,
        61.39844,
        77.61592,
        61.56664,
        77.51816,
        61.73483,
        77.42039,
        61.87044,
        77.50029,
        61.87044,
        77.69371
      ],
      "segments": [
        1,
        4,
        4,
        4,
        4
      ]
    },
    {
      "type": "shape",
      "background": "#00ff00",
      "points": [
        62.81068,
        77.1534,
        62.81068,
        77.34682,
        62.67297,
        77.58229,
        62.50478,
        77.68006,
        62.33658,
        77.77572,
        62.19992,
        77.69793,
        62.19992,
        77.5045,
        62.19992,
        77.30898,
        62.33658,
        77.07245,
        62.50478,
        76.97574,
        62.67297,
        76.87798,
        62.81068,
        76.95787,
        62.81068,
        77.1534
      ],
      "segments": [
        1,
        4,
        4,
        4,
        4
      ]
    },
    {
      "type": "shape",
      "background": "#00ff00",
      "points": [
        63.74926,
        76.61054,
        63.75031,
        76.80397,
        63.6126,
        77.03944,
        63.4444,
        77.1372,
        63.27516,
        77.23497,
        63.1385,
        77.15613,
        63.1385,
        76.96165,
        63.1385,
        76.76718,
        63.27516,
        76.53065,
        63.4444,
        76.43289,
        63.6126,
        76.33513,
        63.74926,
        76.41607,
        63.74926,
        76.61054
      ],
      "segments": [
        1,
        4,
        4,
        4,
        4
      ]
    },
    {
      "type": "shape",
      "background": "#00ff00",
      "points": [
        64.68805,
        76.06664,
        64.68805,
        76.26112,
        64.55245,
        76.49764,
        64.3832,
        76.5954,
        64.21501,
        76.69317,
        64.07835,
        76.61433,
        64.07835,
        76.41985,
        64.07835,
        76.22432,
        64.21501,
        75.98885,
        64.3832,
        75.89109,
        64.55245,
        75.79332,
        64.68805,
        75.87217,
        64.68805,
        76.06664
      ],
      "segments": [
        1,
        4,
        4,
        4,
        4
      ]
    },
    {
      "type": "shape",
      "background": "#00ff00",
      "points": [
        65.62746,
        75.52317,
        65.62746,
        75.7187,
        65.4908,
        75.95522,
        65.32261,
        76.04983,
        65.15336,
        76.1497,
        65.01776,
        76.06981,
        65.01776,
        75.87638,
        65.01776,
        75.68296,
        65.15336,
        75.44538,
        65.32261,
        75.34762,
        65.4908,
        75.25196,
        65.62746,
        75.3308,
        65.62746,
        75.52317
      ],
      "segments": [
        1,
        4,
        4,
        4,
        4
      ]
    },
    {
      "type": "shape",
      "background": "#00ff00",
      "points": [
        66.56604,
        74.98264,
        66.56604,
        75.17817,
        66.43043,
        75.41469,
        66.26224,
        75.51035,
        66.09404,
        75.60707,
        65.95738,
        75.52823,
        65.95738,
        75.3348,
        65.95738,
        75.13927,
        66.09404,
        74.90275,
        66.26224,
        74.80709,
        66.43043,
        74.71038,
        66.56604,
        74.78817,
        66.56604,
        74.98264
      ],
      "segments": [
        1,
        4,
        4,
        4,
        4
      ]
    },
    {
      "type": "shape",
      "background": "#00ff00",
      "points": [
        67.50461,
        74.44255,
        67.50461,
        74.63597,
        67.37006,
        74.87145,
        67.19976,
        74.96921,
        67.03157,
        75.06487,
        66.89701,
        74.98708,
        66.89701,
        74.79366,
        66.89701,
        74.59813,
        67.03157,
        74.36161,
        67.20081,
        74.26489,
        67.37006,
        74.16713,
        67.50461,
        74.24702,
        67.50461,
        74.44255
      ],
      "segments": [
        1,
        4,
        4,
        4,
        4
      ]
    },
    {
      "type": "shape",
      "background": "#92a4af",
      "points": [
        74.69092,
        72.14568,
        69.24837,
        75.28727,
        69.24775,
        73.22928,
        74.69092,
        70.08585,
        74.69092,
        72.14568
      ]
    },
    {
      "type": "shape",
      "background": "rgb(98,200,240)",
      "points": [
        67.64444,
        76.70528,
        50.11781,
        86.82402,
        50.11781,
        85.42687,
        67.64444,
        75.30936,
        67.64444,
        76.70528
      ]
    },
    {
      "type": "shape",
      "background": "#414e52",
      "points": [
        78.21171,
        61.09796,
        47.95367,
        78.5663,
        24.25861,
        64.955,
        54.51665,
        47.48544,
        78.21171,
        61.09796
      ]
    },
    {
      "type": "shape",
      "background": "#283539",
      "points": [
        47.95367,
        83.62168,
        24.25861,
        70.00977,
        24.25861,
        64.955,
        47.95367,
        78.5663,
        47.95367,
        83.62168,
        47.95367,
        83.62168,
        47.95367,
        83.62168
      ]
    },
    {
      "type": "shape",
      "background": "#283539",
      "points": [
        78.24976,
        66.13432,
        47.94201,
        83.6315,
        47.94201,
        78.53869,
        78.24976,
        61.04151,
        78.24976,
        66.13432
      ]
    },
    {
      "type": "shape",
      "background": "#3b4548",
      "points": [
        57.18884,
        76.48193,
        50.11842,
        80.56293,
        50.11842,
        78.73811,
        57.18884,
        74.65588,
        57.18884,
        76.48193
      ]
    },
    {
      "type": "shape",
      "background": "#3b4548",
      "points": [
        64.925,
        72.0156,
        57.85336,
        76.09844,
        57.85336,
        74.27362,
        64.925,
        70.19139,
        64.925,
        72.0156
      ]
    },
    {
      "type": "shape",
      "background": "#3b4548",
      "points": [
        72.66055,
        67.54865,
        65.59013,
        71.63149,
        65.59013,
        69.80728,
        72.66055,
        65.72444,
        72.66055,
        67.54865
      ]
    },
    {
      "type": "shape",
      "background": "#00ff00",
      "points": [
        51.02492,
        77.59774,
        51.02492,
        77.81745,
        50.87039,
        78.08656,
        50.67802,
        78.19799,
        50.48775,
        78.30836,
        50.33112,
        78.21796,
        50.33112,
        77.9972,
        50.33112,
        77.7754,
        50.48775,
        77.50839,
        50.67802,
        77.39591,
        50.87039,
        77.28658,
        51.02492,
        77.37593,
        51.02492,
        77.59774
      ],
      "segments": [
        1,
        4,
        4,
        4,
        4
      ]
    },
    {
      "type": "shape",
      "background": "#00ff00",
      "points": [
        58.74693,
        73.13877,
        58.74798,
        73.35848,
        58.59135,
        73.62969,
        58.40003,
        73.74007,
        58.20976,
        73.84939,
        58.05523,
        73.75794,
        58.05523,
        73.53823,
        58.05523,
        73.31853,
        58.20976,
        73.04942,
        58.40003,
        72.94009,
        58.59135,
        72.82761,
        58.74798,
        72.91591,
        58.74693,
        73.13877
      ],
      "segments": [
        1,
        4,
        4,
        4,
        4
      ]
    },
    {
      "type": "shape",
      "background": "#00ff00",
      "points": [
        66.47761,
        68.67612,
        66.47761,
        68.89793,
        66.32203,
        69.16704,
        66.13071,
        69.27637,
        65.93939,
        69.38674,
        65.78381,
        69.29844,
        65.78381,
        69.07558,
        65.78381,
        68.85588,
        65.93939,
        68.58782,
        66.13071,
        68.47639,
        66.32203,
        68.36496,
        66.47761,
        68.45536,
        66.47761,
        68.67612
      ],
      "segments": [
        1,
        4,
        4,
        4,
        4
      ]
    },
    {
      "type": "shape",
      "background": "#00ff00",
      "points": [
        73.85175,
        67.57148,
        73.85175,
        67.79223,
        73.69512,
        68.0603,
        73.50485,
        68.16962,
        73.31248,
        68.28,
        73.15795,
        68.1917,
        73.15795,
        67.96989,
        73.15795,
        67.74913,
        73.31248,
        67.48107,
        73.50485,
        67.37175,
        73.69512,
        67.26032,
        73.85175,
        67.34967,
        73.85175,
        67.57148
      ],
      "segments": [
        1,
        4,
        4,
        4,
        4
      ]
    },
    {
      "type": "shape",
      "background": "#00ff00",
      "points": [
        74.59538,
        67.13947,
        74.59538,
        67.36022,
        74.44191,
        67.63039,
        74.24848,
        67.73971,
        74.05821,
        67.85009,
        73.90473,
        67.76179,
        73.90473,
        67.53998,
        73.90473,
        67.31923,
        74.05821,
        67.05117,
        74.24848,
        66.93868,
        74.44191,
        66.82936,
        74.59538,
        66.91766,
        74.59538,
        67.13947
      ],
      "segments": [
        1,
        4,
        4,
        4,
        4
      ]
    },
    {
      "type": "shape",
      "background": "rgb(98,200,240)",
      "points": [
        50.11842,
        81.03846,
        72.66055,
        68.0248,
        72.66055,
        69.36059,
        50.11842,
        82.37548,
        50.11842,
        81.03846
      ]
    },
    {
      "type": "shape",
      "background": "#414e52",
      "points": [
        78.21171,
        55.02464,
        47.95367,
        72.4942,
        24.25861,
        58.88106,
        54.51665,
        41.41272,
        78.21171,
        55.02464
      ]
    },
    {
      "type": "shape",
      "background": "#283539",
      "points": [
        47.95367,
        77.54835,
        24.25861,
        63.93583,
        24.25861,
        58.88106,
        47.95367,
        72.4942,
        47.95367,
        77.54835,
        47.95367,
        77.54835,
        47.95367,
        77.54835
      ]
    },
    {
      "type": "shape",
      "background": "#283539",
      "points": [
        78.24976,
        60.06222,
        47.94201,
        77.56001,
        47.94201,
        72.46659,
        78.24976,
        54.96696,
        78.24976,
        60.06222
      ]
    },
    {
      "type": "shape",
      "background": "#3b4548",
      "points": [
        57.18884,
        70.40738,
        50.11842,
        74.49083,
        50.11842,
        72.66662,
        57.18884,
        68.5844,
        57.18884,
        70.40738
      ]
    },
    {
      "type": "shape",
      "background": "#3b4548",
      "points": [
        64.925,
        65.94227,
        57.85336,
        70.02388,
        57.85336,
        68.20029,
        64.925,
        64.11868,
        64.925,
        65.94227
      ]
    },
    {
      "type": "shape",
      "background": "#3b4548",
      "points": [
        72.66055,
        61.47655,
        65.59013,
        65.55816,
        65.59013,
        63.73273,
        72.66055,
        59.65112,
        72.66055,
        61.47655
      ]
    },
    {
      "type": "shape",
      "background": "#00ff00",
      "points": [
        51.02492,
        71.52292,
        51.02492,
        71.74473,
        50.87039,
        72.01384,
        50.67802,
        72.12422,
        50.48775,
        72.23565,
        50.33112,
        72.14524,
        50.33112,
        71.92449,
        50.33112,
        71.70268,
        50.48775,
        71.43462,
        50.67802,
        71.32424,
        50.87039,
        71.21386,
        51.02492,
        71.30217,
        51.02492,
        71.52292
      ],
      "segments": [
        1,
        4,
        4,
        4,
        4
      ]
    },
    {
      "type": "shape",
      "background": "#00ff00",
      "points": [
        58.74693,
        67.06584,
        58.74798,
        67.28554,
        58.59135,
        67.55465,
        58.40003,
        67.66398,
        58.20976,
        67.77646,
        58.05523,
        67.685,
        58.05523,
        67.4653,
        58.05523,
        67.24349,
        58.20976,
        66.97438,
        58.40003,
        66.864,
        58.59135,
        66.75573,
        58.74798,
        66.84403,
        58.74693,
        67.06584
      ],
      "segments": [
        1,
        4,
        4,
        4,
        4
      ]
    },
    {
      "type": "shape",
      "background": "#00ff00",
      "points": [
        66.47761,
        62.60319,
        66.47761,
        62.82289,
        66.32203,
        63.092,
        66.13071,
        63.20448,
        65.93939,
        63.31381,
        65.78381,
        63.2234,
        65.78381,
        63.0037,
        65.78381,
        62.78294,
        65.93939,
        62.51278,
        66.13071,
        62.4024,
        66.32203,
        62.29308,
        66.47761,
        62.38138,
        66.47761,
        62.60319
      ],
      "segments": [
        1,
        4,
        4,
        4,
        4
      ]
    },
    {
      "type": "shape",
      "background": "#00ff00",
      "points": [
        73.85175,
        61.49793,
        73.85175,
        61.71869,
        73.69512,
        61.9878,
        73.50485,
        62.09818,
        73.31248,
        62.2075,
        73.15795,
        62.1192,
        73.15795,
        61.89739,
        73.15795,
        61.67769,
        73.31248,
        61.40963,
        73.50485,
        61.29715,
        73.69512,
        61.18677,
        73.85175,
        61.27823,
        73.85175,
        61.49793
      ],
      "segments": [
        1,
        4,
        4,
        4,
        4
      ]
    },
    {
      "type": "shape",
      "background": "#00ff00",
      "points": [
        74.59538,
        61.0661,
        74.59538,
        61.2879,
        74.44191,
        61.55596,
        74.24848,
        61.66634,
        74.05821,
        61.77882,
        73.90473,
        61.68737,
        73.90473,
        61.46766,
        73.90473,
        61.2448,
        74.05821,
        60.97674,
        74.24848,
        60.86742,
        74.44191,
        60.75704,
        74.59538,
        60.84534,
        74.59538,
        61.0661
      ],
      "segments": [
        1,
        4,
        4,
        4,
        4
      ]
    },
    {
      "type": "shape",
      "background": "rgb(98,200,240)",
      "points": [
        50.11842,
        74.96636,
        72.66055,
        61.95208,
        72.66055,
        63.28971,
        50.11842,
        76.30338,
        50.11842,
        74.96636
      ]
    },
    {
      "type": "shape",
      "background": "#414e52",
      "points": [
        78.21171,
        43.58483,
        47.95367,
        61.05317,
        24.25861,
        47.44064,
        54.51665,
        29.9723,
        78.21171,
        43.58483
      ]
    },
    {
      "type": "shape",
      "background": "#283539",
      "points": [
        47.95367,
        66.10855,
        24.25861,
        52.49664,
        24.25861,
        47.44064,
        47.95367,
        61.05317,
        47.95367,
        66.10855,
        47.95367,
        66.10855,
        47.95367,
        66.10855
      ]
    },
    {
      "type": "shape",
      "background": "#283539",
      "points": [
        78.24976,
        48.62119,
        47.94201,
        66.11837,
        47.94201,
        61.02617,
        78.24976,
        43.52777,
        78.24976,
        48.62119
      ]
    },
    {
      "type": "shape",
      "background": "#3b4548",
      "points": [
        57.18884,
        58.9688,
        50.11842,
        63.05041,
        50.11842,
        61.22621,
        57.18884,
        57.14337,
        57.18884,
        58.9688
      ]
    },
    {
      "type": "shape",
      "background": "#3b4548",
      "points": [
        64.925,
        54.50186,
        57.85336,
        58.58469,
        57.85336,
        56.75987,
        64.925,
        52.67826,
        64.925,
        54.50186
      ]
    },
    {
      "type": "shape",
      "background": "#3b4548",
      "points": [
        72.66055,
        50.03675,
        65.59013,
        54.11836,
        65.59013,
        52.29354,
        72.66055,
        48.21193,
        72.66055,
        50.03675
      ]
    },
    {
      "type": "shape",
      "background": "#00ff00",
      "points": [
        51.02492,
        60.08273,
        51.02492,
        60.30559,
        50.87039,
        60.57365,
        50.67802,
        60.68297,
        50.48775,
        60.7944,
        50.33112,
        60.70505,
        50.33112,
        60.48324,
        50.33112,
        60.26249,
        50.48775,
        59.99442,
        50.67802,
        59.88405,
        50.87039,
        59.77367,
        51.02492,
        59.86092,
        51.02492,
        60.08273
      ],
      "segments": [
        1,
        4,
        4,
        4,
        4
      ]
    },
    {
      "type": "shape",
      "background": "#00ff00",
      "points": [
        58.74693,
        55.62525,
        58.74798,
        55.84705,
        58.59135,
        56.11616,
        58.40003,
        56.22654,
        58.20976,
        56.33587,
        58.05523,
        56.24757,
        58.05523,
        56.02786,
        58.05523,
        55.805,
        58.20976,
        55.53694,
        58.40003,
        55.42657,
        58.59135,
        55.31303,
        58.74798,
        55.40554,
        58.74693,
        55.62525
      ],
      "segments": [
        1,
        4,
        4,
        4,
        4
      ]
    },
    {
      "type": "shape",
      "background": "#00ff00",
      "points": [
        66.47761,
        51.1615,
        66.47761,
        51.38226,
        66.32203,
        51.65242,
        66.13071,
        51.76175,
        65.93939,
        51.87318,
        65.78381,
        51.78382,
        65.78381,
        51.56096,
        65.78381,
        51.34126,
        65.93939,
        51.07215,
        66.13071,
        50.96282,
        66.32203,
        50.85349,
        66.47761,
        50.9418,
        66.47761,
        51.1615
      ],
      "segments": [
        1,
        4,
        4,
        4,
        4
      ]
    },
    {
      "type": "shape",
      "background": "#00ff00",
      "points": [
        73.85175,
        50.05581,
        73.85175,
        50.27656,
        73.69512,
        50.54568,
        73.50485,
        50.65711,
        73.31248,
        50.76748,
        73.15795,
        50.67708,
        73.15795,
        50.45632,
        73.15795,
        50.23452,
        73.31248,
        49.96645,
        73.50485,
        49.85713,
        73.69512,
        49.7478,
        73.85175,
        49.8361,
        73.85175,
        50.05581
      ],
      "segments": [
        1,
        4,
        4,
        4,
        4
      ]
    },
    {
      "type": "shape",
      "background": "#00ff00",
      "points": [
        74.59538,
        49.62634,
        74.59538,
        49.84814,
        74.44191,
        50.1162,
        74.24848,
        50.22763,
        74.05821,
        50.33696,
        73.90473,
        50.24866,
        73.90473,
        50.02685,
        73.90473,
        49.8061,
        74.05821,
        49.53698,
        74.24848,
        49.42661,
        74.44191,
        49.31623,
        74.59538,
        49.40663,
        74.59538,
        49.62634
      ],
      "segments": [
        1,
        4,
        4,
        4,
        4
      ]
    },
    {
      "type": "shape",
      "background": "#151f22",
      "points": [
        50.11842,
        63.52533,
        72.66055,
        50.51167,
        72.66055,
        51.84869,
        50.11842,
        64.86235,
        50.11842,
        63.52533
      ]
    },
    {
      "type": "shape",
      "background": "#414e52",
      "points": [
        78.21171,
        37.80357,
        47.95367,
        55.27253,
        24.25861,
        41.66061,
        54.51665,
        24.19166,
        78.21171,
        37.80357
      ]
    },
    {
      "type": "shape",
      "background": "#283539",
      "points": [
        47.95367,
        59.77506,
        24.25861,
        46.16437,
        24.25861,
        41.66061,
        47.95367,
        55.27253,
        47.95367,
        59.77506,
        47.95367,
        59.77506,
        47.95367,
        59.77506
      ]
    },
    {
      "type": "shape",
      "background": "#283539",
      "points": [
        78.24976,
        37.77167,
        47.94201,
        55.27007,
        47.94201,
        59.7769,
        78.24976,
        42.27788,
        78.24976,
        37.77167
      ]
    },
    {
      "type": "shape",
      "background": "#00ff00",
      "points": [
        50.6006,
        54.79162,
        50.6006,
        54.984,
        50.465,
        55.22052,
        50.29785,
        55.31828,
        50.12861,
        55.41605,
        49.9909,
        55.33826,
        49.9909,
        55.14273,
        49.99195,
        54.94825,
        50.12861,
        54.71173,
        50.29785,
        54.61397,
        50.46395,
        54.51725,
        50.6006,
        54.5982,
        50.6006,
        54.79162
      ],
      "segments": [
        1,
        4,
        4,
        4,
        4
      ]
    },
    {
      "type": "shape",
      "background": "#00ff00",
      "points": [
        51.53979,
        54.24855,
        51.53979,
        54.44303,
        51.40419,
        54.6806,
        51.23494,
        54.77731,
        51.06569,
        54.87403,
        50.93114,
        54.79413,
        50.93114,
        54.59861,
        50.93114,
        54.40729,
        51.06569,
        54.16971,
        51.23494,
        54.07405,
        51.40419,
        53.97629,
        51.53979,
        54.05302,
        51.53979,
        54.24855
      ],
      "segments": [
        1,
        4,
        4,
        4,
        4
      ]
    },
    {
      "type": "shape",
      "background": "#00ff00",
      "points": [
        52.47859,
        53.70657,
        52.47859,
        53.90105,
        52.34298,
        54.13547,
        52.17584,
        54.23534,
        52.00659,
        54.32995,
        51.86993,
        54.25216,
        51.86993,
        54.05768,
        51.86993,
        53.86321,
        52.00659,
        53.62878,
        52.17584,
        53.53102,
        52.34298,
        53.43431,
        52.47859,
        53.51315,
        52.47859,
        53.70657
      ],
      "segments": [
        1,
        4,
        4,
        4,
        4
      ]
    },
    {
      "type": "shape",
      "background": "#00ff00",
      "points": [
        53.418,
        53.16267,
        53.418,
        53.35715,
        53.28239,
        53.59472,
        53.1142,
        53.69248,
        52.94495,
        53.7892,
        52.80934,
        53.71141,
        52.80934,
        53.51588,
        52.80934,
        53.3214,
        52.94495,
        53.08593,
        53.1142,
        52.98817,
        53.28239,
        52.89146,
        53.418,
        52.9703,
        53.418,
        53.16267
      ],
      "segments": [
        1,
        4,
        4,
        4,
        4
      ]
    },
    {
      "type": "shape",
      "background": "#00ff00",
      "points": [
        54.35763,
        52.62131,
        54.35763,
        52.81578,
        54.22097,
        53.05231,
        54.05277,
        53.15007,
        53.88458,
        53.24678,
        53.74792,
        53.16794,
        53.74792,
        52.97452,
        53.74792,
        52.77899,
        53.88458,
        52.54247,
        54.05277,
        52.44575,
        54.22097,
        52.34904,
        54.35763,
        52.42788,
        54.35763,
        52.62131
      ],
      "segments": [
        1,
        4,
        4,
        4,
        4
      ]
    },
    {
      "type": "shape",
      "background": "#00ff00",
      "points": [
        55.29642,
        52.08034,
        55.29642,
        52.27481,
        55.16186,
        52.51134,
        54.99262,
        52.60805,
        54.82442,
        52.70581,
        54.68671,
        52.62697,
        54.68671,
        52.4325,
        54.68671,
        52.23802,
        54.82442,
        52.00045,
        54.99262,
        51.90478,
        55.16186,
        51.80702,
        55.29537,
        51.88481,
        55.29642,
        52.08034
      ],
      "segments": [
        1,
        4,
        4,
        4,
        4
      ]
    },
    {
      "type": "shape",
      "background": "#00ff00",
      "points": [
        56.23666,
        51.53814,
        56.23666,
        51.73262,
        56.09895,
        51.96809,
        55.93076,
        52.06585,
        55.76256,
        52.16257,
        55.62696,
        52.08478,
        55.6259,
        51.88925,
        55.6259,
        51.69582,
        55.76256,
        51.4593,
        55.93076,
        51.36364,
        56.09895,
        51.26482,
        56.23666,
        51.34367,
        56.23666,
        51.53814
      ],
      "segments": [
        1,
        4,
        4,
        4,
        4
      ]
    },
    {
      "type": "shape",
      "background": "#00ff00",
      "points": [
        57.17546,
        50.99489,
        57.17546,
        51.18937,
        57.03985,
        51.42484,
        56.87165,
        51.52261,
        56.70346,
        51.62037,
        56.5647,
        51.54153,
        56.5647,
        51.34705,
        56.5647,
        51.15258,
        56.70346,
        50.91605,
        56.87165,
        50.81829,
        57.03985,
        50.72158,
        57.17546,
        50.80042,
        57.17546,
        50.99489
      ],
      "segments": [
        1,
        4,
        4,
        4,
        4
      ]
    },
    {
      "type": "shape",
      "background": "#00ff00",
      "points": [
        58.11381,
        50.45287,
        58.11381,
        50.6463,
        57.97821,
        50.88387,
        57.80896,
        50.98059,
        57.64077,
        51.07835,
        57.50516,
        50.99846,
        57.50516,
        50.80398,
        57.50516,
        50.61056,
        57.64077,
        50.37403,
        57.80896,
        50.27627,
        57.97821,
        50.18061,
        58.11381,
        50.25945,
        58.11381,
        50.45287
      ],
      "segments": [
        1,
        4,
        4,
        4,
        4
      ]
    },
    {
      "type": "shape",
      "background": "#00ff00",
      "points": [
        59.05344,
        49.91129,
        59.05344,
        50.10577,
        58.91678,
        50.34124,
        58.74754,
        50.439,
        58.58039,
        50.53572,
        58.44374,
        50.45687,
        58.44374,
        50.2624,
        58.44374,
        50.06897,
        58.58039,
        49.8335,
        58.74754,
        49.73469,
        58.91678,
        49.63903,
        59.05344,
        49.71682,
        59.05344,
        49.91129
      ],
      "segments": [
        1,
        4,
        4,
        4,
        4
      ]
    },
    {
      "type": "shape",
      "background": "#00ff00",
      "points": [
        59.99119,
        49.36783,
        59.99119,
        49.5623,
        59.85663,
        49.79882,
        59.68843,
        49.89554,
        59.52024,
        49.9933,
        59.38358,
        49.91446,
        59.38358,
        49.71998,
        59.38358,
        49.52551,
        59.52024,
        49.29004,
        59.68843,
        49.19227,
        59.85663,
        49.09661,
        59.99119,
        49.1744,
        59.99119,
        49.36783
      ],
      "segments": [
        1,
        4,
        4,
        4,
        4
      ]
    },
    {
      "type": "shape",
      "background": "#00ff00",
      "points": [
        60.93248,
        48.82708,
        60.93248,
        49.02155,
        60.79582,
        49.25702,
        60.62552,
        49.35479,
        60.45733,
        49.45255,
        60.32172,
        49.37371,
        60.32172,
        49.17923,
        60.32172,
        48.98476,
        60.45838,
        48.74823,
        60.62552,
        48.65152,
        60.79582,
        48.55376,
        60.93248,
        48.63155,
        60.93248,
        48.82708
      ],
      "segments": [
        1,
        4,
        4,
        4,
        4
      ]
    },
    {
      "type": "shape",
      "background": "#00ff00",
      "points": [
        61.87044,
        48.28488,
        61.86939,
        48.47935,
        61.73483,
        48.71588,
        61.56664,
        48.81259,
        61.39844,
        48.9093,
        61.26073,
        48.83151,
        61.26073,
        48.63704,
        61.26073,
        48.44256,
        61.39844,
        48.20604,
        61.56664,
        48.10933,
        61.73483,
        48.01156,
        61.87044,
        48.09145,
        61.87044,
        48.28488
      ],
      "segments": [
        1,
        4,
        4,
        4,
        4
      ]
    },
    {
      "type": "shape",
      "background": "#00ff00",
      "points": [
        62.81068,
        47.74141,
        62.81068,
        47.93589,
        62.67297,
        48.17241,
        62.50478,
        48.27018,
        62.33658,
        48.36689,
        62.19992,
        48.28805,
        62.19992,
        48.09357,
        62.19992,
        47.8991,
        62.33658,
        47.66257,
        62.50478,
        47.56586,
        62.67297,
        47.46915,
        62.81068,
        47.54694,
        62.81068,
        47.74141
      ],
      "segments": [
        1,
        4,
        4,
        4,
        4
      ]
    },
    {
      "type": "shape",
      "background": "#00ff00",
      "points": [
        63.74926,
        47.19983,
        63.75031,
        47.39325,
        63.6126,
        47.63083,
        63.4444,
        47.72754,
        63.27516,
        47.82425,
        63.1385,
        47.74646,
        63.1385,
        47.55199,
        63.1385,
        47.35751,
        63.27516,
        47.12204,
        63.4444,
        47.02428,
        63.6126,
        46.92756,
        63.74926,
        47.00641,
        63.74926,
        47.19983
      ],
      "segments": [
        1,
        4,
        4,
        4,
        4
      ]
    },
    {
      "type": "shape",
      "background": "#00ff00",
      "points": [
        64.68805,
        46.65781,
        64.68805,
        46.85123,
        64.55245,
        47.08881,
        64.3832,
        47.18552,
        64.21501,
        47.28329,
        64.07835,
        47.20339,
        64.07835,
        47.00997,
        64.07835,
        46.81549,
        64.21501,
        46.58002,
        64.3832,
        46.48226,
        64.55245,
        46.38554,
        64.68805,
        46.46333,
        64.68805,
        46.65781
      ],
      "segments": [
        1,
        4,
        4,
        4,
        4
      ]
    },
    {
      "type": "shape",
      "background": "#00ff00",
      "points": [
        65.62746,
        46.1154,
        65.62746,
        46.30987,
        65.4908,
        46.54639,
        65.32261,
        46.64416,
        65.15336,
        46.74087,
        65.01776,
        46.66203,
        65.01776,
        46.46755,
        65.01776,
        46.27308,
        65.15336,
        46.03655,
        65.32261,
        45.93984,
        65.4908,
        45.84313,
        65.62746,
        45.92197,
        65.62746,
        46.1154
      ],
      "segments": [
        1,
        4,
        4,
        4,
        4
      ]
    },
    {
      "type": "shape",
      "background": "#00ff00",
      "points": [
        66.56604,
        45.57447,
        66.56604,
        45.76894,
        66.43043,
        46.00547,
        66.26224,
        46.10218,
        66.09404,
        46.19889,
        65.95738,
        46.12005,
        65.95738,
        45.92663,
        65.95738,
        45.73215,
        66.09404,
        45.49563,
        66.26224,
        45.39892,
        66.43043,
        45.29905,
        66.56604,
        45.37894,
        66.56604,
        45.57447
      ],
      "segments": [
        1,
        4,
        4,
        4,
        4
      ]
    },
    {
      "type": "shape",
      "background": "#00ff00",
      "points": [
        67.50461,
        45.0314,
        67.50461,
        45.22587,
        67.37006,
        45.46135,
        67.19976,
        45.56016,
        67.03157,
        45.65687,
        66.89701,
        45.57803,
        66.89701,
        45.38356,
        66.89701,
        45.18908,
        67.03157,
        44.95256,
        67.20081,
        44.85584,
        67.37006,
        44.75808,
        67.50461,
        44.83692,
        67.50461,
        45.0314
      ],
      "segments": [
        1,
        4,
        4,
        4,
        4
      ]
    },
    {
      "type": "shape",
      "background": "#92a4af",
      "points": [
        74.69092,
        42.73746,
        69.24837,
        45.87967,
        69.24775,
        43.81984,
        74.69092,
        40.67702,
        74.69092,
        42.73746
      ]
    },
    {
      "type": "shape",
      "background": "rgb(98,200,240)",
      "points": [
        67.64444,
        47.29522,
        50.11781,
        57.41396,
        50.11781,
        56.01804,
        67.64444,
        45.89991,
        67.64444,
        47.29522
      ]
    },
    {
      "type": "shape",
      "background": "#414e52",
      "points": [
        78.21171,
        32.20026,
        47.95367,
        49.66982,
        24.25861,
        36.05668,
        54.51665,
        18.58773,
        78.21171,
        32.20026
      ]
    },
    {
      "type": "shape",
      "background": "#283539",
      "points": [
        47.95367,
        54.17236,
        24.25861,
        40.56105,
        24.25861,
        36.05668,
        47.95367,
        49.66982,
        47.95367,
        54.17236,
        47.95367,
        54.17236,
        47.95367,
        54.17236
      ]
    },
    {
      "type": "shape",
      "background": "#283539",
      "points": [
        78.24976,
        32.17203,
        47.94201,
        49.66982,
        47.94201,
        54.19506,
        78.24976,
        36.69665,
        78.24976,
        32.17203
      ]
    },
    {
      "type": "shape",
      "background": "#151f22",
      "points": [
        69.89264,
        38.06251,
        51.05845,
        48.93658,
        51.05845,
        48.52915,
        69.89264,
        37.6557,
        69.89264,
        38.06251
      ]
    },
    {
      "type": "shape",
      "background": "#151f22",
      "points": [
        69.89264,
        38.76262,
        51.05845,
        49.6373,
        51.05845,
        49.22988,
        69.89264,
        38.35642,
        69.89264,
        38.76262
      ]
    },
    {
      "type": "shape",
      "background": "#151f22",
      "points": [
        69.89264,
        39.46273,
        51.05845,
        50.33741,
        51.05845,
        49.9306,
        69.89264,
        39.05653,
        69.89264,
        39.46273
      ]
    },
    {
      "type": "shape",
      "background": "#151f22",
      "points": [
        69.89264,
        40.16406,
        51.05845,
        51.03813,
        51.05845,
        50.63132,
        69.89264,
        39.75664,
        69.89264,
        40.16406
      ]
    },
    {
      "type": "shape",
      "background": "#151f22",
      "points": [
        69.89264,
        40.86417,
        51.05845,
        51.73885,
        51.05845,
        51.33204,
        69.89264,
        40.45736,
        69.89264,
        40.86417
      ]
    },
    {
      "type": "shape",
      "background": "#00ff00",
      "points": [
        71.46265,
        36.97745,
        71.46265,
        37.194,
        71.31128,
        37.45786,
        71.12311,
        37.56613,
        70.93494,
        37.67441,
        70.78251,
        37.58716,
        70.78251,
        37.36956,
        70.78251,
        37.153,
        70.93494,
        36.8902,
        71.12311,
        36.78087,
        71.31128,
        36.67365,
        71.46265,
        36.76195,
        71.46265,
        36.97745
      ],
      "segments": [
        1,
        4,
        4,
        4,
        4
      ]
    },
    {
      "type": "shape",
      "background": "#00ff00",
      "points": [
        71.46265,
        37.80786,
        71.46265,
        38.02441,
        71.31128,
        38.28827,
        71.12311,
        38.39654,
        70.93494,
        38.50377,
        70.78251,
        38.41651,
        70.78251,
        38.19996,
        70.78251,
        37.98236,
        70.93494,
        37.71956,
        71.12311,
        37.61128,
        71.31128,
        37.50406,
        71.46265,
        37.59131,
        71.46265,
        37.80786
      ],
      "segments": [
        1,
        4,
        4,
        4,
        4
      ]
    },
    {
      "type": "shape",
      "background": "#00ff00",
      "points": [
        71.46265,
        38.63765,
        71.46265,
        38.85421,
        71.31128,
        39.11701,
        71.12311,
        39.22529,
        70.93494,
        39.33461,
        70.78251,
        39.24631,
        70.78251,
        39.02976,
        70.78251,
        38.81321,
        70.93494,
        38.54935,
        71.12311,
        38.44108,
        71.31128,
        38.33175,
        71.46265,
        38.4211,
        71.46265,
        38.63765
      ],
      "segments": [
        1,
        4,
        4,
        4,
        4
      ]
    },
    {
      "type": "shape",
      "background": "#00ff00",
      "points": [
        71.46265,
        39.46535,
        71.46265,
        39.6819,
        71.31128,
        39.94575,
        71.12311,
        40.05403,
        70.93494,
        40.1623,
        70.78251,
        40.07505,
        70.78251,
        39.85745,
        70.78251,
        39.6409,
        70.93494,
        39.3781,
        71.12311,
        39.26982,
        71.31128,
        39.1626,
        71.46265,
        39.2488,
        71.46265,
        39.46535
      ],
      "segments": [
        1,
        4,
        4,
        4,
        4
      ]
    },
    {
      "type": "shape",
      "background": "#3b4548",
      "points": [
        76.64153,
        34.6626,
        71.96965,
        37.36056,
        71.96965,
        36.45674,
        76.64153,
        33.75939,
        76.64153,
        34.6626
      ]
    },
    {
      "type": "shape",
      "background": "#3b4548",
      "points": [
        76.64153,
        36.09902,
        71.96965,
        38.79637,
        71.96965,
        37.89254,
        76.64153,
        35.1952,
        76.64153,
        36.09902
      ]
    },
    {
      "type": "shape",
      "background": "#414e52",
      "points": [
        78.21171,
        25.93058,
        47.95367,
        43.39953,
        24.25861,
        29.787,
        54.51665,
        12.31743,
        78.21171,
        25.93058
      ]
    },
    {
      "type": "shape",
      "background": "#283539",
      "points": [
        47.95367,
        47.90268,
        24.25861,
        34.29015,
        24.25861,
        29.787,
        47.95367,
        43.39953,
        47.95367,
        47.90268,
        47.95367,
        47.90268,
        47.95367,
        47.90268
      ]
    },
    {
      "type": "shape",
      "background": "#283539",
      "points": [
        78.24976,
        25.90235,
        47.94201,
        43.40076,
        47.94201,
        47.92477,
        78.24976,
        30.42698,
        78.24976,
        25.90235
      ]
    },
    {
      "type": "shape",
      "background": "#151f22",
      "points": [
        69.89264,
        31.79283,
        51.05845,
        42.66629,
        51.05845,
        42.26009,
        69.89264,
        31.38602,
        69.89264,
        31.79283
      ]
    },
    {
      "type": "shape",
      "background": "#151f22",
      "points": [
        69.89264,
        32.49233,
        51.05845,
        43.3664,
        51.05845,
        42.9602,
        69.89264,
        32.08613,
        69.89264,
        32.49233
      ]
    },
    {
      "type": "shape",
      "background": "#151f22",
      "points": [
        69.89264,
        33.19366,
        51.05845,
        44.06773,
        51.05845,
        43.66031,
        69.89264,
        32.78624,
        69.89264,
        33.19366
      ]
    },
    {
      "type": "shape",
      "background": "#151f22",
      "points": [
        69.89264,
        33.89377,
        51.05845,
        44.76845,
        51.05845,
        44.36103,
        69.89264,
        33.48696,
        69.89264,
        33.89377
      ]
    },
    {
      "type": "shape",
      "background": "#151f22",
      "points": [
        69.89264,
        34.59388,
        51.05845,
        45.46733,
        51.05845,
        45.06236,
        69.89264,
        34.18768,
        69.89264,
        34.59388
      ]
    },
    {
      "type": "shape",
      "background": "#00ff00",
      "points": [
        71.46265,
        30.70777,
        71.46265,
        30.92537,
        71.31128,
        31.18818,
        71.12311,
        31.29751,
        70.93494,
        31.40578,
        70.78251,
        31.31748,
        70.78251,
        31.10093,
        70.78251,
        30.88333,
        70.93494,
        30.62052,
        71.12311,
        30.51119,
        71.31128,
        30.40292,
        71.46265,
        30.49017,
        71.46265,
        30.70777
      ],
      "segments": [
        1,
        4,
        4,
        4,
        4
      ]
    },
    {
      "type": "shape",
      "background": "#00ff00",
      "points": [
        71.46265,
        31.53757,
        71.46265,
        31.75517,
        71.31128,
        32.01797,
        71.12311,
        32.1273,
        70.93494,
        32.23453,
        70.78251,
        32.14727,
        70.78251,
        31.93072,
        70.78251,
        31.71312,
        70.93494,
        31.45032,
        71.12311,
        31.34204,
        71.31128,
        31.23271,
        71.46265,
        31.31997,
        71.46265,
        31.53757
      ],
      "segments": [
        1,
        4,
        4,
        4,
        4
      ]
    },
    {
      "type": "shape",
      "background": "#00ff00",
      "points": [
        71.46265,
        32.36714,
        71.46265,
        32.58369,
        71.31128,
        32.8465,
        71.12311,
        32.95583,
        70.93494,
        33.0641,
        70.78251,
        32.97685,
        70.78251,
        32.7603,
        70.78251,
        32.5427,
        70.93494,
        32.27989,
        71.12311,
        32.17162,
        71.31128,
        32.06229,
        71.46265,
        32.14954,
        71.46265,
        32.36714
      ],
      "segments": [
        1,
        4,
        4,
        4,
        4
      ]
    },
    {
      "type": "shape",
      "background": "#00ff00",
      "points": [
        71.46265,
        33.1965,
        71.46265,
        33.41305,
        71.31128,
        33.67586,
        71.12311,
        33.78413,
        70.93494,
        33.89346,
        70.78251,
        33.80621,
        70.78251,
        33.5886,
        70.78251,
        33.37205,
        70.93494,
        33.1082,
        71.12311,
        32.99992,
        71.31128,
        32.8927,
        71.46265,
        32.97995,
        71.46265,
        33.1965
      ],
      "segments": [
        1,
        4,
        4,
        4,
        4
      ]
    },
    {
      "type": "shape",
      "background": "#3b4548",
      "points": [
        76.64153,
        28.39353,
        71.96965,
        31.09088,
        71.96965,
        30.18645,
        76.64153,
        27.4891,
        76.64153,
        28.39353
      ]
    },
    {
      "type": "shape",
      "background": "#3b4548",
      "points": [
        76.64153,
        29.82872,
        71.96965,
        32.52607,
        71.96965,
        31.62164,
        76.64153,
        28.92552,
        76.64153,
        29.82872
      ]
    },
    {
      "type": "shape",
      "background": "#888b8d",
      "points": [
        75.36274,
        116.30403,
        76.41396,
        116.79858,
        76.41396,
        22.66688,
        75.58008,
        22.34904,
        75.36274,
        116.30403
      ]
    },
    {
      "type": "shape",
      "background": "rgb(230,230,230)",
      "points": [
        19.58243,
        20.37573,
        46.53873,
        35.93948,
        49.03666,
        34.49754,
        49.03666,
        34.49754,
        56.9839,
        31.85664,
        64.36295,
        27.59586,
        72.66669,
        22.80126,
        76.31572,
        18.74726,
        76.31572,
        18.74726,
        80.3783,
        16.40211,
        53.422,
        0.83775,
        19.58243,
        20.37573,
        19.58243,
        20.37573,
        19.58243,
        20.37573
      ],
      "segments": [
        1,
        2,
        2,
        4,
        4,
        2,
        2,
        2,
        2,
        2
      ]
    },
    {
      "type": "shape",
      "background": "rgb(230,230,230)",
      "points": [
        46.53873,
        137.80673,
        19.58243,
        122.2442,
        19.58243,
        20.37573,
        46.53873,
        35.9401,
        46.53873,
        137.80673,
        46.53873,
        137.80673,
        46.53873,
        137.80673
      ]
    },
    {
      "type": "shape",
      "background": "rgb(145,146,148)",
      "points": [
        46.53873,
        39.86647,
        19.58243,
        24.30272,
        19.58243,
        20.37573,
        46.53873,
        35.9401,
        46.53873,
        39.86647,
        46.53873,
        39.86647,
        46.53873,
        39.86647
      ]
    },
    {
      "type": "shape",
      "background": "rgb(145,146,148)",
      "points": [
        46.53873,
        137.80673,
        19.58243,
        122.2442,
        19.58243,
        113.55698,
        46.53873,
        129.12134,
        46.53873,
        137.80673,
        46.53873,
        137.80673,
        46.53873,
        137.80673
      ]
    },
    {
      "type": "shape",
      "background": "rgb(158,155,153)",
      "points": [
        80.3783,
        109.59256,
        76.31572,
        111.93832,
        76.31572,
        22.66688,
        80.3783,
        20.32112,
        80.3783,
        109.59256
      ]
    },
    {
      "type": "shape",
      "background": "rgb(104,107,115)",
      "points": [
        49.03666,
        38.41778,
        49.03666,
        34.49816,
        49.03666,
        34.49816,
        56.9839,
        31.85726,
        64.36295,
        27.59648,
        67.66653,
        25.68882,
        70.23318,
        23.89898,
        72.12611,
        22.43433,
        74.9922,
        20.21804,
        76.31572,
        18.74787,
        76.31572,
        18.74787,
        76.31572,
        22.66688,
        76.31572,
        22.66688,
        76.31572,
        22.66688,
        72.66669,
        26.7215,
        64.36295,
        31.5161,
        62.30803,
        32.70217,
        60.21016,
        33.76246,
        58.25097,
        34.67548,
        55.81562,
        35.81124,
        53.59626,
        36.71813,
        51.9457,
        37.35443,
        51.9457,
        37.35443,
        50.15647,
        38.04533,
        49.03666,
        38.41778,
        49.03666,
        38.41778
      ],
      "segments": [
        1,
        2,
        4,
        4,
        4,
        2,
        2,
        4,
        4,
        4,
        2,
        4
      ]
    },
    {
      "type": "shape",
      "background": "rgb(120,122,128)",
      "points": [
        76.31572,
        18.74726,
        76.31572,
        22.66688,
        80.3783,
        20.32112,
        80.3783,
        16.40273,
        76.31572,
        18.74726
      ]
    },
    {
      "type": "shape",
      "background": "rgb(120,122,128)",
      "points": [
        46.53873,
        39.85911,
        49.03666,
        38.41778,
        49.03666,
        34.49816,
        46.53873,
        35.9401,
        46.53873,
        39.85911
      ]
    },
    {
      "type": "shape",
      "background": "rgb(108,112,120)",
      "points": [
        49.03666,
        136.36601,
        49.03666,
        127.68922,
        49.03666,
        127.68922,
        49.03666,
        127.68922,
        49.03666,
        127.68922,
        56.9839,
        125.04709,
        64.36295,
        120.78754,
        69.66622,
        117.7251,
        73.07104,
        114.96455,
        74.83941,
        113.36983,
        74.83941,
        113.37044,
        74.83941,
        113.37044,
        74.83941,
        113.37044,
        75.64383,
        112.64456,
        76.11016,
        112.1586,
        76.26111,
        111.99723,
        76.26172,
        111.99723,
        76.26172,
        111.99661,
        76.26172,
        111.99661,
        76.26356,
        111.99477,
        76.26479,
        111.99354,
        76.26663,
        111.9917,
        76.27706,
        111.98066,
        76.28626,
        111.97084,
        76.29301,
        111.96286,
        76.29301,
        111.96286,
        76.30038,
        111.95489,
        76.30651,
        111.94875,
        76.31019,
        111.94446,
        76.31081,
        111.94384,
        76.31203,
        111.94262,
        76.31265,
        111.94139,
        76.31326,
        111.94078,
        76.31387,
        111.94078,
        76.31387,
        111.94078,
        76.31387,
        111.94078,
        76.31387,
        111.94016,
        76.31387,
        111.94016,
        76.31449,
        111.94016,
        76.31449,
        111.93955,
        76.3151,
        111.93893,
        76.31572,
        111.93893,
        76.31572,
        111.93832,
        76.31572,
        111.93832,
        76.31572,
        111.93832,
        76.31572,
        111.93832,
        76.31572,
        120.5102,
        76.31572,
        120.61573,
        76.31572,
        120.61573,
        72.66669,
        124.66851,
        64.36295,
        129.46372,
        56.9839,
        133.72389,
        49.03666,
        136.36601,
        49.03666,
        136.36601
      ],
      "segments": [
        1,
        2,
        2,
        2,
        4,
        4,
        4,
        4,
        4,
        4,
        4,
        2,
        4,
        2,
        4,
        4,
        4,
        2,
        4,
        2,
        2,
        2,
        2,
        2,
        4,
        4
      ]
    },
    {
      "type": "shape",
      "background": "#758286",
      "points": [
        64.36295,
        120.78754,
        72.66669,
        115.99232,
        76.31572,
        111.93832,
        76.31572,
        111.93832,
        75.46098,
        111.54562,
        75.46098,
        111.54562,
        71.81195,
        115.60024,
        63.5076,
        120.393,
        56.12917,
        124.65501,
        48.18131,
        127.29529,
        48.18131,
        127.29529,
        49.03666,
        127.68922,
        49.03666,
        127.68922,
        56.9839,
        125.04709,
        64.36295,
        120.78754
      ],
      "segments": [
        1,
        4,
        2,
        4,
        4,
        2,
        4
      ]
    },
    {
      "type": "shape",
      "background": "rgb(119,122,128)",
      "points": [
        76.31572,
        111.93832,
        76.31572,
        120.61512,
        80.3783,
        118.26936,
        80.3783,
        109.59256,
        76.31572,
        111.93832
      ]
    },
    {
      "type": "shape",
      "background": "rgb(119,122,128)",
      "points": [
        46.53873,
        137.80673,
        49.03666,
        136.36601,
        49.03666,
        127.68922,
        46.53873,
        129.13054,
        46.53873,
        137.80673
      ]
    },
    {
      "type": "shape",
      "background": "#878a8c",
      "points": [
        76.31227,
        75.9297,
        77.36349,
        76.39603,
        77.36349,
        63.98553,
        76.31227,
        63.51736,
        76.31227,
        75.9297
      ]
    },
    {
      "type": "shape",
      "background": "#d4d7d9",
      "points": [
        77.36005,
        63.98553,
        79.14008,
        62.95653,
        78.99466,
        62.8602,
        77.33182,
        63.81986,
        76.45255,
        63.42286,
        76.31572,
        63.51736,
        77.36005,
        63.98553
      ]
    },
    {
      "type": "shape",
      "background": "#adb0b2",
      "points": [
        77.36005,
        76.39603,
        79.14008,
        75.36888,
        79.14008,
        62.95653,
        77.36005,
        63.98553,
        77.36005,
        76.39603,
        77.36005,
        76.39603,
        77.36005,
        76.39603
      ]
    },
    {
      "type": "shape",
      "background": "rgb(98,200,240)",
      "points": [
        79.02694,
        58.51413,
        79.02694,
        58.84608,
        78.78955,
        59.2486,
        78.50071,
        59.41488,
        78.35629,
        59.49649,
        78.22613,
        59.50508,
        78.13005,
        59.45231,
        78.03584,
        59.3977,
        77.97572,
        59.28051,
        77.97572,
        59.11361,
        77.97572,
        58.78288,
        78.21001,
        58.37791,
        78.50071,
        58.21224,
        78.64513,
        58.13002,
        78.77467,
        58.12266,
        78.87074,
        58.17543,
        78.96743,
        58.23065,
        79.02694,
        58.34662,
        79.02694,
        58.51413,
        79.02694,
        58.51413,
        79.02694,
        58.51413
      ],
      "segments": [
        1,
        4,
        4,
        4,
        4,
        4,
        4,
        2,
        2
      ]
    },
    {
      "type": "shape",
      "background": "rgb(158,155,153)",
      "points": [
        49.03666,
        127.68922,
        46.53873,
        129.13054,
        46.53873,
        39.85911,
        49.03666,
        38.41778,
        49.03666,
        127.68922
      ]
    },
    {
      "type": "shape",
      "background": "rgba(255,255,255,0.4)",
      "gradient": "linear.south",
      "gradientColor": "rgba(255,255,255,0)",
      "points": [
        75.88835,
        101.96378,
        75.88835,
        23.02023,
        75.88835,
        23.02023,
        75.88835,
        23.02023,
        72.23932,
        27.07484,
        63.93558,
        31.86944,
        61.88067,
        33.05552,
        59.7828,
        34.1158,
        57.8236,
        35.02883,
        55.38825,
        36.16458,
        53.16889,
        37.07147,
        51.51833,
        37.70777,
        51.51833,
        37.70777
      ],
      "segments": [
        1,
        2,
        2,
        4,
        4,
        4,
        2
      ]
    }
  ]
}