{
  "width": 100,
  "height": 100,
  "comps": [
    {
      "type": "shape",
      "background": "#B8E986",
      "shadowColor": "#1ABC9C",
      "points": [
        82.13447,
        15.999,
        42.43696,
        39.13747,
        18.01581,
        25.03708,
        57.71032,
        1.90086,
        82.13447,
        15.999,
        82.13447,
        15.999
      ]
    },
    {
      "type": "shape",
      "background": "#7ED321",
      "shadowColor": "#1ABC9C",
      "points": [
        42.44222,
        98.09914,
        17.86553,
        83.91083,
        17.86553,
        24.9424,
        42.44222,
        39.12996,
        42.44222,
        98.09914,
        42.44222,
        98.09914
      ]
    },
    {
      "type": "shape",
      "background": "rgb(46,133,58)",
      "shadowColor": "#1ABC9C",
      "points": [
        82.12019,
        74.96217,
        42.42419,
        98.09914,
        42.42419,
        39.12996,
        82.12019,
        15.9945,
        82.12019,
        74.96217,
        82.12019,
        74.96217
      ]
    },
    {
      "type": "shape",
      "background": "rgb(255,255,255)",
      "shadowColor": "#1ABC9C",
      "points": [
        42.44222,
        53.41821,
        17.86553,
        39.2299,
        17.86553,
        38.49125,
        42.44222,
        52.68031,
        42.44222,
        53.41821,
        42.44222,
        53.41821
      ]
    },
    {
      "type": "shape",
      "background": "rgb(255,255,255)",
      "shadowColor": "#1ABC9C",
      "points": [
        42.44222,
        60.19301,
        17.86553,
        46.00545,
        17.86553,
        45.2638,
        42.44222,
        59.45136,
        42.44222,
        60.19301,
        42.44222,
        60.19301
      ]
    },
    {
      "type": "shape",
      "background": "rgb(255,255,255)",
      "shadowColor": "#1ABC9C",
      "points": [
        42.44222,
        66.96781,
        17.86553,
        52.778,
        17.86553,
        52.03935,
        42.44222,
        66.22691,
        42.44222,
        66.96781,
        42.44222,
        66.96781
      ]
    },
    {
      "type": "shape",
      "background": "rgb(255,255,255)",
      "shadowColor": "#1ABC9C",
      "points": [
        42.44222,
        73.74036,
        17.86553,
        59.55205,
        17.86553,
        58.81115,
        42.44222,
        72.99946,
        42.44222,
        73.74036,
        42.44222,
        73.74036
      ]
    },
    {
      "type": "shape",
      "background": "rgb(255,255,255)",
      "shadowColor": "#1ABC9C",
      "points": [
        26.82471,
        22.08901,
        26.59027,
        22.26578,
        26.21305,
        22.26578,
        25.97861,
        22.08901,
        25.74492,
        21.91225,
        25.74642,
        21.62327,
        25.98162,
        21.44552,
        26.21606,
        21.26578,
        26.59402,
        21.26578,
        26.82696,
        21.44353,
        27.06141,
        21.6193,
        27.0584,
        21.90828,
        26.82471,
        22.08901
      ],
      "segments": [
        1,
        4,
        4,
        4,
        4
      ]
    },
    {
      "type": "shape",
      "background": "rgb(255,255,255)",
      "shadowColor": "#1ABC9C",
      "points": [
        28.63338,
        23.13142,
        28.39893,
        23.31062,
        28.02022,
        23.31062,
        27.78502,
        23.1334,
        27.55208,
        22.95419,
        27.55284,
        22.66904,
        27.78803,
        22.48983,
        28.02398,
        22.31062,
        28.40119,
        22.31062,
        28.63563,
        22.48587,
        28.86782,
        22.66508,
        28.86782,
        22.9532,
        28.63338,
        23.13142
      ],
      "segments": [
        1,
        4,
        4,
        4,
        4
      ]
    },
    {
      "type": "shape",
      "background": "rgb(255,255,255)",
      "shadowColor": "#1ABC9C",
      "points": [
        30.44054,
        24.17447,
        30.20685,
        24.35547,
        29.83039,
        24.35547,
        29.59519,
        24.17644,
        29.36075,
        23.99939,
        29.36376,
        23.71255,
        29.5982,
        23.53154,
        29.83264,
        23.35547,
        30.21061,
        23.35547,
        30.44355,
        23.53154,
        30.67874,
        23.7076,
        30.67724,
        23.99346,
        30.44054,
        24.17447
      ],
      "segments": [
        1,
        4,
        4,
        4,
        4
      ]
    },
    {
      "type": "shape",
      "background": "rgb(255,255,255)",
      "shadowColor": "#1ABC9C",
      "points": [
        32.24996,
        25.217,
        32.01552,
        25.39882,
        31.6368,
        25.39882,
        31.40461,
        25.21898,
        31.17017,
        25.0421,
        31.17017,
        24.75653,
        31.40687,
        24.5757,
        31.64131,
        24.39882,
        32.01852,
        24.39882,
        32.25297,
        24.5757,
        32.48516,
        24.75258,
        32.4844,
        25.03914,
        32.24996,
        25.217
      ],
      "segments": [
        1,
        4,
        4,
        4,
        4
      ]
    },
    {
      "type": "shape",
      "background": "rgb(255,255,255)",
      "shadowColor": "#1ABC9C",
      "points": [
        34.05938,
        26.26076,
        33.82268,
        26.44142,
        33.44547,
        26.44142,
        33.21103,
        26.26373,
        32.97658,
        26.08801,
        32.97959,
        25.80074,
        33.21554,
        25.62207,
        33.44848,
        25.44142,
        33.82794,
        25.44142,
        34.06088,
        25.62207,
        34.29533,
        25.7968,
        34.29307,
        26.08209,
        34.05938,
        26.26076
      ],
      "segments": [
        1,
        4,
        4,
        4,
        4
      ]
    },
    {
      "type": "shape",
      "background": "rgb(255,255,255)",
      "shadowColor": "#1ABC9C",
      "points": [
        35.86579,
        27.30769,
        35.63135,
        27.48626,
        35.25339,
        27.48626,
        35.02045,
        27.30968,
        34.786,
        27.13011,
        34.78675,
        26.84341,
        35.0227,
        26.66583,
        35.25714,
        26.48626,
        35.63436,
        26.48626,
        35.86805,
        26.66484,
        36.10249,
        26.83944,
        36.10174,
        27.12714,
        35.86579,
        27.30769
      ],
      "segments": [
        1,
        4,
        4,
        4,
        4
      ]
    },
    {
      "type": "shape",
      "background": "rgb(255,255,255)",
      "shadowColor": "#1ABC9C",
      "points": [
        37.67521,
        28.35086,
        37.43851,
        28.52961,
        37.06205,
        28.52961,
        36.82911,
        28.35483,
        36.59617,
        28.17509,
        36.59692,
        27.8881,
        36.83062,
        27.70935,
        37.06506,
        27.52961,
        37.44377,
        27.52961,
        37.67747,
        27.70637,
        37.90965,
        27.88413,
        37.9089,
        28.17211,
        37.67521,
        28.35086
      ],
      "segments": [
        1,
        4,
        4,
        4,
        4
      ]
    },
    {
      "type": "shape",
      "background": "rgb(255,255,255)",
      "shadowColor": "#1ABC9C",
      "points": [
        39.48388,
        29.39609,
        39.24944,
        29.57484,
        38.86922,
        29.57484,
        38.63703,
        29.39807,
        38.40409,
        29.22032,
        38.40484,
        28.93233,
        38.63928,
        28.75259,
        38.87523,
        28.57484,
        39.25244,
        28.57484,
        39.48538,
        28.75061,
        39.71832,
        28.92836,
        39.71682,
        29.21635,
        39.48388,
        29.39609
      ],
      "segments": [
        1,
        4,
        4,
        4,
        4
      ]
    },
    {
      "type": "shape",
      "background": "rgb(255,255,255)",
      "shadowColor": "#1ABC9C",
      "points": [
        41.29104,
        30.44032,
        41.0566,
        30.61818,
        40.67864,
        30.61818,
        40.44419,
        30.44032,
        40.21125,
        30.26344,
        40.21201,
        29.97391,
        40.44645,
        29.79802,
        40.68164,
        29.61818,
        41.06036,
        29.61818,
        41.2933,
        29.79506,
        41.52774,
        29.97194,
        41.52774,
        30.26048,
        41.29104,
        30.44032
      ],
      "segments": [
        1,
        4,
        4,
        4,
        4
      ]
    },
    {
      "type": "shape",
      "background": "rgb(255,255,255)",
      "shadowColor": "#1ABC9C",
      "points": [
        43.09896,
        31.48195,
        42.86527,
        31.66115,
        42.48655,
        31.66115,
        42.25286,
        31.48591,
        42.01842,
        31.30769,
        42.02067,
        31.02056,
        42.25436,
        30.84234,
        42.49106,
        30.66115,
        42.86827,
        30.66115,
        43.10121,
        30.84036,
        43.33641,
        31.0166,
        43.33415,
        31.30373,
        43.09896,
        31.48195
      ],
      "segments": [
        1,
        4,
        4,
        4,
        4
      ]
    },
    {
      "type": "shape",
      "background": "rgb(255,255,255)",
      "shadowColor": "#1ABC9C",
      "points": [
        44.90763,
        32.52697,
        44.67318,
        32.706,
        44.29522,
        32.706,
        44.06078,
        32.53093,
        43.82859,
        32.3519,
        43.82934,
        32.06307,
        44.06453,
        31.88602,
        44.29973,
        31.706,
        44.67694,
        31.706,
        44.90988,
        31.88404,
        45.14357,
        32.0611,
        45.14282,
        32.34695,
        44.90763,
        32.52697
      ],
      "segments": [
        1,
        4,
        4,
        4,
        4
      ]
    },
    {
      "type": "shape",
      "background": "rgb(255,255,255)",
      "shadowColor": "#1ABC9C",
      "points": [
        46.71705,
        33.57034,
        46.48185,
        33.74972,
        46.10314,
        33.74972,
        45.87095,
        33.57133,
        45.63651,
        33.39492,
        45.63651,
        33.1085,
        45.87395,
        32.92812,
        46.10765,
        32.74972,
        46.48411,
        32.74972,
        46.7193,
        32.92614,
        46.95224,
        33.10552,
        46.95074,
        33.39294,
        46.71705,
        33.57034
      ],
      "segments": [
        1,
        4,
        4,
        4,
        4
      ]
    },
    {
      "type": "shape",
      "background": "rgb(255,255,255)",
      "shadowColor": "#1ABC9C",
      "points": [
        48.52346,
        34.61497,
        48.28977,
        34.79382,
        47.9118,
        34.79382,
        47.67811,
        34.61596,
        47.44367,
        34.43908,
        47.44592,
        34.15351,
        47.68112,
        33.97366,
        47.91556,
        33.79382,
        48.29353,
        33.79382,
        48.52797,
        33.97169,
        48.76016,
        34.14955,
        48.75865,
        34.43612,
        48.52346,
        34.61497
      ],
      "segments": [
        1,
        4,
        4,
        4,
        4
      ]
    },
    {
      "type": "shape",
      "background": "rgb(255,255,255)",
      "shadowColor": "#1ABC9C",
      "points": [
        25.24898,
        22.99584,
        25.01304,
        23.1765,
        24.63357,
        23.1765,
        24.40213,
        22.99683,
        24.16769,
        22.82013,
        24.16919,
        22.53484,
        24.40363,
        22.35616,
        24.63808,
        22.1765,
        25.01679,
        22.1765,
        25.25199,
        22.35517,
        25.48267,
        22.53188,
        25.48267,
        22.81717,
        25.24898,
        22.99584
      ],
      "segments": [
        1,
        4,
        4,
        4,
        4
      ]
    },
    {
      "type": "shape",
      "background": "rgb(255,255,255)",
      "shadowColor": "#1ABC9C",
      "points": [
        27.0569,
        24.04277,
        26.82246,
        24.22135,
        26.44224,
        24.22135,
        26.2108,
        24.04377,
        25.97711,
        23.8642,
        25.97711,
        23.57948,
        26.21305,
        23.39793,
        26.44675,
        23.22135,
        26.82471,
        23.22135,
        27.0584,
        23.39793,
        27.29284,
        23.57254,
        27.28984,
        23.86321,
        27.0569,
        24.04277
      ],
      "segments": [
        1,
        4,
        4,
        4,
        4
      ]
    },
    {
      "type": "shape",
      "background": "rgb(255,255,255)",
      "shadowColor": "#1ABC9C",
      "points": [
        28.86557,
        25.08511,
        28.62887,
        25.26432,
        28.25166,
        25.26432,
        28.01721,
        25.08808,
        27.78502,
        24.90986,
        27.78502,
        24.62174,
        28.02022,
        24.44154,
        28.25466,
        24.26432,
        28.63338,
        24.26432,
        28.86782,
        24.44154,
        29.10001,
        24.61778,
        29.10001,
        24.90689,
        28.86557,
        25.08511
      ],
      "segments": [
        1,
        4,
        4,
        4,
        4
      ]
    },
    {
      "type": "shape",
      "background": "rgb(255,255,255)",
      "shadowColor": "#1ABC9C",
      "points": [
        30.67198,
        26.13057,
        30.43678,
        26.30879,
        30.05882,
        26.30879,
        29.82663,
        26.13057,
        29.59219,
        25.95334,
        29.59444,
        25.66523,
        29.82964,
        25.48602,
        30.06408,
        25.30879,
        30.4428,
        25.30879,
        30.67423,
        25.48602,
        30.90943,
        25.66325,
        30.90642,
        25.95037,
        30.67198,
        26.13057
      ],
      "segments": [
        1,
        4,
        4,
        4,
        4
      ]
    },
    {
      "type": "shape",
      "background": "rgb(255,255,255)",
      "shadowColor": "#1ABC9C",
      "points": [
        32.48215,
        27.17168,
        32.24771,
        27.35251,
        31.86899,
        27.35251,
        31.6353,
        27.17465,
        31.40236,
        26.99876,
        31.40236,
        26.70824,
        31.63755,
        26.53235,
        31.87275,
        26.35251,
        32.24996,
        26.35251,
        32.48516,
        26.53137,
        32.71584,
        26.70726,
        32.71584,
        26.9948,
        32.48215,
        27.17168
      ],
      "segments": [
        1,
        4,
        4,
        4,
        4
      ]
    },
    {
      "type": "shape",
      "background": "rgb(255,255,255)",
      "shadowColor": "#1ABC9C",
      "points": [
        34.28856,
        28.21703,
        34.05487,
        28.39623,
        33.67691,
        28.39623,
        33.44322,
        28.22099,
        33.20952,
        28.0398,
        33.21178,
        27.75267,
        33.44547,
        27.57544,
        33.67991,
        27.39623,
        34.05938,
        27.39623,
        34.29232,
        27.57544,
        34.52601,
        27.75267,
        34.52376,
        28.03683,
        34.28856,
        28.21703
      ],
      "segments": [
        1,
        4,
        4,
        4,
        4
      ]
    },
    {
      "type": "shape",
      "background": "rgb(255,255,255)",
      "shadowColor": "#1ABC9C",
      "points": [
        36.09798,
        29.26293,
        35.86354,
        29.44033,
        35.48557,
        29.44033,
        35.25113,
        29.26293,
        35.01819,
        29.08453,
        35.01894,
        28.79712,
        35.25414,
        28.6217,
        35.48858,
        28.44033,
        35.86654,
        28.44033,
        36.09948,
        28.61873,
        36.33393,
        28.79514,
        36.33393,
        29.08255,
        36.09798,
        29.26293
      ],
      "segments": [
        1,
        4,
        4,
        4,
        4
      ]
    },
    {
      "type": "shape",
      "background": "rgb(255,255,255)",
      "shadowColor": "#1ABC9C",
      "points": [
        37.90665,
        30.3032,
        37.66995,
        30.48556,
        37.29274,
        30.48556,
        37.0598,
        30.30716,
        36.82536,
        30.12877,
        36.82686,
        29.84235,
        37.06205,
        29.66395,
        37.2965,
        29.48556,
        37.67446,
        29.48556,
        37.9089,
        29.65999,
        38.1426,
        29.83937,
        38.14109,
        30.12778,
        37.90665,
        30.3032
      ],
      "segments": [
        1,
        4,
        4,
        4,
        4
      ]
    },
    {
      "type": "shape",
      "background": "rgb(255,255,255)",
      "shadowColor": "#1ABC9C",
      "points": [
        39.71532,
        31.34866,
        39.48087,
        31.52815,
        39.10141,
        31.52815,
        38.86847,
        31.34866,
        38.63402,
        31.17214,
        38.63703,
        30.88614,
        38.87147,
        30.70863,
        39.10441,
        30.52815,
        39.48388,
        30.52815,
        39.71757,
        30.70863,
        39.95051,
        30.88515,
        39.94826,
        31.17115,
        39.71532,
        31.34866
      ],
      "segments": [
        1,
        4,
        4,
        4,
        4
      ]
    },
    {
      "type": "shape",
      "background": "rgb(255,255,255)",
      "shadowColor": "#1ABC9C",
      "points": [
        41.52323,
        32.39377,
        41.28729,
        32.57263,
        40.91007,
        32.57263,
        40.67638,
        32.39476,
        40.44344,
        32.21689,
        40.44419,
        31.92836,
        40.67864,
        31.75247,
        40.91383,
        31.57263,
        41.29104,
        31.57263,
        41.52624,
        31.75148,
        41.75843,
        31.92737,
        41.75692,
        32.21097,
        41.52323,
        32.39377
      ],
      "segments": [
        1,
        4,
        4,
        4,
        4
      ]
    },
    {
      "type": "shape",
      "background": "rgb(255,255,255)",
      "shadowColor": "#1ABC9C",
      "points": [
        43.33115,
        33.43769,
        43.09671,
        33.61672,
        42.71799,
        33.61672,
        42.4843,
        33.43967,
        42.25061,
        33.26163,
        42.25286,
        32.9738,
        42.48655,
        32.79773,
        42.72325,
        32.61672,
        43.10046,
        32.61672,
        43.3334,
        32.79674,
        43.56634,
        32.97083,
        43.56559,
        33.25668,
        43.33115,
        33.43769
      ],
      "segments": [
        1,
        4,
        4,
        4,
        4
      ]
    },
    {
      "type": "shape",
      "background": "rgb(255,255,255)",
      "shadowColor": "#1ABC9C",
      "points": [
        45.13907,
        34.48249,
        44.90462,
        34.66007,
        44.52516,
        34.66007,
        44.29221,
        34.48547,
        44.05927,
        34.3059,
        44.06003,
        34.01721,
        44.29522,
        33.83864,
        44.53042,
        33.66007,
        44.90838,
        33.66007,
        45.14057,
        33.83864,
        45.37576,
        34.01523,
        45.37276,
        34.30293,
        45.13907,
        34.48249
      ],
      "segments": [
        1,
        4,
        4,
        4,
        4
      ]
    },
    {
      "type": "shape",
      "background": "rgb(255,255,255)",
      "shadowColor": "#1ABC9C",
      "points": [
        46.94773,
        35.5243,
        46.71329,
        35.70567,
        46.33457,
        35.70567,
        46.10088,
        35.52728,
        45.86794,
        35.34987,
        45.86794,
        35.06246,
        46.10314,
        34.88307,
        46.33983,
        34.70567,
        46.71705,
        34.70567,
        46.95149,
        34.88307,
        47.18443,
        35.05949,
        47.18218,
        35.3469,
        46.94773,
        35.5243
      ],
      "segments": [
        1,
        4,
        4,
        4,
        4
      ]
    },
    {
      "type": "shape",
      "background": "rgb(255,255,255)",
      "shadowColor": "#1ABC9C",
      "points": [
        23.671,
        23.90577,
        23.43656,
        24.08759,
        23.05859,
        24.08759,
        22.82415,
        23.90874,
        22.59121,
        23.73285,
        22.59196,
        23.44431,
        22.82716,
        23.26546,
        23.06235,
        23.08759,
        23.44031,
        23.08759,
        23.6725,
        23.26546,
        23.90619,
        23.44036,
        23.90394,
        23.7289,
        23.671,
        23.90577
      ],
      "segments": [
        1,
        4,
        4,
        4,
        4
      ]
    },
    {
      "type": "shape",
      "background": "rgb(255,255,255)",
      "shadowColor": "#1ABC9C",
      "points": [
        25.47892,
        24.9531,
        25.24447,
        25.13131,
        24.86576,
        25.13131,
        24.63207,
        24.95409,
        24.39913,
        24.77488,
        24.40063,
        24.48874,
        24.63507,
        24.31052,
        24.86952,
        24.13131,
        25.24823,
        24.13131,
        25.48192,
        24.31052,
        25.71486,
        24.48379,
        25.71411,
        24.7729,
        25.47892,
        24.9531
      ],
      "segments": [
        1,
        4,
        4,
        4,
        4
      ]
    },
    {
      "type": "shape",
      "background": "rgb(255,255,255)",
      "shadowColor": "#1ABC9C",
      "points": [
        27.28758,
        25.99583,
        27.05314,
        26.17504,
        26.67443,
        26.17504,
        26.44073,
        25.9988,
        26.20855,
        25.81761,
        26.20855,
        25.53246,
        26.44524,
        25.35425,
        26.67893,
        25.17504,
        27.0569,
        25.17504,
        27.28909,
        25.35425,
        27.52428,
        25.5285,
        27.52128,
        25.81662,
        27.28758,
        25.99583
      ],
      "segments": [
        1,
        4,
        4,
        4,
        4
      ]
    },
    {
      "type": "shape",
      "background": "rgb(255,255,255)",
      "shadowColor": "#1ABC9C",
      "points": [
        29.09625,
        27.04129,
        28.86181,
        27.21951,
        28.48384,
        27.21951,
        28.2494,
        27.04129,
        28.01646,
        26.86308,
        28.01721,
        26.57595,
        28.25241,
        26.39872,
        28.48685,
        26.21951,
        28.86557,
        26.21951,
        29.10001,
        26.39773,
        29.33145,
        26.57298,
        29.32994,
        26.8601,
        29.09625,
        27.04129
      ],
      "segments": [
        1,
        4,
        4,
        4,
        4
      ]
    },
    {
      "type": "shape",
      "background": "rgb(255,255,255)",
      "shadowColor": "#1ABC9C",
      "points": [
        30.90417,
        28.0826,
        30.66897,
        28.26361,
        30.29026,
        28.26361,
        30.05882,
        28.08557,
        29.82438,
        27.90753,
        29.82438,
        27.62167,
        30.06183,
        27.44363,
        30.29552,
        27.26361,
        30.67198,
        27.26361,
        30.90642,
        27.44066,
        31.14011,
        27.61771,
        31.13861,
        27.90456,
        30.90417,
        28.0826
      ],
      "segments": [
        1,
        4,
        4,
        4,
        4
      ]
    },
    {
      "type": "shape",
      "background": "rgb(255,255,255)",
      "shadowColor": "#1ABC9C",
      "points": [
        32.71208,
        29.12569,
        32.47689,
        29.30733,
        32.09968,
        29.30733,
        31.86523,
        29.12964,
        31.63304,
        28.95195,
        31.63455,
        28.6637,
        31.86824,
        28.48798,
        32.10268,
        28.30733,
        32.4814,
        28.30733,
        32.71584,
        28.48403,
        32.94803,
        28.66172,
        32.94803,
        28.94899,
        32.71208,
        29.12569
      ],
      "segments": [
        1,
        4,
        4,
        4,
        4
      ]
    },
    {
      "type": "shape",
      "background": "rgb(255,255,255)",
      "shadowColor": "#1ABC9C",
      "points": [
        34.52,
        30.17211,
        34.28556,
        30.35068,
        33.90834,
        30.35068,
        33.67465,
        30.17607,
        33.44021,
        29.99651,
        33.44246,
        29.70881,
        33.67616,
        29.53222,
        33.9121,
        29.35068,
        34.29082,
        29.35068,
        34.52301,
        29.52826,
        34.7567,
        29.70584,
        34.75444,
        29.99254,
        34.52,
        30.17211
      ],
      "segments": [
        1,
        4,
        4,
        4,
        4
      ]
    },
    {
      "type": "shape",
      "background": "rgb(255,255,255)",
      "shadowColor": "#1ABC9C",
      "points": [
        36.33017,
        31.21594,
        36.09498,
        31.39515,
        35.71776,
        31.39515,
        35.48182,
        31.21891,
        35.24963,
        31.03971,
        35.25113,
        30.75159,
        35.48557,
        30.57337,
        35.72002,
        30.39515,
        36.09798,
        30.39515,
        36.33167,
        30.57238,
        36.56461,
        30.74961,
        36.56236,
        31.03673,
        36.33017,
        31.21594
      ],
      "segments": [
        1,
        4,
        4,
        4,
        4
      ]
    },
    {
      "type": "shape",
      "background": "rgb(255,255,255)",
      "shadowColor": "#1ABC9C",
      "points": [
        38.13658,
        32.25986,
        37.90214,
        32.43925,
        37.52418,
        32.43925,
        37.29048,
        32.25986,
        37.05754,
        32.08444,
        37.05905,
        31.79604,
        37.29274,
        31.61863,
        37.52868,
        31.43925,
        37.90665,
        31.43925,
        38.13809,
        31.61467,
        38.37328,
        31.79406,
        38.37253,
        32.08147,
        38.13658,
        32.25986
      ],
      "segments": [
        1,
        4,
        4,
        4,
        4
      ]
    },
    {
      "type": "shape",
      "background": "rgb(255,255,255)",
      "shadowColor": "#1ABC9C",
      "points": [
        39.94525,
        33.30438,
        39.71156,
        33.48259,
        39.33209,
        33.48259,
        39.0999,
        33.30636,
        38.86546,
        33.12913,
        38.86546,
        32.842,
        39.10291,
        32.6618,
        39.33585,
        32.48259,
        39.71457,
        32.48259,
        39.94751,
        32.66081,
        40.18195,
        32.83804,
        40.1812,
        33.12517,
        39.94525,
        33.30438
      ],
      "segments": [
        1,
        4,
        4,
        4,
        4
      ]
    },
    {
      "type": "shape",
      "background": "rgb(255,255,255)",
      "shadowColor": "#1ABC9C",
      "points": [
        41.75242,
        34.34841,
        41.51872,
        34.52744,
        41.14226,
        34.52744,
        40.90782,
        34.35138,
        40.67413,
        34.17235,
        40.67563,
        33.88353,
        40.91083,
        33.70845,
        41.14527,
        33.52744,
        41.52398,
        33.52744,
        41.75617,
        33.7045,
        41.98986,
        33.88155,
        41.98911,
        34.1674,
        41.75242,
        34.34841
      ],
      "segments": [
        1,
        4,
        4,
        4,
        4
      ]
    },
    {
      "type": "shape",
      "background": "rgb(255,255,255)",
      "shadowColor": "#1ABC9C",
      "points": [
        43.56259,
        35.39321,
        43.32739,
        35.57079,
        42.94943,
        35.57079,
        42.71649,
        35.39619,
        42.48204,
        35.21662,
        42.4828,
        34.92793,
        42.71799,
        34.74936,
        42.95243,
        34.57079,
        43.33115,
        34.57079,
        43.56559,
        34.74837,
        43.79778,
        34.92595,
        43.79703,
        35.21365,
        43.56259,
        35.39321
      ],
      "segments": [
        1,
        4,
        4,
        4,
        4
      ]
    },
    {
      "type": "shape",
      "background": "rgb(255,255,255)",
      "shadowColor": "#1ABC9C",
      "points": [
        45.3705,
        36.43546,
        45.13456,
        36.61602,
        44.75659,
        36.61602,
        44.52516,
        36.43844,
        44.29146,
        36.26086,
        44.29221,
        35.97316,
        44.52816,
        35.7926,
        44.7611,
        35.61602,
        45.14057,
        35.61602,
        45.37276,
        35.79161,
        45.6057,
        35.97018,
        45.60419,
        36.25689,
        45.3705,
        36.43546
      ],
      "segments": [
        1,
        4,
        4,
        4,
        4
      ]
    },
    {
      "type": "shape",
      "background": "rgb(255,255,255)",
      "shadowColor": "#1ABC9C",
      "points": [
        22.09377,
        24.8165,
        21.85782,
        24.99831,
        21.48061,
        24.99831,
        21.24842,
        24.81946,
        21.01398,
        24.64159,
        21.01548,
        24.35701,
        21.25068,
        24.17618,
        21.48512,
        23.99831,
        21.86233,
        23.99831,
        22.09678,
        24.17618,
        22.33122,
        24.35207,
        22.32896,
        24.63863,
        22.09377,
        24.8165
      ],
      "segments": [
        1,
        4,
        4,
        4,
        4
      ]
    },
    {
      "type": "shape",
      "background": "rgb(255,255,255)",
      "shadowColor": "#1ABC9C",
      "points": [
        23.90319,
        25.86002,
        23.66799,
        26.04166,
        23.29003,
        26.04166,
        23.05559,
        25.86298,
        22.82265,
        25.68628,
        22.82415,
        25.39803,
        23.05859,
        25.22132,
        23.29304,
        25.04166,
        23.671,
        25.04166,
        23.90469,
        25.22132,
        24.13763,
        25.39704,
        24.13613,
        25.68233,
        23.90319,
        25.86002
      ],
      "segments": [
        1,
        4,
        4,
        4,
        4
      ]
    },
    {
      "type": "shape",
      "background": "rgb(255,255,255)",
      "shadowColor": "#1ABC9C",
      "points": [
        25.71035,
        26.9056,
        25.47741,
        27.08463,
        25.0987,
        27.08463,
        24.86501,
        26.90659,
        24.63056,
        26.72855,
        24.63207,
        26.4417,
        24.86726,
        26.26564,
        25.1017,
        26.08463,
        25.48192,
        26.08463,
        25.71336,
        26.26366,
        25.94555,
        26.4417,
        25.9448,
        26.72657,
        25.71035,
        26.9056
      ],
      "segments": [
        1,
        4,
        4,
        4,
        4
      ]
    },
    {
      "type": "shape",
      "background": "rgb(255,255,255)",
      "shadowColor": "#1ABC9C",
      "points": [
        27.51827,
        27.95027,
        27.28458,
        28.12948,
        26.90586,
        28.12948,
        26.67142,
        27.95225,
        26.43923,
        27.77304,
        26.43998,
        27.48592,
        26.67367,
        27.30869,
        26.91037,
        27.12948,
        27.28758,
        27.12948,
        27.52128,
        27.30572,
        27.75346,
        27.48493,
        27.75346,
        27.77106,
        27.51827,
        27.95027
      ],
      "segments": [
        1,
        4,
        4,
        4,
        4
      ]
    },
    {
      "type": "shape",
      "background": "rgb(255,255,255)",
      "shadowColor": "#1ABC9C",
      "points": [
        29.32619,
        28.99475,
        29.09325,
        29.17395,
        28.71528,
        29.17395,
        28.48009,
        28.99574,
        28.2464,
        28.8195,
        28.24865,
        28.53138,
        28.48309,
        28.35217,
        28.71754,
        28.17395,
        29.0955,
        28.17395,
        29.32844,
        28.35118,
        29.56288,
        28.5294,
        29.56288,
        28.81554,
        29.32619,
        28.99475
      ],
      "segments": [
        1,
        4,
        4,
        4,
        4
      ]
    },
    {
      "type": "shape",
      "background": "rgb(255,255,255)",
      "shadowColor": "#1ABC9C",
      "points": [
        31.13561,
        30.03827,
        30.90041,
        30.2173,
        30.52245,
        30.2173,
        30.29026,
        30.03926,
        30.05581,
        29.86418,
        30.05581,
        29.57734,
        30.29326,
        29.39732,
        30.5262,
        29.2173,
        30.90417,
        29.2173,
        31.13861,
        29.39435,
        31.3723,
        29.57536,
        31.37005,
        29.86122,
        31.13561,
        30.03827
      ],
      "segments": [
        1,
        4,
        4,
        4,
        4
      ]
    },
    {
      "type": "shape",
      "background": "rgb(255,255,255)",
      "shadowColor": "#1ABC9C",
      "points": [
        32.94277,
        31.08219,
        32.70983,
        31.2614,
        32.33187,
        31.2614,
        32.09742,
        31.08417,
        31.86298,
        30.90793,
        31.86523,
        30.61882,
        32.10043,
        30.44061,
        32.33412,
        30.2614,
        32.71284,
        30.2614,
        32.94502,
        30.44061,
        33.17872,
        30.61486,
        33.17872,
        30.90298,
        32.94277,
        31.08219
      ],
      "segments": [
        1,
        4,
        4,
        4,
        4
      ]
    },
    {
      "type": "shape",
      "background": "rgb(255,255,255)",
      "shadowColor": "#1ABC9C",
      "points": [
        34.75144,
        32.12765,
        34.51699,
        32.30587,
        34.13903,
        32.30587,
        33.90684,
        32.12864,
        33.6724,
        31.95043,
        33.6724,
        31.66231,
        33.90834,
        31.48607,
        34.14279,
        31.30587,
        34.52,
        31.30587,
        34.75444,
        31.48409,
        34.98738,
        31.66132,
        34.98663,
        31.94647,
        34.75144,
        32.12765
      ],
      "segments": [
        1,
        4,
        4,
        4,
        4
      ]
    },
    {
      "type": "shape",
      "background": "rgb(255,255,255)",
      "shadowColor": "#1ABC9C",
      "points": [
        36.56161,
        33.17102,
        36.32416,
        33.34959,
        35.94695,
        33.34959,
        35.71325,
        33.17301,
        35.48107,
        32.99344,
        35.48107,
        32.70674,
        35.71701,
        32.52717,
        35.9507,
        32.34959,
        36.32942,
        32.34959,
        36.56236,
        32.52717,
        36.7968,
        32.70376,
        36.7953,
        32.99245,
        36.56161,
        33.17102
      ],
      "segments": [
        1,
        4,
        4,
        4,
        4
      ]
    },
    {
      "type": "shape",
      "background": "rgb(255,255,255)",
      "shadowColor": "#1ABC9C",
      "points": [
        38.36877,
        34.21506,
        38.13433,
        34.39444,
        37.75411,
        34.39444,
        37.52267,
        34.21704,
        37.28973,
        34.03865,
        37.29048,
        33.75222,
        37.52493,
        33.57185,
        37.75937,
        33.39444,
        38.13809,
        33.39444,
        38.37028,
        33.56887,
        38.60397,
        33.74925,
        38.60322,
        34.03567,
        38.36877,
        34.21506
      ],
      "segments": [
        1,
        4,
        4,
        4,
        4
      ]
    },
    {
      "type": "shape",
      "background": "rgb(255,255,255)",
      "shadowColor": "#1ABC9C",
      "points": [
        40.17669,
        35.25913,
        39.943,
        35.43817,
        39.56428,
        35.43817,
        39.33134,
        35.26111,
        39.09765,
        35.08109,
        39.0984,
        34.79623,
        39.33209,
        34.61818,
        39.56729,
        34.43817,
        39.94751,
        34.43817,
        40.17969,
        34.61522,
        40.41188,
        34.79128,
        40.41113,
        35.07813,
        40.17669,
        35.25913
      ],
      "segments": [
        1,
        4,
        4,
        4,
        4
      ]
    },
    {
      "type": "shape",
      "background": "rgb(255,255,255)",
      "shadowColor": "#1ABC9C",
      "points": [
        41.98536,
        36.30349,
        41.75091,
        36.48189,
        41.37295,
        36.48189,
        41.13851,
        36.30547,
        40.90557,
        36.1251,
        40.90632,
        35.83868,
        41.14151,
        35.66028,
        41.37671,
        35.48189,
        41.75392,
        35.48189,
        41.98686,
        35.65929,
        42.22205,
        35.8357,
        42.2198,
        36.12312,
        41.98536,
        36.30349
      ],
      "segments": [
        1,
        4,
        4,
        4,
        4
      ]
    },
    {
      "type": "shape",
      "background": "rgb(255,255,255)",
      "shadowColor": "#1ABC9C",
      "points": [
        43.79252,
        37.34579,
        43.55883,
        37.52599,
        43.18011,
        37.52599,
        42.94567,
        37.34975,
        42.71348,
        37.17054,
        42.71423,
        36.8844,
        42.94868,
        36.70519,
        43.18312,
        36.52599,
        43.56183,
        36.52599,
        43.79553,
        36.70321,
        44.02922,
        36.88044,
        44.02922,
        37.16757,
        43.79252,
        37.34579
      ],
      "segments": [
        1,
        4,
        4,
        4,
        4
      ]
    },
    {
      "type": "shape",
      "background": "rgb(255,255,255)",
      "shadowColor": "#1ABC9C",
      "points": [
        40.93262,
        47.66308,
        40.93262,
        48.47236,
        40.36229,
        48.79623,
        39.65971,
        48.3882,
        38.95713,
        47.98394,
        38.38455,
        46.99958,
        38.38455,
        46.19406,
        38.38455,
        45.38779,
        38.95713,
        45.06092,
        39.65971,
        45.46819,
        40.36229,
        45.8732,
        40.93262,
        46.85531,
        40.93262,
        47.66308
      ],
      "segments": [
        1,
        4,
        4,
        4,
        4
      ]
    }
  ]
}