{
  "width": 100,
  "height": 100,
  "comps": [
    {
      "type": "shape",
      "background": "rgb(69,69,69)",
      "borderColor": "#979797",
      "points": [
        85.52965,
        71.917,
        63.09178,
        80.17485,
        63.09178,
        86.09335,
        85.52965,
        74.06111
      ]
    },
    {
      "type": "shape",
      "background": "rgba(0,0,0,0.5)",
      "borderColor": "#979797",
      "points": [
        29.16865,
        66.11983,
        77.58068,
        5.20959,
        99.54544,
        17.45917,
        93.35025,
        27.31516,
        43.36992,
        83.54545,
        26.53797,
        94.11149,
        4.60729,
        81.08823,
        29.16865,
        66.11983
      ]
    },
    {
      "type": "shape",
      "background": "rgb(135,135,135)",
      "borderColor": "#979797",
      "points": [
        90.13958,
        51.7197,
        90.13958,
        55.59891,
        88.34192,
        57.86454,
        88.34192,
        69.98015,
        86.80107,
        71.51623,
        86.80107,
        72.93345,
        63.72968,
        85.46146,
        58.80901,
        80.63768,
        61.89071,
        56.36934,
        89.9,
        51.7197
      ]
    },
    {
      "type": "shape",
      "background": "rgb(120,120,120)",
      "borderColor": "#979797",
      "points": [
        21.38558,
        55.79843,
        63.09178,
        79.22524,
        63.09178,
        86.0864,
        21.38558,
        62.29943,
        21.38558,
        55.79843
      ]
    },
    {
      "type": "shape",
      "background": "#009687",
      "borderColor": "#979797",
      "points": [
        68.25945,
        11.17784,
        98.77659,
        28.08981,
        85.83394,
        49.92164,
        54.66288,
        34.04269,
        66.54471,
        11.62144,
        68.25945,
        11.17784
      ]
    },
    {
      "type": "shape",
      "background": "rgb(166,212,121)",
      "borderColor": "#979797",
      "points": [
        66.56411,
        11.59757,
        96.41432,
        28.15995,
        83.4071,
        50.41973,
        52.96753,
        34.46242,
        66.56411,
        11.59757
      ]
    },
    {
      "type": "shape",
      "background": "rgb(159,207,112)",
      "borderColor": "#979797",
      "points": [
        31.14972,
        60.38906,
        56.46218,
        77.26403,
        44.56164,
        83.59095,
        17.3599,
        68.12522,
        31.14972,
        60.38906
      ]
    },
    {
      "type": "shape",
      "background": "#7ED321",
      "borderColor": "#979797",
      "points": [
        44.56164,
        85.64544,
        44.56164,
        83.59095,
        17.3599,
        68.12522,
        17.3599,
        69.83729
      ]
    },
    {
      "type": "shape",
      "background": "rgb(245,245,245)",
      "borderColor": "#979797",
      "points": [
        55.59064,
        33.92358,
        73.14662,
        4.20268,
        97.57424,
        17.74077,
        80.53747,
        46.74553,
        68.76767,
        66.43919,
        26.16938,
        92.02285,
        3.23839,
        78.56627,
        36.47946,
        58.98807
      ]
    },
    {
      "type": "shape",
      "background": "#009687",
      "borderColor": "#979797",
      "points": [
        54.66288,
        79.99559,
        54.66288,
        77.99818,
        44.56164,
        83.59095,
        44.56164,
        85.58837
      ]
    },
    {
      "type": "shape",
      "background": "rgba(0,0,0,0.35)",
      "borderColor": "#979797",
      "points": [
        25.71021,
        57.96215,
        59.13663,
        75.89098,
        54.40606,
        79.98031,
        54.05213,
        78.36569,
        28.59021,
        62.24905,
        26.90444,
        62.72396,
        24.69505,
        60.81617
      ]
    },
    {
      "type": "shape",
      "background": "#B8E986",
      "borderColor": "#979797",
      "points": [
        46.22542,
        26.32281,
        90.01117,
        51.61839,
        73.44706,
        61.12028,
        29.66131,
        36.33832,
        46.22542,
        26.32281
      ]
    },
    {
      "type": "shape",
      "background": "rgb(204,204,204)",
      "borderColor": "#979797",
      "points": [
        19.00379,
        54.05806,
        63.04634,
        79.09684,
        73.44706,
        61.12028,
        29.66131,
        36.33832,
        19.00379,
        54.05806
      ]
    },
    {
      "type": "shape",
      "background": "rgb(214,214,214)",
      "borderColor": "#979797",
      "points": [
        19.00379,
        54.05806,
        25.87098,
        57.96215,
        26.90193,
        62.74722,
        25.07015,
        63.86065,
        20.6829,
        61.40925,
        19.00379,
        54.05806
      ]
    },
    {
      "type": "shape",
      "background": "rgb(163,163,163)",
      "borderColor": "#979797",
      "points": [
        26.32294,
        59.94332,
        25.80169,
        57.79318,
        53.62814,
        73.29503,
        54.11434,
        75.89621,
        28.15023,
        60.84
      ]
    },
    {
      "type": "shape",
      "background": "rgb(237,237,237)",
      "borderColor": "#979797",
      "points": [
        46.35383,
        26.32281,
        53.35131,
        30.36534,
        36.21575,
        39.97534,
        29.78972,
        36.33832,
        46.35383,
        26.32281
      ]
    },
    {
      "type": "shape",
      "background": "rgb(237,237,237)",
      "borderColor": "#979797",
      "points": [
        80.96973,
        46.39504,
        90.01117,
        51.61839,
        73.44706,
        61.12028,
        64.49523,
        56.0537
      ]
    },
    {
      "type": "shape",
      "background": "rgb(145,138,138)",
      "borderColor": "#979797",
      "points": [
        53.71336,
        73.82801,
        64.50423,
        56.09913,
        36.2,
        40.06,
        25.78517,
        57.77337
      ]
    },
    {
      "type": "shape",
      "background": "rgb(214,214,214)",
      "borderColor": "#979797",
      "points": [
        53.73043,
        73.80062,
        63.04634,
        79.09684,
        63.78022,
        85.61307,
        54.76406,
        80.23572
      ]
    },
    {
      "type": "shape",
      "background": "#B8E986",
      "borderColor": "#979797",
      "points": [
        78.87775,
        48.91064,
        83.51529,
        51.5898,
        81.76091,
        52.59619,
        77.12337,
        49.97142,
        78.87775,
        48.91064
      ]
    },
    {
      "type": "shape",
      "background": "#B8E986",
      "borderColor": "#979797",
      "points": [
        75.89812,
        50.66943,
        78.54123,
        52.19639,
        77.54134,
        52.76997,
        74.89824,
        51.27402,
        75.89812,
        50.66943
      ]
    }
  ]
}