{
  "width": 100,
  "height": 100,
  "comps": [
    {
      "type": "shape",
      "background": "rgb(38,94,158)",
      "shadowColor": "#1ABC9C",
      "points": [
        16.51396,
        28.1234,
        16.50756,
        27.9244,
        16.48709,
        27.73755,
        16.48709,
        27.53343,
        16.48709,
        18.33706,
        22.98444,
        7.13147,
        30.99702,
        2.50449,
        34.81263,
        0.30266,
        38.27439,
        0,
        40.86206,
        1.26824,
        47.48931,
        5.16768,
        48.25269,
        4.52268,
        49.04486,
        3.9519,
        49.86263,
        3.47903,
        53.15545,
        1.57795,
        55.32913,
        1.14539,
        57.76707,
        2.66574,
        60.85514,
        4.94692,
        61.59804,
        4.32623,
        62.3659,
        3.77146,
        63.15871,
        3.31394,
        66.03689,
        1.65281,
        68.86325,
        1.58754,
        70.76817,
        2.62991,
        83.25225,
        10.25793,
        81.35948,
        9.29043,
        78.80699,
        9.49135,
        75.99088,
        11.11729,
        74.82694,
        11.78916,
        73.7097,
        12.65876,
        72.66094,
        13.66337,
        72.51633,
        13.27049,
        72.33972,
        12.91407,
        72.14648,
        12.57814,
        72.1196,
        12.53015,
        72.09593,
        12.48087,
        72.06777,
        12.43416,
        71.87581,
        12.12126,
        71.66209,
        11.83779,
        71.43237,
        11.57928,
        71.39206,
        11.53385,
        71.34982,
        11.4897,
        71.30887,
        11.44555,
        71.07084,
        11.19535,
        70.81424,
        10.9714,
        70.53846,
        10.77815,
        70.50006,
        10.75128,
        70.46103,
        10.72888,
        70.42072,
        10.70265,
        68.49532,
        9.43184,
        65.75087,
        9.51759,
        62.69544,
        11.28238,
        61.68059,
        11.86787,
        60.70861,
        12.61525,
        59.78078,
        13.45989,
        59.67456,
        13.55651,
        59.56962,
        13.65378,
        59.46276,
        13.75296,
        58.96493,
        14.22839,
        58.47478,
        14.72366,
        58.00959,
        15.25732,
        57.92577,
        14.85803,
        57.82402,
        14.4773,
        57.70949,
        14.11065,
        57.66405,
        13.96348,
        57.6071,
        13.82782,
        57.55527,
        13.68449,
        57.48041,
        13.47717,
        57.40874,
        13.26665,
        57.32492,
        13.07084,
        57.24941,
        12.89296,
        57.16239,
        12.72979,
        57.07856,
        12.56214,
        57.00818,
        12.42009,
        56.93843,
        12.27355,
        56.861,
        12.1379,
        56.75606,
        11.95169,
        56.64216,
        11.77893,
        56.52763,
        11.60552,
        56.46172,
        11.50698,
        56.39645,
        11.40651,
        56.32798,
        11.31181,
        56.19361,
        11.12689,
        56.04963,
        10.95284,
        55.90246,
        10.78327,
        55.84551,
        10.71864,
        55.78856,
        10.65274,
        55.73097,
        10.59067,
        55.56333,
        10.41278,
        55.38928,
        10.24449,
        55.20883,
        10.08644,
        55.16596,
        10.04869,
        55.12309,
        10.01157,
        55.07894,
        9.97446,
        54.87801,
        9.80745,
        54.67069,
        9.65196,
        54.45441,
        9.50991,
        54.4301,
        9.49263,
        54.4045,
        9.47791,
        54.37763,
        9.46128,
        51.73364,
        7.76623,
        47.99226,
        7.90381,
        43.83111,
        10.30784,
        35.8166,
        14.93418,
        29.31926,
        26.14041,
        29.31926,
        35.33614,
        29.31926,
        35.5409,
        29.33973,
        35.72774,
        29.34613,
        35.92611,
        24.34738,
        40.33488,
        20.65911,
        47.67752,
        20.65911,
        53.89204,
        20.65911,
        57.4165,
        21.85249,
        59.92355,
        23.79069,
        61.19884,
        21.61765,
        59.87108,
        12.91847,
        54.59463,
        11.33605,
        53.63545,
        11.24902,
        53.58746,
        11.1684,
        53.53371,
        11.08457,
        53.48251,
        11.08137,
        53.4806,
        9.07023,
        52.23347,
        7.82694,
        49.68994,
        7.82694,
        46.08933,
        7.8263,
        39.87353,
        11.51393,
        32.53154,
        16.51396,
        28.1234
      ],
      "segments": [
        1,
        4,
        4,
        4,
        2,
        4,
        4,
        2,
        4,
        4,
        2,
        4,
        4,
        4,
        4,
        4,
        4,
        4,
        4,
        4,
        4,
        4,
        4,
        4,
        4,
        4,
        4,
        4,
        4,
        4,
        4,
        4,
        4,
        4,
        4,
        4,
        4,
        4,
        4,
        4,
        4,
        4,
        4,
        2,
        4,
        4
      ]
    },
    {
      "type": "shape",
      "background": "#4990E2",
      "shadowColor": "#1ABC9C",
      "points": [
        29.34549,
        35.92611,
        29.33973,
        35.72582,
        29.31862,
        35.54026,
        29.31862,
        35.33486,
        29.31862,
        26.13849,
        35.81469,
        14.93354,
        43.82919,
        10.30656,
        50.79237,
        6.28683,
        56.60249,
        8.56224,
        58.00959,
        15.2554,
        59.42245,
        13.63458,
        61.00935,
        12.25436,
        62.6948,
        11.2811,
        67.30962,
        8.61663,
        71.22185,
        9.75946,
        72.6603,
        13.66209,
        73.70906,
        12.65812,
        74.8263,
        11.78788,
        75.99024,
        11.11537,
        78.80699,
        9.49071,
        81.35884,
        9.28915,
        83.25161,
        10.25793,
        83.85437,
        10.62394,
        83.86589,
        10.6329,
        83.87805,
        10.64122,
        83.88957,
        10.64954,
        85.54174,
        11.83396,
        86.55275,
        14.05498,
        86.55275,
        17.13857,
        86.55275,
        23.83172,
        81.82403,
        31.98956,
        75.99024,
        35.35725,
        32.32222,
        60.56855,
        32.32222,
        60.56727,
        29.19896,
        62.36278,
        26.37132,
        62.57586,
        24.27699,
        61.4887,
        24.25844,
        61.47783,
        24.2354,
        61.47015,
        24.21557,
        61.45927,
        24.13814,
        61.41192,
        23.99289,
        61.32105,
        23.78813,
        61.19628,
        21.85185,
        59.92228,
        20.65783,
        57.41458,
        20.65783,
        53.89076,
        20.65783,
        47.67624,
        24.3461,
        40.33488,
        29.34549,
        35.92611
      ],
      "segments": [
        1,
        4,
        4,
        4,
        4,
        4,
        4,
        4,
        2,
        4,
        4,
        4,
        2,
        2,
        4,
        4,
        4,
        4,
        4
      ]
    },
    {
      "type": "shape",
      "background": "#009687",
      "shadowColor": "#1ABC9C",
      "points": [
        56.00868,
        24.96751,
        59.33286,
        26.86283,
        47.38181,
        47.47787,
        44.01668,
        45.64973,
        56.00868,
        24.96751,
        56.00868,
        24.96751
      ]
    },
    {
      "type": "shape",
      "background": "#5d7a2a",
      "shadowColor": "#1ABC9C",
      "points": [
        53.53106,
        43.92718,
        53.53106,
        53.29631,
        50.16785,
        51.46817,
        50.16785,
        45.87049,
        53.53106,
        43.92718,
        53.53106,
        43.92718
      ]
    },
    {
      "type": "shape",
      "background": "#B8E986",
      "shadowColor": "#1ABC9C",
      "points": [
        47.38181,
        47.47787,
        59.37254,
        26.79501,
        71.36454,
        33.63149,
        65.21337,
        37.18283,
        65.21337,
        46.55133,
        53.53106,
        53.29631,
        53.53106,
        43.92718,
        47.38181,
        47.47787,
        47.38181,
        47.47787
      ]
    },
    {
      "type": "shape",
      "background": "#f0aa29",
      "shadowColor": "#1ABC9C",
      "points": [
        60.95304,
        53.63673,
        65.82061,
        50.82573,
        66.28837,
        50.55634,
        66.71389,
        50.54034,
        67.04855,
        50.71503,
        67.06198,
        50.70607,
        71.10539,
        53.00516,
        71.09963,
        53.01604,
        70.76689,
        52.85543,
        70.35289,
        52.87527,
        69.8941,
        53.14018,
        65.02716,
        55.95117,
        63.95216,
        56.57058,
        63.08256,
        58.23363,
        63.08256,
        59.66632,
        63.08256,
        64.52878,
        63.08256,
        65.25888,
        63.30908,
        65.7823,
        63.67317,
        66.04401,
        63.67189,
        66.04593,
        59.68096,
        63.78652,
        59.68224,
        63.775,
        59.27207,
        63.53632,
        59.00844,
        62.99626,
        59.00844,
        62.21561,
        59.00844,
        57.35251,
        59.00908,
        55.92174,
        59.87932,
        54.25741,
        60.95304,
        53.63673
      ],
      "segments": [
        1,
        2,
        4,
        2,
        2,
        2,
        4,
        2,
        4,
        2,
        4,
        2,
        2,
        2,
        4,
        2,
        4
      ]
    },
    {
      "type": "shape",
      "background": "#fdf48e",
      "shadowColor": "#1ABC9C",
      "points": [
        65.0278,
        65.99794,
        69.89474,
        63.18759,
        70.97101,
        62.56818,
        71.84061,
        60.90513,
        71.84061,
        59.4718,
        71.84061,
        54.60998,
        71.84061,
        53.17729,
        70.97101,
        52.51885,
        69.89474,
        53.13954,
        65.0278,
        55.94926,
        63.95344,
        56.56994,
        63.08192,
        58.23299,
        63.08192,
        59.66568,
        63.08192,
        64.52814,
        63.08192,
        65.96083,
        63.95408,
        66.61991,
        65.0278,
        65.99794
      ],
      "segments": [
        1,
        2,
        4,
        2,
        4,
        2,
        4,
        2,
        4
      ]
    },
    {
      "type": "shape",
      "background": "#bf4616",
      "shadowColor": "#1ABC9C",
      "points": [
        46.6677,
        61.97821,
        51.53464,
        59.16722,
        52.00303,
        58.89783,
        52.42727,
        58.88183,
        52.76257,
        59.05652,
        52.77536,
        59.04756,
        56.81941,
        61.34665,
        56.81429,
        61.35817,
        56.48155,
        61.19692,
        56.06627,
        61.21675,
        55.60876,
        61.48166,
        50.74118,
        64.29202,
        49.66618,
        64.91207,
        48.79595,
        66.57512,
        48.79595,
        68.00781,
        48.79595,
        72.87026,
        48.79595,
        73.59973,
        49.0231,
        74.12379,
        49.3872,
        74.3855,
        49.38528,
        74.38806,
        45.39498,
        72.128,
        45.39626,
        72.11712,
        44.98546,
        71.87845,
        44.72119,
        71.33775,
        44.72119,
        70.55773,
        44.72119,
        65.694,
        44.72183,
        64.26323,
        45.5927,
        62.59954,
        46.6677,
        61.97821
      ],
      "segments": [
        1,
        2,
        4,
        2,
        2,
        2,
        4,
        2,
        4,
        2,
        4,
        2,
        2,
        2,
        4,
        2,
        4
      ]
    },
    {
      "type": "shape",
      "background": "#ed714a",
      "shadowColor": "#1ABC9C",
      "points": [
        50.74182,
        74.34007,
        55.6094,
        71.52971,
        56.68376,
        70.90967,
        57.55463,
        69.24662,
        57.55463,
        67.81328,
        57.55463,
        62.95147,
        57.55463,
        61.51942,
        56.68376,
        60.8597,
        55.6094,
        61.48102,
        50.74182,
        64.29074,
        49.66746,
        64.91143,
        48.79595,
        66.57448,
        48.79595,
        68.00717,
        48.79595,
        72.86962,
        48.79595,
        74.30296,
        49.66746,
        74.96139,
        50.74182,
        74.34007
      ],
      "segments": [
        1,
        2,
        4,
        2,
        4,
        2,
        4,
        2,
        4
      ]
    },
    {
      "type": "shape",
      "background": "#1a638a",
      "shadowColor": "#1ABC9C",
      "points": [
        32.38108,
        70.32034,
        37.24866,
        67.50934,
        37.71641,
        67.24059,
        38.14193,
        67.22459,
        38.47659,
        67.39928,
        38.49003,
        67.38968,
        42.53343,
        69.68878,
        42.52831,
        69.70029,
        42.19494,
        69.53904,
        41.78093,
        69.55888,
        41.32278,
        69.82379,
        36.45585,
        72.63415,
        35.38149,
        73.25419,
        34.51061,
        74.9166,
        34.51061,
        76.35057,
        34.51061,
        81.21239,
        34.51061,
        81.94249,
        34.73777,
        82.46719,
        35.10186,
        82.72763,
        35.10058,
        82.73019,
        31.10964,
        80.47013,
        31.11156,
        80.45861,
        30.7014,
        80.22057,
        30.43713,
        79.68115,
        30.43713,
        78.89986,
        30.43713,
        74.03613,
        30.43649,
        72.60407,
        31.30609,
        70.94102,
        32.38108,
        70.32034
      ],
      "segments": [
        1,
        2,
        4,
        2,
        2,
        2,
        4,
        2,
        4,
        2,
        4,
        2,
        2,
        2,
        4,
        2,
        4
      ]
    },
    {
      "type": "shape",
      "background": "#448ecd",
      "shadowColor": "#1ABC9C",
      "points": [
        36.45521,
        82.68155,
        41.32214,
        79.8712,
        42.39714,
        79.25243,
        43.26738,
        77.5881,
        43.26738,
        76.15541,
        43.26738,
        71.2936,
        43.26738,
        69.8609,
        42.39714,
        69.20119,
        41.32214,
        69.82251,
        36.45521,
        72.63159,
        35.38149,
        73.25291,
        34.50997,
        74.91532,
        34.50997,
        76.34929,
        34.50997,
        81.21111,
        34.50997,
        82.6438,
        35.38149,
        83.30288,
        36.45521,
        82.68155
      ],
      "segments": [
        1,
        2,
        4,
        2,
        4,
        2,
        4,
        2,
        4
      ]
    },
    {
      "type": "shape",
      "background": "#009687",
      "shadowColor": "#1ABC9C",
      "points": [
        62.68712,
        69.79436,
        67.55341,
        66.984,
        68.0218,
        66.71333,
        68.44668,
        66.69861,
        68.78134,
        66.87202,
        68.7935,
        66.86306,
        72.83819,
        69.16215,
        72.83243,
        69.17303,
        72.50097,
        69.01178,
        72.08569,
        69.0329,
        71.62689,
        69.29717,
        66.75996,
        72.10752,
        65.6856,
        72.72821,
        64.81472,
        74.39062,
        64.81472,
        75.82395,
        64.81472,
        80.68577,
        64.81472,
        81.41587,
        65.04252,
        81.94057,
        65.40597,
        82.20228,
        65.40341,
        82.20356,
        61.41504,
        79.9435,
        61.41631,
        79.93199,
        61.00487,
        79.69395,
        60.74124,
        79.15453,
        60.74124,
        78.37388,
        60.74124,
        73.51078,
        60.74188,
        72.07809,
        61.61212,
        70.4144,
        62.68712,
        69.79436
      ],
      "segments": [
        1,
        2,
        4,
        2,
        2,
        2,
        4,
        2,
        4,
        2,
        4,
        2,
        2,
        2,
        4,
        2,
        4
      ]
    },
    {
      "type": "shape",
      "background": "#B8E986",
      "shadowColor": "#1ABC9C",
      "points": [
        66.7606,
        82.15621,
        71.62753,
        79.34522,
        72.70317,
        78.72645,
        73.57341,
        77.06212,
        73.57341,
        75.62943,
        73.57341,
        70.76761,
        73.57341,
        69.33556,
        72.70317,
        68.6752,
        71.62753,
        69.29653,
        66.7606,
        72.10561,
        65.68752,
        72.72757,
        64.81536,
        74.38998,
        64.81536,
        75.82331,
        64.81536,
        80.68513,
        64.81536,
        82.11782,
        65.68816,
        82.77626,
        66.7606,
        82.15621
      ],
      "segments": [
        1,
        2,
        4,
        2,
        4,
        2,
        4,
        2,
        4
      ]
    },
    {
      "type": "shape",
      "background": "#ea893e",
      "shadowColor": "#1ABC9C",
      "points": [
        48.4005,
        78.13584,
        53.26743,
        75.32485,
        53.73519,
        75.05418,
        54.16007,
        75.0401,
        54.49472,
        75.21351,
        54.50624,
        75.20519,
        58.55093,
        77.50428,
        58.54581,
        77.51452,
        58.21435,
        77.35455,
        57.79907,
        77.37438,
        57.34027,
        77.63801,
        52.47462,
        80.44901,
        51.39898,
        81.06905,
        50.52874,
        82.73211,
        50.52874,
        84.16544,
        50.52874,
        89.02725,
        50.52874,
        89.75736,
        50.75654,
        90.28206,
        51.11935,
        90.54377,
        51.11807,
        90.54633,
        47.12778,
        88.28563,
        47.12906,
        88.27411,
        46.71889,
        88.03544,
        46.45462,
        87.49602,
        46.45462,
        86.71472,
        46.45462,
        81.85227,
        46.45526,
        80.42022,
        47.32614,
        78.75717,
        48.4005,
        78.13584
      ],
      "segments": [
        1,
        2,
        4,
        2,
        2,
        2,
        4,
        2,
        4,
        2,
        4,
        2,
        2,
        2,
        4,
        2,
        4
      ]
    },
    {
      "type": "shape",
      "background": "#f3b044",
      "shadowColor": "#1ABC9C",
      "points": [
        52.47526,
        90.4977,
        57.34091,
        87.6867,
        58.41591,
        87.06794,
        59.28615,
        85.40361,
        59.28615,
        83.97219,
        59.28615,
        79.10846,
        59.28615,
        77.67769,
        58.41591,
        77.01733,
        57.34091,
        77.63865,
        52.47526,
        80.44709,
        51.40154,
        81.06842,
        50.52938,
        82.73147,
        50.52938,
        84.1648,
        50.52938,
        89.02661,
        50.52938,
        90.45995,
        51.40154,
        91.11774,
        52.47526,
        90.4977
      ],
      "segments": [
        1,
        2,
        4,
        2,
        4,
        2,
        4,
        2,
        4
      ]
    },
    {
      "type": "shape",
      "background": "#c09a84",
      "shadowColor": "#1ABC9C",
      "points": [
        34.11388,
        86.47733,
        38.98082,
        83.66697,
        39.44921,
        83.39694,
        39.87409,
        83.38158,
        40.20939,
        83.55563,
        40.22154,
        83.54667,
        44.26623,
        85.84576,
        44.26111,
        85.856,
        43.92965,
        85.69603,
        43.51373,
        85.71587,
        43.05558,
        85.98014,
        38.18928,
        88.7905,
        37.11428,
        89.41118,
        36.24341,
        91.07487,
        36.24341,
        92.50692,
        36.24341,
        97.36874,
        36.24341,
        98.09884,
        36.4712,
        98.62354,
        36.83466,
        98.88526,
        36.8321,
        98.88781,
        32.84372,
        96.62712,
        32.845,
        96.6156,
        32.43356,
        96.37692,
        32.16992,
        95.8375,
        32.16992,
        95.05685,
        32.16992,
        90.19439,
        32.16928,
        88.7617,
        33.03952,
        87.09865,
        34.11388,
        86.47733
      ],
      "segments": [
        1,
        2,
        4,
        2,
        2,
        2,
        4,
        2,
        4,
        2,
        4,
        2,
        2,
        2,
        4,
        2,
        4
      ]
    },
    {
      "type": "shape",
      "background": "#eadbca",
      "shadowColor": "#1ABC9C",
      "points": [
        38.18864,
        98.83918,
        43.05494,
        96.02819,
        44.12994,
        95.40942,
        45.00017,
        93.74509,
        45.00017,
        92.31368,
        45.00017,
        87.44995,
        45.00017,
        86.01853,
        44.12994,
        85.35946,
        43.05494,
        85.98078,
        38.18864,
        88.78858,
        37.11492,
        89.41054,
        36.24277,
        91.07423,
        36.24277,
        92.50628,
        36.24277,
        97.3681,
        36.24277,
        98.80143,
        37.11492,
        99.45923,
        38.18864,
        98.83918
      ],
      "segments": [
        1,
        2,
        4,
        2,
        4,
        2,
        4,
        2,
        4
      ]
    }
  ]
}