{
  "width": 100,
  "height": 100,
  "comps": [
    {
      "type": "shape",
      "background": "#929395",
      "shadowColor": "#1ABC9C",
      "points": [
        95.41238,
        67.41241,
        43.7102,
        97.2627,
        42.75337,
        97.81456,
        41.06719,
        97.74477,
        39.96346,
        97.10804,
        5.706,
        77.32919,
        4.60227,
        76.69203,
        4.48078,
        75.71797,
        5.43761,
        75.16567,
        57.13893,
        45.31625,
        58.09575,
        44.76395,
        59.78194,
        44.83331,
        60.88653,
        45.47091,
        95.14355,
        65.24933,
        96.24685,
        65.88692,
        96.36834,
        66.86012,
        95.41238,
        67.41241
      ],
      "segments": [
        1,
        2,
        4,
        2,
        4,
        2,
        4,
        2,
        4
      ]
    },
    {
      "type": "shape",
      "background": "#29292b",
      "shadowColor": "#1ABC9C",
      "points": [
        56.93731,
        1.27255,
        16.14363,
        24.82528,
        5.5074,
        30.96602,
        4.47561,
        31.56183,
        3.63166,
        33.01667,
        3.63166,
        34.19967,
        3.63166,
        74.09167,
        3.63166,
        75.2751,
        4.47561,
        75.75588,
        5.5074,
        75.16007,
        56.93774,
        45.46703,
        57.09068,
        45.37872,
        57.23887,
        45.26929,
        57.3819,
        45.14651,
        58.19958,
        44.443,
        58.81219,
        43.24062,
        58.81219,
        42.23339,
        58.81219,
        2.34139,
        58.81219,
        1.15882,
        57.96823,
        0.67718,
        56.93731,
        1.27255
      ],
      "segments": [
        1,
        2,
        2,
        4,
        2,
        4,
        2,
        4,
        4,
        2,
        4
      ]
    },
    {
      "type": "shape",
      "background": "#6d6e70",
      "shadowColor": "#1ABC9C",
      "points": [
        96.05342,
        66.53227,
        96.03059,
        66.86356,
        95.82121,
        67.17676,
        95.41238,
        67.41241,
        43.7102,
        97.2627,
        42.75337,
        97.81456,
        41.06719,
        97.74477,
        39.96346,
        97.10718,
        5.70686,
        77.32919,
        5.18602,
        77.02849,
        4.8866,
        76.65326,
        4.81337,
        76.28276,
        4.78709,
        77.05348,
        4.91331,
        78.38338,
        5.69954,
        78.83659,
        39.95656,
        98.61501,
        41.06029,
        99.2526,
        42.74777,
        99.32282,
        43.7033,
        98.77053,
        95.40548,
        68.92024,
        96.14604,
        68.49202,
        96.1301,
        67.20778,
        96.05342,
        66.53227
      ],
      "segments": [
        1,
        4,
        2,
        4,
        2,
        4,
        4,
        2,
        4,
        2,
        4
      ]
    },
    {
      "type": "shape",
      "background": "#6d6e70",
      "shadowColor": "#1ABC9C",
      "points": [
        4.91344,
        75.65987,
        4.89912,
        75.66703,
        4.8848,
        75.68851,
        4.86571,
        75.75057,
        4.849,
        75.79115,
        4.87048,
        75.7458,
        4.89435,
        75.70283,
        4.91344,
        75.65987
      ],
      "segments": [
        1,
        2,
        4,
        4
      ]
    },
    {
      "type": "shape",
      "background": "#3e3f41",
      "shadowColor": "#1ABC9C",
      "points": [
        20.89588,
        80.46634,
        19.20538,
        79.49013,
        19.01367,
        79.37898,
        18.99256,
        79.21183,
        19.15929,
        79.11576,
        21.1298,
        77.97799,
        21.29567,
        77.88149,
        21.58689,
        77.89398,
        21.77774,
        78.0047,
        23.46909,
        78.98134,
        23.6608,
        79.09163,
        23.68191,
        79.25965,
        23.51519,
        79.35572,
        21.54467,
        80.49348,
        21.37881,
        80.58912,
        21.08845,
        80.57706,
        20.89588,
        80.46634
      ],
      "segments": [
        1,
        2,
        4,
        2,
        4,
        2,
        4,
        2,
        4
      ]
    },
    {
      "type": "shape",
      "background": "#3e3f41",
      "shadowColor": "#1ABC9C",
      "points": [
        24.00502,
        78.67116,
        22.31453,
        77.69495,
        22.12196,
        77.5838,
        22.10171,
        77.41622,
        22.26757,
        77.32058,
        24.23809,
        76.18281,
        24.40481,
        76.08631,
        24.69518,
        76.0988,
        24.88689,
        76.20909,
        26.57824,
        77.18573,
        26.76909,
        77.29688,
        26.7902,
        77.46447,
        26.62434,
        77.56011,
        24.65382,
        78.69787,
        24.48709,
        78.79437,
        24.19673,
        78.78188,
        24.00502,
        78.67116
      ],
      "segments": [
        1,
        2,
        4,
        2,
        4,
        2,
        4,
        2,
        4
      ]
    },
    {
      "type": "shape",
      "background": "#3e3f41",
      "shadowColor": "#1ABC9C",
      "points": [
        17.88883,
        78.80004,
        17.0759,
        78.29784,
        16.8816,
        78.17782,
        16.86049,
        77.99596,
        17.02894,
        77.89211,
        19.03823,
        76.64907,
        19.20668,
        76.54521,
        19.50006,
        76.55814,
        19.69349,
        76.67769,
        20.50729,
        77.18081,
        20.70072,
        77.30082,
        20.72183,
        77.48222,
        20.55424,
        77.58654,
        18.54409,
        78.82911,
        18.37608,
        78.93343,
        18.08227,
        78.92051,
        17.88883,
        78.80004
      ],
      "segments": [
        1,
        2,
        4,
        2,
        4,
        2,
        4,
        2,
        4
      ]
    },
    {
      "type": "shape",
      "background": "#3e3f41",
      "shadowColor": "#1ABC9C",
      "points": [
        20.94628,
        77.03547,
        20.13334,
        76.53281,
        19.93905,
        76.4128,
        19.91794,
        76.23094,
        20.08639,
        76.12708,
        22.09568,
        74.88405,
        22.26412,
        74.78019,
        22.5575,
        74.79312,
        22.75094,
        74.91267,
        23.56473,
        75.41579,
        23.75817,
        75.5358,
        23.77928,
        75.7172,
        23.61083,
        75.82152,
        21.60154,
        77.06455,
        21.43352,
        77.16841,
        21.14014,
        77.15502,
        20.94628,
        77.03547
      ],
      "segments": [
        1,
        2,
        4,
        2,
        4,
        2,
        4,
        2,
        4
      ]
    },
    {
      "type": "shape",
      "background": "#3e3f41",
      "shadowColor": "#1ABC9C",
      "points": [
        24.0033,
        75.27002,
        23.19036,
        74.76736,
        22.99693,
        74.64735,
        22.97582,
        74.46549,
        23.1434,
        74.36163,
        25.15356,
        73.11859,
        25.322,
        73.01474,
        25.61452,
        73.02766,
        25.80882,
        73.14721,
        26.62175,
        73.65034,
        26.81605,
        73.77035,
        26.83715,
        73.95221,
        26.66871,
        74.05606,
        24.65942,
        75.2991,
        24.4914,
        75.40296,
        24.19759,
        75.39003,
        24.0033,
        75.27002
      ],
      "segments": [
        1,
        2,
        4,
        2,
        4,
        2,
        4,
        2,
        4
      ]
    },
    {
      "type": "shape",
      "background": "#3e3f41",
      "shadowColor": "#1ABC9C",
      "points": [
        27.06118,
        73.50457,
        26.24824,
        73.00191,
        26.05481,
        72.8819,
        26.0337,
        72.70003,
        26.20128,
        72.59618,
        28.21143,
        71.35314,
        28.37902,
        71.24929,
        28.6724,
        71.26221,
        28.86669,
        71.38176,
        29.67963,
        71.88488,
        29.87392,
        72.00489,
        29.89503,
        72.18676,
        29.72659,
        72.29061,
        27.7173,
        73.53365,
        27.54928,
        73.6375,
        27.25547,
        73.62458,
        27.06118,
        73.50457
      ],
      "segments": [
        1,
        2,
        4,
        2,
        4,
        2,
        4,
        2,
        4
      ]
    },
    {
      "type": "shape",
      "background": "#3e3f41",
      "shadowColor": "#1ABC9C",
      "points": [
        30.11862,
        71.73955,
        29.30569,
        71.23689,
        29.11139,
        71.11687,
        29.09028,
        70.93501,
        29.25873,
        70.83116,
        31.26888,
        69.58812,
        31.43647,
        69.48426,
        31.72985,
        69.49719,
        31.92414,
        69.61674,
        32.73708,
        70.11986,
        32.93051,
        70.23987,
        32.95162,
        70.42173,
        32.78403,
        70.52559,
        30.77388,
        71.76863,
        30.60673,
        71.87248,
        30.31249,
        71.8591,
        30.11862,
        71.73955
      ],
      "segments": [
        1,
        2,
        4,
        2,
        4,
        2,
        4,
        2,
        4
      ]
    },
    {
      "type": "shape",
      "background": "#3e3f41",
      "shadowColor": "#1ABC9C",
      "points": [
        33.1765,
        69.97409,
        32.36357,
        69.47143,
        32.16927,
        69.35142,
        32.14816,
        69.16956,
        32.31661,
        69.0657,
        34.3259,
        67.82267,
        34.49434,
        67.71881,
        34.78772,
        67.73174,
        34.98202,
        67.85128,
        35.79495,
        68.35441,
        35.98839,
        68.47442,
        36.0095,
        68.65628,
        35.84191,
        68.76014,
        33.83176,
        70.00317,
        33.66374,
        70.10703,
        33.36993,
        70.0941,
        33.1765,
        69.97409
      ],
      "segments": [
        1,
        2,
        4,
        2,
        4,
        2,
        4,
        2,
        4
      ]
    },
    {
      "type": "shape",
      "background": "#3e3f41",
      "shadowColor": "#1ABC9C",
      "points": [
        36.23438,
        68.20864,
        35.42058,
        67.70598,
        35.22715,
        67.58597,
        35.20604,
        67.40411,
        35.37449,
        67.30025,
        37.38378,
        66.05721,
        37.55222,
        65.95336,
        37.84474,
        65.96628,
        38.03904,
        66.08583,
        38.85283,
        66.58895,
        39.04627,
        66.70897,
        39.06737,
        66.89083,
        38.89893,
        66.99468,
        36.88964,
        68.23772,
        36.72162,
        68.34158,
        36.42781,
        68.32911,
        36.23438,
        68.20864
      ],
      "segments": [
        1,
        2,
        4,
        2,
        4,
        2,
        4,
        2,
        4
      ]
    },
    {
      "type": "shape",
      "background": "#3e3f41",
      "shadowColor": "#1ABC9C",
      "points": [
        39.29096,
        66.44362,
        38.47803,
        65.94096,
        38.2846,
        65.82095,
        38.26349,
        65.63908,
        38.43107,
        65.53523,
        40.44122,
        64.29219,
        40.60967,
        64.18834,
        40.90219,
        64.20126,
        41.09648,
        64.32127,
        41.90942,
        64.82393,
        42.10371,
        64.94394,
        42.12482,
        65.12581,
        41.95638,
        65.22966,
        39.94709,
        66.4727,
        39.77907,
        66.57655,
        39.48569,
        66.56363,
        39.29096,
        66.44362
      ],
      "segments": [
        1,
        2,
        4,
        2,
        4,
        2,
        4,
        2,
        4
      ]
    },
    {
      "type": "shape",
      "background": "#3e3f41",
      "shadowColor": "#1ABC9C",
      "points": [
        42.34884,
        64.67817,
        41.53591,
        64.1755,
        41.34247,
        64.05549,
        41.32136,
        63.87363,
        41.48895,
        63.76978,
        43.4991,
        62.52674,
        43.66669,
        62.42288,
        43.96007,
        62.43581,
        44.15436,
        62.55628,
        44.9673,
        63.05894,
        45.16073,
        63.17895,
        45.1827,
        63.36082,
        45.01425,
        63.46467,
        43.0041,
        64.70771,
        42.83695,
        64.8111,
        42.54314,
        64.79864,
        42.34884,
        64.67817
      ],
      "segments": [
        1,
        2,
        4,
        2,
        4,
        2,
        4,
        2,
        4
      ]
    },
    {
      "type": "shape",
      "background": "#3e3f41",
      "shadowColor": "#1ABC9C",
      "points": [
        45.40672,
        62.91317,
        44.59379,
        62.41005,
        44.40035,
        62.29004,
        44.37838,
        62.10818,
        44.54683,
        62.00432,
        46.55698,
        60.76129,
        46.72456,
        60.65743,
        47.01794,
        60.67082,
        47.21181,
        60.79083,
        48.02474,
        61.29349,
        48.21904,
        61.4135,
        48.24015,
        61.5949,
        48.07256,
        61.69922,
        46.06241,
        62.94225,
        45.89396,
        63.04565,
        45.60015,
        63.03319,
        45.40672,
        62.91317
      ],
      "segments": [
        1,
        2,
        4,
        2,
        4,
        2,
        4,
        2,
        4
      ]
    },
    {
      "type": "shape",
      "background": "#3e3f41",
      "shadowColor": "#1ABC9C",
      "points": [
        48.46417,
        61.14796,
        47.65123,
        60.64494,
        47.45694,
        60.52495,
        47.43583,
        60.34312,
        47.60427,
        60.23929,
        49.61356,
        58.99649,
        49.78201,
        58.89219,
        50.07539,
        58.90604,
        50.26882,
        59.02556,
        51.08176,
        59.52813,
        51.27605,
        59.64812,
        51.29716,
        59.82948,
        51.12958,
        59.93378,
        49.11943,
        61.17658,
        48.95141,
        61.28041,
        48.65803,
        61.26749,
        48.46417,
        61.14796
      ],
      "segments": [
        1,
        2,
        4,
        2,
        4,
        2,
        4,
        2,
        4
      ]
    },
    {
      "type": "shape",
      "background": "#3e3f41",
      "shadowColor": "#1ABC9C",
      "points": [
        51.52205,
        59.38251,
        50.70825,
        58.87948,
        50.51482,
        58.75904,
        50.49371,
        58.57767,
        50.66215,
        58.47383,
        52.67144,
        57.23104,
        52.83989,
        57.12674,
        53.13327,
        57.14058,
        53.3267,
        57.26057,
        54.13964,
        57.76314,
        54.33393,
        57.88312,
        54.35504,
        58.06449,
        54.1866,
        58.16879,
        52.17644,
        59.41158,
        52.00929,
        59.51496,
        51.71548,
        59.5025,
        51.52205,
        59.38251
      ],
      "segments": [
        1,
        2,
        4,
        2,
        4,
        2,
        4,
        2,
        4
      ]
    },
    {
      "type": "shape",
      "background": "#3e3f41",
      "shadowColor": "#1ABC9C",
      "points": [
        54.57906,
        57.61725,
        53.76613,
        57.11412,
        53.57269,
        56.99411,
        53.55158,
        56.81271,
        53.71917,
        56.70839,
        55.72932,
        55.46582,
        55.89691,
        55.3615,
        56.19029,
        55.37489,
        56.38415,
        55.49444,
        57.19795,
        55.9971,
        57.39138,
        56.11711,
        57.41335,
        56.29897,
        57.24491,
        56.40283,
        55.23475,
        57.64586,
        55.06717,
        57.74972,
        54.77336,
        57.73726,
        54.57906,
        57.61725
      ],
      "segments": [
        1,
        2,
        4,
        2,
        4,
        2,
        4,
        2,
        4
      ]
    },
    {
      "type": "shape",
      "background": "#3e3f41",
      "shadowColor": "#1ABC9C",
      "points": [
        57.63651,
        55.85222,
        56.82357,
        55.3491,
        56.62928,
        55.22909,
        56.60817,
        55.04769,
        56.77662,
        54.94337,
        58.78591,
        53.7008,
        58.95435,
        53.59648,
        59.24773,
        53.60987,
        59.44117,
        53.73034,
        60.25496,
        54.23254,
        60.4484,
        54.35255,
        60.46951,
        54.53441,
        60.30192,
        54.63827,
        58.29177,
        55.8813,
        58.12462,
        55.9847,
        57.83037,
        55.97177,
        57.63651,
        55.85222
      ],
      "segments": [
        1,
        2,
        4,
        2,
        4,
        2,
        4,
        2,
        4
      ]
    },
    {
      "type": "shape",
      "background": "#3e3f41",
      "shadowColor": "#1ABC9C",
      "points": [
        60.69439,
        54.08696,
        59.88145,
        53.58374,
        59.68716,
        53.46371,
        59.66605,
        53.28227,
        59.83449,
        53.17793,
        61.84378,
        51.93512,
        62.01223,
        51.83124,
        62.30561,
        51.84417,
        62.49904,
        51.96467,
        63.31284,
        52.46696,
        63.50627,
        52.58746,
        63.52738,
        52.76889,
        63.35894,
        52.87277,
        61.34965,
        54.11605,
        61.18163,
        54.21946,
        60.88782,
        54.207,
        60.69439,
        54.08696
      ],
      "segments": [
        1,
        2,
        4,
        2,
        4,
        2,
        4,
        2,
        4
      ]
    },
    {
      "type": "shape",
      "background": "#3e3f41",
      "shadowColor": "#1ABC9C",
      "points": [
        26.99397,
        76.9462,
        25.30262,
        75.96956,
        25.11091,
        75.85928,
        25.0898,
        75.69126,
        25.25652,
        75.59519,
        27.22704,
        74.45742,
        27.39376,
        74.36135,
        27.68412,
        74.37342,
        27.87583,
        74.48413,
        29.56633,
        75.46035,
        29.75804,
        75.5715,
        29.77915,
        75.73865,
        29.61242,
        75.83515,
        27.64277,
        76.97248,
        27.47604,
        77.06899,
        27.18568,
        77.05649,
        26.99397,
        76.9462
      ],
      "segments": [
        1,
        2,
        4,
        2,
        4,
        2,
        4,
        2,
        4
      ]
    },
    {
      "type": "shape",
      "background": "#3e3f41",
      "shadowColor": "#1ABC9C",
      "points": [
        29.98163,
        75.22082,
        28.29113,
        74.24461,
        28.09942,
        74.13346,
        28.07831,
        73.96587,
        28.24504,
        73.87023,
        30.21555,
        72.73247,
        30.38142,
        72.63597,
        30.67178,
        72.64846,
        30.86349,
        72.75875,
        32.55484,
        73.73496,
        32.74655,
        73.84654,
        32.76766,
        74.01369,
        32.60094,
        74.10976,
        30.63042,
        75.24753,
        30.46456,
        75.3436,
        30.17334,
        75.33153,
        29.98163,
        75.22082
      ],
      "segments": [
        1,
        2,
        4,
        2,
        4,
        2,
        4,
        2,
        4
      ]
    },
    {
      "type": "shape",
      "background": "#3e3f41",
      "shadowColor": "#1ABC9C",
      "points": [
        32.97057,
        73.49543,
        31.28008,
        72.51879,
        31.08751,
        72.40807,
        31.06726,
        72.24048,
        31.23312,
        72.14441,
        33.20364,
        71.00665,
        33.37036,
        70.91058,
        33.66073,
        70.92264,
        33.85244,
        71.03336,
        35.54293,
        72.00957,
        35.73464,
        72.12072,
        35.75575,
        72.28787,
        35.58989,
        72.38437,
        33.61937,
        73.52171,
        33.45265,
        73.61778,
        33.16228,
        73.60615,
        32.97057,
        73.49543
      ],
      "segments": [
        1,
        2,
        4,
        2,
        4,
        2,
        4,
        2,
        4
      ]
    },
    {
      "type": "shape",
      "background": "#3e3f41",
      "shadowColor": "#1ABC9C",
      "points": [
        35.95823,
        71.77004,
        34.26774,
        70.79383,
        34.07603,
        70.68268,
        34.05492,
        70.5151,
        34.22164,
        70.41946,
        36.19216,
        69.28126,
        36.35802,
        69.18519,
        36.64925,
        69.19768,
        36.8401,
        69.30797,
        38.53145,
        70.28461,
        38.72316,
        70.39533,
        38.74427,
        70.56335,
        38.57755,
        70.65942,
        36.60703,
        71.79718,
        36.44117,
        71.89282,
        36.1508,
        71.88076,
        35.95823,
        71.77004
      ],
      "segments": [
        1,
        2,
        4,
        2,
        4,
        2,
        4,
        2,
        4
      ]
    },
    {
      "type": "shape",
      "background": "#3e3f41",
      "shadowColor": "#1ABC9C",
      "points": [
        38.94718,
        70.04465,
        37.25669,
        69.06801,
        37.06498,
        68.95729,
        37.04387,
        68.79014,
        37.21059,
        68.69364,
        39.18025,
        67.55587,
        39.34697,
        67.4598,
        39.63733,
        67.47187,
        39.82991,
        67.58258,
        41.5204,
        68.5588,
        41.71125,
        68.66994,
        41.73322,
        68.8371,
        41.56649,
        68.9336,
        39.59598,
        70.07093,
        39.42925,
        70.167,
        39.13889,
        70.15537,
        38.94718,
        70.04465
      ],
      "segments": [
        1,
        2,
        4,
        2,
        4,
        2,
        4,
        2,
        4
      ]
    },
    {
      "type": "shape",
      "background": "#3e3f41",
      "shadowColor": "#1ABC9C",
      "points": [
        41.9357,
        68.31927,
        40.24521,
        67.34262,
        40.05263,
        67.23191,
        40.03239,
        67.06432,
        40.19825,
        66.96868,
        42.16876,
        65.83049,
        42.33549,
        65.73398,
        42.62585,
        65.74691,
        42.81756,
        65.85677,
        44.50805,
        66.83341,
        44.69976,
        66.94456,
        44.72087,
        67.11257,
        44.55501,
        67.20821,
        42.58449,
        68.34555,
        42.41777,
        68.44205,
        42.12741,
        68.42998,
        41.9357,
        68.31927
      ],
      "segments": [
        1,
        2,
        4,
        2,
        4,
        2,
        4,
        2,
        4
      ]
    },
    {
      "type": "shape",
      "background": "#3e3f41",
      "shadowColor": "#1ABC9C",
      "points": [
        44.92378,
        66.59345,
        43.23329,
        65.61724,
        43.04158,
        65.50652,
        43.02047,
        65.33893,
        43.1872,
        65.24286,
        45.15771,
        64.1051,
        45.32357,
        64.00903,
        45.61394,
        64.02109,
        45.80565,
        64.13181,
        47.497,
        65.10802,
        47.68871,
        65.21917,
        47.70982,
        65.38632,
        47.5431,
        65.48282,
        45.57258,
        66.62016,
        45.40672,
        66.71623,
        45.11636,
        66.7046,
        44.92378,
        66.59345
      ],
      "segments": [
        1,
        2,
        4,
        2,
        4,
        2,
        4,
        2,
        4
      ]
    },
    {
      "type": "shape",
      "background": "#3e3f41",
      "shadowColor": "#1ABC9C",
      "points": [
        47.9123,
        64.86849,
        46.22181,
        63.89185,
        46.02924,
        63.78113,
        46.00899,
        63.61355,
        46.17485,
        63.51791,
        48.14537,
        62.37971,
        48.31209,
        62.28321,
        48.60246,
        62.2957,
        48.79417,
        62.40599,
        50.48552,
        63.38263,
        50.67637,
        63.49378,
        50.69748,
        63.66137,
        50.53162,
        63.75744,
        48.5611,
        64.89477,
        48.39438,
        64.9917,
        48.10401,
        64.97878,
        47.9123,
        64.86849
      ],
      "segments": [
        1,
        2,
        4,
        2,
        4,
        2,
        4,
        2,
        4
      ]
    },
    {
      "type": "shape",
      "background": "#3e3f41",
      "shadowColor": "#1ABC9C",
      "points": [
        50.90039,
        63.1431,
        49.2099,
        62.16689,
        49.01819,
        62.05617,
        48.99708,
        61.88859,
        49.1638,
        61.79252,
        51.13432,
        60.65475,
        51.30104,
        60.55868,
        51.59141,
        60.57075,
        51.78312,
        60.68146,
        53.47361,
        61.65768,
        53.66532,
        61.76839,
        53.68643,
        61.93598,
        53.5197,
        62.03205,
        51.55005,
        63.16981,
        51.38333,
        63.26588,
        51.09296,
        63.25382,
        50.90039,
        63.1431
      ],
      "segments": [
        1,
        2,
        4,
        2,
        4,
        2,
        4,
        2,
        4
      ]
    },
    {
      "type": "shape",
      "background": "#3e3f41",
      "shadowColor": "#1ABC9C",
      "points": [
        27.66172,
        79.94937,
        25.97123,
        78.97316,
        25.77952,
        78.86244,
        25.75841,
        78.69443,
        25.92513,
        78.59879,
        27.89479,
        77.46102,
        28.06151,
        77.36495,
        28.35188,
        77.37701,
        28.54359,
        77.48773,
        30.23494,
        78.46394,
        30.42579,
        78.57509,
        30.44776,
        78.74268,
        30.28104,
        78.83832,
        28.31052,
        79.97608,
        28.1438,
        80.07215,
        27.85386,
        80.06052,
        27.66172,
        79.94937
      ],
      "segments": [
        1,
        2,
        4,
        2,
        4,
        2,
        4,
        2,
        4
      ]
    },
    {
      "type": "shape",
      "background": "#3e3f41",
      "shadowColor": "#1ABC9C",
      "points": [
        31.22795,
        81.28057,
        29.53746,
        80.30436,
        29.34489,
        80.19364,
        29.32464,
        80.02562,
        29.4905,
        79.92998,
        31.46102,
        78.79222,
        31.62774,
        78.69615,
        31.91811,
        78.70821,
        32.10982,
        78.81893,
        33.80031,
        79.79514,
        33.99202,
        79.90629,
        34.01313,
        80.07344,
        33.84727,
        80.16951,
        31.87675,
        81.30728,
        31.71003,
        81.40335,
        31.41966,
        81.39172,
        31.22795,
        81.28057
      ],
      "segments": [
        1,
        2,
        4,
        2,
        4,
        2,
        4,
        2,
        4
      ]
    },
    {
      "type": "shape",
      "background": "#3e3f41",
      "shadowColor": "#1ABC9C",
      "points": [
        34.263,
        79.52847,
        32.57251,
        78.55226,
        32.3808,
        78.44154,
        32.35969,
        78.27396,
        32.52641,
        78.17789,
        34.49607,
        77.03969,
        34.66279,
        76.94362,
        34.95315,
        76.95611,
        35.14486,
        77.06726,
        36.83622,
        78.04304,
        37.02793,
        78.15419,
        37.04904,
        78.32178,
        36.88231,
        78.41828,
        34.9118,
        79.55518,
        34.74507,
        79.65125,
        34.45471,
        79.63919,
        34.263,
        79.52847
      ],
      "segments": [
        1,
        2,
        4,
        2,
        4,
        2,
        4,
        2,
        4
      ]
    },
    {
      "type": "shape",
      "background": "#3e3f41",
      "shadowColor": "#1ABC9C",
      "points": [
        37.29761,
        77.77594,
        35.60712,
        76.79973,
        35.41541,
        76.68858,
        35.3943,
        76.521,
        35.56103,
        76.42536,
        37.53154,
        75.28759,
        37.6974,
        75.19109,
        37.98777,
        75.20358,
        38.17948,
        75.3143,
        39.87083,
        76.29095,
        40.06254,
        76.40209,
        40.08365,
        76.56925,
        39.91693,
        76.66532,
        37.94641,
        77.80308,
        37.78098,
        77.89915,
        37.48975,
        77.88666,
        37.29761,
        77.77594
      ],
      "segments": [
        1,
        2,
        4,
        2,
        4,
        2,
        4,
        2,
        4
      ]
    },
    {
      "type": "shape",
      "background": "#3e3f41",
      "shadowColor": "#1ABC9C",
      "points": [
        40.33266,
        76.02384,
        38.64217,
        75.0472,
        38.45046,
        74.93648,
        38.42935,
        74.76933,
        38.59607,
        74.67283,
        40.56573,
        73.53506,
        40.73245,
        73.43899,
        41.02325,
        73.45106,
        41.21452,
        73.56177,
        42.90588,
        74.53799,
        43.09759,
        74.64913,
        43.1187,
        74.81629,
        42.95197,
        74.91279,
        40.98146,
        76.05012,
        40.8156,
        76.14619,
        40.52566,
        76.13456,
        40.33266,
        76.02384
      ],
      "segments": [
        1,
        2,
        4,
        2,
        4,
        2,
        4,
        2,
        4
      ]
    },
    {
      "type": "shape",
      "background": "#3e3f41",
      "shadowColor": "#1ABC9C",
      "points": [
        43.36857,
        74.27175,
        41.67721,
        73.2951,
        41.4855,
        73.18439,
        41.46525,
        73.0168,
        41.63112,
        72.92116,
        43.60163,
        71.78297,
        43.76836,
        71.68646,
        44.05872,
        71.69939,
        44.25043,
        71.80925,
        45.94092,
        72.78589,
        46.13263,
        72.89704,
        46.15374,
        73.06462,
        45.98745,
        73.16069,
        44.01779,
        74.29803,
        43.85064,
        74.39453,
        43.56071,
        74.38203,
        43.36857,
        74.27175
      ],
      "segments": [
        1,
        2,
        4,
        2,
        4,
        2,
        4,
        2,
        4
      ]
    },
    {
      "type": "shape",
      "background": "#3e3f41",
      "shadowColor": "#1ABC9C",
      "points": [
        46.40361,
        72.51879,
        44.71312,
        71.54257,
        44.52055,
        71.43186,
        44.5003,
        71.26427,
        44.66616,
        71.1682,
        46.63668,
        70.03044,
        46.8034,
        69.93437,
        47.09377,
        69.94643,
        47.28548,
        70.05715,
        48.97597,
        71.03336,
        49.16768,
        71.14451,
        49.18879,
        71.31209,
        49.02293,
        71.40773,
        47.05241,
        72.5455,
        46.88569,
        72.64157,
        46.59575,
        72.62994,
        46.40361,
        72.51879
      ],
      "segments": [
        1,
        2,
        4,
        2,
        4,
        2,
        4,
        2,
        4
      ]
    },
    {
      "type": "shape",
      "background": "#3e3f41",
      "shadowColor": "#1ABC9C",
      "points": [
        49.43866,
        70.76712,
        47.74816,
        69.79048,
        47.55559,
        69.67976,
        47.53535,
        69.51217,
        47.70121,
        69.4161,
        49.67172,
        68.27791,
        49.83759,
        68.18184,
        50.12881,
        68.19433,
        50.32052,
        68.30548,
        52.01188,
        69.28126,
        52.20272,
        69.39284,
        52.22383,
        69.55999,
        52.05797,
        69.6565,
        50.08745,
        70.79383,
        49.92073,
        70.88947,
        49.63037,
        70.87741,
        49.43866,
        70.76712
      ],
      "segments": [
        1,
        2,
        4,
        2,
        4,
        2,
        4,
        2,
        4
      ]
    },
    {
      "type": "shape",
      "background": "#3e3f41",
      "shadowColor": "#1ABC9C",
      "points": [
        52.4737,
        69.01416,
        50.78321,
        68.03795,
        50.5915,
        67.9268,
        50.57039,
        67.75965,
        50.73711,
        67.66358,
        52.70677,
        66.52581,
        52.87349,
        66.42931,
        53.16386,
        66.4418,
        53.35557,
        66.55252,
        55.04692,
        67.52916,
        55.23777,
        67.63945,
        55.25974,
        67.80747,
        55.09302,
        67.90354,
        53.1225,
        69.0413,
        52.95578,
        69.13737,
        52.66541,
        69.12531,
        52.4737,
        69.01416
      ],
      "segments": [
        1,
        2,
        4,
        2,
        4,
        2,
        4,
        2,
        4
      ]
    },
    {
      "type": "shape",
      "background": "#3e3f41",
      "shadowColor": "#1ABC9C",
      "points": [
        55.50875,
        67.26206,
        53.81825,
        66.28542,
        53.62655,
        66.17513,
        53.60544,
        66.00712,
        53.77216,
        65.91105,
        55.74181,
        64.77328,
        55.90854,
        64.67721,
        56.1989,
        64.68927,
        56.39061,
        64.80085,
        58.08197,
        65.77663,
        58.27368,
        65.88778,
        58.29479,
        66.05537,
        58.12806,
        66.15144,
        56.15754,
        67.28877,
        55.99168,
        67.38441,
        55.70132,
        67.37278,
        55.50875,
        67.26206
      ],
      "segments": [
        1,
        2,
        4,
        2,
        4,
        2,
        4,
        2,
        4
      ]
    },
    {
      "type": "shape",
      "background": "#3e3f41",
      "shadowColor": "#1ABC9C",
      "points": [
        58.54379,
        65.50996,
        56.8533,
        64.53375,
        56.66159,
        64.4226,
        56.64048,
        64.25545,
        56.8072,
        64.15938,
        58.77772,
        63.02118,
        58.94358,
        62.92511,
        59.23481,
        62.93761,
        59.42652,
        63.04746,
        61.11701,
        64.02411,
        61.30872,
        64.13482,
        61.32983,
        64.30284,
        61.16311,
        64.39891,
        59.19259,
        65.53624,
        59.02673,
        65.63274,
        58.73636,
        65.62068,
        58.54379,
        65.50996
      ],
      "segments": [
        1,
        2,
        4,
        2,
        4,
        2,
        4,
        2,
        4
      ]
    },
    {
      "type": "shape",
      "background": "#3e3f41",
      "shadowColor": "#1ABC9C",
      "points": [
        61.5797,
        63.75701,
        59.88835,
        62.78079,
        59.69664,
        62.67008,
        59.67639,
        62.50249,
        59.84225,
        62.40642,
        61.81277,
        61.26866,
        61.97863,
        61.17259,
        62.26985,
        61.18465,
        62.46156,
        61.29537,
        64.15206,
        62.27158,
        64.34377,
        62.38273,
        64.36488,
        62.55031,
        64.19815,
        62.64595,
        62.2285,
        63.78372,
        62.06177,
        63.88022,
        61.77141,
        63.86815,
        61.5797,
        63.75701
      ],
      "segments": [
        1,
        2,
        4,
        2,
        4,
        2,
        4,
        2,
        4
      ]
    },
    {
      "type": "shape",
      "background": "#3e3f41",
      "shadowColor": "#1ABC9C",
      "points": [
        35.73206,
        81.9914,
        34.04156,
        81.01476,
        33.84985,
        80.90447,
        33.82874,
        80.73689,
        33.99547,
        80.64082,
        35.96512,
        79.50262,
        36.13185,
        79.40655,
        36.42221,
        79.41905,
        36.61392,
        79.52933,
        38.30527,
        80.50554,
        38.49612,
        80.61669,
        38.51809,
        80.78428,
        38.35137,
        80.88035,
        36.38085,
        82.01768,
        36.21413,
        82.11418,
        35.92377,
        82.10169,
        35.73206,
        81.9914
      ],
      "segments": [
        1,
        2,
        4,
        2,
        4,
        2,
        4,
        2,
        4
      ]
    },
    {
      "type": "shape",
      "background": "#3e3f41",
      "shadowColor": "#1ABC9C",
      "points": [
        29.63482,
        85.51111,
        27.94433,
        84.5349,
        27.75176,
        84.42375,
        27.73151,
        84.25659,
        27.89737,
        84.16052,
        32.85684,
        81.29737,
        33.0227,
        81.2013,
        33.31393,
        81.21379,
        33.50564,
        81.32494,
        35.19613,
        82.30072,
        35.38784,
        82.41187,
        35.40895,
        82.57946,
        35.24223,
        82.67553,
        30.28362,
        85.53825,
        30.11733,
        85.63432,
        29.82697,
        85.62226,
        29.63482,
        85.51111
      ],
      "segments": [
        1,
        2,
        4,
        2,
        4,
        2,
        4,
        2,
        4
      ]
    },
    {
      "type": "shape",
      "background": "#3e3f41",
      "shadowColor": "#1ABC9C",
      "points": [
        38.72057,
        80.26601,
        37.02922,
        79.2898,
        36.83751,
        79.17865,
        36.81726,
        79.01107,
        36.98312,
        78.91543,
        38.95364,
        77.77767,
        39.12036,
        77.68116,
        39.41073,
        77.69366,
        39.60244,
        77.80394,
        41.29293,
        78.78016,
        41.48464,
        78.89174,
        41.50575,
        79.05889,
        41.33989,
        79.15496,
        39.36937,
        80.29272,
        39.20265,
        80.38879,
        38.91271,
        80.37673,
        38.72057,
        80.26601
      ],
      "segments": [
        1,
        2,
        4,
        2,
        4,
        2,
        4,
        2,
        4
      ]
    },
    {
      "type": "shape",
      "background": "#3e3f41",
      "shadowColor": "#1ABC9C",
      "points": [
        38.61546,
        83.79477,
        36.92496,
        82.81855,
        36.73325,
        82.70784,
        36.71215,
        82.54025,
        36.87887,
        82.44418,
        38.84939,
        81.30642,
        39.01525,
        81.21035,
        39.30561,
        81.22241,
        39.49818,
        81.33313,
        41.18868,
        82.30977,
        41.38039,
        82.42092,
        41.40149,
        82.58807,
        41.23477,
        82.68414,
        39.26425,
        83.82191,
        39.09753,
        83.91755,
        38.80717,
        83.90591,
        38.61546,
        83.79477
      ],
      "segments": [
        1,
        2,
        4,
        2,
        4,
        2,
        4,
        2,
        4
      ]
    },
    {
      "type": "shape",
      "background": "#3e3f41",
      "shadowColor": "#1ABC9C",
      "points": [
        32.63885,
        87.24554,
        30.94836,
        86.26933,
        30.75579,
        86.15861,
        30.73554,
        85.9906,
        30.9014,
        85.89496,
        35.86087,
        83.03137,
        36.02673,
        82.9353,
        36.31796,
        82.9478,
        36.50967,
        83.05895,
        38.20016,
        84.03473,
        38.39187,
        84.14631,
        38.41298,
        84.31346,
        38.24712,
        84.40996,
        33.28765,
        87.27268,
        33.12093,
        87.36832,
        32.83056,
        87.35669,
        32.63885,
        87.24554
      ],
      "segments": [
        1,
        2,
        4,
        2,
        4,
        2,
        4,
        2,
        4
      ]
    },
    {
      "type": "shape",
      "background": "#3e3f41",
      "shadowColor": "#1ABC9C",
      "points": [
        41.58502,
        82.05861,
        39.93244,
        81.1048,
        39.73039,
        80.98762,
        39.70799,
        80.81099,
        39.88376,
        80.70932,
        42.06623,
        79.44963,
        42.24114,
        79.34839,
        42.54831,
        79.36046,
        42.75036,
        79.47764,
        44.40294,
        80.43144,
        44.60499,
        80.54862,
        44.62696,
        80.72526,
        44.45162,
        80.8265,
        42.26914,
        82.08661,
        42.0938,
        82.18828,
        41.78664,
        82.17579,
        41.58502,
        82.05861
      ],
      "segments": [
        1,
        2,
        4,
        2,
        4,
        2,
        4,
        2,
        4
      ]
    },
    {
      "type": "shape",
      "background": "#3e3f41",
      "shadowColor": "#1ABC9C",
      "points": [
        41.70866,
        78.54063,
        40.01817,
        77.56398,
        39.82646,
        77.4537,
        39.80535,
        77.28611,
        39.97207,
        77.19004,
        41.94259,
        76.05185,
        42.10845,
        75.95578,
        42.39882,
        75.96784,
        42.59053,
        76.07856,
        44.28188,
        77.05477,
        44.47359,
        77.16592,
        44.4947,
        77.3335,
        44.32798,
        77.42957,
        42.35746,
        78.56691,
        42.1916,
        78.66341,
        41.90123,
        78.65134,
        41.70866,
        78.54063
      ],
      "segments": [
        1,
        2,
        4,
        2,
        4,
        2,
        4,
        2,
        4
      ]
    },
    {
      "type": "shape",
      "background": "#3e3f41",
      "shadowColor": "#1ABC9C",
      "points": [
        44.86563,
        80.18675,
        43.17513,
        79.2101,
        42.98256,
        79.09939,
        42.96231,
        78.9318,
        43.12817,
        78.83573,
        57.25912,
        70.67794,
        57.42498,
        70.58187,
        57.71535,
        70.59393,
        57.90792,
        70.70465,
        59.59841,
        71.68086,
        59.79012,
        71.79201,
        59.81123,
        71.9596,
        59.64451,
        72.05524,
        45.51442,
        80.21302,
        45.3477,
        80.30953,
        45.05734,
        80.29703,
        44.86563,
        80.18675
      ],
      "segments": [
        1,
        2,
        4,
        2,
        4,
        2,
        4,
        2,
        4
      ]
    },
    {
      "type": "shape",
      "background": "#3e3f41",
      "shadowColor": "#1ABC9C",
      "points": [
        44.69718,
        76.81524,
        43.00669,
        75.83903,
        42.81412,
        75.72788,
        42.79387,
        75.56029,
        42.95973,
        75.46465,
        44.93025,
        74.32646,
        45.09697,
        74.23039,
        45.38733,
        74.24288,
        45.57904,
        74.35274,
        47.2704,
        75.32938,
        47.46125,
        75.44096,
        47.48236,
        75.60811,
        47.31649,
        75.70418,
        45.34598,
        76.84195,
        45.17925,
        76.93802,
        44.88932,
        76.92596,
        44.69718,
        76.81524
      ],
      "segments": [
        1,
        2,
        4,
        2,
        4,
        2,
        4,
        2,
        4
      ]
    },
    {
      "type": "shape",
      "background": "#3e3f41",
      "shadowColor": "#1ABC9C",
      "points": [
        47.68527,
        75.08985,
        45.99477,
        74.11321,
        45.80306,
        74.00292,
        45.78195,
        73.83491,
        45.94868,
        73.73884,
        47.9192,
        72.60107,
        48.08592,
        72.505,
        48.37628,
        72.51706,
        48.56799,
        72.62778,
        50.25849,
        73.60399,
        50.45019,
        73.71514,
        50.4713,
        73.8823,
        50.30458,
        73.9788,
        48.33493,
        75.11613,
        48.1682,
        75.2122,
        47.87784,
        75.20057,
        47.68527,
        75.08985
      ],
      "segments": [
        1,
        2,
        4,
        2,
        4,
        2,
        4,
        2,
        4
      ]
    },
    {
      "type": "shape",
      "background": "#3e3f41",
      "shadowColor": "#1ABC9C",
      "points": [
        50.67378,
        73.36446,
        48.98329,
        72.38825,
        48.79158,
        72.2771,
        48.77047,
        72.10952,
        48.9372,
        72.01388,
        50.90771,
        70.87568,
        51.07357,
        70.77961,
        51.36394,
        70.79211,
        51.55565,
        70.90196,
        53.247,
        71.87861,
        53.43871,
        71.99018,
        53.45982,
        72.15734,
        53.2931,
        72.25341,
        51.32258,
        73.39117,
        51.15672,
        73.48724,
        50.86592,
        73.47518,
        50.67378,
        73.36446
      ],
      "segments": [
        1,
        2,
        4,
        2,
        4,
        2,
        4,
        2,
        4
      ]
    },
    {
      "type": "shape",
      "background": "#3e3f41",
      "shadowColor": "#1ABC9C",
      "points": [
        53.66273,
        71.63865,
        51.97224,
        70.66243,
        51.77967,
        70.55172,
        51.75942,
        70.38456,
        51.92528,
        70.28806,
        53.8958,
        69.1503,
        54.06252,
        69.05423,
        54.35289,
        69.06629,
        54.5446,
        69.17701,
        56.23509,
        70.15322,
        56.4268,
        70.26394,
        56.44791,
        70.43152,
        56.28205,
        70.52802,
        54.31153,
        71.66536,
        54.14481,
        71.76143,
        53.85444,
        71.74979,
        53.66273,
        71.63865
      ],
      "segments": [
        1,
        2,
        4,
        2,
        4,
        2,
        4,
        2,
        4
      ]
    },
    {
      "type": "shape",
      "background": "#3e3f41",
      "shadowColor": "#1ABC9C",
      "points": [
        56.65039,
        69.91369,
        54.9599,
        68.93748,
        54.76819,
        68.82633,
        54.74708,
        68.65874,
        54.9138,
        68.5631,
        56.88432,
        67.42491,
        57.05018,
        67.32841,
        57.34141,
        67.34133,
        57.53312,
        67.45119,
        59.22361,
        68.42783,
        59.41532,
        68.53898,
        59.43643,
        68.70656,
        59.2697,
        68.80263,
        57.29919,
        69.93997,
        57.13333,
        70.0369,
        56.84339,
        70.02441,
        56.65039,
        69.91369
      ],
      "segments": [
        1,
        2,
        4,
        2,
        4,
        2,
        4,
        2,
        4
      ]
    },
    {
      "type": "shape",
      "background": "#3e3f41",
      "shadowColor": "#1ABC9C",
      "points": [
        59.63934,
        68.1883,
        57.94885,
        67.21209,
        57.75627,
        67.10137,
        57.73603,
        66.93422,
        57.90275,
        66.83772,
        59.87241,
        65.69995,
        60.03913,
        65.60388,
        60.32949,
        65.61594,
        60.5212,
        65.72666,
        62.21256,
        66.70287,
        62.40341,
        66.81402,
        62.42451,
        66.98118,
        62.25865,
        67.07768,
        60.28814,
        68.21501,
        60.12141,
        68.31108,
        59.83105,
        68.29902,
        59.63934,
        68.1883
      ],
      "segments": [
        1,
        2,
        4,
        2,
        4,
        2,
        4,
        2,
        4
      ]
    },
    {
      "type": "shape",
      "background": "#3e3f41",
      "shadowColor": "#1ABC9C",
      "points": [
        62.62786,
        66.46334,
        60.9365,
        65.4867,
        60.74479,
        65.37598,
        60.72454,
        65.2084,
        60.89041,
        65.11276,
        62.86092,
        63.97456,
        63.02765,
        63.87806,
        63.31801,
        63.89056,
        63.50972,
        64.00084,
        65.20021,
        64.97749,
        65.39192,
        65.08863,
        65.41303,
        65.25622,
        65.24631,
        65.35229,
        63.27665,
        66.48962,
        63.10993,
        66.58612,
        62.82,
        66.5732,
        62.62786,
        66.46334
      ],
      "segments": [
        1,
        2,
        4,
        2,
        4,
        2,
        4,
        2,
        4
      ]
    },
    {
      "type": "shape",
      "background": "#3e3f41",
      "shadowColor": "#1ABC9C",
      "points": [
        65.67496,
        64.70392,
        63.98447,
        63.72771,
        63.7919,
        63.61656,
        63.77165,
        63.44941,
        63.93751,
        63.35334,
        65.90803,
        62.21557,
        66.07389,
        62.11907,
        66.36512,
        62.13156,
        66.55683,
        62.24228,
        68.24732,
        63.21849,
        68.43903,
        63.32964,
        68.46014,
        63.49723,
        68.29428,
        63.59287,
        66.32376,
        64.73063,
        66.15704,
        64.8267,
        65.86667,
        64.81464,
        65.67496,
        64.70392
      ],
      "segments": [
        1,
        2,
        4,
        2,
        4,
        2,
        4,
        2,
        4
      ]
    },
    {
      "type": "shape",
      "background": "#3e3f41",
      "shadowColor": "#1ABC9C",
      "points": [
        60.13563,
        71.37025,
        58.44514,
        70.39404,
        58.25257,
        70.28289,
        58.23232,
        70.11531,
        58.39818,
        70.01967,
        60.3687,
        68.8819,
        60.53456,
        68.7854,
        60.82578,
        68.79789,
        61.01749,
        68.90861,
        62.70799,
        69.88439,
        62.8997,
        69.99597,
        62.92081,
        70.16313,
        62.75494,
        70.2592,
        60.78443,
        71.39696,
        60.6177,
        71.49303,
        60.32777,
        71.48097,
        60.13563,
        71.37025
      ],
      "segments": [
        1,
        2,
        4,
        2,
        4,
        2,
        4,
        2,
        4
      ]
    },
    {
      "type": "shape",
      "background": "#3e3f41",
      "shadowColor": "#1ABC9C",
      "points": [
        63.12372,
        69.64486,
        61.43322,
        68.66822,
        61.24151,
        68.55793,
        61.22041,
        68.38992,
        61.38713,
        68.29385,
        63.35678,
        67.15608,
        63.52351,
        67.06001,
        63.8143,
        67.07208,
        64.00644,
        67.18366,
        65.69694,
        68.15944,
        65.88865,
        68.27058,
        65.90975,
        68.43774,
        65.74303,
        68.53424,
        63.77338,
        69.67157,
        63.60665,
        69.76764,
        63.31629,
        69.75558,
        63.12372,
        69.64486
      ],
      "segments": [
        1,
        2,
        4,
        2,
        4,
        2,
        4,
        2,
        4
      ]
    },
    {
      "type": "shape",
      "background": "#3e3f41",
      "shadowColor": "#1ABC9C",
      "points": [
        66.11223,
        67.91948,
        64.42174,
        66.94326,
        64.23003,
        66.83212,
        64.20892,
        66.66453,
        64.37565,
        66.56889,
        66.3453,
        65.4307,
        66.51202,
        65.33463,
        66.80239,
        65.34712,
        66.9941,
        65.45827,
        68.68545,
        66.43405,
        68.87716,
        66.5452,
        68.89827,
        66.71278,
        68.73155,
        66.80885,
        66.76103,
        67.94662,
        66.59517,
        68.04269,
        66.30438,
        68.03019,
        66.11223,
        67.91948
      ],
      "segments": [
        1,
        2,
        4,
        2,
        4,
        2,
        4,
        2,
        4
      ]
    },
    {
      "type": "shape",
      "background": "#3e3f41",
      "shadowColor": "#1ABC9C",
      "points": [
        69.08094,
        66.18246,
        67.43094,
        65.22951,
        67.22717,
        65.11276,
        67.20563,
        64.93484,
        67.3814,
        64.83316,
        69.57421,
        63.56659,
        69.74998,
        63.46535,
        70.05801,
        63.47827,
        70.26178,
        63.59502,
        71.91178,
        64.54797,
        72.11469,
        64.66515,
        72.13623,
        64.84307,
        71.96046,
        64.94431,
        69.76678,
        66.21046,
        69.59058,
        66.31256,
        69.28385,
        66.30007,
        69.08094,
        66.18246
      ],
      "segments": [
        1,
        2,
        4,
        2,
        4,
        2,
        4,
        2,
        4
      ]
    },
    {
      "type": "shape",
      "background": "#3e3f41",
      "shadowColor": "#1ABC9C",
      "points": [
        72.43478,
        64.26967,
        70.74343,
        63.29346,
        70.55172,
        63.18231,
        70.53147,
        63.01515,
        70.69733,
        62.91908,
        72.66785,
        61.78132,
        72.83457,
        61.68482,
        73.12493,
        61.69731,
        73.31664,
        61.8076,
        75.00714,
        62.78424,
        75.19885,
        62.89539,
        75.21996,
        63.06254,
        75.05409,
        63.15861,
        73.08358,
        64.29638,
        72.91685,
        64.39245,
        72.62649,
        64.38038,
        72.43478,
        64.26967
      ],
      "segments": [
        1,
        2,
        4,
        2,
        4,
        2,
        4,
        2,
        4
      ]
    },
    {
      "type": "shape",
      "background": "#3e3f41",
      "shadowColor": "#1ABC9C",
      "points": [
        75.49007,
        62.50551,
        73.79958,
        61.52886,
        73.60701,
        61.41858,
        73.58676,
        61.25099,
        73.75262,
        61.15492,
        75.72314,
        60.01673,
        75.889,
        59.92066,
        76.18023,
        59.93272,
        76.37194,
        60.04387,
        78.06243,
        61.01965,
        78.25414,
        61.1308,
        78.27525,
        61.29838,
        78.10939,
        61.39445,
        76.13887,
        62.53179,
        75.97215,
        62.62829,
        75.68178,
        62.61622,
        75.49007,
        62.50551
      ],
      "segments": [
        1,
        2,
        4,
        2,
        4,
        2,
        4,
        2,
        4
      ]
    },
    {
      "type": "shape",
      "background": "#3e3f41",
      "shadowColor": "#1ABC9C",
      "points": [
        68.69235,
        62.96173,
        67.00185,
        61.98552,
        66.81014,
        61.8748,
        66.78903,
        61.70765,
        66.95576,
        61.61115,
        69.66425,
        60.04688,
        69.83097,
        59.95124,
        70.12134,
        59.96331,
        70.31305,
        60.07445,
        72.00354,
        61.05067,
        72.19611,
        61.16138,
        72.21636,
        61.32897,
        72.04964,
        61.42504,
        69.34114,
        62.98844,
        69.17442,
        63.08451,
        68.88406,
        63.07245,
        68.69235,
        62.96173
      ],
      "segments": [
        1,
        2,
        4,
        2,
        4,
        2,
        4,
        2,
        4
      ]
    },
    {
      "type": "shape",
      "background": "#3e3f41",
      "shadowColor": "#1ABC9C",
      "points": [
        72.48605,
        60.7715,
        70.79555,
        59.79486,
        70.60298,
        59.68414,
        70.58273,
        59.51656,
        70.74859,
        59.42049,
        72.71911,
        58.28272,
        72.88497,
        58.18665,
        73.1762,
        58.19871,
        73.36791,
        58.30943,
        75.0584,
        59.28564,
        75.25011,
        59.39679,
        75.27122,
        59.56438,
        75.10536,
        59.66045,
        73.13484,
        60.79778,
        72.96812,
        60.89385,
        72.67775,
        60.88222,
        72.48605,
        60.7715
      ],
      "segments": [
        1,
        2,
        4,
        2,
        4,
        2,
        4,
        2,
        4
      ]
    },
    {
      "type": "shape",
      "background": "#3e3f41",
      "shadowColor": "#1ABC9C",
      "points": [
        64.5708,
        62.03032,
        62.88031,
        61.05368,
        62.6886,
        60.94296,
        62.66749,
        60.77538,
        62.83421,
        60.67931,
        66.79636,
        58.39129,
        66.96308,
        58.29522,
        67.25345,
        58.30728,
        67.44516,
        58.418,
        69.13565,
        59.39421,
        69.32822,
        59.50536,
        69.34847,
        59.67251,
        69.18261,
        59.76901,
        65.2196,
        62.0566,
        65.05374,
        62.15267,
        64.76251,
        62.14061,
        64.5708,
        62.03032
      ],
      "segments": [
        1,
        2,
        4,
        2,
        4,
        2,
        4,
        2,
        4
      ]
    },
    {
      "type": "shape",
      "background": "#3e3f41",
      "shadowColor": "#1ABC9C",
      "points": [
        23.83184,
        82.16071,
        22.14134,
        81.1845,
        21.94963,
        81.07378,
        21.92852,
        80.9062,
        22.09525,
        80.81013,
        24.75247,
        79.27602,
        24.91833,
        79.18038,
        25.20956,
        79.19201,
        25.40127,
        79.30316,
        27.09176,
        80.27851,
        27.28347,
        80.39009,
        27.30458,
        80.55724,
        27.13872,
        80.65374,
        24.48063,
        82.18785,
        24.31477,
        82.28349,
        24.02441,
        82.27186,
        23.83184,
        82.16071
      ],
      "segments": [
        1,
        2,
        4,
        2,
        4,
        2,
        4,
        2,
        4
      ]
    },
    {
      "type": "shape",
      "background": "#3e3f41",
      "shadowColor": "#1ABC9C",
      "points": [
        26.76736,
        83.85637,
        25.07687,
        82.87973,
        24.88516,
        82.76901,
        24.86405,
        82.60186,
        25.03078,
        82.50536,
        28.37471,
        80.57447,
        28.54143,
        80.47797,
        28.8318,
        80.49047,
        29.02351,
        80.60075,
        30.71486,
        81.5774,
        30.90657,
        81.68768,
        30.92682,
        81.8557,
        30.76096,
        81.95134,
        27.41616,
        83.88222,
        27.2503,
        83.97872,
        26.95907,
        83.96666,
        26.76736,
        83.85637
      ],
      "segments": [
        1,
        2,
        4,
        2,
        4,
        2,
        4,
        2,
        4
      ]
    },
    {
      "type": "shape",
      "background": "#3e3f41",
      "shadowColor": "#1ABC9C",
      "points": [
        30.65067,
        78.22441,
        28.95932,
        77.24777,
        28.76761,
        77.13705,
        28.74736,
        76.9699,
        28.91322,
        76.87383,
        30.88374,
        75.73563,
        31.05046,
        75.63913,
        31.34083,
        75.65163,
        31.53254,
        75.76234,
        33.22303,
        76.73899,
        33.41474,
        76.8497,
        33.43585,
        77.01772,
        33.26999,
        77.11379,
        31.29947,
        78.25112,
        31.13275,
        78.34762,
        30.84238,
        78.3347,
        30.65067,
        78.22441
      ],
      "segments": [
        1,
        2,
        4,
        2,
        4,
        2,
        4,
        2,
        4
      ]
    },
    {
      "type": "shape",
      "background": "#3e3f41",
      "shadowColor": "#1ABC9C",
      "points": [
        33.63833,
        76.49903,
        31.94783,
        75.52281,
        31.75613,
        75.4121,
        31.73502,
        75.24451,
        31.90174,
        75.14844,
        33.87226,
        74.01068,
        34.03812,
        73.91461,
        34.32848,
        73.92667,
        34.52019,
        74.03739,
        36.21155,
        75.0136,
        36.40326,
        75.12475,
        36.42437,
        75.29233,
        36.25807,
        75.38797,
        34.28756,
        76.52574,
        34.12126,
        76.62181,
        33.83133,
        76.60974,
        33.63833,
        76.49903
      ],
      "segments": [
        1,
        2,
        4,
        2,
        4,
        2,
        4,
        2,
        4
      ]
    },
    {
      "type": "shape",
      "background": "#3e3f41",
      "shadowColor": "#1ABC9C",
      "points": [
        36.62728,
        74.77407,
        34.93678,
        73.79743,
        34.74421,
        73.68671,
        34.72396,
        73.51955,
        34.88983,
        73.42305,
        36.86034,
        72.28529,
        37.02707,
        72.18879,
        37.31743,
        72.20128,
        37.50914,
        72.312,
        39.19963,
        73.28821,
        39.39134,
        73.39979,
        39.41245,
        73.56694,
        39.24659,
        73.66344,
        37.27607,
        74.80078,
        37.10935,
        74.89642,
        36.81899,
        74.88392,
        36.62728,
        74.77407
      ],
      "segments": [
        1,
        2,
        4,
        2,
        4,
        2,
        4,
        2,
        4
      ]
    },
    {
      "type": "shape",
      "background": "#3e3f41",
      "shadowColor": "#1ABC9C",
      "points": [
        39.61493,
        73.04825,
        37.92444,
        72.07204,
        37.73273,
        71.96132,
        37.71162,
        71.79331,
        37.87834,
        71.69767,
        39.84886,
        70.5599,
        40.01558,
        70.46383,
        40.30595,
        70.47589,
        40.49766,
        70.58618,
        42.18815,
        71.56282,
        42.37986,
        71.67397,
        42.40097,
        71.84113,
        42.23425,
        71.9372,
        40.26459,
        73.07496,
        40.09787,
        73.17103,
        39.80793,
        73.1594,
        39.61493,
        73.04825
      ],
      "segments": [
        1,
        2,
        4,
        2,
        4,
        2,
        4,
        2,
        4
      ]
    },
    {
      "type": "shape",
      "background": "#3e3f41",
      "shadowColor": "#1ABC9C",
      "points": [
        42.60388,
        71.32329,
        40.91339,
        70.34665,
        40.72168,
        70.23593,
        40.70057,
        70.06878,
        40.86729,
        69.97228,
        42.83781,
        68.83408,
        43.00367,
        68.73801,
        43.29404,
        68.75051,
        43.48575,
        68.86079,
        45.1771,
        69.837,
        45.36881,
        69.94858,
        45.38992,
        70.11574,
        45.2232,
        70.21224,
        43.25268,
        71.34957,
        43.08682,
        71.44564,
        42.79559,
        71.43358,
        42.60388,
        71.32329
      ],
      "segments": [
        1,
        2,
        4,
        2,
        4,
        2,
        4,
        2,
        4
      ]
    },
    {
      "type": "shape",
      "background": "#3e3f41",
      "shadowColor": "#1ABC9C",
      "points": [
        45.5924,
        69.59747,
        43.90191,
        68.62126,
        43.70934,
        68.51011,
        43.68909,
        68.34253,
        43.85495,
        68.24689,
        45.82547,
        67.10913,
        45.99219,
        67.01306,
        46.28212,
        67.02512,
        46.47426,
        67.1354,
        48.16476,
        68.11205,
        48.35647,
        68.22233,
        48.37758,
        68.39078,
        48.21171,
        68.48642,
        46.2412,
        69.62418,
        46.0749,
        69.72026,
        45.78454,
        69.70862,
        45.5924,
        69.59747
      ],
      "segments": [
        1,
        2,
        4,
        2,
        4,
        2,
        4,
        2,
        4
      ]
    },
    {
      "type": "shape",
      "background": "#3e3f41",
      "shadowColor": "#1ABC9C",
      "points": [
        48.58049,
        67.87209,
        46.88999,
        66.89588,
        46.69828,
        66.78516,
        46.67717,
        66.61757,
        46.8439,
        66.5215,
        48.81442,
        65.38331,
        48.98028,
        65.28724,
        49.27107,
        65.29973,
        49.46321,
        65.41002,
        51.1537,
        66.38623,
        51.34541,
        66.49738,
        51.36652,
        66.66496,
        51.1998,
        66.76146,
        49.22928,
        67.89837,
        49.06342,
        67.99487,
        48.77306,
        67.9828,
        48.58049,
        67.87209
      ],
      "segments": [
        1,
        2,
        4,
        2,
        4,
        2,
        4,
        2,
        4
      ]
    },
    {
      "type": "shape",
      "background": "#3e3f41",
      "shadowColor": "#1ABC9C",
      "points": [
        51.569,
        66.1467,
        49.87851,
        65.17049,
        49.68594,
        65.05934,
        49.66569,
        64.89175,
        49.83242,
        64.79612,
        51.80207,
        63.65835,
        51.96879,
        63.56185,
        52.25916,
        63.57434,
        52.45087,
        63.68463,
        54.14222,
        64.66127,
        54.33307,
        64.77242,
        54.35504,
        64.93957,
        54.18832,
        65.03564,
        52.2178,
        66.17341,
        52.05151,
        66.26948,
        51.76114,
        66.25785,
        51.569,
        66.1467
      ],
      "segments": [
        1,
        2,
        4,
        2,
        4,
        2,
        4,
        2,
        4
      ]
    },
    {
      "type": "shape",
      "background": "#3e3f41",
      "shadowColor": "#1ABC9C",
      "points": [
        54.55795,
        64.42131,
        52.8666,
        63.44467,
        52.67489,
        63.33438,
        52.65464,
        63.16637,
        52.8205,
        63.07073,
        54.79102,
        61.93253,
        54.95774,
        61.83646,
        55.24811,
        61.84895,
        55.43982,
        61.95924,
        57.13031,
        62.93545,
        57.32202,
        63.0466,
        57.34313,
        63.21419,
        57.17727,
        63.31026,
        55.20675,
        64.44759,
        55.04003,
        64.54452,
        54.74966,
        64.53203,
        54.55795,
        64.42131
      ],
      "segments": [
        1,
        2,
        4,
        2,
        4,
        2,
        4,
        2,
        4
      ]
    },
    {
      "type": "shape",
      "background": "#3e3f41",
      "shadowColor": "#1ABC9C",
      "points": [
        57.63349,
        62.64552,
        55.943,
        61.66931,
        55.75129,
        61.55816,
        55.73018,
        61.39101,
        55.89691,
        61.29494,
        57.86656,
        60.15674,
        58.03328,
        60.06067,
        58.32408,
        60.07316,
        58.51536,
        60.18388,
        60.20671,
        61.15966,
        60.39842,
        61.27081,
        60.41953,
        61.43839,
        60.25281,
        61.53446,
        58.28229,
        62.6718,
        58.11643,
        62.7683,
        57.82607,
        62.75624,
        57.63349,
        62.64552
      ],
      "segments": [
        1,
        2,
        4,
        2,
        4,
        2,
        4,
        2,
        4
      ]
    },
    {
      "type": "shape",
      "background": "#3e3f41",
      "shadowColor": "#1ABC9C",
      "points": [
        60.67156,
        60.89127,
        58.98106,
        59.91506,
        58.78935,
        59.80434,
        58.76824,
        59.63675,
        58.93497,
        59.54068,
        60.90548,
        58.40292,
        61.07135,
        58.30685,
        61.36171,
        58.31891,
        61.55342,
        58.42963,
        63.24477,
        59.40584,
        63.43648,
        59.51699,
        63.45759,
        59.68414,
        63.29087,
        59.78021,
        61.32035,
        60.91798,
        61.15363,
        61.01405,
        60.8637,
        61.00242,
        60.67156,
        60.89127
      ],
      "segments": [
        1,
        2,
        4,
        2,
        4,
        2,
        4,
        2,
        4
      ]
    },
    {
      "type": "shape",
      "background": "#3e3f41",
      "shadowColor": "#1ABC9C",
      "points": [
        63.6605,
        59.16631,
        61.97001,
        58.18967,
        61.77744,
        58.07895,
        61.75719,
        57.91137,
        61.92305,
        57.8153,
        63.89357,
        56.67753,
        64.06029,
        56.58103,
        64.35066,
        56.59352,
        64.54237,
        56.70381,
        66.23286,
        57.68002,
        66.42457,
        57.7916,
        66.44568,
        57.95919,
        66.27982,
        58.05526,
        64.3093,
        59.19259,
        64.14258,
        59.28866,
        63.85221,
        59.2766,
        63.6605,
        59.16631
      ],
      "segments": [
        1,
        2,
        4,
        2,
        4,
        2,
        4,
        2,
        4
      ]
    },
    {
      "type": "shape",
      "background": "#3e3f41",
      "shadowColor": "#1ABC9C",
      "points": [
        53.88891,
        61.41815,
        52.19842,
        60.4415,
        52.00671,
        60.33079,
        51.9856,
        60.1632,
        52.15232,
        60.06713,
        54.12284,
        58.92937,
        54.2887,
        58.83286,
        54.57906,
        58.84536,
        54.77077,
        58.95608,
        56.46213,
        59.93229,
        56.65384,
        60.04387,
        56.67495,
        60.21145,
        56.50822,
        60.30752,
        54.53771,
        61.44486,
        54.37184,
        61.54093,
        54.08105,
        61.52843,
        53.88891,
        61.41815
      ],
      "segments": [
        1,
        2,
        4,
        2,
        4,
        2,
        4,
        2,
        4
      ]
    },
    {
      "type": "shape",
      "background": "#3e3f41",
      "shadowColor": "#1ABC9C",
      "points": [
        56.87786,
        59.69233,
        55.18736,
        58.71612,
        54.99479,
        58.6054,
        54.97454,
        58.43781,
        55.14041,
        58.34174,
        57.11092,
        57.20398,
        57.27765,
        57.10791,
        57.56801,
        57.11997,
        57.75972,
        57.23026,
        59.45021,
        58.2069,
        59.64192,
        58.31805,
        59.66303,
        58.4852,
        59.49717,
        58.58127,
        57.52665,
        59.71904,
        57.35993,
        59.81511,
        57.06957,
        59.80348,
        56.87786,
        59.69233
      ],
      "segments": [
        1,
        2,
        4,
        2,
        4,
        2,
        4,
        2,
        4
      ]
    },
    {
      "type": "shape",
      "background": "#3e3f41",
      "shadowColor": "#1ABC9C",
      "points": [
        59.86551,
        57.96737,
        58.17502,
        56.99073,
        57.98331,
        56.88001,
        57.9622,
        56.71243,
        58.12892,
        56.61636,
        60.92315,
        55.00255,
        61.08987,
        54.90648,
        61.38024,
        54.91897,
        61.57194,
        55.03012,
        63.26244,
        56.0059,
        63.45501,
        56.11705,
        63.47526,
        56.28463,
        63.3094,
        56.3807,
        60.51431,
        57.99408,
        60.34845,
        58.08972,
        60.05851,
        58.07766,
        59.86551,
        57.96737
      ],
      "segments": [
        1,
        2,
        4,
        2,
        4,
        2,
        4,
        2,
        4
      ]
    },
    {
      "type": "shape",
      "background": "#3e3f41",
      "shadowColor": "#1ABC9C",
      "points": [
        63.7471,
        55.72587,
        62.0566,
        54.74966,
        61.86489,
        54.63895,
        61.84378,
        54.47136,
        62.01051,
        54.37529,
        63.98016,
        53.23753,
        64.14689,
        53.14145,
        64.43768,
        53.15352,
        64.62896,
        53.26424,
        66.32032,
        54.24045,
        66.51202,
        54.3516,
        66.53313,
        54.51875,
        66.36641,
        54.61482,
        64.39589,
        55.75258,
        64.23003,
        55.84866,
        63.93967,
        55.83702,
        63.7471,
        55.72587
      ],
      "segments": [
        1,
        2,
        4,
        2,
        4,
        2,
        4,
        2,
        4
      ]
    },
    {
      "type": "shape",
      "background": "#3e3f41",
      "shadowColor": "#1ABC9C",
      "points": [
        66.68263,
        57.42067,
        64.99213,
        56.44403,
        64.80042,
        56.33375,
        64.77931,
        56.16573,
        64.94604,
        56.07009,
        66.91569,
        54.93189,
        67.08242,
        54.83582,
        67.37278,
        54.84832,
        67.56449,
        54.95947,
        69.25584,
        55.93525,
        69.44755,
        56.0464,
        69.46866,
        56.21398,
        69.30194,
        56.31005,
        67.33142,
        57.44739,
        67.16599,
        57.54389,
        66.87477,
        57.53139,
        66.68263,
        57.42067
      ],
      "segments": [
        1,
        2,
        4,
        2,
        4,
        2,
        4,
        2,
        4
      ]
    },
    {
      "type": "shape",
      "background": "#3e3f41",
      "shadowColor": "#1ABC9C",
      "points": [
        69.61858,
        59.11591,
        67.92809,
        58.13969,
        67.73638,
        58.02855,
        67.71527,
        57.86139,
        67.882,
        57.76532,
        69.85165,
        56.62713,
        70.01837,
        56.53106,
        70.30874,
        56.54355,
        70.50045,
        56.6547,
        72.1918,
        57.63048,
        72.38351,
        57.74206,
        72.40462,
        57.90921,
        72.2379,
        58.00528,
        70.26738,
        59.14305,
        70.10152,
        59.23869,
        69.81029,
        59.22662,
        69.61858,
        59.11591
      ],
      "segments": [
        1,
        2,
        4,
        2,
        4,
        2,
        4,
        2,
        4
      ]
    },
    {
      "type": "shape",
      "background": "#c0c0c2",
      "shadowColor": "#1ABC9C",
      "points": [
        74.0697,
        77.43776,
        61.07479,
        84.94072,
        60.83483,
        85.07901,
        60.41092,
        85.06177,
        60.13304,
        84.90108,
        51.52291,
        79.92998,
        51.24504,
        79.77015,
        51.21488,
        79.52545,
        51.4557,
        79.3863,
        64.44975,
        71.88378,
        64.69057,
        71.74549,
        65.11448,
        71.76315,
        65.39235,
        71.92298,
        74.00249,
        76.89408,
        74.27993,
        77.05477,
        74.31052,
        77.29947,
        74.0697,
        77.43776
      ],
      "segments": [
        1,
        2,
        4,
        2,
        4,
        2,
        4,
        2,
        4
      ]
    },
    {
      "type": "shape",
      "background": "#B8E986",
      "shadowColor": "#1ABC9C",
      "points": [
        57.28411,
        42.73054,
        5.59658,
        72.57264,
        5.59658,
        33.53838,
        57.28411,
        3.69628,
        57.28411,
        42.73054,
        57.28411,
        42.73054
      ]
    },
    {
      "type": "shape",
      "background": "rgba(255,255,255,0.2)",
      "gradientColor": null,
      "shadowColor": "#1ABC9C",
      "points": [
        58.81219,
        42.31222,
        58.81219,
        2.4198,
        58.81219,
        1.2368,
        57.96823,
        0.75601,
        56.93645,
        1.35139,
        16.14363,
        24.90369,
        26.58298,
        23.98606,
        45.38561,
        25.52836,
        57.3819,
        45.22492,
        58.19958,
        44.52184,
        58.81219,
        43.31945,
        58.81219,
        42.31222
      ],
      "segments": [
        1,
        2,
        4,
        2,
        4,
        4
      ]
    }
  ]
}