{
  "width": 161,
  "height": 100,
  "comps": [
    {
      "type": "rect",
      "background": "#B8E986",
      "borderWidth": 1,
      "borderColor": "rgb(255,255,255)",
      "rect": [
        3.72836,
        51.4514,
        144.0212,
        19.1625
      ]
    },
    {
      "type": "trapezoid",
      "background": "#D8D8D8",
      "borderWidth": 1,
      "borderColor": "rgb(255,255,255)",
      "rect": [
        3.72836,
        35.00095,
        144.0212,
        16.45045
      ]
    },
    {
      "type": "circle",
      "background": "rgb(230,255,204)",
      "borderColor": "#979797",
      "rect": [
        7.54836,
        57.43375,
        10.62013,
        7.19781
      ]
    },
    {
      "type": "circle",
      "background": "rgb(230,255,204)",
      "borderColor": "#979797",
      "rect": [
        18.56108,
        57.43375,
        10.62013,
        7.19781
      ]
    },
    {
      "type": "circle",
      "background": "rgb(230,255,204)",
      "borderColor": "#979797",
      "rect": [
        29.57381,
        57.43375,
        10.62013,
        7.19781
      ]
    },
    {
      "type": "circle",
      "background": "rgb(230,255,204)",
      "borderColor": "#979797",
      "rect": [
        40.58653,
        57.43375,
        10.62013,
        7.19781
      ]
    },
    {
      "type": "circle",
      "background": "rgb(230,255,204)",
      "borderColor": "#979797",
      "rect": [
        51.59925,
        57.43375,
        10.62013,
        7.19781
      ]
    },
    {
      "type": "circle",
      "background": "rgb(230,255,204)",
      "borderColor": "#979797",
      "rect": [
        62.61198,
        57.43375,
        10.62013,
        7.19781
      ]
    },
    {
      "type": "shape",
      "background": "rgb(0,0,0)",
      "borderColor": "#979797",
      "points": [
        88,
        59.79043,
        94.46383,
        59.79043,
        94.46383,
        63.72494,
        92.83353,
        63.72494,
        92.83353,
        64.95875,
        90.0024,
        64.95875,
        90.0024,
        63.72494,
        88,
        63.72494
      ]
    },
    {
      "type": "shape",
      "background": "rgb(0,0,0)",
      "borderColor": "#979797",
      "points": [
        97.49532,
        59.79043,
        103.95915,
        59.79043,
        103.95915,
        63.72494,
        102.32886,
        63.72494,
        102.32886,
        64.95875,
        99.49773,
        64.95875,
        99.49773,
        63.72494,
        97.49532,
        63.72494
      ]
    },
    {
      "type": "shape",
      "background": "rgb(0,0,0)",
      "borderColor": "#979797",
      "points": [
        112.5986,
        59.79043,
        119.06243,
        59.79043,
        119.06243,
        63.72494,
        117.43214,
        63.72494,
        117.43214,
        64.95875,
        114.60101,
        64.95875,
        114.60101,
        63.72494,
        112.5986,
        63.72494
      ]
    },
    {
      "type": "shape",
      "background": "rgb(0,0,0)",
      "borderColor": "#979797",
      "points": [
        122.09393,
        59.79043,
        128.55776,
        59.79043,
        128.55776,
        63.72494,
        126.92746,
        63.72494,
        126.92746,
        64.95875,
        124.09633,
        64.95875,
        124.09633,
        63.72494,
        122.09393,
        63.72494
      ]
    },
    {
      "type": "shape",
      "background": "rgba(255,255,255,0.3)",
      "borderColor": "#979797",
      "points": [
        93.7725,
        34.83212,
        114.01091,
        34.92496,
        146.50377,
        51.4499,
        108.99773,
        51.4499
      ]
    },
    {
      "type": "shape",
      "background": "rgba(255,255,255,0.3)",
      "borderColor": "#979797",
      "points": [
        84.23426,
        34.83362,
        78.28051,
        34.83362,
        75.73896,
        51.4514,
        93.57754,
        51.4514
      ]
    }
  ]
}