{
  "modified": "Wed Mar 27 2019 10:36:49 GMT+0800 (中国标准时间)",
  "width": 180,
  "height": 38,
  "snapshotURL": "symbols/ht/snapshot/comboBox.json",
  "func": "__ht__function(g, rect, comp, data, view) {\nht.vector.comp.comboBox.apply(this, arguments);\n}",
  "properties": {
    "value": {
      "valueType": "String",
      "name": "UIFormItemValue"
    },
    "placeholder": {
      "valueType": "String",
      "name": "UIPlaceHolder"
    },
    "dataSource": {
      "valueType": "Object",
      "name": "UIDataSource"
    },
    "disabled": {
      "valueType": "Boolean",
      "name": "UIDisabled"
    },
    "borderWidth": {
      "valueType": "PositiveNumber",
      "defaultValue": 1,
      "name": "UIBorderWidth"
    },
    "borderColor": {
      "valueType": "Color",
      "defaultValue": "#737373",
      "name": "UIBorderColor"
    },
    "disabledBorderColor": {
      "valueType": "Color",
      "defaultValue": "#ebebeb",
      "name": "UIDisabledBorderColor"
    },
    "focusBorderColor": {
      "valueType": "Color",
      "defaultValue": "rgb(51,153,255)",
      "name": "UIFocusBorderColor"
    },
    "borderRadius": {
      "valueType": "String",
      "defaultValue": "0",
      "name": "UIBorderRadius"
    },
    "padding": {
      "valueType": "String",
      "defaultValue": "0",
      "name": "UIPadding"
    },
    "background": {
      "valueType": "Color",
      "name": "UIBackground"
    },
    "disabledBackground": {
      "valueType": "Color",
      "defaultValue": "#fafafa",
      "name": "UIDisabledBackground"
    },
    "focusBackground": {
      "valueType": "Color",
      "name": "UIFocusBackground"
    },
    "icon": {
      "valueType": "String",
      "name": "UIIcon"
    },
    "iconWidth": {
      "valueType": "PositiveNumber",
      "defaultValue": 20,
      "name": "UIIconWidth"
    },
    "iconHeight": {
      "valueType": "PositiveNumber",
      "defaultValue": "20",
      "name": "UIIconHeight"
    },
    "iconAlign": {
      "valueType": "Align",
      "defaultValue": "left",
      "name": "UIIcoAlign"
    },
    "font": {
      "valueType": "Font",
      "defaultValue": "12px arial, sans-serif",
      "name": "UIFont"
    },
    "textAlign": {
      "valueType": "Align",
      "defaultValue": "left",
      "name": "UITextAlign"
    },
    "textColor": {
      "valueType": "Color",
      "defaultValue": "#737373",
      "name": "UITextColor"
    },
    "disabledTextColor": {
      "valueType": "Color",
      "defaultValue": "#ebebeb",
      "name": "UIDisabledTextColor"
    },
    "dropDownIcon": {
      "valueType": "String",
      "name": "UIDropDownIcon"
    },
    "dropDownIconColor": {
      "valueType": "Color",
      "defaultValue": "#737373",
      "name": "UIDropDownIconColor"
    },
    "dropDownIconWidth": {
      "valueType": "PositiveNumber",
      "defaultValue": 20,
      "name": "UIDropDownIconWidth"
    },
    "dropDownIconHeight": {
      "valueType": "PositiveNumber",
      "defaultValue": 20,
      "name": "UIDropDownIconHeight"
    },
    "drawUnMatchValue": {
      "valueType": "Boolean",
      "defaultValue": false,
      "name": "UIDrawUnMatchValue"
    },
    "onChange": {
      "valueType": "Function",
      "name": "UIOnChange",
      "extraInfo": {
        "arguments": [
          "oldValue",
          "newValue",
          "data",
          "view"
        ]
      }
    },
    "dropIconWidth": {
      "valueType": "PositiveNumber",
      "defaultValue": 20,
      "name": "UIDropIconWidth",
      "group": "UIDropDown"
    },
    "dropIconHeight": {
      "valueType": "PositiveNumber",
      "defaultValue": 20,
      "name": "UIDropIconHeight"
    },
    "dropRowHeight": {
      "valueType": "PositiveNumber",
      "defaultValue": 26,
      "name": "UIDropRowHeight"
    },
    "dropWidth": {
      "valueType": "PositiveNumber",
      "defaultValue": 200,
      "name": "UIDropWidth"
    },
    "dropBackground": {
      "valueType": "Color",
      "defaultValue": "rgb(255,255,255)",
      "name": "UIDropBackground"
    },
    "dropLabelFont": {
      "valueType": "Font",
      "defaultValue": "12px Arial, sans-serif",
      "name": "UIDropLabelFont"
    },
    "dropLabelColor": {
      "valueType": "Color",
      "defaultValue": "#333",
      "name": "UIDropLabelColor"
    },
    "dropActiveLabelColor": {
      "valueType": "Color",
      "defaultValue": "rgb(247,247,247)",
      "name": "UIDropActiveLabelColor"
    },
    "dropActiveBackground": {
      "valueType": "Color",
      "defaultValue": "rgb(51,153,255)",
      "name": "UIDropActiveBackground"
    },
    "dropHoverBackground": {
      "valueType": "Color",
      "defaultValue": "#60ACFC",
      "name": "UIDropHoverBackground"
    },
    "dropMaxHeight": {
      "valueType": "PositiveNumber",
      "defaultValue": 280,
      "name": "UIDropMaxHeight"
    }
  }
}