{
  "modified": "Thu Apr 11 2019 12:05:00 GMT+0800 (中国标准时间)",
  "width": 100,
  "height": 100,
  "snapshotURL": "symbols/ht/snapshot/table.json",
  "func": "__ht__function(g, rect, comp, data, view) {\nht.vector.comp.table.apply(null, arguments);\n}",
  "properties": {
    "columns": {
      "valueType": "Object",
      "defaultValue": [],
      "name": "TableColumnDef"
    },
    "dataSource": {
      "valueType": "Object",
      "defaultValue": [],
      "name": "TableDataSource"
    },
    "borderWidth": {
      "valueType": "PositiveNumber",
      "defaultValue": 1,
      "name": "TableBorderWidth"
    },
    "borderColor": {
      "valueType": "Color",
      "defaultValue": "rgb(212,212,212)",
      "name": "TableBorderColor"
    },
    "columnLineColor": {
      "valueType": "Color",
      "defaultValue": "rgb(212,212,212)",
      "name": "TableColumnLineColor"
    },
    "columnLineWidth": {
      "valueType": "PositiveNumber",
      "defaultValue": 1,
      "name": "TableColumnLineWidth"
    },
    "rowLineColor": {
      "valueType": "Color",
      "defaultValue": "rgb(212,212,212)",
      "name": "TableRowLineColor"
    },
    "rowLineWidth": {
      "valueType": "PositiveNumber",
      "defaultValue": 1,
      "name": "TableRowLineWidth"
    },
    "showHead": {
      "valueType": "Boolean",
      "defaultValue": true,
      "name": "TableShowHead",
      "group": "UITableHead"
    },
    "thHeight": {
      "valueType": "PositiveNumber",
      "defaultValue": 24,
      "name": "TableHeadHeight"
    },
    "thBackground": {
      "valueType": "Color",
      "defaultValue": "rgb(212,212,212)",
      "name": "TableHeadBackground"
    },
    "showHeadRowLine": {
      "valueType": "Boolean",
      "defaultValue": false,
      "name": "TableIsShowHeadLine"
    },
    "thColor": {
      "valueType": "Color",
      "defaultValue": "rgb(33,33,33)",
      "name": "TableHeadColor"
    },
    "thFont": {
      "valueType": "Font",
      "defaultValue": "12px sans-serif, arial",
      "name": "TableHeadFontFamily"
    },
    "tdHeight": {
      "valueType": "PositiveNumber",
      "defaultValue": 18,
      "name": "TableBodyHeight",
      "group": "UITableBody"
    },
    "tdBackground": {
      "valueType": "Color",
      "name": "TableBodyBackground"
    },
    "textLineHeight": {
      "valueType": "PositiveNumber",
      "defaultValue": 18,
      "name": "TableTextLineHeight"
    },
    "tdColor": {
      "valueType": "Color",
      "defaultValue": "rgb(33,33,33)",
      "name": "TableBodyColor"
    },
    "cellPadding": {
      "valueType": "PositiveNumber",
      "defaultValue": 0,
      "name": "TableCellPadding"
    },
    "tdFont": {
      "valueType": "Font",
      "defaultValue": "12px sans-serif, arial",
      "name": "TableBodyFontFamily"
    },
    "drawRow": {
      "valueType": "Function",
      "name": "TableDrawRow",
      "extraInfo": {
        "arguments": [
          "g",
          "row",
          "rowIndex",
          "rect",
          "rawIndex",
          "data",
          "view"
        ]
      }
    },
    "visibleFunc": {
      "valueType": "Function",
      "name": "UIVisibleFunc",
      "extraInfo": {
        "arguments": [
          "row",
          "rowIndex",
          "data",
          "view"
        ]
      }
    },
    "columnVisibleFunc": {
      "valueType": "Function",
      "name": "UIColumnVisibleFunc",
      "extraInfo": {
        "arguments": [
          "col",
          "colIndex",
          "data",
          "view"
        ]
      }
    },
    "multiple": {
      "valueType": "Boolean",
      "defaultValue": false,
      "name": "UIMultiple",
      "group": "UISelect"
    },
    "hoverBackground": {
      "valueType": "Color",
      "defaultValue": "rgba(255,255,255,0.30)",
      "name": "TableHoverBackground"
    },
    "hoverColor": {
      "valueType": "Color",
      "name": "TableHoverColor"
    },
    "selectBackground": {
      "valueType": "Color",
      "defaultValue": "rgba(255,255,255,0.30)",
      "name": "TableSelectBackground"
    },
    "selectColor": {
      "valueType": "Color",
      "name": "TableSelectColor"
    },
    "selectedIndex": {
      "valueType": "NumberArray",
      "defaultValue": [],
      "name": "TableSelectedIndex"
    },
    "scrollable": {
      "valueType": "Boolean",
      "defaultValue": true,
      "name": "UIScrollable",
      "group": "UIScroll"
    },
    "scrollSpeed": {
      "valueType": "PositiveNumber",
      "defaultValue": 1,
      "name": "UIScrollSpeed"
    },
    "pannable": {
      "valueType": "Boolean",
      "defaultValue": true,
      "name": "editor.pannable"
    },
    "translateX": {
      "valueType": "Number",
      "defaultValue": 0,
      "name": "TableTranslateX"
    },
    "translateY": {
      "valueType": "Number",
      "defaultValue": 0,
      "name": "TableTranslateY"
    },
    "autoHideScrollBar": {
      "valueType": "Boolean",
      "defaultValue": false,
      "name": "UIAutoHideScrollBar"
    },
    "scrollBarColor": {
      "valueType": "Color",
      "defaultValue": "rgb(51,153,255)",
      "name": "TableScrollBarColor"
    },
    "scrollBarWidth": {
      "valueType": "PositiveNumber",
      "defaultValue": 8,
      "name": "TableScrollBarWidth"
    },
    "scrollBarWidthAbsolute": {
      "valueType": "Boolean",
      "defaultValue": false,
      "name": "TableScrollBarWidthAbsolute"
    },
    "scrollBarInteractiveSize": {
      "valueType": "PositiveNumber",
      "defaultValue": 16,
      "name": "UIScrollBarInteractiveSize"
    },
    "onSelectRow": {
      "valueType": "Function",
      "name": "TableOnSelectRow",
      "group": "UIEvent",
      "extraInfo": {
        "arguments": [
          "row",
          "data",
          "view"
        ]
      }
    },
    "onHoverCell": {
      "valueType": "Function",
      "name": "TableOnHoverCell",
      "extraInfo": {
        "arguments": [
          "event",
          "cell",
          "row",
          "column",
          "rowIndex",
          "colIndex",
          "data",
          "view"
        ]
      }
    },
    "onClickCell": {
      "valueType": "Function",
      "name": "TableOnClickCell",
      "extraInfo": {
        "arguments": [
          "event",
          "cell",
          "row",
          "column",
          "rowIndex",
          "colIndex",
          "data",
          "view"
        ]
      }
    }
  },
  "events": {
    "onDown": "__ht__function(event, data, view, point, width, height) {\nht.vector.tableInteractor.onDown.apply(this, arguments);\n}",
    "onMove": "__ht__function(event, data, view, point, width, height) {\nht.vector.tableInteractor.onMove.apply(this, arguments);\n}",
    "onLeave": "__ht__function(event, data, view, point, width, height) {\nht.vector.tableInteractor.onLeave.apply(this, arguments);\n}",
    "onBeginDrag": "__ht__function(event, data, view, point, width, height) {\nht.vector.tableInteractor.onBeginDrag.apply(this, arguments);\n}",
    "onDrag": "__ht__function(event, data, view, point, width, height) {\nht.vector.tableInteractor.onDrag.apply(this, arguments);\n}",
    "onEndDrag": "__ht__function(event, data, view, point, width, height) {\nht.vector.tableInteractor.onEndDrag.apply(this, arguments);\n}",
    "onScroll": "__ht__function(event, data, view, point, width, height) {\nht.vector.tableInteractor.onScroll.apply(this, arguments);\n}"
  }
}