{
  "modified": "Tue Mar 26 2019 16:40:38 GMT+0800 (中国标准时间)",
  "width": 100,
  "height": 100,
  "snapshotURL": "symbols/ht/snapshot/textarea.json",
  "func": "__ht__function(g, rect, comp, data, view) {\nht.vector.comp.textarea.apply(this, arguments);\n}",
  "properties": {
    "value": {
      "valueType": "Multiline",
      "name": "UIFormItemValue"
    },
    "placeholder": {
      "valueType": "Multiline",
      "name": "UIPlaceHolder"
    },
    "placeholderColor": {
      "valueType": "Color",
      "defaultValue": "#737373",
      "name": "UIDisabledLayerColor"
    },
    "disabled": {
      "valueType": "Boolean",
      "defaultValue": false,
      "name": "UIDisabled"
    },
    "disabledLayerColor": {
      "valueType": "Color",
      "defaultValue": "rgba(255,255,255,0.35)",
      "name": "UIDisabledLayerColor"
    },
    "borderWidth": {
      "valueType": "PositiveNumber",
      "defaultValue": "1",
      "name": "UIBorderWidth"
    },
    "borderColor": {
      "valueType": "Color",
      "defaultValue": "#737373",
      "name": "UIBorderColor"
    },
    "focusBorderColor": {
      "valueType": "Color",
      "defaultValue": "rgb(51,153,255)",
      "name": "UIFocusBorderColor"
    },
    "borderRadius": {
      "valueType": "String",
      "defaultValue": "0",
      "name": "UIBorderRadius"
    },
    "padding": {
      "valueType": "String",
      "defaultValue": "0",
      "name": "UIPadding"
    },
    "background": {
      "valueType": "Color",
      "name": "UIBackground"
    },
    "focusBackground": {
      "valueType": "Color",
      "name": "UIFocusBackground"
    },
    "textAlign": {
      "valueType": "Align",
      "defaultValue": "left",
      "name": "UITextAlign"
    },
    "textColor": {
      "valueType": "Color",
      "defaultValue": "rgb(61,61,61)",
      "name": "UITextColor"
    },
    "lineHeight": {
      "valueType": "Number",
      "defaultValue": 18,
      "name": "UILineHeight"
    },
    "font": {
      "valueType": "Font",
      "defaultValue": "12px arial, sans-serif",
      "name": "UIFont"
    },
    "wordBreak": {
      "valueType": "Boolean",
      "defaultValue": false,
      "name": "UIWordBreak"
    },
    "maxLength": {
      "valueType": "PositiveNumber",
      "name": "UIMaxLength"
    },
    "selectTextOnFocus": {
      "valueType": "Boolean",
      "defaultValue": false,
      "name": "UISelectTextOnFocus"
    },
    "onKeyDown": {
      "valueType": "Function",
      "name": "UIOnKeyDown",
      "extraInfo": {
        "arguments": [
          "event",
          "data",
          "view"
        ]
      }
    },
    "onKeyUp": {
      "valueType": "Function",
      "name": "UIOnKeyUp",
      "extraInfo": {
        "arguments": [
          "event",
          "data",
          "view"
        ]
      }
    },
    "onChange": {
      "valueType": "Function",
      "name": "UIOnChange",
      "extraInfo": {
        "arguments": [
          "value",
          "data",
          "view"
        ]
      }
    }
  },
  "events": {
    "onDown": "__ht__function(event, data, view, point, width, height) {\nht.vector.textAreaInteractor.onDown.apply(this, arguments)\n}",
    "onUp": "__ht__function(event, data, view, point, width, height) {\nht.vector.textAreaInteractor.onUp.apply(this, arguments)\n}",
    "onEnter": "__ht__function(event, data, view, point, width, height) {\nht.vector.textAreaInteractor.onEnter.apply(this, arguments)\n}",
    "onLeave": "__ht__function(event, data, view, point, width, height) {\nht.vector.textAreaInteractor.onLeave.apply(this, arguments)\n}",
    "onDrag": "__ht__function(event, data, view, point, width, height) {\nht.vector.textAreaInteractor.onDrag.apply(this, arguments)\n}"
  }
}