{
  "v": "6.2.5",
  "p": {
    "layers": [
      {
        "name": "background",
        "visible": true,
        "selectable": false,
        "movable": false,
        "editable": false
      },
      {
        "name": "battery",
        "visible": true,
        "selectable": true,
        "movable": true,
        "editable": true
      }
    ],
    "autoAdjustIndex": true,
    "hierarchicalRendering": true
  },
  "a": {
    "connectActionType": null,
    "rotateAsClock": false,
    "width": 800,
    "height": 500,
    "previewURL": "display-battery.html"
  },
  "d": [
    {
      "c": "ht.Node",
      "i": 51439,
      "p": {
        "layer": "background",
        "position": {
          "x": 400,
          "y": 250
        },
        "width": 800,
        "height": 500
      },
      "s": {
        "shape": "rect",
        "shape.background": "#2193b0",
        "shape.border.color": "#979797",
        "shape.gradient.color": "#6dd5ed"
      }
    },
    {
      "c": "ht.Node",
      "i": 51440,
      "p": {
        "displayName": "battery",
        "layer": "battery",
        "tag": "b1",
        "image": "symbols/demo/battery/battery.json",
        "position": {
          "x": 289,
          "y": 320
        },
        "width": 240,
        "height": 240
      },
      "s": {
        "select.width": 0
      },
      "a": {
        "remainingPower": 1
      }
    },
    {
      "c": "ht.Text",
      "i": 51441,
      "p": {
        "layer": "battery",
        "position": {
          "x": 120,
          "y": 40
        },
        "anchor": {
          "x": 0,
          "y": 0
        },
        "width": 560,
        "height": 80
      },
      "s": {
        "text": "HT Battery Widget",
        "text.align": "center",
        "text.color": "#E6EAEE",
        "text.font": "40px  arial, sans-serif",
        "select.width": 0
      }
    },
    {
      "c": "ht.Node",
      "i": 51442,
      "p": {
        "displayName": "text",
        "layer": "battery",
        "tag": "r1",
        "image": "symbols/demo/battery/text.json",
        "position": {
          "x": 560,
          "y": 310
        },
        "width": 240,
        "height": 240
      },
      "s": {
        "select.width": 0
      }
    }
  ],
  "contentRect": {
    "x": 0,
    "y": 0,
    "width": 800,
    "height": 500
  }
}