{
  "v": "6.1.7",
  "p": {
    "background": "rgb(33,33,33)",
    "autoAdjustIndex": true,
    "hierarchicalRendering": true
  },
  "a": {
    "previewURL": "display-water-treatment2.html"
  },
  "d": [
    {
      "c": "ht.Node",
      "i": 1292,
      "p": {
        "position": {
          "x": 724.09632,
          "y": 464.19679
        },
        "width": 1440,
        "height": 900
      },
      "s": {
        "shape": "rect",
        "shape.background": "rgb(33,33,33)",
        "shape.border.width": 1,
        "shape.border.color": "#979797",
        "2d.selectable": false
      }
    },
    {
      "c": "ht.Data",
      "i": 1293,
      "p": {
        "displayName": "水管"
      },
      "s": {
        "editor.folder": true
      }
    },
    {
      "c": "ht.Shape",
      "i": 1294,
      "p": {
        "parent": {
          "__i": 1293
        },
        "position": {
          "x": 703.10017,
          "y": 595.79316
        },
        "width": 1046.30593,
        "height": 461.61967,
        "segments": {
          "__a": [
            1,
            2,
            2
          ]
        },
        "points": {
          "__a": [
            {
              "x": 179.94721,
              "y": 364.98332
            },
            {
              "x": 179.94721,
              "y": 826.60299
            },
            {
              "x": 1226.25314,
              "y": 826.60299
            }
          ]
        }
      },
      "s": {
        "shape.background": null,
        "shape.border.color": "rgb(25,119,250)",
        "shape.border.width": 6,
        "shape.dash.offset": -2731,
        "shape.dash.pattern": [
          64,
          48
        ],
        "shape.dash.color": "rgb(0,153,255)",
        "shape.border.cap": "round",
        "shape.dash": true,
        "2d.movable": false
      }
    },
    {
      "c": "ht.Node",
      "i": 1295,
      "p": {
        "displayName": "箭头",
        "parent": {
          "__i": 1294
        },
        "image": "symbols/demo/water treatment/2/箭头.json",
        "rotation": 1.5708,
        "position": {
          "x": 853.1137,
          "y": 826.60299
        }
      }
    },
    {
      "c": "ht.Node",
      "i": 1296,
      "p": {
        "displayName": "箭头",
        "parent": {
          "__i": 1294
        },
        "image": "symbols/demo/water treatment/2/箭头.json",
        "rotation": 1.5708,
        "position": {
          "x": 1241.25314,
          "y": 826.60299
        }
      }
    },
    {
      "c": "ht.Text",
      "i": 1297,
      "p": {
        "parent": {
          "__i": 1294
        },
        "position": {
          "x": 1303.26173,
          "y": 826.60299
        },
        "width": 76.89157,
        "height": 17.33185
      },
      "s": {
        "text": "至排水管道",
        "text.color": "rgb(255,255,255)"
      }
    },
    {
      "c": "ht.Shape",
      "i": 1298,
      "p": {
        "parent": {
          "__i": 1293
        },
        "position": {
          "x": 415.76139,
          "y": 498.63653
        },
        "width": 401.96594,
        "height": 409.60627,
        "segments": {
          "__a": [
            1,
            2,
            2,
            1,
            2,
            1,
            2,
            2,
            2,
            2
          ]
        },
        "points": {
          "__a": [
            {
              "x": 214.77842,
              "y": 362.92223
            },
            {
              "x": 214.77842,
              "y": 703.43967
            },
            {
              "x": 279.55366,
              "y": 703.43967
            },
            {
              "x": 299.60162,
              "y": 703.43967
            },
            {
              "x": 318.15818,
              "y": 703.43967
            },
            {
              "x": 337.27319,
              "y": 703.43967
            },
            {
              "x": 534.11027,
              "y": 703.43967
            },
            {
              "x": 534.11027,
              "y": 293.8334
            },
            {
              "x": 616.74436,
              "y": 293.8334
            },
            {
              "x": 616.74436,
              "y": 349.90213
            }
          ]
        }
      },
      "s": {
        "shape.background": null,
        "shape.border.color": "rgb(25,119,250)",
        "shape.border.width": 6,
        "shape.dash.offset": -2559,
        "shape.dash.pattern": [
          64,
          48
        ],
        "shape.dash.color": "rgb(0,153,255)",
        "shape.border.cap": "round",
        "shape.dash": true,
        "2d.movable": false
      }
    },
    {
      "c": "ht.Node",
      "i": 1299,
      "p": {
        "displayName": "箭头",
        "parent": {
          "__i": 1298
        },
        "image": "symbols/demo/water treatment/2/箭头.json",
        "rotation": 1.5708,
        "position": {
          "x": 419.96748,
          "y": 703.43967
        }
      }
    },
    {
      "c": "ht.Shape",
      "i": 1300,
      "p": {
        "parent": {
          "__i": 1293
        },
        "position": {
          "x": 823.38251,
          "y": 366.56976
        },
        "width": 703.97101,
        "height": 418.69409,
        "segments": {
          "__a": [
            1,
            2,
            2,
            1,
            2,
            2,
            1,
            2,
            2,
            1,
            2,
            1,
            2,
            2,
            2,
            1,
            2,
            1,
            2,
            1,
            2,
            1,
            2,
            1,
            2,
            1,
            2,
            1,
            2,
            1,
            2,
            1,
            2,
            1,
            2,
            1,
            2,
            1,
            2
          ]
        },
        "points": {
          "__a": [
            {
              "x": 953.27467,
              "y": 272.70443
            },
            {
              "x": 953.27467,
              "y": 203.63519
            },
            {
              "x": 1067.69119,
              "y": 203.63519
            },
            {
              "x": 1175.36802,
              "y": 272.70443
            },
            {
              "x": 1175.36802,
              "y": 203.63519
            },
            {
              "x": 1067.69119,
              "y": 203.63519
            },
            {
              "x": 1067.69119,
              "y": 272.70443
            },
            {
              "x": 1067.69119,
              "y": 157.22272
            },
            {
              "x": 712.62494,
              "y": 157.39068
            },
            {
              "x": 693.46482,
              "y": 157.39974
            },
            {
              "x": 666.21141,
              "y": 157.41263
            },
            {
              "x": 647.17091,
              "y": 157.42164
            },
            {
              "x": 514.49658,
              "y": 157.4844
            },
            {
              "x": 514.49658,
              "y": 575.91681
            },
            {
              "x": 471.397,
              "y": 575.91681
            },
            {
              "x": 514.49658,
              "y": 543.33371
            },
            {
              "x": 471.397,
              "y": 543.33371
            },
            {
              "x": 514.49658,
              "y": 509.69179
            },
            {
              "x": 471.397,
              "y": 509.69179
            },
            {
              "x": 514.49658,
              "y": 476.17504
            },
            {
              "x": 471.397,
              "y": 476.17504
            },
            {
              "x": 514.49658,
              "y": 444.07507
            },
            {
              "x": 471.397,
              "y": 444.07507
            },
            {
              "x": 514.49658,
              "y": 409.997
            },
            {
              "x": 471.397,
              "y": 409.997
            },
            {
              "x": 514.49658,
              "y": 376.93272
            },
            {
              "x": 471.397,
              "y": 376.93272
            },
            {
              "x": 514.49658,
              "y": 347.86372
            },
            {
              "x": 471.397,
              "y": 347.86372
            },
            {
              "x": 514.49658,
              "y": 309.4265
            },
            {
              "x": 471.397,
              "y": 309.4265
            },
            {
              "x": 514.49658,
              "y": 276.22446
            },
            {
              "x": 471.397,
              "y": 276.22446
            },
            {
              "x": 514.49658,
              "y": 243.57349
            },
            {
              "x": 471.397,
              "y": 243.57349
            },
            {
              "x": 514.49658,
              "y": 209.95814
            },
            {
              "x": 471.397,
              "y": 209.95814
            },
            {
              "x": 514.49658,
              "y": 176.34279
            },
            {
              "x": 471.397,
              "y": 176.34279
            }
          ]
        }
      },
      "s": {
        "shape.background": null,
        "shape.border.color": "rgb(250,111,25)",
        "shape.border.width": 6,
        "shape.dash.offset": 673,
        "shape.dash.pattern": [
          64,
          48
        ],
        "shape.dash.color": "rgb(255,201,94)",
        "shape.border.cap": "round",
        "shape.dash": true
      }
    },
    {
      "c": "ht.Shape",
      "i": 1301,
      "p": {
        "parent": {
          "__i": 1293
        },
        "position": {
          "x": 592.53989,
          "y": 545.37351
        },
        "width": 788.90513,
        "height": 402.83741,
        "segments": {
          "__a": [
            1,
            2,
            2,
            1,
            2,
            1,
            2,
            1,
            2,
            1,
            2,
            2,
            2,
            1,
            2,
            1,
            2,
            1,
            2,
            2
          ]
        },
        "points": {
          "__a": [
            {
              "x": 289.64615,
              "y": 746.79221
            },
            {
              "x": 198.08733,
              "y": 746.79221
            },
            {
              "x": 198.08733,
              "y": 359.68353
            },
            {
              "x": 367.17627,
              "y": 541.78803
            },
            {
              "x": 336.18132,
              "y": 541.78803
            },
            {
              "x": 319.691,
              "y": 541.78803
            },
            {
              "x": 289.64615,
              "y": 541.78803
            },
            {
              "x": 367.17627,
              "y": 343.9548
            },
            {
              "x": 336.18132,
              "y": 343.9548
            },
            {
              "x": 320.40941,
              "y": 343.9548
            },
            {
              "x": 289.64615,
              "y": 343.9548
            },
            {
              "x": 289.64615,
              "y": 746.79221
            },
            {
              "x": 318.17259,
              "y": 746.79221
            },
            {
              "x": 337.34318,
              "y": 746.79221
            },
            {
              "x": 542.22675,
              "y": 746.79221
            },
            {
              "x": 561.34081,
              "y": 746.79221
            },
            {
              "x": 671.90817,
              "y": 746.79221
            },
            {
              "x": 691.02585,
              "y": 746.79221
            },
            {
              "x": 986.99246,
              "y": 746.79221
            },
            {
              "x": 986.99246,
              "y": 486.45066
            }
          ]
        }
      },
      "s": {
        "shape.background": null,
        "shape.border.color": "rgb(25,119,250)",
        "shape.border.width": 6,
        "shape.dash.offset": -167,
        "shape.dash.pattern": [
          64,
          48
        ],
        "shape.dash.color": "rgb(0,153,255)",
        "shape.border.cap": "round",
        "shape.dash": true
      }
    },
    {
      "c": "ht.Node",
      "i": 1302,
      "p": {
        "displayName": "箭头",
        "parent": {
          "__i": 1301
        },
        "image": "symbols/demo/water treatment/2/箭头.json",
        "position": {
          "x": 290.16948,
          "y": 615.74495
        }
      }
    },
    {
      "c": "ht.Node",
      "i": 1303,
      "p": {
        "displayName": "箭头",
        "parent": {
          "__i": 1301
        },
        "image": "symbols/demo/water treatment/2/箭头.json",
        "rotation": 1.5708,
        "position": {
          "x": 247.90761,
          "y": 746.8415
        }
      }
    },
    {
      "c": "ht.Node",
      "i": 1304,
      "p": {
        "displayName": "箭头",
        "parent": {
          "__i": 1301
        },
        "image": "symbols/demo/water treatment/2/箭头.json",
        "rotation": 4.71239,
        "position": {
          "x": 422.0356,
          "y": 746.79221
        }
      }
    },
    {
      "c": "ht.Node",
      "i": 1305,
      "p": {
        "displayName": "dataPane",
        "parent": {
          "__i": 1301
        },
        "image": "symbols/demo/water treatment/2/数据面板.json",
        "position": {
          "x": 930.09588,
          "y": 724.84144
        }
      }
    },
    {
      "c": "ht.Shape",
      "i": 1306,
      "p": {
        "parent": {
          "__i": 1293
        },
        "rotation": 1.5708,
        "position": {
          "x": 733.21796,
          "y": 486.02273
        },
        "width": 619.43237,
        "height": 1003.0588,
        "segments": {
          "__a": [
            1,
            2,
            1,
            2,
            2,
            2,
            2,
            2,
            1,
            2,
            2,
            2,
            1,
            2,
            1,
            2,
            1,
            2,
            1,
            2,
            1,
            2,
            1,
            2,
            1,
            2,
            1,
            2,
            1,
            2,
            1,
            2,
            1,
            2,
            1,
            2,
            2
          ]
        },
        "points": {
          "__a": [
            {
              "x": 874.31712,
              "y": -15.50667
            },
            {
              "x": 874.31749,
              "y": 86.75375
            },
            {
              "x": 874.31787,
              "y": 188.53728
            },
            {
              "x": 874.31749,
              "y": 86.75375
            },
            {
              "x": 1042.9312,
              "y": 86.75313
            },
            {
              "x": 1042.93333,
              "y": 667.52166
            },
            {
              "x": 672.17826,
              "y": 667.52302
            },
            {
              "x": 672.17818,
              "y": 647.8339
            },
            {
              "x": 1042.93333,
              "y": 667.52166
            },
            {
              "x": 1042.93415,
              "y": 891.17231
            },
            {
              "x": 423.50193,
              "y": 891.17459
            },
            {
              "x": 423.50178,
              "y": 851.39802
            },
            {
              "x": 457.07082,
              "y": 891.17446
            },
            {
              "x": 457.07068,
              "y": 851.3979
            },
            {
              "x": 490.22629,
              "y": 891.17434
            },
            {
              "x": 490.22614,
              "y": 851.39778
            },
            {
              "x": 523.38175,
              "y": 891.17422
            },
            {
              "x": 523.38161,
              "y": 851.39766
            },
            {
              "x": 556.86878,
              "y": 891.1741
            },
            {
              "x": 556.86863,
              "y": 851.39753
            },
            {
              "x": 624.17437,
              "y": 891.17385
            },
            {
              "x": 624.17422,
              "y": 851.39729
            },
            {
              "x": 657.32984,
              "y": 891.17373
            },
            {
              "x": 657.32969,
              "y": 851.39717
            },
            {
              "x": 689.49064,
              "y": 891.17361
            },
            {
              "x": 689.49049,
              "y": 851.39705
            },
            {
              "x": 723.67162,
              "y": 891.17348
            },
            {
              "x": 723.67147,
              "y": 851.39692
            },
            {
              "x": 757.52418,
              "y": 891.17336
            },
            {
              "x": 757.52404,
              "y": 851.3968
            },
            {
              "x": 824.89502,
              "y": 891.17311
            },
            {
              "x": 824.89487,
              "y": 851.39655
            },
            {
              "x": 905.53913,
              "y": 891.17282
            },
            {
              "x": 905.53924,
              "y": 922.25882
            },
            {
              "x": 905.53929,
              "y": 937.3775
            },
            {
              "x": 905.53948,
              "y": 987.55105
            },
            {
              "x": 611.74271,
              "y": 987.55213
            }
          ]
        }
      },
      "s": {
        "shape.background": null,
        "shape.border.color": "rgb(25,119,250)",
        "shape.border.width": 6,
        "shape.dash.offset": -327,
        "shape.dash.pattern": [
          64,
          48
        ],
        "shape.dash.color": "rgb(0,153,255)",
        "shape.border.cap": "round",
        "shape.dash": true,
        "2d.movable": false
      }
    },
    {
      "c": "ht.Shape",
      "i": 1307,
      "p": {
        "parent": {
          "__i": 1306
        },
        "rotation": 1.5708,
        "position": {
          "x": 1030.69246,
          "y": 556.59445
        },
        "width": 141.03501,
        "height": 1,
        "segments": {
          "__a": [
            1,
            2,
            1,
            2,
            1,
            2
          ]
        },
        "points": {
          "__a": [
            {
              "x": 960.17495,
              "y": 556.59471
            },
            {
              "x": 998.09293,
              "y": 556.59457
            },
            {
              "x": 1024.1245,
              "y": 556.59447
            },
            {
              "x": 1057.11409,
              "y": 556.59435
            },
            {
              "x": 1081.35006,
              "y": 556.59426
            },
            {
              "x": 1101.20996,
              "y": 556.59419
            }
          ]
        }
      },
      "s": {
        "shape.background": null,
        "shape.border.color": "rgb(25,119,250)",
        "shape.border.width": 6,
        "shape.dash.offset": -2341,
        "shape.dash.pattern": [
          64,
          48
        ],
        "shape.dash.color": "rgb(0,153,255)",
        "shape.border.cap": "round",
        "shape.dash": true,
        "2d.movable": false
      }
    },
    {
      "c": "ht.Node",
      "i": 1308,
      "p": {
        "displayName": "箭头的副本",
        "parent": {
          "__i": 1307
        },
        "image": "symbols/demo/water treatment/2/箭头的副本.json",
        "host": {
          "__i": 1307
        },
        "rotation": 3.14159,
        "position": {
          "x": 1031.04553,
          "y": 537.0002
        }
      }
    },
    {
      "c": "ht.Node",
      "i": 1309,
      "p": {
        "displayName": "阀门开关",
        "parent": {
          "__i": 1307
        },
        "image": "symbols/demo/water treatment/2/阀门开关.json",
        "host": {
          "__i": 1307
        },
        "position": {
          "x": 1027.13282,
          "y": 595.13476
        }
      }
    },
    {
      "c": "ht.Shape",
      "i": 1310,
      "p": {
        "parent": {
          "__i": 1306
        },
        "rotation": 1.5708,
        "position": {
          "x": 1071.50367,
          "y": 556.59445
        },
        "width": 141.03501,
        "height": 1,
        "segments": {
          "__a": [
            1,
            2,
            1,
            2,
            1,
            2
          ]
        },
        "points": {
          "__a": [
            {
              "x": 1000.98616,
              "y": 556.59471
            },
            {
              "x": 1038.90414,
              "y": 556.59457
            },
            {
              "x": 1064.93571,
              "y": 556.59447
            },
            {
              "x": 1097.9253,
              "y": 556.59435
            },
            {
              "x": 1122.16127,
              "y": 556.59426
            },
            {
              "x": 1142.02117,
              "y": 556.59419
            }
          ]
        }
      },
      "s": {
        "shape.background": null,
        "shape.border.color": "rgb(25,119,250)",
        "shape.border.width": 6,
        "shape.dash.offset": -2305,
        "shape.dash.pattern": [
          64,
          48
        ],
        "shape.dash.color": "rgb(0,153,255)",
        "shape.border.cap": "round",
        "shape.dash": true,
        "2d.movable": false
      }
    },
    {
      "c": "ht.Node",
      "i": 1311,
      "p": {
        "displayName": "箭头的副本",
        "parent": {
          "__i": 1310
        },
        "image": "symbols/demo/water treatment/2/箭头的副本.json",
        "host": {
          "__i": 1310
        },
        "rotation": 3.14159,
        "position": {
          "x": 1071.85674,
          "y": 537.0002
        }
      }
    },
    {
      "c": "ht.Node",
      "i": 1312,
      "p": {
        "displayName": "阀门开关",
        "parent": {
          "__i": 1310
        },
        "image": "symbols/demo/water treatment/2/阀门开关.json",
        "host": {
          "__i": 1310
        },
        "position": {
          "x": 1067.94403,
          "y": 595.13476
        }
      }
    },
    {
      "c": "ht.Shape",
      "i": 1313,
      "p": {
        "parent": {
          "__i": 1306
        },
        "rotation": 1.5708,
        "position": {
          "x": 1112.31487,
          "y": 556.59445
        },
        "width": 141.03501,
        "height": 1,
        "segments": {
          "__a": [
            1,
            2,
            1,
            2,
            1,
            2
          ]
        },
        "points": {
          "__a": [
            {
              "x": 1041.79737,
              "y": 556.59471
            },
            {
              "x": 1079.71535,
              "y": 556.59457
            },
            {
              "x": 1105.74691,
              "y": 556.59447
            },
            {
              "x": 1138.73651,
              "y": 556.59435
            },
            {
              "x": 1162.97247,
              "y": 556.59426
            },
            {
              "x": 1182.83238,
              "y": 556.59419
            }
          ]
        }
      },
      "s": {
        "shape.background": null,
        "shape.border.color": "rgb(25,119,250)",
        "shape.border.width": 6,
        "shape.dash.offset": -2305,
        "shape.dash.pattern": [
          64,
          48
        ],
        "shape.dash.color": "rgb(0,153,255)",
        "shape.border.cap": "round",
        "shape.dash": true,
        "2d.movable": false
      }
    },
    {
      "c": "ht.Node",
      "i": 1314,
      "p": {
        "displayName": "箭头的副本",
        "parent": {
          "__i": 1313
        },
        "image": "symbols/demo/water treatment/2/箭头的副本.json",
        "host": {
          "__i": 1313
        },
        "rotation": 3.14159,
        "position": {
          "x": 1112.66795,
          "y": 537.0002
        }
      }
    },
    {
      "c": "ht.Node",
      "i": 1315,
      "p": {
        "displayName": "阀门开关",
        "parent": {
          "__i": 1313
        },
        "image": "symbols/demo/water treatment/2/阀门开关.json",
        "host": {
          "__i": 1313
        },
        "position": {
          "x": 1108.75524,
          "y": 595.13476
        }
      }
    },
    {
      "c": "ht.Shape",
      "i": 1316,
      "p": {
        "parent": {
          "__i": 1306
        },
        "rotation": 1.5708,
        "position": {
          "x": 1153.12608,
          "y": 556.59445
        },
        "width": 141.03501,
        "height": 1,
        "segments": {
          "__a": [
            1,
            2,
            1,
            2,
            1,
            2
          ]
        },
        "points": {
          "__a": [
            {
              "x": 1082.60858,
              "y": 556.59471
            },
            {
              "x": 1120.52656,
              "y": 556.59457
            },
            {
              "x": 1146.55812,
              "y": 556.59447
            },
            {
              "x": 1179.54772,
              "y": 556.59435
            },
            {
              "x": 1203.78368,
              "y": 556.59426
            },
            {
              "x": 1223.64359,
              "y": 556.59419
            }
          ]
        }
      },
      "s": {
        "shape.background": null,
        "shape.border.color": "rgb(25,119,250)",
        "shape.border.width": 6,
        "shape.dash.offset": -2305,
        "shape.dash.pattern": [
          64,
          48
        ],
        "shape.dash.color": "rgb(0,153,255)",
        "shape.border.cap": "round",
        "shape.dash": true,
        "2d.movable": false
      }
    },
    {
      "c": "ht.Node",
      "i": 1317,
      "p": {
        "displayName": "箭头的副本",
        "parent": {
          "__i": 1316
        },
        "image": "symbols/demo/water treatment/2/箭头的副本.json",
        "host": {
          "__i": 1316
        },
        "rotation": 3.14159,
        "position": {
          "x": 1153.47915,
          "y": 537.0002
        }
      }
    },
    {
      "c": "ht.Node",
      "i": 1318,
      "p": {
        "displayName": "阀门开关",
        "parent": {
          "__i": 1316
        },
        "image": "symbols/demo/water treatment/2/阀门开关.json",
        "host": {
          "__i": 1316
        },
        "position": {
          "x": 1149.56644,
          "y": 595.13476
        }
      }
    },
    {
      "c": "ht.Shape",
      "i": 1319,
      "p": {
        "parent": {
          "__i": 1306
        },
        "rotation": 1.5708,
        "position": {
          "x": 1193.93729,
          "y": 556.59445
        },
        "width": 141.03501,
        "height": 1,
        "segments": {
          "__a": [
            1,
            2,
            1,
            2,
            1,
            2
          ]
        },
        "points": {
          "__a": [
            {
              "x": 1123.41978,
              "y": 556.59471
            },
            {
              "x": 1161.33776,
              "y": 556.59457
            },
            {
              "x": 1187.36933,
              "y": 556.59447
            },
            {
              "x": 1220.35893,
              "y": 556.59435
            },
            {
              "x": 1244.59489,
              "y": 556.59426
            },
            {
              "x": 1264.4548,
              "y": 556.59419
            }
          ]
        }
      },
      "s": {
        "shape.background": null,
        "shape.border.color": "rgb(25,119,250)",
        "shape.border.width": 6,
        "shape.dash.offset": -2305,
        "shape.dash.pattern": [
          64,
          48
        ],
        "shape.dash.color": "rgb(0,153,255)",
        "shape.border.cap": "round",
        "shape.dash": true,
        "2d.movable": false
      }
    },
    {
      "c": "ht.Node",
      "i": 1320,
      "p": {
        "displayName": "箭头的副本",
        "parent": {
          "__i": 1319
        },
        "image": "symbols/demo/water treatment/2/箭头的副本.json",
        "host": {
          "__i": 1319
        },
        "rotation": 3.14159,
        "position": {
          "x": 1194.29036,
          "y": 537.0002
        }
      }
    },
    {
      "c": "ht.Node",
      "i": 1321,
      "p": {
        "displayName": "阀门开关",
        "parent": {
          "__i": 1319
        },
        "image": "symbols/demo/water treatment/2/阀门开关.json",
        "host": {
          "__i": 1319
        },
        "position": {
          "x": 1190.37765,
          "y": 595.13476
        }
      }
    },
    {
      "c": "ht.Shape",
      "i": 1322,
      "p": {
        "parent": {
          "__i": 1306
        },
        "rotation": 1.5708,
        "position": {
          "x": 1234.7485,
          "y": 556.59445
        },
        "width": 141.03501,
        "height": 1,
        "segments": {
          "__a": [
            1,
            2,
            1,
            2,
            1,
            2
          ]
        },
        "points": {
          "__a": [
            {
              "x": 1164.23099,
              "y": 556.59471
            },
            {
              "x": 1202.14897,
              "y": 556.59457
            },
            {
              "x": 1228.18054,
              "y": 556.59447
            },
            {
              "x": 1261.17013,
              "y": 556.59435
            },
            {
              "x": 1285.4061,
              "y": 556.59426
            },
            {
              "x": 1305.266,
              "y": 556.59419
            }
          ]
        }
      },
      "s": {
        "shape.background": null,
        "shape.border.color": "rgb(25,119,250)",
        "shape.border.width": 6,
        "shape.dash.offset": -2305,
        "shape.dash.pattern": [
          64,
          48
        ],
        "shape.dash.color": "rgb(0,153,255)",
        "shape.border.cap": "round",
        "shape.dash": true,
        "2d.movable": false
      }
    },
    {
      "c": "ht.Node",
      "i": 1323,
      "p": {
        "displayName": "箭头的副本",
        "parent": {
          "__i": 1322
        },
        "image": "symbols/demo/water treatment/2/箭头的副本.json",
        "host": {
          "__i": 1322
        },
        "rotation": 3.14159,
        "position": {
          "x": 1235.10157,
          "y": 537.0002
        }
      }
    },
    {
      "c": "ht.Node",
      "i": 1324,
      "p": {
        "displayName": "阀门开关",
        "parent": {
          "__i": 1322
        },
        "image": "symbols/demo/water treatment/2/阀门开关.json",
        "host": {
          "__i": 1322
        },
        "position": {
          "x": 1231.18886,
          "y": 595.13476
        }
      }
    },
    {
      "c": "ht.Node",
      "i": 1325,
      "p": {
        "displayName": "箭头",
        "parent": {
          "__i": 1306
        },
        "image": "symbols/demo/water treatment/2/箭头.json",
        "position": {
          "x": 231.90761,
          "y": 615.74495
        }
      }
    },
    {
      "c": "ht.Node",
      "i": 1326,
      "p": {
        "displayName": "箭头",
        "parent": {
          "__i": 1306
        },
        "image": "symbols/demo/water treatment/2/箭头.json",
        "position": {
          "x": 328.38701,
          "y": 615.74495
        }
      }
    },
    {
      "c": "ht.Node",
      "i": 1327,
      "p": {
        "displayName": "箭头",
        "parent": {
          "__i": 1306
        },
        "image": "symbols/demo/water treatment/2/箭头.json",
        "position": {
          "x": 552.21739,
          "y": 615.74495
        }
      }
    },
    {
      "c": "ht.Node",
      "i": 1328,
      "p": {
        "displayName": "箭头",
        "parent": {
          "__i": 1306
        },
        "image": "symbols/demo/water treatment/2/箭头.json",
        "rotation": 4.71239,
        "position": {
          "x": 853.1137,
          "y": 795.73636
        }
      }
    },
    {
      "c": "ht.Node",
      "i": 1329,
      "p": {
        "displayName": "dataPane",
        "parent": {
          "__i": 1306
        },
        "image": "symbols/demo/water treatment/2/数据面板.json",
        "position": {
          "x": 1076.12845,
          "y": 646.03622
        }
      },
      "a": {
        "speed": 37
      }
    },
    {
      "c": "ht.Shape",
      "i": 1330,
      "p": {
        "parent": {
          "__i": 1293
        },
        "rotation": 1.5708,
        "position": {
          "x": 900.11315,
          "y": 647.51433
        },
        "width": 42.18837,
        "height": 72.08882,
        "segments": {
          "__a": [
            1,
            2,
            1,
            2,
            2,
            2
          ]
        },
        "points": {
          "__a": [
            {
              "x": 879.01897,
              "y": 611.46992
            },
            {
              "x": 879.01909,
              "y": 644.14082
            },
            {
              "x": 879.01921,
              "y": 677.50333
            },
            {
              "x": 879.01909,
              "y": 644.14082
            },
            {
              "x": 921.20734,
              "y": 644.14067
            },
            {
              "x": 921.20734,
              "y": 683.55874
            }
          ]
        }
      },
      "s": {
        "shape.background": null,
        "shape.border.color": "rgb(25,119,250)",
        "shape.border.width": 6,
        "shape.dash.offset": -2567,
        "shape.dash.pattern": [
          64,
          48
        ],
        "shape.dash.color": "rgb(0,153,255)",
        "shape.border.cap": "round",
        "shape.dash": true,
        "2d.movable": false
      }
    },
    {
      "c": "ht.Shape",
      "i": 1331,
      "p": {
        "parent": {
          "__i": 1330
        },
        "rotation": 1.5708,
        "position": {
          "x": 936.15764,
          "y": 555.9025
        },
        "width": 141.03501,
        "height": 1,
        "segments": {
          "__a": [
            1,
            2,
            1,
            2,
            1,
            2
          ]
        },
        "points": {
          "__a": [
            {
              "x": 865.64013,
              "y": 555.90276
            },
            {
              "x": 903.55811,
              "y": 555.90262
            },
            {
              "x": 929.58968,
              "y": 555.90253
            },
            {
              "x": 962.57928,
              "y": 555.9024
            },
            {
              "x": 986.81524,
              "y": 555.90231
            },
            {
              "x": 1006.67514,
              "y": 555.90224
            }
          ]
        }
      },
      "s": {
        "shape.background": null,
        "shape.border.color": "rgb(25,119,250)",
        "shape.border.width": 6,
        "shape.dash.offset": -2330,
        "shape.dash.pattern": [
          64,
          48
        ],
        "shape.dash.color": "rgb(0,153,255)",
        "shape.border.cap": "round",
        "shape.dash": true,
        "2d.movable": false
      }
    },
    {
      "c": "ht.Node",
      "i": 1332,
      "p": {
        "displayName": "箭头的副本",
        "parent": {
          "__i": 1331
        },
        "image": "symbols/demo/water treatment/2/箭头的副本.json",
        "host": {
          "__i": 1331
        },
        "rotation": 3.14159,
        "position": {
          "x": 936.51071,
          "y": 536.30825
        }
      }
    },
    {
      "c": "ht.Node",
      "i": 1333,
      "p": {
        "displayName": "阀门开关",
        "parent": {
          "__i": 1331
        },
        "image": "symbols/demo/water treatment/2/阀门开关.json",
        "host": {
          "__i": 1331
        },
        "position": {
          "x": 932.598,
          "y": 594.44281
        }
      }
    },
    {
      "c": "ht.Shape",
      "i": 1334,
      "p": {
        "parent": {
          "__i": 1330
        },
        "rotation": 1.5708,
        "position": {
          "x": 870.15764,
          "y": 555.9025
        },
        "width": 141.03501,
        "height": 1,
        "segments": {
          "__a": [
            1,
            2,
            1,
            2,
            1,
            2
          ]
        },
        "points": {
          "__a": [
            {
              "x": 799.64013,
              "y": 555.90276
            },
            {
              "x": 837.55811,
              "y": 555.90262
            },
            {
              "x": 863.58968,
              "y": 555.90253
            },
            {
              "x": 896.57928,
              "y": 555.9024
            },
            {
              "x": 920.81524,
              "y": 555.90231
            },
            {
              "x": 940.67514,
              "y": 555.90224
            }
          ]
        }
      },
      "s": {
        "shape.background": null,
        "shape.border.color": "rgb(25,119,250)",
        "shape.border.width": 6,
        "shape.dash.offset": -2305,
        "shape.dash.pattern": [
          64,
          48
        ],
        "shape.dash.color": "rgb(0,153,255)",
        "shape.border.cap": "round",
        "shape.dash": true,
        "2d.movable": false
      }
    },
    {
      "c": "ht.Node",
      "i": 1335,
      "p": {
        "displayName": "箭头的副本",
        "parent": {
          "__i": 1334
        },
        "image": "symbols/demo/water treatment/2/箭头的副本.json",
        "host": {
          "__i": 1334
        },
        "rotation": 3.14159,
        "position": {
          "x": 870.51071,
          "y": 536.30825
        }
      }
    },
    {
      "c": "ht.Node",
      "i": 1336,
      "p": {
        "displayName": "阀门开关",
        "parent": {
          "__i": 1334
        },
        "image": "symbols/demo/water treatment/2/阀门开关.json",
        "host": {
          "__i": 1334
        },
        "position": {
          "x": 866.598,
          "y": 594.44281
        }
      }
    },
    {
      "c": "ht.Shape",
      "i": 1337,
      "p": {
        "parent": {
          "__i": 1330
        },
        "rotation": 1.5708,
        "position": {
          "x": 903.15764,
          "y": 555.9025
        },
        "width": 141.03501,
        "height": 1,
        "segments": {
          "__a": [
            1,
            2,
            1,
            2,
            1,
            2
          ]
        },
        "points": {
          "__a": [
            {
              "x": 832.64013,
              "y": 555.90276
            },
            {
              "x": 870.55811,
              "y": 555.90262
            },
            {
              "x": 896.58968,
              "y": 555.90253
            },
            {
              "x": 929.57928,
              "y": 555.9024
            },
            {
              "x": 953.81524,
              "y": 555.90231
            },
            {
              "x": 973.67514,
              "y": 555.90224
            }
          ]
        }
      },
      "s": {
        "shape.background": null,
        "shape.border.color": "rgb(25,119,250)",
        "shape.border.width": 6,
        "shape.dash.offset": -2305,
        "shape.dash.pattern": [
          64,
          48
        ],
        "shape.dash.color": "rgb(0,153,255)",
        "shape.border.cap": "round",
        "shape.dash": true,
        "2d.movable": false
      }
    },
    {
      "c": "ht.Node",
      "i": 1338,
      "p": {
        "displayName": "箭头的副本",
        "parent": {
          "__i": 1337
        },
        "image": "symbols/demo/water treatment/2/箭头的副本.json",
        "host": {
          "__i": 1337
        },
        "rotation": 3.14159,
        "position": {
          "x": 903.51071,
          "y": 536.30825
        }
      }
    },
    {
      "c": "ht.Node",
      "i": 1339,
      "p": {
        "displayName": "阀门开关",
        "parent": {
          "__i": 1337
        },
        "image": "symbols/demo/water treatment/2/阀门开关.json",
        "host": {
          "__i": 1337
        },
        "position": {
          "x": 899.598,
          "y": 594.44281
        }
      }
    },
    {
      "c": "ht.Node",
      "i": 1340,
      "p": {
        "displayName": "箭头",
        "parent": {
          "__i": 1330
        },
        "image": "symbols/demo/water treatment/2/箭头.json",
        "rotation": 4.71239,
        "position": {
          "x": 841.83434,
          "y": 668.60845
        }
      }
    },
    {
      "c": "ht.Text",
      "i": 1341,
      "p": {
        "parent": {
          "__i": 1330
        },
        "position": {
          "x": 812.3014,
          "y": 667.27438
        },
        "width": 76.89157,
        "height": 17.33185
      },
      "s": {
        "text": "至过滤器",
        "text.color": "rgb(255,255,255)"
      }
    },
    {
      "c": "ht.Node",
      "i": 1342,
      "p": {
        "displayName": "dataPane",
        "parent": {
          "__i": 1330
        },
        "image": "symbols/demo/water treatment/2/数据面板.json",
        "position": {
          "x": 845.91438,
          "y": 645.84245
        }
      }
    },
    {
      "c": "ht.Shape",
      "i": 1343,
      "p": {
        "parent": {
          "__i": 1293
        },
        "position": {
          "x": 946.65663,
          "y": 699.79565
        },
        "width": 595.75584,
        "height": 141.40421,
        "segments": {
          "__a": [
            1,
            2,
            1,
            2,
            2,
            2,
            1,
            2
          ]
        },
        "points": {
          "__a": [
            {
              "x": 714.92226,
              "y": 629.09355
            },
            {
              "x": 681.5374,
              "y": 629.09355
            },
            {
              "x": 648.77871,
              "y": 629.09355
            },
            {
              "x": 681.5374,
              "y": 629.09355
            },
            {
              "x": 681.5374,
              "y": 770.49776
            },
            {
              "x": 1122.78386,
              "y": 770.49776
            },
            {
              "x": 1141.89888,
              "y": 770.49776
            },
            {
              "x": 1244.53455,
              "y": 770.49776
            }
          ]
        }
      },
      "s": {
        "shape.background": null,
        "shape.border.color": "rgb(25,119,250)",
        "shape.border.width": 6,
        "shape.dash.offset": -2508,
        "shape.dash.pattern": [
          64,
          48
        ],
        "shape.dash.color": "rgb(0,153,255)",
        "shape.border.cap": "round",
        "shape.dash": true,
        "2d.movable": false
      }
    },
    {
      "c": "ht.Shape",
      "i": 1344,
      "p": {
        "parent": {
          "__i": 1343
        },
        "rotation": 1.5708,
        "position": {
          "x": 648.77871,
          "y": 558.57604
        },
        "width": 141.03501,
        "height": 1,
        "segments": {
          "__a": [
            1,
            2,
            1,
            2,
            1,
            2
          ]
        },
        "points": {
          "__a": [
            {
              "x": 578.26121,
              "y": 558.5763
            },
            {
              "x": 616.17919,
              "y": 558.57616
            },
            {
              "x": 642.21075,
              "y": 558.57607
            },
            {
              "x": 675.20035,
              "y": 558.57595
            },
            {
              "x": 699.43631,
              "y": 558.57586
            },
            {
              "x": 719.29622,
              "y": 558.57578
            }
          ]
        }
      },
      "s": {
        "shape.background": null,
        "shape.border.color": "rgb(25,119,250)",
        "shape.border.width": 6,
        "shape.dash.offset": -2305,
        "shape.dash.pattern": [
          64,
          48
        ],
        "shape.dash.color": "rgb(0,153,255)",
        "shape.border.cap": "round",
        "shape.dash": true,
        "2d.movable": false
      }
    },
    {
      "c": "ht.Node",
      "i": 1345,
      "p": {
        "displayName": "箭头的副本",
        "parent": {
          "__i": 1344
        },
        "image": "symbols/demo/water treatment/2/箭头的副本.json",
        "host": {
          "__i": 1344
        },
        "rotation": 3.14159,
        "position": {
          "x": 649.13178,
          "y": 538.9818
        }
      }
    },
    {
      "c": "ht.Node",
      "i": 1346,
      "p": {
        "displayName": "阀门开关",
        "parent": {
          "__i": 1344
        },
        "image": "symbols/demo/water treatment/2/阀门开关.json",
        "host": {
          "__i": 1344
        },
        "position": {
          "x": 645.21907,
          "y": 597.11636
        }
      }
    },
    {
      "c": "ht.Shape",
      "i": 1347,
      "p": {
        "parent": {
          "__i": 1343
        },
        "rotation": 1.5708,
        "position": {
          "x": 681.93944,
          "y": 558.57604
        },
        "width": 141.03501,
        "height": 1,
        "segments": {
          "__a": [
            1,
            2,
            1,
            2,
            1,
            2
          ]
        },
        "points": {
          "__a": [
            {
              "x": 611.42194,
              "y": 558.5763
            },
            {
              "x": 649.33992,
              "y": 558.57616
            },
            {
              "x": 675.37148,
              "y": 558.57607
            },
            {
              "x": 708.36108,
              "y": 558.57595
            },
            {
              "x": 732.59704,
              "y": 558.57586
            },
            {
              "x": 752.45695,
              "y": 558.57578
            }
          ]
        }
      },
      "s": {
        "shape.background": null,
        "shape.border.color": "rgb(25,119,250)",
        "shape.border.width": 6,
        "shape.dash.offset": -2305,
        "shape.dash.pattern": [
          64,
          48
        ],
        "shape.dash.color": "rgb(0,153,255)",
        "shape.border.cap": "round",
        "shape.dash": true,
        "2d.movable": false
      }
    },
    {
      "c": "ht.Node",
      "i": 1348,
      "p": {
        "displayName": "箭头的副本",
        "parent": {
          "__i": 1347
        },
        "image": "symbols/demo/water treatment/2/箭头的副本.json",
        "host": {
          "__i": 1347
        },
        "rotation": 3.14159,
        "position": {
          "x": 682.29251,
          "y": 538.9818
        }
      }
    },
    {
      "c": "ht.Node",
      "i": 1349,
      "p": {
        "displayName": "阀门开关",
        "parent": {
          "__i": 1347
        },
        "image": "symbols/demo/water treatment/2/阀门开关.json",
        "host": {
          "__i": 1347
        },
        "position": {
          "x": 678.3798,
          "y": 597.11636
        }
      }
    },
    {
      "c": "ht.Shape",
      "i": 1350,
      "p": {
        "parent": {
          "__i": 1343
        },
        "rotation": 1.5708,
        "position": {
          "x": 715.10017,
          "y": 558.57604
        },
        "width": 141.03501,
        "height": 1,
        "segments": {
          "__a": [
            1,
            2,
            1,
            2,
            1,
            2
          ]
        },
        "points": {
          "__a": [
            {
              "x": 644.58266,
              "y": 558.5763
            },
            {
              "x": 682.50064,
              "y": 558.57616
            },
            {
              "x": 708.53221,
              "y": 558.57607
            },
            {
              "x": 741.52181,
              "y": 558.57595
            },
            {
              "x": 765.75777,
              "y": 558.57586
            },
            {
              "x": 785.61768,
              "y": 558.57578
            }
          ]
        }
      },
      "s": {
        "shape.background": null,
        "shape.border.color": "rgb(25,119,250)",
        "shape.border.width": 6,
        "shape.dash.offset": -2305,
        "shape.dash.pattern": [
          64,
          48
        ],
        "shape.dash.color": "rgb(0,153,255)",
        "shape.border.cap": "round",
        "shape.dash": true,
        "2d.movable": false
      }
    },
    {
      "c": "ht.Node",
      "i": 1351,
      "p": {
        "displayName": "箭头的副本",
        "parent": {
          "__i": 1350
        },
        "image": "symbols/demo/water treatment/2/箭头的副本.json",
        "host": {
          "__i": 1350
        },
        "rotation": 3.14159,
        "position": {
          "x": 715.45324,
          "y": 538.9818
        }
      }
    },
    {
      "c": "ht.Node",
      "i": 1352,
      "p": {
        "displayName": "阀门开关",
        "parent": {
          "__i": 1350
        },
        "image": "symbols/demo/water treatment/2/阀门开关.json",
        "host": {
          "__i": 1350
        },
        "position": {
          "x": 711.54053,
          "y": 597.11636
        }
      }
    },
    {
      "c": "ht.Node",
      "i": 1353,
      "p": {
        "displayName": "箭头",
        "parent": {
          "__i": 1343
        },
        "image": "symbols/demo/water treatment/2/箭头.json",
        "rotation": 1.5708,
        "position": {
          "x": 853.1137,
          "y": 771.16725
        }
      }
    },
    {
      "c": "ht.Node",
      "i": 1354,
      "p": {
        "displayName": "箭头",
        "parent": {
          "__i": 1343
        },
        "image": "symbols/demo/water treatment/2/箭头.json",
        "rotation": 1.5708,
        "position": {
          "x": 1240.25314,
          "y": 770.49776
        }
      }
    },
    {
      "c": "ht.Text",
      "i": 1355,
      "p": {
        "parent": {
          "__i": 1343
        },
        "position": {
          "x": 1303.26173,
          "y": 770.49776
        },
        "width": 76.89157,
        "height": 17.33185
      },
      "s": {
        "text": "至消防水管道",
        "text.color": "rgb(255,255,255)"
      }
    },
    {
      "c": "ht.Shape",
      "i": 1356,
      "p": {
        "parent": {
          "__i": 1293
        },
        "rotation": 1.5708,
        "position": {
          "x": 982.07819,
          "y": 237.61301
        },
        "width": 224.52086,
        "height": 557.93685,
        "segments": {
          "__a": [
            1,
            2,
            1,
            2,
            2,
            1,
            2,
            1,
            2,
            1,
            2,
            1,
            2,
            1,
            2
          ]
        },
        "points": {
          "__a": [
            {
              "x": 869.81776,
              "y": -41.35542
            },
            {
              "x": 869.81776,
              "y": 10.32644
            },
            {
              "x": 869.81776,
              "y": 35.72483
            },
            {
              "x": 869.81776,
              "y": 516.58143
            },
            {
              "x": 990.37453,
              "y": 516.58099
            },
            {
              "x": 944.0505,
              "y": 516.58116
            },
            {
              "x": 944.05039,
              "y": 486.98668
            },
            {
              "x": 928.31359,
              "y": 392.56801
            },
            {
              "x": 928.31339,
              "y": 336.97034
            },
            {
              "x": 941.63897,
              "y": 324.24873
            },
            {
              "x": 1094.33855,
              "y": 324.24816
            },
            {
              "x": 958.63505,
              "y": 392.5679
            },
            {
              "x": 958.63493,
              "y": 357.28317
            },
            {
              "x": 971.68329,
              "y": 345.35849
            },
            {
              "x": 1094.33862,
              "y": 345.35803
            }
          ]
        }
      },
      "s": {
        "shape.background": null,
        "shape.border.color": "rgb(25,119,250)",
        "shape.border.width": 6,
        "shape.dash.offset": -3192,
        "shape.dash.pattern": [
          64,
          48
        ],
        "shape.dash.color": "rgb(0,153,255)",
        "shape.border.cap": "round",
        "shape.dash": true,
        "2d.movable": false
      }
    },
    {
      "c": "ht.Shape",
      "i": 1357,
      "p": {
        "parent": {
          "__i": 1356
        },
        "rotation": 1.5708,
        "position": {
          "x": 703.11019,
          "y": 298.38055
        },
        "width": 102.98501,
        "height": 1,
        "segments": {
          "__a": [
            1,
            2,
            1,
            2
          ]
        },
        "points": {
          "__a": [
            {
              "x": 651.61768,
              "y": 298.38074
            },
            {
              "x": 663.02156,
              "y": 298.3807
            },
            {
              "x": 686.06078,
              "y": 298.38061
            },
            {
              "x": 754.60269,
              "y": 298.38036
            }
          ]
        }
      },
      "s": {
        "shape.background": null,
        "shape.border.color": "rgb(25,119,250)",
        "shape.border.width": 6,
        "shape.dash.offset": -2891,
        "shape.dash.pattern": [
          64,
          48
        ],
        "shape.dash.color": "rgb(0,153,255)",
        "shape.border.cap": "round",
        "shape.dash": true,
        "2d.movable": false
      }
    },
    {
      "c": "ht.Node",
      "i": 1358,
      "p": {
        "displayName": "阀门开关",
        "parent": {
          "__i": 1357
        },
        "image": "symbols/demo/water treatment/2/阀门开关.json",
        "position": {
          "x": 699.10017,
          "y": 269.83086
        }
      }
    },
    {
      "c": "ht.Shape",
      "i": 1359,
      "p": {
        "parent": {
          "__i": 1356
        },
        "rotation": 1.5708,
        "position": {
          "x": 776.57632,
          "y": 298.46259
        },
        "width": 103.07395,
        "height": 146.95232,
        "segments": {
          "__a": [
            1,
            2,
            1,
            2,
            2
          ]
        },
        "points": {
          "__a": [
            {
              "x": 725.03935,
              "y": 371.93875
            },
            {
              "x": 725.03935,
              "y": 314.39903
            },
            {
              "x": 725.03935,
              "y": 290.6771
            },
            {
              "x": 725.03935,
              "y": 224.98681
            },
            {
              "x": 828.1133,
              "y": 224.98644
            }
          ]
        }
      },
      "s": {
        "shape.background": null,
        "shape.border.color": "rgb(25,119,250)",
        "shape.border.width": 6,
        "shape.dash.offset": -2301,
        "shape.dash.pattern": [
          64,
          48
        ],
        "shape.dash.color": "rgb(0,153,255)",
        "shape.border.cap": "round",
        "shape.dash": true,
        "2d.movable": false
      }
    },
    {
      "c": "ht.Node",
      "i": 1360,
      "p": {
        "displayName": "阀门开关",
        "parent": {
          "__i": 1359
        },
        "image": "symbols/demo/water treatment/2/阀门开关.json",
        "rotation": 1.5708,
        "position": {
          "x": 772.5565,
          "y": 242.6353
        }
      }
    },
    {
      "c": "ht.Node",
      "i": 1361,
      "p": {
        "displayName": "阀门开关",
        "parent": {
          "__i": 1356
        },
        "image": "symbols/demo/water treatment/2/阀门开关.json",
        "rotation": 1.5708,
        "position": {
          "x": 1196.87233,
          "y": 121.35257
        }
      }
    },
    {
      "c": "ht.Node",
      "i": 1362,
      "p": {
        "displayName": "箭头",
        "parent": {
          "__i": 1356
        },
        "image": "symbols/demo/water treatment/2/箭头.json",
        "rotation": 4.71239,
        "position": {
          "x": 853.1137,
          "y": 125.35257
        }
      }
    },
    {
      "c": "ht.Node",
      "i": 1363,
      "p": {
        "displayName": "箭头的副本",
        "parent": {
          "__i": 1356
        },
        "image": "symbols/demo/water treatment/2/箭头的副本.json",
        "rotation": 3.14159,
        "position": {
          "x": 895.50513,
          "y": 184.49104
        }
      }
    },
    {
      "c": "ht.Node",
      "i": 1364,
      "p": {
        "displayName": "箭头的副本",
        "parent": {
          "__i": 1356
        },
        "image": "symbols/demo/water treatment/2/箭头的副本.json",
        "rotation": 3.14159,
        "position": {
          "x": 874.5441,
          "y": 215.6353
        }
      }
    },
    {
      "c": "ht.Text",
      "i": 1365,
      "p": {
        "displayName": "外部生产新水水管",
        "parent": {
          "__i": 1356
        },
        "position": {
          "x": 1091.69698,
          "y": 107.43113
        },
        "width": 76.89157,
        "height": 17.33185
      },
      "s": {
        "text": "外部生产新水水管",
        "text.color": "rgb(255,255,255)"
      }
    },
    {
      "c": "ht.Node",
      "i": 1366,
      "p": {
        "displayName": "dataPane",
        "parent": {
          "__i": 1356
        },
        "image": "symbols/demo/water treatment/2/数据面板.json",
        "position": {
          "x": 994.12224,
          "y": 107.43113
        }
      }
    },
    {
      "c": "ht.Shape",
      "i": 1367,
      "p": {
        "parent": {
          "__i": 1293
        },
        "rotation": 1.5708,
        "position": {
          "x": 958.37501,
          "y": 219.19896
        },
        "width": 262.04667,
        "height": 602.9426,
        "segments": {
          "__a": [
            1,
            2,
            1,
            2,
            2
          ]
        },
        "points": {
          "__a": [
            {
              "x": 827.35167,
              "y": -82.27234
            },
            {
              "x": 827.35167,
              "y": -32.02165
            },
            {
              "x": 827.35167,
              "y": -6.8453
            },
            {
              "x": 827.35167,
              "y": 520.67026
            },
            {
              "x": 1089.39834,
              "y": 520.66929
            }
          ]
        }
      },
      "s": {
        "shape.background": null,
        "shape.border.color": "rgb(5,166,72)",
        "shape.border.width": 6,
        "shape.dash.offset": -2517,
        "shape.dash.pattern": [
          64,
          48
        ],
        "shape.dash.color": "rgb(134,240,143)",
        "shape.border.cap": "round",
        "shape.dash": true,
        "2d.movable": false
      }
    },
    {
      "c": "ht.Shape",
      "i": 1368,
      "p": {
        "parent": {
          "__i": 1367
        },
        "rotation": 1.5708,
        "position": {
          "x": 742.15219,
          "y": 326.7462
        },
        "width": 45.83944,
        "height": 170.49616,
        "segments": {
          "__a": [
            1,
            2,
            1,
            2,
            1,
            2,
            2
          ]
        },
        "points": {
          "__a": [
            {
              "x": 719.2331,
              "y": 411.99428
            },
            {
              "x": 719.23296,
              "y": 374.52804
            },
            {
              "x": 719.23289,
              "y": 357.00273
            },
            {
              "x": 719.23272,
              "y": 309.42658
            },
            {
              "x": 719.23263,
              "y": 283.67283
            },
            {
              "x": 719.23247,
              "y": 241.49829
            },
            {
              "x": 765.07191,
              "y": 241.49812
            }
          ]
        }
      },
      "s": {
        "shape.background": null,
        "shape.border.color": "rgb(5,166,72)",
        "shape.border.width": 6,
        "shape.dash.offset": -2371,
        "shape.dash.pattern": [
          64,
          48
        ],
        "shape.dash.color": "rgb(134,240,143)",
        "shape.border.cap": "round",
        "shape.dash": true,
        "2d.movable": false
      }
    },
    {
      "c": "ht.Node",
      "i": 1369,
      "p": {
        "displayName": "阀门开关",
        "parent": {
          "__i": 1368
        },
        "image": "symbols/demo/water treatment/2/阀门开关.json",
        "rotation": 1.5708,
        "position": {
          "x": 772.5565,
          "y": 300.31438
        }
      }
    },
    {
      "c": "ht.Node",
      "i": 1370,
      "p": {
        "displayName": "阀门开关",
        "parent": {
          "__i": 1367
        },
        "image": "symbols/demo/water treatment/2/阀门开关.json",
        "rotation": 1.5708,
        "position": {
          "x": 1196.87233,
          "y": 84.17561
        }
      }
    },
    {
      "c": "ht.Node",
      "i": 1371,
      "p": {
        "displayName": "箭头",
        "parent": {
          "__i": 1367
        },
        "image": "symbols/demo/water treatment/2/箭头.json",
        "rotation": 4.71239,
        "position": {
          "x": 853.1137,
          "y": 88.17561
        }
      }
    },
    {
      "c": "ht.Text",
      "i": 1372,
      "p": {
        "parent": {
          "__i": 1367
        },
        "position": {
          "x": 1091.69698,
          "y": 68.9201
        },
        "width": 76.89157,
        "height": 17.33185
      },
      "s": {
        "text": "一次脱盐水补水管",
        "text.color": "rgb(255,255,255)"
      }
    },
    {
      "c": "ht.Node",
      "i": 1373,
      "p": {
        "displayName": "dataPane",
        "parent": {
          "__i": 1367
        },
        "image": "symbols/demo/water treatment/2/数据面板.json",
        "position": {
          "x": 994.12224,
          "y": 69.9201
        }
      }
    },
    {
      "c": "ht.Data",
      "i": 1374,
      "p": {
        "displayName": "设备"
      },
      "s": {
        "editor.folder": true
      }
    },
    {
      "c": "ht.Node",
      "i": 1375,
      "p": {
        "displayName": "冷却塔",
        "parent": {
          "__i": 1374
        },
        "image": "symbols/demo/water treatment/2/冷却塔.json",
        "position": {
          "x": 953.35023,
          "y": 274.50575
        }
      }
    },
    {
      "c": "ht.Shape",
      "i": 1376,
      "p": {
        "parent": {
          "__i": 1375
        },
        "rotation": 1.5708,
        "position": {
          "x": 953.35029,
          "y": 329.26454
        },
        "width": 40.77287,
        "height": 1,
        "segments": {
          "__a": [
            1,
            2
          ]
        },
        "points": {
          "__a": [
            {
              "x": 932.96385,
              "y": 329.26461
            },
            {
              "x": 973.73673,
              "y": 329.26446
            }
          ]
        }
      },
      "s": {
        "shape.background": null,
        "shape.border.color": "rgb(25,119,250)",
        "shape.border.width": 6,
        "shape.dash.offset": -2457,
        "shape.dash.pattern": [
          64,
          48
        ],
        "shape.dash.color": "rgb(0,153,255)",
        "shape.border.cap": "round",
        "shape.dash": true,
        "2d.movable": false
      }
    },
    {
      "c": "ht.Text",
      "i": 1377,
      "p": {
        "parent": {
          "__i": 1375
        },
        "position": {
          "x": 953.85023,
          "y": 292.065
        },
        "width": 47.98398,
        "height": 17.33185
      },
      "s": {
        "text": "冷却塔1",
        "text.color": "rgb(255,255,255)"
      }
    },
    {
      "c": "ht.Node",
      "i": 1378,
      "p": {
        "displayName": "冷却塔",
        "parent": {
          "__i": 1374
        },
        "image": "symbols/demo/water treatment/2/冷却塔.json",
        "position": {
          "x": 1068.20499,
          "y": 274.14623
        }
      }
    },
    {
      "c": "ht.Shape",
      "i": 1379,
      "p": {
        "parent": {
          "__i": 1378
        },
        "rotation": 1.5708,
        "position": {
          "x": 1068.20505,
          "y": 329.37139
        },
        "width": 40.98661,
        "height": 1,
        "segments": {
          "__a": [
            1,
            2
          ]
        },
        "points": {
          "__a": [
            {
              "x": 1047.71175,
              "y": 329.37147
            },
            {
              "x": 1088.69835,
              "y": 329.37132
            }
          ]
        }
      },
      "s": {
        "shape.background": null,
        "shape.border.color": "rgb(25,119,250)",
        "shape.border.width": 6,
        "shape.dash.offset": -2768,
        "shape.dash.pattern": [
          64,
          48
        ],
        "shape.dash.color": "rgb(0,153,255)",
        "shape.border.cap": "round",
        "shape.dash": true,
        "2d.movable": false
      }
    },
    {
      "c": "ht.Text",
      "i": 1380,
      "p": {
        "parent": {
          "__i": 1378
        },
        "position": {
          "x": 1067.70499,
          "y": 292.065
        },
        "width": 47.98398,
        "height": 17.33185
      },
      "s": {
        "text": "冷却塔2",
        "text.color": "rgb(255,255,255)"
      }
    },
    {
      "c": "ht.Node",
      "i": 1381,
      "p": {
        "displayName": "冷却塔",
        "parent": {
          "__i": 1374
        },
        "image": "symbols/demo/water treatment/2/冷却塔.json",
        "position": {
          "x": 1175.26601,
          "y": 274.14623
        }
      }
    },
    {
      "c": "ht.Shape",
      "i": 1382,
      "p": {
        "parent": {
          "__i": 1381
        },
        "rotation": 1.5708,
        "position": {
          "x": 1175.76607,
          "y": 329.3714
        },
        "width": 40.9866,
        "height": 1,
        "segments": {
          "__a": [
            1,
            2
          ]
        },
        "points": {
          "__a": [
            {
              "x": 1155.27277,
              "y": 329.37147
            },
            {
              "x": 1196.25937,
              "y": 329.37132
            }
          ]
        }
      },
      "s": {
        "shape.background": null,
        "shape.border.color": "rgb(25,119,250)",
        "shape.border.width": 6,
        "shape.dash.offset": -2556,
        "shape.dash.pattern": [
          64,
          48
        ],
        "shape.dash.color": "rgb(0,153,255)",
        "shape.border.cap": "round",
        "shape.dash": true,
        "2d.movable": false
      }
    },
    {
      "c": "ht.Text",
      "i": 1383,
      "p": {
        "parent": {
          "__i": 1381
        },
        "position": {
          "x": 1175.76601,
          "y": 292.065
        },
        "width": 47.98398,
        "height": 17.33185
      },
      "s": {
        "text": "冷却塔3",
        "text.color": "rgb(255,255,255)"
      }
    },
    {
      "c": "ht.Node",
      "i": 1384,
      "p": {
        "displayName": "水塔",
        "parent": {
          "__i": 1374
        },
        "image": "symbols/demo/water treatment/2/水塔.json",
        "position": {
          "x": 227.86185,
          "y": 284.83086
        },
        "scale": {
          "x": 2,
          "y": 2
        }
      }
    },
    {
      "c": "ht.Text",
      "i": 1385,
      "p": {
        "parent": {
          "__i": 1384
        },
        "position": {
          "x": 206.10251,
          "y": 306.03308
        },
        "width": 51.61019,
        "height": 17.33185
      },
      "s": {
        "text": "事故水塔",
        "text.color": "rgb(255,255,255)"
      }
    },
    {
      "c": "ht.Node",
      "i": 1386,
      "p": {
        "displayName": "pool",
        "parent": {
          "__i": 1374
        },
        "image": "symbols/demo/water treatment/2/池.json",
        "position": {
          "x": 660.87779,
          "y": 487.45799
        },
        "anchor": {
          "x": 0.5,
          "y": 1
        },
        "width": 179.17446,
        "height": 174.23669
      },
      "s": {
        "clip.direction": "bottom"
      },
      "a": {
        "offsetX": -32
      }
    },
    {
      "c": "ht.Shape",
      "i": 1387,
      "p": {
        "parent": {
          "__i": 1386
        },
        "host": {
          "__i": 1386
        },
        "position": {
          "x": 660.87779,
          "y": 404.22207
        },
        "width": 179.17446,
        "height": 166.47185,
        "segments": {
          "__a": [
            1,
            2,
            2,
            2,
            2,
            2
          ]
        },
        "points": {
          "__a": [
            {
              "x": 584.46034,
              "y": 320.98615
            },
            {
              "x": 571.29056,
              "y": 320.98615
            },
            {
              "x": 571.29056,
              "y": 487.45799
            },
            {
              "x": 750.46502,
              "y": 487.45799
            },
            {
              "x": 750.46502,
              "y": 320.98615
            },
            {
              "x": 736.61856,
              "y": 320.98615
            }
          ]
        }
      },
      "s": {
        "shape.background": null,
        "shape.border.color": "rgb(217,217,217)",
        "shape.border.width": 8,
        "shape.border.cap": "round"
      }
    },
    {
      "c": "ht.Text",
      "i": 1388,
      "p": {
        "parent": {
          "__i": 1386
        },
        "position": {
          "x": 595.76401,
          "y": 500.90773
        },
        "width": 47.98398,
        "height": 17.33185
      },
      "s": {
        "text": "消防水池",
        "text.color": "rgb(255,255,255)"
      }
    },
    {
      "c": "ht.Node",
      "i": 1389,
      "p": {
        "displayName": "screen",
        "parent": {
          "__i": 1386
        },
        "image": "symbols/demo/water treatment/2/显示屏.json",
        "position": {
          "x": 597.3738,
          "y": 527.47888
        }
      }
    },
    {
      "c": "ht.Node",
      "i": 1390,
      "p": {
        "displayName": "pool",
        "parent": {
          "__i": 1374
        },
        "image": "symbols/demo/water treatment/2/池.json",
        "position": {
          "x": 1020.71369,
          "y": 487.45799
        },
        "anchor": {
          "x": 0.5,
          "y": 1
        },
        "scale": {
          "x": 2.55,
          "y": 1
        },
        "width": 179.17446,
        "height": 174.23669
      },
      "s": {
        "clip.direction": "bottom"
      },
      "a": {
        "offsetX": 35
      }
    },
    {
      "c": "ht.Shape",
      "i": 1391,
      "p": {
        "parent": {
          "__i": 1390
        },
        "host": {
          "__i": 1390
        },
        "position": {
          "x": 1020.71369,
          "y": 404.22207
        },
        "width": 456.97805,
        "height": 166.47185,
        "segments": {
          "__a": [
            1,
            2,
            2,
            2,
            2,
            2
          ]
        },
        "points": {
          "__a": [
            {
              "x": 814.70391,
              "y": 320.98615
            },
            {
              "x": 792.22466,
              "y": 320.98615
            },
            {
              "x": 792.22466,
              "y": 487.45799
            },
            {
              "x": 1249.20271,
              "y": 487.45799
            },
            {
              "x": 1249.20271,
              "y": 320.98615
            },
            {
              "x": 1228.99222,
              "y": 320.98615
            }
          ]
        }
      },
      "s": {
        "shape.background": null,
        "shape.border.color": "rgb(217,217,217)",
        "shape.border.width": 8,
        "shape.border.cap": "round"
      }
    },
    {
      "c": "ht.Text",
      "i": 1392,
      "p": {
        "parent": {
          "__i": 1390
        },
        "position": {
          "x": 812.3014,
          "y": 500.90773
        },
        "width": 47.98398,
        "height": 17.33185
      },
      "s": {
        "text": "吸水井",
        "text.color": "rgb(255,255,255)"
      }
    },
    {
      "c": "ht.Node",
      "i": 1393,
      "p": {
        "displayName": "screen",
        "parent": {
          "__i": 1390
        },
        "image": "symbols/demo/water treatment/2/显示屏.json",
        "position": {
          "x": 814.83434,
          "y": 526.96591
        }
      },
      "a": {
        "deep": 15.2
      }
    },
    {
      "c": "ht.Data",
      "i": 1394,
      "p": {
        "displayName": "中转设备",
        "parent": {
          "__i": 1374
        }
      },
      "s": {
        "editor.folder": true
      }
    },
    {
      "c": "ht.Node",
      "i": 1395,
      "p": {
        "displayName": "文字设备",
        "parent": {
          "__i": 1394
        },
        "image": "symbols/demo/water treatment/2/文字设备.json",
        "position": {
          "x": 419.96748,
          "y": 176.3047
        },
        "width": 110,
        "height": 26
      },
      "a": {
        "deviceName": "酸洗机组"
      }
    },
    {
      "c": "ht.Node",
      "i": 1396,
      "p": {
        "displayName": "文字设备",
        "parent": {
          "__i": 1394
        },
        "image": "symbols/demo/water treatment/2/文字设备.json",
        "position": {
          "x": 419.96748,
          "y": 209.60571
        },
        "width": 110,
        "height": 26
      },
      "a": {
        "deviceName": "精整机组"
      }
    },
    {
      "c": "ht.Node",
      "i": 1397,
      "p": {
        "displayName": "文字设备",
        "parent": {
          "__i": 1394
        },
        "image": "symbols/demo/water treatment/2/文字设备.json",
        "position": {
          "x": 419.96748,
          "y": 242.90672
        },
        "width": 110,
        "height": 26
      },
      "a": {
        "deviceName": "轧机机组"
      }
    },
    {
      "c": "ht.Node",
      "i": 1398,
      "p": {
        "displayName": "文字设备",
        "parent": {
          "__i": 1394
        },
        "image": "symbols/demo/water treatment/2/文字设备.json",
        "position": {
          "x": 419.96748,
          "y": 276.20773
        },
        "width": 110,
        "height": 26
      },
      "a": {
        "deviceName": "平整机组"
      }
    },
    {
      "c": "ht.Node",
      "i": 1399,
      "p": {
        "displayName": "文字设备",
        "parent": {
          "__i": 1394
        },
        "image": "symbols/demo/water treatment/2/文字设备.json",
        "position": {
          "x": 419.96748,
          "y": 309.50874
        },
        "width": 110,
        "height": 26
      },
      "a": {
        "deviceName": "彩涂机组"
      }
    },
    {
      "c": "ht.Node",
      "i": 1400,
      "p": {
        "displayName": "文字设备",
        "parent": {
          "__i": 1394
        },
        "image": "symbols/demo/water treatment/2/文字设备.json",
        "position": {
          "x": 419.96748,
          "y": 342.80975
        },
        "width": 110,
        "height": 26
      },
      "a": {
        "deviceName": "镀锌机组"
      }
    },
    {
      "c": "ht.Node",
      "i": 1401,
      "p": {
        "displayName": "文字设备",
        "parent": {
          "__i": 1394
        },
        "image": "symbols/demo/water treatment/2/文字设备.json",
        "position": {
          "x": 419.96748,
          "y": 376.11076
        },
        "width": 110,
        "height": 26
      },
      "a": {
        "deviceName": "酸再生"
      }
    },
    {
      "c": "ht.Node",
      "i": 1402,
      "p": {
        "displayName": "文字设备",
        "parent": {
          "__i": 1394
        },
        "image": "symbols/demo/water treatment/2/文字设备.json",
        "position": {
          "x": 419.96748,
          "y": 409.41176
        },
        "width": 110,
        "height": 26
      },
      "a": {
        "deviceName": "空压站"
      }
    },
    {
      "c": "ht.Node",
      "i": 1403,
      "p": {
        "displayName": "文字设备",
        "parent": {
          "__i": 1394
        },
        "image": "symbols/demo/water treatment/2/文字设备.json",
        "position": {
          "x": 419.96748,
          "y": 442.71277
        },
        "width": 110,
        "height": 26
      },
      "a": {
        "deviceName": "保护气体站"
      }
    },
    {
      "c": "ht.Node",
      "i": 1404,
      "p": {
        "displayName": "文字设备",
        "parent": {
          "__i": 1394
        },
        "image": "symbols/demo/water treatment/2/文字设备.json",
        "position": {
          "x": 419.96748,
          "y": 476.01378
        },
        "width": 110,
        "height": 26
      },
      "a": {
        "deviceName": "煤气加压站"
      }
    },
    {
      "c": "ht.Node",
      "i": 1405,
      "p": {
        "displayName": "文字设备",
        "parent": {
          "__i": 1394
        },
        "image": "symbols/demo/water treatment/2/文字设备.json",
        "position": {
          "x": 419.96748,
          "y": 509.31479
        },
        "width": 110,
        "height": 26
      },
      "a": {
        "deviceName": "煤气净化站"
      }
    },
    {
      "c": "ht.Node",
      "i": 1406,
      "p": {
        "displayName": "文字设备",
        "parent": {
          "__i": 1394
        },
        "image": "symbols/demo/water treatment/2/文字设备.json",
        "position": {
          "x": 778.3253,
          "y": 200.17348
        },
        "width": 110,
        "height": 46
      },
      "a": {
        "deviceName": "加药装置"
      }
    },
    {
      "c": "ht.Node",
      "i": 1407,
      "p": {
        "displayName": "文字设备",
        "parent": {
          "__i": 1394
        },
        "image": "symbols/demo/water treatment/2/文字设备.json",
        "position": {
          "x": 419.96748,
          "y": 542.6158
        },
        "width": 110,
        "height": 26
      },
      "a": {
        "deviceName": "罩式退火炉"
      }
    },
    {
      "c": "ht.Node",
      "i": 1408,
      "p": {
        "displayName": "文字设备",
        "parent": {
          "__i": 1394
        },
        "image": "symbols/demo/water treatment/2/文字设备.json",
        "position": {
          "x": 419.96748,
          "y": 575.91681
        },
        "width": 110,
        "height": 26
      },
      "a": {
        "deviceName": "锅炉房"
      }
    }
  ]
}