{
  "v": "6.2.5",
  "p": {
    "background": "#000000",
    "autoAdjustIndex": true,
    "hierarchicalRendering": true
  },
  "a": {
    "connectActionType": null,
    "rotateAsClock": false,
    "previewURL": "display-distribution-room.html"
  },
  "d": [
    {
      "c": "ht.Node",
      "i": 108408,
      "p": {
        "displayName": "断路器开关",
        "tag": "a1_b2_di1",
        "image": "symbols/demo/配电室/断路器开关.json",
        "position": {
          "x": 159.5567,
          "y": 307.80984
        }
      },
      "s": {
        "2d.movable": false
      }
    },
    {
      "c": "ht.Node",
      "i": 108409,
      "p": {
        "displayName": "断路器开关",
        "tag": "a1_b3_di1",
        "image": "symbols/demo/配电室/断路器开关.json",
        "position": {
          "x": 192.96742,
          "y": 307.80984
        }
      },
      "s": {
        "2d.movable": false
      }
    },
    {
      "c": "ht.Node",
      "i": 108410,
      "p": {
        "displayName": "断路器开关",
        "tag": "a1_b4_di1",
        "image": "symbols/demo/配电室/断路器开关.json",
        "position": {
          "x": 225.00302,
          "y": 307.80984
        }
      },
      "s": {
        "2d.movable": false
      }
    },
    {
      "c": "ht.Node",
      "i": 108411,
      "p": {
        "displayName": "断路器开关",
        "tag": "a1_b5_di1",
        "image": "symbols/demo/配电室/断路器开关.json",
        "position": {
          "x": 260.90796,
          "y": 307.80984
        }
      },
      "s": {
        "2d.movable": false
      }
    },
    {
      "c": "ht.Node",
      "i": 108412,
      "p": {
        "displayName": "断路器开关",
        "tag": "a1_b6_di1",
        "image": "symbols/demo/配电室/断路器开关.json",
        "position": {
          "x": 296.43601,
          "y": 307.80984
        }
      },
      "s": {
        "2d.movable": false
      }
    },
    {
      "c": "ht.Node",
      "i": 108413,
      "p": {
        "displayName": "断路器开关",
        "tag": "a1_b7_di1",
        "image": "symbols/demo/配电室/断路器开关.json",
        "position": {
          "x": 327.44138,
          "y": 307.80984
        }
      },
      "s": {
        "2d.movable": false
      }
    },
    {
      "c": "ht.Node",
      "i": 108414,
      "p": {
        "displayName": "断路器开关",
        "tag": "a1_b8_di1",
        "image": "symbols/demo/配电室/断路器开关.json",
        "position": {
          "x": 363.34632,
          "y": 307.80984
        }
      },
      "s": {
        "2d.movable": false
      }
    },
    {
      "c": "ht.Node",
      "i": 108415,
      "p": {
        "displayName": "断路器开关",
        "tag": "a1_b9_di1",
        "image": "symbols/demo/配电室/断路器开关.json",
        "position": {
          "x": 395.48236,
          "y": 307.80984
        }
      },
      "s": {
        "2d.movable": false
      }
    },
    {
      "c": "ht.Node",
      "i": 108416,
      "p": {
        "displayName": "断路器开关",
        "tag": "a1_b10_di1",
        "image": "symbols/demo/配电室/断路器开关.json",
        "position": {
          "x": 427.68816,
          "y": 307.80984
        }
      },
      "s": {
        "2d.movable": false
      }
    },
    {
      "c": "ht.Node",
      "i": 108417,
      "p": {
        "displayName": "断路器开关",
        "tag": "a1_b11_di1",
        "image": "symbols/demo/配电室/断路器开关.json",
        "position": {
          "x": 470.13687,
          "y": 307.80984
        }
      },
      "s": {
        "2d.movable": false
      }
    },
    {
      "c": "ht.Node",
      "i": 108418,
      "p": {
        "displayName": "断路器开关",
        "tag": "a1_b12_di1",
        "image": "symbols/demo/配电室/断路器开关.json",
        "position": {
          "x": 502.14905,
          "y": 307.80984
        }
      },
      "s": {
        "2d.movable": false
      }
    },
    {
      "c": "ht.Node",
      "i": 108419,
      "p": {
        "displayName": "断路器开关",
        "tag": "a1_b13_di1",
        "image": "symbols/demo/配电室/断路器开关.json",
        "position": {
          "x": 538.45863,
          "y": 307.80984
        }
      },
      "s": {
        "2d.movable": false
      }
    },
    {
      "c": "ht.Node",
      "i": 108420,
      "p": {
        "displayName": "断路器开关",
        "tag": "a1_b14_di1",
        "image": "symbols/demo/配电室/断路器开关.json",
        "position": {
          "x": 571.08472,
          "y": 307.80984
        }
      },
      "s": {
        "2d.movable": false
      }
    },
    {
      "c": "ht.Node",
      "i": 108421,
      "p": {
        "displayName": "断路器开关",
        "tag": "a1_b15_di1",
        "image": "symbols/demo/配电室/断路器开关.json",
        "position": {
          "x": 604.19671,
          "y": 307.80984
        }
      },
      "s": {
        "2d.movable": false
      }
    },
    {
      "c": "ht.Node",
      "i": 108422,
      "p": {
        "displayName": "断路器开关",
        "tag": "a1_b16_di1",
        "image": "symbols/demo/配电室/断路器开关.json",
        "position": {
          "x": 637.20532,
          "y": 307.80984
        }
      },
      "s": {
        "2d.movable": false
      }
    },
    {
      "c": "ht.Node",
      "i": 108423,
      "p": {
        "displayName": "断路器开关",
        "tag": "a1_b17_di1",
        "image": "symbols/demo/配电室/断路器开关.json",
        "position": {
          "x": 670.14415,
          "y": 307.80984
        }
      },
      "s": {
        "2d.movable": false
      }
    },
    {
      "c": "ht.Node",
      "i": 108424,
      "p": {
        "displayName": "断路器开关",
        "tag": "a1_b18_di1",
        "image": "symbols/demo/配电室/断路器开关.json",
        "position": {
          "x": 713.28672,
          "y": 307.80984
        }
      },
      "s": {
        "2d.movable": false
      }
    },
    {
      "c": "ht.Node",
      "i": 108425,
      "p": {
        "displayName": "断路器开关",
        "tag": "a1_b19_di1",
        "image": "symbols/demo/配电室/断路器开关.json",
        "position": {
          "x": 745.25376,
          "y": 307.80984
        }
      },
      "s": {
        "2d.movable": false
      }
    },
    {
      "c": "ht.Node",
      "i": 108426,
      "p": {
        "displayName": "断路器开关",
        "tag": "a1_b20_di1",
        "image": "symbols/demo/配电室/断路器开关.json",
        "position": {
          "x": 779.89322,
          "y": 307.80984
        }
      },
      "s": {
        "2d.movable": false
      }
    },
    {
      "c": "ht.Node",
      "i": 108427,
      "p": {
        "displayName": "断路器开关",
        "tag": "a1_b21_di1",
        "image": "symbols/demo/配电室/断路器开关.json",
        "position": {
          "x": 813.07499,
          "y": 307.80984
        }
      },
      "s": {
        "2d.movable": false
      }
    },
    {
      "c": "ht.Node",
      "i": 108428,
      "p": {
        "displayName": "断路器开关",
        "tag": "a1_b22_di1",
        "image": "symbols/demo/配电室/断路器开关.json",
        "position": {
          "x": 846.49971,
          "y": 307.80984
        }
      },
      "s": {
        "2d.movable": false
      }
    },
    {
      "c": "ht.Node",
      "i": 108429,
      "p": {
        "displayName": "断路器开关",
        "tag": "a1_b23_di1",
        "image": "symbols/demo/配电室/断路器开关.json",
        "position": {
          "x": 881.13916,
          "y": 307.80984
        }
      },
      "s": {
        "2d.movable": false
      }
    },
    {
      "c": "ht.Node",
      "i": 108430,
      "p": {
        "displayName": "断路器开关",
        "tag": "a2_b1_di1",
        "image": "symbols/demo/配电室/断路器开关.json",
        "position": {
          "x": 926.82311,
          "y": 307.80984
        }
      },
      "s": {
        "2d.movable": false
      }
    },
    {
      "c": "ht.Node",
      "i": 108431,
      "p": {
        "displayName": "断路器开关",
        "tag": "a2_b2_di1",
        "image": "symbols/demo/配电室/断路器开关.json",
        "position": {
          "x": 960.79896,
          "y": 307.80984
        }
      },
      "s": {
        "2d.movable": false
      }
    },
    {
      "c": "ht.Node",
      "i": 108432,
      "p": {
        "displayName": "断路器开关",
        "tag": "a2_b3_di1",
        "image": "symbols/demo/配电室/断路器开关.json",
        "position": {
          "x": 992.4958,
          "y": 307.80984
        }
      },
      "s": {
        "2d.movable": false
      }
    },
    {
      "c": "ht.Node",
      "i": 108433,
      "p": {
        "displayName": "断路器开关",
        "tag": "a2_b4_di1",
        "image": "symbols/demo/配电室/断路器开关.json",
        "position": {
          "x": 1026.79722,
          "y": 307.80984
        }
      },
      "s": {
        "2d.movable": false
      }
    },
    {
      "c": "ht.Node",
      "i": 108434,
      "p": {
        "displayName": "三相数字多功能表",
        "tag": "a1_b2",
        "image": "symbols/demo/配电室/三相数字多功能表.json",
        "position": {
          "x": 159.5567,
          "y": 402.46143
        }
      },
      "s": {
        "2d.movable": false
      }
    },
    {
      "c": "ht.Node",
      "i": 108435,
      "p": {
        "displayName": "三相数字多功能表",
        "tag": "a1_b3",
        "image": "symbols/demo/配电室/三相数字多功能表.json",
        "position": {
          "x": 192.96742,
          "y": 402.46143
        }
      },
      "s": {
        "2d.movable": false
      }
    },
    {
      "c": "ht.Node",
      "i": 108436,
      "p": {
        "displayName": "三相数字多功能表",
        "tag": "a1_b4",
        "image": "symbols/demo/配电室/三相数字多功能表.json",
        "position": {
          "x": 227.72959,
          "y": 402.46143
        }
      },
      "s": {
        "2d.movable": false
      }
    },
    {
      "c": "ht.Node",
      "i": 108437,
      "p": {
        "displayName": "三相数字多功能表",
        "tag": "a1_b5",
        "image": "symbols/demo/配电室/三相数字多功能表.json",
        "position": {
          "x": 260.72959,
          "y": 402.46143
        }
      },
      "s": {
        "2d.movable": false
      }
    },
    {
      "c": "ht.Node",
      "i": 108438,
      "p": {
        "displayName": "三相数字多功能表",
        "tag": "a1_b6",
        "image": "symbols/demo/配电室/三相数字多功能表.json",
        "position": {
          "x": 294.0616,
          "y": 402.46143
        }
      },
      "s": {
        "2d.movable": false
      }
    },
    {
      "c": "ht.Node",
      "i": 108439,
      "p": {
        "displayName": "三相数字多功能表",
        "tag": "a1_b7",
        "image": "symbols/demo/配电室/三相数字多功能表.json",
        "position": {
          "x": 328.74165,
          "y": 402.71263
        }
      },
      "s": {
        "2d.movable": false
      }
    },
    {
      "c": "ht.Node",
      "i": 108440,
      "p": {
        "displayName": "三相数字多功能表",
        "tag": "a1_b8",
        "image": "symbols/demo/配电室/三相数字多功能表.json",
        "position": {
          "x": 361.83876,
          "y": 402.17235
        }
      },
      "s": {
        "2d.movable": false
      }
    },
    {
      "c": "ht.Node",
      "i": 108441,
      "p": {
        "displayName": "三相数字多功能表",
        "tag": "a1_b9",
        "image": "symbols/demo/配电室/三相数字多功能表.json",
        "position": {
          "x": 395.33161,
          "y": 402.42354
        }
      },
      "s": {
        "2d.movable": false
      }
    },
    {
      "c": "ht.Node",
      "i": 108442,
      "p": {
        "displayName": "三相数字多功能表",
        "tag": "a1_b10",
        "image": "symbols/demo/配电室/三相数字多功能表.json",
        "position": {
          "x": 429.22018,
          "y": 402.279
        }
      },
      "s": {
        "2d.movable": false
      }
    },
    {
      "c": "ht.Node",
      "i": 108443,
      "p": {
        "displayName": "三相数字多功能表",
        "tag": "a1_b11",
        "image": "symbols/demo/配电室/三相数字多功能表.json",
        "position": {
          "x": 468.25331,
          "y": 402.53019
        }
      },
      "s": {
        "2d.movable": false
      }
    },
    {
      "c": "ht.Node",
      "i": 108444,
      "p": {
        "displayName": "三相数字多功能表",
        "tag": "a1_b12",
        "image": "symbols/demo/配电室/三相数字多功能表.json",
        "position": {
          "x": 504.12055,
          "y": 402.78139
        }
      },
      "s": {
        "2d.movable": false
      }
    },
    {
      "c": "ht.Node",
      "i": 108445,
      "p": {
        "displayName": "三相数字多功能表",
        "tag": "a1_b13",
        "image": "symbols/demo/配电室/三相数字多功能表.json",
        "position": {
          "x": 537.00913,
          "y": 402.63685
        }
      },
      "s": {
        "2d.movable": false
      }
    },
    {
      "c": "ht.Node",
      "i": 108446,
      "p": {
        "displayName": "三相数字多功能表",
        "tag": "a1_b14",
        "image": "symbols/demo/配电室/三相数字多功能表.json",
        "position": {
          "x": 571.10624,
          "y": 402.09657
        }
      },
      "s": {
        "2d.movable": false
      }
    },
    {
      "c": "ht.Node",
      "i": 108447,
      "p": {
        "displayName": "三相数字多功能表",
        "tag": "a1_b15",
        "image": "symbols/demo/配电室/三相数字多功能表.json",
        "position": {
          "x": 604.19671,
          "y": 402.09657
        }
      },
      "s": {
        "2d.movable": false
      }
    },
    {
      "c": "ht.Node",
      "i": 108448,
      "p": {
        "displayName": "三相数字多功能表",
        "tag": "a1_b16",
        "image": "symbols/demo/配电室/三相数字多功能表.json",
        "position": {
          "x": 637.20532,
          "y": 402.09657
        }
      },
      "s": {
        "2d.movable": false
      }
    },
    {
      "c": "ht.Node",
      "i": 108449,
      "p": {
        "displayName": "三相数字多功能表",
        "tag": "a1_b17",
        "image": "symbols/demo/配电室/三相数字多功能表.json",
        "position": {
          "x": 670.20532,
          "y": 402.78139
        }
      },
      "s": {
        "2d.movable": false
      }
    },
    {
      "c": "ht.Node",
      "i": 108450,
      "p": {
        "displayName": "三相数字多功能表",
        "tag": "a1_b18",
        "image": "symbols/demo/配电室/三相数字多功能表.json",
        "position": {
          "x": 711.21711,
          "y": 401.59419
        }
      },
      "s": {
        "2d.movable": false
      }
    },
    {
      "c": "ht.Node",
      "i": 108451,
      "p": {
        "displayName": "三相数字多功能表",
        "tag": "a1_b19",
        "image": "symbols/demo/配电室/三相数字多功能表.json",
        "position": {
          "x": 745.89716,
          "y": 402.24111
        }
      },
      "s": {
        "2d.movable": false
      }
    },
    {
      "c": "ht.Node",
      "i": 108452,
      "p": {
        "displayName": "三相数字多功能表",
        "tag": "a1_b20",
        "image": "symbols/demo/配电室/三相数字多功能表.json",
        "position": {
          "x": 780.57721,
          "y": 402.09657
        }
      },
      "s": {
        "2d.movable": false
      }
    },
    {
      "c": "ht.Node",
      "i": 108453,
      "p": {
        "displayName": "三相数字多功能表",
        "tag": "a1_b21",
        "image": "symbols/demo/配电室/三相数字多功能表.json",
        "position": {
          "x": 814.76441,
          "y": 402.09657
        }
      },
      "s": {
        "2d.movable": false
      }
    },
    {
      "c": "ht.Node",
      "i": 108454,
      "p": {
        "displayName": "三相数字多功能表",
        "tag": "a1_b22",
        "image": "symbols/demo/配电室/三相数字多功能表.json",
        "position": {
          "x": 848.25725,
          "y": 401.95203
        }
      },
      "s": {
        "2d.movable": false
      }
    },
    {
      "c": "ht.Node",
      "i": 108455,
      "p": {
        "displayName": "三相数字多功能表",
        "tag": "a1_b23",
        "image": "symbols/demo/配电室/三相数字多功能表.json",
        "position": {
          "x": 882.54157,
          "y": 402.59896
        }
      },
      "s": {
        "2d.movable": false
      }
    },
    {
      "c": "ht.Node",
      "i": 108456,
      "p": {
        "displayName": "三相数字多功能表",
        "tag": "a2_b1",
        "image": "symbols/demo/配电室/三相数字多功能表.json",
        "position": {
          "x": 925.13629,
          "y": 402.05868
        }
      },
      "s": {
        "2d.movable": false
      }
    },
    {
      "c": "ht.Node",
      "i": 108457,
      "p": {
        "displayName": "三相数字多功能表",
        "tag": "a2_b2",
        "image": "symbols/demo/配电室/三相数字多功能表.json",
        "position": {
          "x": 958.2334,
          "y": 402.10134
        }
      },
      "s": {
        "2d.movable": false
      }
    },
    {
      "c": "ht.Node",
      "i": 108458,
      "p": {
        "displayName": "三相数字多功能表",
        "tag": "a2_b3",
        "image": "symbols/demo/配电室/三相数字多功能表.json",
        "position": {
          "x": 993.79722,
          "y": 401.59419
        }
      },
      "s": {
        "2d.movable": false
      }
    },
    {
      "c": "ht.Node",
      "i": 108459,
      "p": {
        "displayName": "三相数字多功能表",
        "tag": "a2_b4",
        "image": "symbols/demo/配电室/三相数字多功能表.json",
        "position": {
          "x": 1026.79722,
          "y": 401.59419
        }
      },
      "s": {
        "2d.movable": false
      }
    },
    {
      "c": "ht.Node",
      "i": 108460,
      "p": {
        "displayName": "断路器开关",
        "tag": "a2_b29_di1",
        "image": "symbols/demo/配电室/断路器开关.json",
        "position": {
          "x": 189.03972,
          "y": 570.00526
        }
      },
      "s": {
        "2d.movable": false
      }
    },
    {
      "c": "ht.Node",
      "i": 108461,
      "p": {
        "displayName": "断路器开关",
        "tag": "a2_b28_di1",
        "image": "symbols/demo/配电室/断路器开关.json",
        "position": {
          "x": 222.90075,
          "y": 569.23306
        }
      },
      "s": {
        "2d.movable": false
      }
    },
    {
      "c": "ht.Node",
      "i": 108462,
      "p": {
        "displayName": "断路器开关",
        "tag": "a2_b27_di1",
        "image": "symbols/demo/配电室/断路器开关.json",
        "position": {
          "x": 256.33203,
          "y": 569.71407
        }
      },
      "s": {
        "2d.movable": false
      }
    },
    {
      "c": "ht.Node",
      "i": 108463,
      "p": {
        "displayName": "断路器开关",
        "tag": "a2_b26_di1",
        "image": "symbols/demo/配电室/断路器开关.json",
        "position": {
          "x": 289.76212,
          "y": 569.23306
        }
      },
      "s": {
        "2d.movable": false
      }
    },
    {
      "c": "ht.Node",
      "i": 108464,
      "p": {
        "displayName": "断路器开关",
        "tag": "a2_b25_di1",
        "image": "symbols/demo/配电室/断路器开关.json",
        "position": {
          "x": 323.62315,
          "y": 568.46085
        }
      },
      "s": {
        "2d.movable": false
      }
    },
    {
      "c": "ht.Node",
      "i": 108465,
      "p": {
        "displayName": "断路器开关",
        "tag": "a2_b24_di1",
        "image": "symbols/demo/配电室/断路器开关.json",
        "position": {
          "x": 357.05443,
          "y": 568.94187
        }
      },
      "s": {
        "2d.movable": false
      }
    },
    {
      "c": "ht.Node",
      "i": 108466,
      "p": {
        "displayName": "断路器开关",
        "tag": "a2_b23_di1",
        "image": "symbols/demo/配电室/断路器开关.json",
        "position": {
          "x": 389.2889,
          "y": 568.70136
        }
      },
      "s": {
        "2d.movable": false
      }
    },
    {
      "c": "ht.Node",
      "i": 108467,
      "p": {
        "displayName": "断路器开关",
        "tag": "a2_b22_di1",
        "image": "symbols/demo/配电室/断路器开关.json",
        "position": {
          "x": 424.30312,
          "y": 569.97384
        }
      },
      "s": {
        "2d.movable": false
      }
    },
    {
      "c": "ht.Node",
      "i": 108468,
      "p": {
        "displayName": "三相数字多功能表",
        "tag": "a2_b29",
        "image": "symbols/demo/配电室/三相数字多功能表.json",
        "position": {
          "x": 186.44289,
          "y": 662.66875
        }
      },
      "s": {
        "2d.movable": false
      }
    },
    {
      "c": "ht.Node",
      "i": 108469,
      "p": {
        "displayName": "三相数字多功能表",
        "tag": "a2_b27",
        "image": "symbols/demo/配电室/三相数字多功能表.json",
        "position": {
          "x": 254.61579,
          "y": 662.66875
        }
      },
      "s": {
        "2d.movable": false
      }
    },
    {
      "c": "ht.Node",
      "i": 108470,
      "p": {
        "displayName": "三相数字多功能表",
        "tag": "a2_b26",
        "image": "symbols/demo/配电室/三相数字多功能表.json",
        "position": {
          "x": 287.61579,
          "y": 662.66875
        }
      },
      "s": {
        "2d.movable": false
      }
    },
    {
      "c": "ht.Node",
      "i": 108471,
      "p": {
        "displayName": "三相数字多功能表",
        "tag": "a2_b25",
        "image": "symbols/demo/配电室/三相数字多功能表.json",
        "position": {
          "x": 320.9478,
          "y": 662.66875
        }
      },
      "s": {
        "2d.movable": false
      }
    },
    {
      "c": "ht.Node",
      "i": 108472,
      "p": {
        "displayName": "三相数字多功能表",
        "tag": "a2_b24",
        "image": "symbols/demo/配电室/三相数字多功能表.json",
        "position": {
          "x": 355.62784,
          "y": 662.91994
        }
      },
      "s": {
        "2d.movable": false
      }
    },
    {
      "c": "ht.Node",
      "i": 108473,
      "p": {
        "displayName": "三相数字多功能表",
        "tag": "a2_b23",
        "image": "symbols/demo/配电室/三相数字多功能表.json",
        "position": {
          "x": 388.72495,
          "y": 662.37966
        }
      },
      "s": {
        "2d.movable": false
      }
    },
    {
      "c": "ht.Node",
      "i": 108474,
      "p": {
        "displayName": "三相数字多功能表",
        "tag": "a2_b22",
        "image": "symbols/demo/配电室/三相数字多功能表.json",
        "position": {
          "x": 422.2178,
          "y": 662.63086
        }
      },
      "s": {
        "2d.movable": false
      }
    },
    {
      "c": "ht.Node",
      "i": 108475,
      "p": {
        "displayName": "断路器开关",
        "tag": "a2_b21_di1",
        "image": "symbols/demo/配电室/断路器开关.json",
        "position": {
          "x": 461.34851,
          "y": 567.89441
        }
      },
      "s": {
        "2d.movable": false
      }
    },
    {
      "c": "ht.Node",
      "i": 108476,
      "p": {
        "displayName": "断路器开关",
        "tag": "a2_b20_di1",
        "image": "symbols/demo/配电室/断路器开关.json",
        "position": {
          "x": 493.3607,
          "y": 567.89441
        }
      },
      "s": {
        "2d.movable": false
      }
    },
    {
      "c": "ht.Node",
      "i": 108477,
      "p": {
        "displayName": "断路器开关",
        "tag": "a2_b19_di1",
        "image": "symbols/demo/配电室/断路器开关.json",
        "position": {
          "x": 529.67027,
          "y": 567.89441
        }
      },
      "s": {
        "2d.movable": false
      }
    },
    {
      "c": "ht.Node",
      "i": 108478,
      "p": {
        "displayName": "断路器开关",
        "tag": "a2_b18_di1",
        "image": "symbols/demo/配电室/断路器开关.json",
        "position": {
          "x": 562.29637,
          "y": 567.89441
        }
      },
      "s": {
        "2d.movable": false
      }
    },
    {
      "c": "ht.Node",
      "i": 108479,
      "p": {
        "displayName": "断路器开关",
        "tag": "a2_b17_di1",
        "image": "symbols/demo/配电室/断路器开关.json",
        "position": {
          "x": 595.40836,
          "y": 567.89441
        }
      },
      "s": {
        "2d.movable": false
      }
    },
    {
      "c": "ht.Node",
      "i": 108480,
      "p": {
        "displayName": "三相数字多功能表",
        "tag": "a2_b21",
        "image": "symbols/demo/配电室/三相数字多功能表.json",
        "position": {
          "x": 460.13687,
          "y": 663.60476
        }
      },
      "s": {
        "2d.movable": false
      }
    },
    {
      "c": "ht.Node",
      "i": 108481,
      "p": {
        "displayName": "三相数字多功能表",
        "tag": "a2_b20",
        "image": "symbols/demo/配电室/三相数字多功能表.json",
        "position": {
          "x": 493.3607,
          "y": 663.60476
        }
      },
      "s": {
        "2d.movable": false
      }
    },
    {
      "c": "ht.Node",
      "i": 108482,
      "p": {
        "displayName": "三相数字多功能表",
        "tag": "a2_b19",
        "image": "symbols/demo/配电室/三相数字多功能表.json",
        "position": {
          "x": 528.45863,
          "y": 662.91994
        }
      },
      "s": {
        "2d.movable": false
      }
    },
    {
      "c": "ht.Node",
      "i": 108483,
      "p": {
        "displayName": "三相数字多功能表",
        "tag": "a2_b18",
        "image": "symbols/demo/配电室/三相数字多功能表.json",
        "position": {
          "x": 562.29637,
          "y": 662.91994
        }
      },
      "s": {
        "2d.movable": false
      }
    },
    {
      "c": "ht.Node",
      "i": 108484,
      "p": {
        "displayName": "三相数字多功能表",
        "tag": "a2_b17",
        "image": "symbols/demo/配电室/三相数字多功能表.json",
        "position": {
          "x": 595.83206,
          "y": 663.06906
        }
      },
      "s": {
        "2d.movable": false
      }
    },
    {
      "c": "ht.Node",
      "i": 108485,
      "p": {
        "displayName": "断路器开关",
        "tag": "a2_b16_di1",
        "image": "symbols/demo/配电室/断路器开关.json",
        "position": {
          "x": 633.85685,
          "y": 568.94187
        }
      },
      "s": {
        "2d.movable": false
      }
    },
    {
      "c": "ht.Node",
      "i": 108486,
      "p": {
        "displayName": "断路器开关",
        "tag": "a2_b15_di1",
        "image": "symbols/demo/配电室/断路器开关.json",
        "position": {
          "x": 665.86903,
          "y": 568.94187
        }
      },
      "s": {
        "2d.movable": false
      }
    },
    {
      "c": "ht.Node",
      "i": 108487,
      "p": {
        "displayName": "断路器开关",
        "tag": "a2_b14_di1",
        "image": "symbols/demo/配电室/断路器开关.json",
        "position": {
          "x": 702.1786,
          "y": 568.94187
        }
      },
      "s": {
        "2d.movable": false
      }
    },
    {
      "c": "ht.Node",
      "i": 108488,
      "p": {
        "displayName": "断路器开关",
        "tag": "a2_b13_di1",
        "image": "symbols/demo/配电室/断路器开关.json",
        "position": {
          "x": 734.8047,
          "y": 568.94187
        }
      },
      "s": {
        "2d.movable": false
      }
    },
    {
      "c": "ht.Node",
      "i": 108489,
      "p": {
        "displayName": "三相数字多功能表",
        "tag": "a2_b16",
        "image": "symbols/demo/配电室/三相数字多功能表.json",
        "position": {
          "x": 633.85685,
          "y": 664.61356
        }
      },
      "s": {
        "2d.movable": false
      }
    },
    {
      "c": "ht.Node",
      "i": 108490,
      "p": {
        "displayName": "三相数字多功能表",
        "tag": "a2_b15",
        "image": "symbols/demo/配电室/三相数字多功能表.json",
        "position": {
          "x": 667.72694,
          "y": 664.37549
        }
      },
      "s": {
        "2d.movable": false
      }
    },
    {
      "c": "ht.Node",
      "i": 108491,
      "p": {
        "displayName": "三相数字多功能表",
        "tag": "a2_b14",
        "image": "symbols/demo/配电室/三相数字多功能表.json",
        "position": {
          "x": 700.72694,
          "y": 663.60476
        }
      },
      "s": {
        "2d.movable": false
      }
    },
    {
      "c": "ht.Node",
      "i": 108492,
      "p": {
        "displayName": "三相数字多功能表",
        "tag": "a2_b13",
        "image": "symbols/demo/配电室/三相数字多功能表.json",
        "position": {
          "x": 736.28672,
          "y": 663.60476
        }
      },
      "s": {
        "2d.movable": false
      }
    },
    {
      "c": "ht.Node",
      "i": 108493,
      "p": {
        "displayName": "三相数字多功能表",
        "tag": "a2_b12",
        "image": "symbols/demo/配电室/三相数字多功能表.json",
        "position": {
          "x": 774.20512,
          "y": 664.37549
        }
      },
      "s": {
        "2d.movable": false
      }
    },
    {
      "c": "ht.Node",
      "i": 108494,
      "p": {
        "displayName": "三相数字多功能表",
        "tag": "a2_b11",
        "image": "symbols/demo/配电室/三相数字多功能表.json",
        "position": {
          "x": 811.43477,
          "y": 664.37549
        }
      },
      "s": {
        "2d.movable": false
      }
    },
    {
      "c": "ht.Node",
      "i": 108495,
      "p": {
        "displayName": "电流互感器",
        "tag": "a2_b12_di1",
        "image": "symbols/demo/配电室/电流互感器.json",
        "position": {
          "x": 771.9167,
          "y": 568.46085
        }
      },
      "s": {
        "2d.movable": false
      }
    },
    {
      "c": "ht.Node",
      "i": 108496,
      "p": {
        "displayName": "电容补偿器",
        "tag": "a2_b11_di1",
        "image": "symbols/demo/配电室/电容补偿器.json",
        "position": {
          "x": 810.57721,
          "y": 569.97384
        }
      },
      "s": {
        "2d.movable": false
      }
    },
    {
      "c": "ht.Node",
      "i": 108497,
      "p": {
        "displayName": "电容补偿器",
        "tag": "a2_b10_di1",
        "image": "symbols/demo/配电室/电容补偿器.json",
        "position": {
          "x": 851.25725,
          "y": 570.00526
        }
      },
      "s": {
        "2d.movable": false
      }
    },
    {
      "c": "ht.Node",
      "i": 108498,
      "p": {
        "displayName": "三相数字多功能表",
        "tag": "a2_b10",
        "image": "symbols/demo/配电室/三相数字多功能表.json",
        "position": {
          "x": 852.99971,
          "y": 663.60476
        }
      },
      "s": {
        "2d.movable": false
      }
    },
    {
      "c": "ht.Node",
      "i": 108499,
      "p": {
        "displayName": "三相数字多功能表",
        "tag": "a2_b28",
        "image": "symbols/demo/配电室/三相数字多功能表.json",
        "position": {
          "x": 219.85361,
          "y": 662.66875
        }
      },
      "s": {
        "2d.movable": false
      }
    },
    {
      "c": "ht.Node",
      "i": 108500,
      "p": {
        "displayName": "断路器开关",
        "tag": "a2_b9_di1",
        "image": "symbols/demo/配电室/断路器开关.json",
        "position": {
          "x": 894.163,
          "y": 568.90322
        }
      },
      "s": {
        "2d.movable": false
      }
    },
    {
      "c": "ht.Node",
      "i": 108501,
      "p": {
        "displayName": "断路器开关",
        "tag": "a2_b8_di1",
        "image": "symbols/demo/配电室/断路器开关.json",
        "position": {
          "x": 926.17519,
          "y": 568.90322
        }
      },
      "s": {
        "2d.movable": false
      }
    },
    {
      "c": "ht.Node",
      "i": 108502,
      "p": {
        "displayName": "断路器开关",
        "tag": "a2_b7_di1",
        "image": "symbols/demo/配电室/断路器开关.json",
        "position": {
          "x": 962.48476,
          "y": 568.90322
        }
      },
      "s": {
        "2d.movable": false
      }
    },
    {
      "c": "ht.Node",
      "i": 108503,
      "p": {
        "displayName": "断路器开关",
        "tag": "a2_b6_di1",
        "image": "symbols/demo/配电室/断路器开关.json",
        "position": {
          "x": 995.11086,
          "y": 568.90322
        }
      },
      "s": {
        "2d.movable": false
      }
    },
    {
      "c": "ht.Node",
      "i": 108504,
      "p": {
        "displayName": "断路器开关",
        "tag": "a2_b5_di1",
        "image": "symbols/demo/配电室/断路器开关.json",
        "position": {
          "x": 1028.22285,
          "y": 568.90322
        }
      },
      "s": {
        "2d.movable": false
      }
    },
    {
      "c": "ht.Node",
      "i": 108505,
      "p": {
        "displayName": "三相数字多功能表",
        "tag": "a2_b9",
        "image": "symbols/demo/配电室/三相数字多功能表.json",
        "position": {
          "x": 892.95136,
          "y": 664.61356
        }
      },
      "s": {
        "2d.movable": false
      }
    },
    {
      "c": "ht.Node",
      "i": 108506,
      "p": {
        "displayName": "三相数字多功能表",
        "tag": "a2_b8",
        "image": "symbols/demo/配电室/三相数字多功能表.json",
        "position": {
          "x": 926.17519,
          "y": 664.61356
        }
      },
      "s": {
        "2d.movable": false
      }
    },
    {
      "c": "ht.Node",
      "i": 108507,
      "p": {
        "displayName": "三相数字多功能表",
        "tag": "a2_b7",
        "image": "symbols/demo/配电室/三相数字多功能表.json",
        "position": {
          "x": 961.27312,
          "y": 663.92875
        }
      },
      "s": {
        "2d.movable": false
      }
    },
    {
      "c": "ht.Node",
      "i": 108508,
      "p": {
        "displayName": "三相数字多功能表",
        "tag": "a2_b6",
        "image": "symbols/demo/配电室/三相数字多功能表.json",
        "position": {
          "x": 995.11086,
          "y": 663.92875
        }
      },
      "s": {
        "2d.movable": false
      }
    },
    {
      "c": "ht.Node",
      "i": 108509,
      "p": {
        "displayName": "三相数字多功能表",
        "tag": "a2_b5",
        "image": "symbols/demo/配电室/三相数字多功能表.json",
        "position": {
          "x": 1028.64656,
          "y": 664.07787
        }
      },
      "s": {
        "2d.movable": false
      }
    },
    {
      "c": "ht.Shape",
      "i": 108510,
      "p": {
        "position": {
          "x": 558.58686,
          "y": 410.43093
        },
        "width": 978.82628,
        "height": 265.13813,
        "segments": {
          "__a": [
            1,
            2,
            2,
            2,
            2,
            2
          ]
        },
        "points": {
          "__a": [
            {
              "x": 69.17372,
              "y": 333.10841
            },
            {
              "x": 124.73158,
              "y": 333.10841
            },
            {
              "x": 124.73158,
              "y": 277.86187
            },
            {
              "x": 1048,
              "y": 277.86187
            },
            {
              "x": 1048,
              "y": 543
            },
            {
              "x": 151,
              "y": 543
            }
          ]
        }
      },
      "s": {
        "shape.background": null,
        "shape.border.color": "#979797",
        "shape.border.width": 1,
        "2d.movable": false
      }
    },
    {
      "c": "ht.Shape",
      "i": 108511,
      "p": {
        "position": {
          "x": 579.05008,
          "y": 484.70882
        },
        "width": 956.10015,
        "height": 479.41764,
        "segments": {
          "__a": [
            1,
            2,
            1,
            2,
            2,
            2,
            2,
            2,
            1,
            2,
            1,
            2,
            2,
            1,
            2,
            2,
            1,
            2,
            2,
            1,
            2,
            2,
            1,
            2,
            2,
            1,
            2,
            2,
            1,
            2,
            1,
            2,
            2,
            2,
            1,
            2,
            2,
            1,
            2,
            2,
            1,
            2
          ]
        },
        "points": {
          "__a": [
            {
              "x": 1049.49932,
              "y": 264.85972
            },
            {
              "x": 101,
              "y": 264.27504
            },
            {
              "x": 101,
              "y": 469.49747
            },
            {
              "x": 101,
              "y": 266.66667
            },
            {
              "x": 101,
              "y": 254.33549
            },
            {
              "x": 101,
              "y": 245
            },
            {
              "x": 133.31023,
              "y": 245
            },
            {
              "x": 133.31023,
              "y": 469.49747
            },
            {
              "x": 1057.10015,
              "y": 510.42502
            },
            {
              "x": 871.74761,
              "y": 510.42502
            },
            {
              "x": 871.74761,
              "y": 724.41764
            },
            {
              "x": 871.74761,
              "y": 510.42502
            },
            {
              "x": 830.82825,
              "y": 510.42502
            },
            {
              "x": 830.82825,
              "y": 724.41764
            },
            {
              "x": 830.82825,
              "y": 510.42502
            },
            {
              "x": 792.22901,
              "y": 510.42502
            },
            {
              "x": 792.22901,
              "y": 724.41764
            },
            {
              "x": 792.22901,
              "y": 510.42502
            },
            {
              "x": 755.40382,
              "y": 510.42502
            },
            {
              "x": 755.40382,
              "y": 724.41764
            },
            {
              "x": 755.40382,
              "y": 510.42502
            },
            {
              "x": 615.08094,
              "y": 510.42502
            },
            {
              "x": 615.08094,
              "y": 724.41764
            },
            {
              "x": 615.08094,
              "y": 510.42502
            },
            {
              "x": 441.43201,
              "y": 510.42502
            },
            {
              "x": 441.43201,
              "y": 724.41764
            },
            {
              "x": 441.43201,
              "y": 510.42502
            },
            {
              "x": 149.09322,
              "y": 510.42502
            },
            {
              "x": 1057.10015,
              "y": 531.47347
            },
            {
              "x": 149.09322,
              "y": 531.47347
            },
            {
              "x": 133.31023,
              "y": 245.5653
            },
            {
              "x": 159.61745,
              "y": 245
            },
            {
              "x": 449.04996,
              "y": 245.51631
            },
            {
              "x": 449.04996,
              "y": 469.49747
            },
            {
              "x": 449.04996,
              "y": 245.5653
            },
            {
              "x": 690.5056,
              "y": 245.5653
            },
            {
              "x": 690.5056,
              "y": 469.49747
            },
            {
              "x": 690.5056,
              "y": 245.5653
            },
            {
              "x": 903.91525,
              "y": 245.5653
            },
            {
              "x": 903.91525,
              "y": 469.49747
            },
            {
              "x": 903.91525,
              "y": 245.5653
            },
            {
              "x": 1057.10015,
              "y": 245
            }
          ]
        }
      },
      "s": {
        "shape.background": null,
        "shape.border.color": "rgb(0,0,0)",
        "shape.border.width": 2,
        "shape.dash.color": "rgb(240,225,19)",
        "shape.dash": true,
        "shape.dash.pattern": [
          8,
          8
        ],
        "2d.movable": false
      }
    },
    {
      "c": "ht.Node",
      "i": 108514,
      "p": {
        "position": {
          "x": 68.491,
          "y": 247.35069
        },
        "width": 19.37303,
        "height": 19.37303
      },
      "s": {
        "shape": "oval",
        "shape.background": null,
        "shape.border.width": 1,
        "shape.border.color": "rgb(212,0,0)",
        "2d.movable": false
      }
    },
    {
      "c": "ht.Node",
      "i": 108515,
      "p": {
        "position": {
          "x": 68.68924,
          "y": 261.58265
        },
        "width": 19.37303,
        "height": 19.37303
      },
      "s": {
        "shape": "oval",
        "shape.background": null,
        "shape.border.width": 1,
        "shape.border.color": "rgb(212,0,0)",
        "2d.movable": false
      }
    },
    {
      "c": "ht.Node",
      "i": 108516,
      "p": {
        "position": {
          "x": 69.50114,
          "y": 246.25347
        },
        "width": 11.67111,
        "height": 5.64251
      },
      "s": {
        "shape": "triangle",
        "shape.background": null,
        "shape.border.width": 1,
        "shape.border.color": "rgb(212,0,0)",
        "2d.movable": false
      }
    },
    {
      "c": "ht.Shape",
      "i": 108517,
      "p": {
        "position": {
          "x": 68.12696,
          "y": 263.79799
        },
        "width": 6.11262,
        "height": 5.02199,
        "segments": {
          "__a": [
            1,
            2,
            2,
            2,
            2
          ]
        },
        "points": {
          "__a": [
            {
              "x": 65.07065,
              "y": 261.28699
            },
            {
              "x": 68.22733,
              "y": 263.86973
            },
            {
              "x": 68.22733,
              "y": 266.30898
            },
            {
              "x": 68.22733,
              "y": 263.86973
            },
            {
              "x": 71.18327,
              "y": 261.28699
            }
          ]
        }
      },
      "s": {
        "shape.background": null,
        "shape.border.color": "rgb(212,0,0)",
        "shape.border.width": 1,
        "2d.movable": false
      }
    },
    {
      "c": "ht.Shape",
      "i": 108518,
      "p": {
        "position": {
          "x": 68.491,
          "y": 274.19728
        },
        "width": 1,
        "height": 4.31644,
        "segments": {
          "__a": [
            1,
            2
          ]
        },
        "points": {
          "__a": [
            {
              "x": 68.491,
              "y": 272.03907
            },
            {
              "x": 68.491,
              "y": 276.3555
            }
          ]
        }
      },
      "s": {
        "shape.background": null,
        "shape.border.color": "#979797",
        "shape.border.width": 1,
        "2d.movable": false
      }
    },
    {
      "c": "ht.Shape",
      "i": 108519,
      "p": {
        "position": {
          "x": 68.95048,
          "y": 227.67541
        },
        "width": 1,
        "height": 17.58469,
        "segments": {
          "__a": [
            1,
            2
          ]
        },
        "points": {
          "__a": [
            {
              "x": 68.95048,
              "y": 218.88307
            },
            {
              "x": 68.95048,
              "y": 236.46775
            }
          ]
        }
      },
      "s": {
        "shape.background": null,
        "shape.border.color": "#007400",
        "shape.border.width": 1,
        "2d.movable": false
      }
    },
    {
      "c": "ht.Shape",
      "i": 108520,
      "p": {
        "position": {
          "x": 46.73824,
          "y": 287.2551
        },
        "width": 43.96172,
        "height": 21.98086,
        "segments": {
          "__a": [
            1,
            2,
            2,
            2,
            1,
            2
          ]
        },
        "points": {
          "__a": [
            {
              "x": 24.75739,
              "y": 298.24553
            },
            {
              "x": 24.75739,
              "y": 276.26467
            },
            {
              "x": 42.57212,
              "y": 276.26467
            },
            {
              "x": 42.57212,
              "y": 298.24553
            },
            {
              "x": 42.57212,
              "y": 276.26467
            },
            {
              "x": 68.7191,
              "y": 276.26467
            }
          ]
        }
      },
      "s": {
        "shape.background": null,
        "shape.border.color": "rgb(240,225,19)",
        "shape.border.width": 1,
        "2d.movable": false
      }
    },
    {
      "c": "ht.Node",
      "i": 108521,
      "p": {
        "position": {
          "x": 24.29463,
          "y": 286.56097
        },
        "width": 9.2551,
        "height": 13.65127
      },
      "s": {
        "shape": "rect",
        "shape.background": null,
        "shape.border.width": 1,
        "shape.border.color": "rgb(240,225,19)",
        "2d.movable": false
      }
    },
    {
      "c": "ht.Node",
      "i": 108522,
      "p": {
        "position": {
          "x": 42.84603,
          "y": 303.79859
        },
        "width": 10.87474,
        "height": 13.41989
      },
      "s": {
        "shape": "rect",
        "shape.background": null,
        "shape.border.width": 1,
        "shape.border.color": "rgb(240,225,19)",
        "2d.movable": false
      }
    },
    {
      "c": "ht.Node",
      "i": 108523,
      "p": {
        "position": {
          "x": 42.84603,
          "y": 301.94754
        },
        "scale": {
          "x": 1,
          "y": -1
        },
        "width": 7.40401,
        "height": 7.40401
      },
      "s": {
        "shape": "triangle",
        "shape.background": "rgb(240,225,19)",
        "shape.border.color": "#979797",
        "2d.movable": false
      }
    },
    {
      "c": "ht.Shape",
      "i": 108524,
      "p": {
        "position": {
          "x": 42.59596,
          "y": 313.88954
        },
        "width": 1,
        "height": 6.54423,
        "segments": {
          "__a": [
            1,
            2
          ]
        },
        "points": {
          "__a": [
            {
              "x": 42.65439,
              "y": 310.61743
            },
            {
              "x": 42.53753,
              "y": 317.16166
            }
          ]
        }
      },
      "s": {
        "shape.background": null,
        "shape.border.color": "rgb(240,225,19)",
        "shape.border.width": 1,
        "2d.movable": false
      }
    },
    {
      "c": "ht.Shape",
      "i": 108525,
      "p": {
        "position": {
          "x": 42.71282,
          "y": 318.09655
        },
        "width": 14.14022,
        "height": 1,
        "segments": {
          "__a": [
            1,
            2
          ]
        },
        "points": {
          "__a": [
            {
              "x": 35.64271,
              "y": 318.09655
            },
            {
              "x": 49.78293,
              "y": 318.09655
            }
          ]
        }
      },
      "s": {
        "shape.background": null,
        "shape.border.color": "rgb(212,0,0)",
        "shape.border.width": 1,
        "2d.movable": false
      }
    },
    {
      "c": "ht.Shape",
      "i": 108526,
      "p": {
        "position": {
          "x": 42.82968,
          "y": 321.48553
        },
        "width": 8.06343,
        "height": 1,
        "segments": {
          "__a": [
            1,
            2
          ]
        },
        "points": {
          "__a": [
            {
              "x": 38.79796,
              "y": 321.48553
            },
            {
              "x": 46.8614,
              "y": 321.48553
            }
          ]
        }
      },
      "s": {
        "shape.background": null,
        "shape.border.color": "rgb(212,0,0)",
        "shape.border.width": 1,
        "2d.movable": false
      }
    },
    {
      "c": "ht.Shape",
      "i": 108527,
      "p": {
        "position": {
          "x": 42.94654,
          "y": 324.11491
        },
        "width": 4.32387,
        "height": 1,
        "segments": {
          "__a": [
            1,
            2
          ]
        },
        "points": {
          "__a": [
            {
              "x": 40.78461,
              "y": 324.17334
            },
            {
              "x": 45.10848,
              "y": 324.05648
            }
          ]
        }
      },
      "s": {
        "shape.background": null,
        "shape.border.color": "rgb(212,0,0)",
        "shape.border.width": 1,
        "2d.movable": false
      }
    },
    {
      "c": "ht.Shape",
      "i": 108528,
      "p": {
        "position": {
          "x": 23.63938,
          "y": 317.95465
        },
        "width": 14.14022,
        "height": 1,
        "segments": {
          "__a": [
            1,
            2
          ]
        },
        "points": {
          "__a": [
            {
              "x": 16.56927,
              "y": 317.95465
            },
            {
              "x": 30.70949,
              "y": 317.95465
            }
          ]
        }
      },
      "s": {
        "shape.background": null,
        "shape.border.color": "rgb(212,0,0)",
        "shape.border.width": 1,
        "2d.movable": false
      }
    },
    {
      "c": "ht.Shape",
      "i": 108529,
      "p": {
        "position": {
          "x": 23.75624,
          "y": 321.34363
        },
        "width": 8.06343,
        "height": 1,
        "segments": {
          "__a": [
            1,
            2
          ]
        },
        "points": {
          "__a": [
            {
              "x": 19.72453,
              "y": 321.34363
            },
            {
              "x": 27.78796,
              "y": 321.34363
            }
          ]
        }
      },
      "s": {
        "shape.background": null,
        "shape.border.color": "rgb(212,0,0)",
        "shape.border.width": 1,
        "2d.movable": false
      }
    },
    {
      "c": "ht.Shape",
      "i": 108530,
      "p": {
        "position": {
          "x": 23.87311,
          "y": 323.97301
        },
        "width": 4.32387,
        "height": 1,
        "segments": {
          "__a": [
            1,
            2
          ]
        },
        "points": {
          "__a": [
            {
              "x": 21.71117,
              "y": 324.03144
            },
            {
              "x": 26.03504,
              "y": 323.91458
            }
          ]
        }
      },
      "s": {
        "shape.background": null,
        "shape.border.color": "rgb(212,0,0)",
        "shape.border.width": 1,
        "2d.movable": false
      }
    },
    {
      "c": "ht.Node",
      "i": 108531,
      "p": {
        "position": {
          "x": 24.24873,
          "y": 307.28688
        },
        "width": 7.59599,
        "height": 15.54256
      },
      "s": {
        "shape": "rect",
        "shape.background": "rgb(212,0,0)",
        "shape.border.width": 1,
        "shape.border.color": "rgb(212,0,0)",
        "2d.movable": false
      }
    },
    {
      "c": "ht.Node",
      "i": 108532,
      "p": {
        "position": {
          "x": -9.54901,
          "y": 251.52638
        },
        "width": 30.7732,
        "height": 9.94923
      },
      "s": {
        "shape": "rect",
        "shape.background": null,
        "shape.border.width": 1,
        "shape.border.color": "#007400",
        "shape.dash.color": null,
        "2d.movable": false
      }
    },
    {
      "c": "ht.Text",
      "i": 108533,
      "p": {
        "position": {
          "x": -8.06434,
          "y": 251.52638
        },
        "scale": {
          "x": 0.7,
          "y": 0.7
        },
        "width": 39.7198,
        "height": 11.19288
      },
      "s": {
        "text": "0000",
        "type": "text",
        "text.color": "rgb(247,247,247)",
        "2d.movable": false
      }
    },
    {
      "c": "ht.Node",
      "i": 108534,
      "p": {
        "position": {
          "x": -9.54901,
          "y": 270.58136
        },
        "width": 30.7732,
        "height": 9.94923
      },
      "s": {
        "shape": "rect",
        "shape.background": null,
        "shape.border.width": 1,
        "shape.border.color": "#007400",
        "shape.dash.pattern": [
          16,
          16
        ],
        "shape.dash.color": null,
        "2d.movable": false
      }
    },
    {
      "c": "ht.Text",
      "i": 108535,
      "p": {
        "position": {
          "x": -8.06434,
          "y": 270.58136
        },
        "scale": {
          "x": 0.7,
          "y": 0.7
        },
        "width": 39.7198,
        "height": 11.19288
      },
      "s": {
        "text": "0000",
        "type": "text",
        "text.color": "rgb(247,247,247)",
        "2d.movable": false
      }
    },
    {
      "c": "ht.Node",
      "i": 108536,
      "p": {
        "position": {
          "x": -8.49789,
          "y": 287.47813
        },
        "width": 30.7732,
        "height": 9.94923
      },
      "s": {
        "shape": "rect",
        "shape.background": null,
        "shape.border.width": 1,
        "shape.border.color": "#007400",
        "shape.dash.pattern": [
          16,
          16
        ],
        "shape.dash.color": null,
        "2d.movable": false
      }
    },
    {
      "c": "ht.Text",
      "i": 108537,
      "p": {
        "position": {
          "x": -7.01322,
          "y": 287.47813
        },
        "scale": {
          "x": 0.7,
          "y": 0.7
        },
        "width": 39.7198,
        "height": 11.19288
      },
      "s": {
        "text": "0000",
        "type": "text",
        "text.color": "rgb(247,247,247)",
        "2d.movable": false
      }
    },
    {
      "c": "ht.Node",
      "i": 108538,
      "p": {
        "displayName": "说明框",
        "image": "symbols/demo/配电室/说明框.json",
        "position": {
          "x": -45.40667,
          "y": 251.89613
        }
      },
      "s": {
        "2d.movable": false
      }
    },
    {
      "c": "ht.Node",
      "i": 108539,
      "p": {
        "displayName": "说明框",
        "image": "symbols/demo/配电室/说明框.json",
        "position": {
          "x": -45.40667,
          "y": 270.58136
        }
      },
      "s": {
        "2d.movable": false
      },
      "a": {
        "textValue": "B（°C）"
      }
    },
    {
      "c": "ht.Node",
      "i": 108540,
      "p": {
        "displayName": "说明框",
        "image": "symbols/demo/配电室/说明框.json",
        "position": {
          "x": -45.40667,
          "y": 288.50351
        }
      },
      "s": {
        "2d.movable": false
      },
      "a": {
        "textValue": "C（°C）"
      }
    },
    {
      "c": "ht.Node",
      "i": 108541,
      "p": {
        "displayName": "说明框",
        "image": "symbols/demo/配电室/说明框.json",
        "position": {
          "x": 27.09008,
          "y": 346.77125
        }
      },
      "s": {
        "2d.movable": false
      },
      "a": {
        "textValue": "IA(A)"
      }
    },
    {
      "c": "ht.Node",
      "i": 108542,
      "p": {
        "displayName": "说明框",
        "image": "symbols/demo/配电室/说明框.json",
        "position": {
          "x": 27.52821,
          "y": 360.55551
        }
      },
      "s": {
        "2d.movable": false
      },
      "a": {
        "textValue": "IB(C)"
      }
    },
    {
      "c": "ht.Node",
      "i": 108543,
      "p": {
        "displayName": "说明框",
        "image": "symbols/demo/配电室/说明框.json",
        "position": {
          "x": 26.76149,
          "y": 374.33977
        }
      },
      "s": {
        "2d.movable": false
      },
      "a": {
        "textValue": "IC(C)"
      }
    },
    {
      "c": "ht.Node",
      "i": 108544,
      "p": {
        "displayName": "说明框",
        "image": "symbols/demo/配电室/说明框.json",
        "position": {
          "x": 26.98055,
          "y": 388.12402
        }
      },
      "s": {
        "2d.movable": false
      },
      "a": {
        "textValue": "UAB(V)"
      }
    },
    {
      "c": "ht.Node",
      "i": 108545,
      "p": {
        "displayName": "说明框",
        "image": "symbols/demo/配电室/说明框.json",
        "position": {
          "x": 26.65195,
          "y": 401.90828
        }
      },
      "s": {
        "2d.movable": false
      },
      "a": {
        "textValue": "UBC(V)"
      }
    },
    {
      "c": "ht.Node",
      "i": 108546,
      "p": {
        "displayName": "说明框",
        "image": "symbols/demo/配电室/说明框.json",
        "position": {
          "x": 26.87102,
          "y": 415.69254
        }
      },
      "s": {
        "2d.movable": false
      },
      "a": {
        "textValue": "UAC(V)"
      }
    },
    {
      "c": "ht.Node",
      "i": 108547,
      "p": {
        "displayName": "说明框",
        "image": "symbols/demo/配电室/说明框.json",
        "position": {
          "x": 27.19961,
          "y": 429.4768
        }
      },
      "s": {
        "2d.movable": false
      },
      "a": {
        "textValue": "P(KW)"
      }
    },
    {
      "c": "ht.Node",
      "i": 108548,
      "p": {
        "displayName": "说明框",
        "image": "symbols/demo/配电室/说明框.json",
        "position": {
          "x": 27.41868,
          "y": 443.26105
        }
      },
      "s": {
        "2d.movable": false
      },
      "a": {
        "textValue": "Q(KVAR)",
        "scale": 0.6
      }
    },
    {
      "c": "ht.Node",
      "i": 108549,
      "p": {
        "displayName": "说明框",
        "image": "symbols/demo/配电室/说明框.json",
        "position": {
          "x": 27.30914,
          "y": 457.04531
        }
      },
      "s": {
        "2d.movable": false
      },
      "a": {
        "textValue": "EP(KWh)",
        "scale": 0.6
      }
    },
    {
      "c": "ht.Text",
      "i": 108550,
      "p": {
        "position": {
          "x": 91.60315,
          "y": 299.77163
        },
        "width": 32.53291,
        "height": 15.0305
      },
      "s": {
        "text": "401",
        "text.color": "rgb(247,247,247)",
        "2d.movable": false
      }
    },
    {
      "c": "ht.Text",
      "i": 108551,
      "p": {
        "position": {
          "x": 121.85654,
          "y": 256.79017
        },
        "width": 32.53291,
        "height": 15.0305
      },
      "s": {
        "text": "AA1",
        "text.color": "rgb(247,247,247)",
        "2d.movable": false
      }
    },
    {
      "c": "ht.Text",
      "i": 108552,
      "p": {
        "position": {
          "x": 300.85669,
          "y": 256.28274
        },
        "width": 32.53291,
        "height": 15.0305
      },
      "s": {
        "text": "AA2",
        "text.color": "rgb(247,247,247)",
        "2d.movable": false
      }
    },
    {
      "c": "ht.Text",
      "i": 108553,
      "p": {
        "position": {
          "x": 159.5567,
          "y": 273.25203
        },
        "scale": {
          "x": 0.8,
          "y": 0.8
        },
        "width": 32.53291,
        "height": 15.0305
      },
      "s": {
        "text": "411-1",
        "text.color": "rgb(247,247,247)",
        "2d.movable": false
      }
    },
    {
      "c": "ht.Text",
      "i": 108554,
      "p": {
        "position": {
          "x": 190.34045,
          "y": 272.79764
        },
        "scale": {
          "x": 0.8,
          "y": 0.8
        },
        "width": 32.53291,
        "height": 15.0305
      },
      "s": {
        "text": "411-2",
        "text.color": "rgb(247,247,247)",
        "2d.movable": false
      }
    },
    {
      "c": "ht.Text",
      "i": 108555,
      "p": {
        "position": {
          "x": 225.10262,
          "y": 272.79764
        },
        "scale": {
          "x": 0.8,
          "y": 0.8
        },
        "width": 32.53291,
        "height": 15.0305
      },
      "s": {
        "text": "411-3",
        "text.color": "rgb(247,247,247)",
        "2d.movable": false
      }
    },
    {
      "c": "ht.Text",
      "i": 108556,
      "p": {
        "position": {
          "x": 258.10262,
          "y": 272.79764
        },
        "scale": {
          "x": 0.8,
          "y": 0.8
        },
        "width": 32.53291,
        "height": 15.0305
      },
      "s": {
        "text": "411-4",
        "text.color": "rgb(247,247,247)",
        "2d.movable": false
      }
    },
    {
      "c": "ht.Text",
      "i": 108557,
      "p": {
        "position": {
          "x": 294.0616,
          "y": 272.67605
        },
        "scale": {
          "x": 0.8,
          "y": 0.8
        },
        "width": 32.53291,
        "height": 15.0305
      },
      "s": {
        "text": "411-5",
        "text.color": "rgb(247,247,247)",
        "2d.movable": false
      }
    },
    {
      "c": "ht.Text",
      "i": 108558,
      "p": {
        "position": {
          "x": 326.11468,
          "y": 272.03907
        },
        "scale": {
          "x": 0.8,
          "y": 0.8
        },
        "width": 32.53291,
        "height": 15.0305
      },
      "s": {
        "text": "411-6",
        "text.color": "rgb(247,247,247)",
        "2d.movable": false
      }
    },
    {
      "c": "ht.Text",
      "i": 108559,
      "p": {
        "position": {
          "x": 361.08581,
          "y": 273.25203
        },
        "scale": {
          "x": 0.8,
          "y": 0.8
        },
        "width": 32.53291,
        "height": 15.0305
      },
      "s": {
        "text": "411-7",
        "text.color": "rgb(247,247,247)",
        "2d.movable": false
      }
    },
    {
      "c": "ht.Text",
      "i": 108560,
      "p": {
        "position": {
          "x": 392.70464,
          "y": 273.25203
        },
        "scale": {
          "x": 0.8,
          "y": 0.8
        },
        "width": 32.53291,
        "height": 15.0305
      },
      "s": {
        "text": "411-8",
        "text.color": "rgb(247,247,247)",
        "2d.movable": false
      }
    },
    {
      "c": "ht.Text",
      "i": 108561,
      "p": {
        "position": {
          "x": 429.09786,
          "y": 272.49345
        },
        "scale": {
          "x": 0.8,
          "y": 0.8
        },
        "width": 32.53291,
        "height": 15.0305
      },
      "s": {
        "text": "411-9",
        "text.color": "rgb(247,247,247)",
        "2d.movable": false
      }
    },
    {
      "c": "ht.Text",
      "i": 108562,
      "p": {
        "position": {
          "x": 464.76647,
          "y": 272.79764
        },
        "scale": {
          "x": 0.8,
          "y": 0.8
        },
        "width": 32.53291,
        "height": 15.0305
      },
      "s": {
        "text": "412-1",
        "text.color": "rgb(247,247,247)",
        "2d.movable": false
      }
    },
    {
      "c": "ht.Text",
      "i": 108563,
      "p": {
        "position": {
          "x": 497.76647,
          "y": 272.79764
        },
        "scale": {
          "x": 0.8,
          "y": 0.8
        },
        "width": 32.53291,
        "height": 15.0305
      },
      "s": {
        "text": "412-2",
        "text.color": "rgb(247,247,247)",
        "2d.movable": false
      }
    },
    {
      "c": "ht.Text",
      "i": 108564,
      "p": {
        "position": {
          "x": 536.17027,
          "y": 273.25203
        },
        "scale": {
          "x": 0.8,
          "y": 0.8
        },
        "width": 32.53291,
        "height": 15.0305
      },
      "s": {
        "text": "412-3",
        "text.color": "rgb(247,247,247)",
        "2d.movable": false
      }
    },
    {
      "c": "ht.Text",
      "i": 108565,
      "p": {
        "position": {
          "x": 567.61941,
          "y": 272.79764
        },
        "scale": {
          "x": 0.8,
          "y": 0.8
        },
        "width": 32.53291,
        "height": 15.0305
      },
      "s": {
        "text": "412-4",
        "text.color": "rgb(247,247,247)",
        "2d.movable": false
      }
    },
    {
      "c": "ht.Text",
      "i": 108566,
      "p": {
        "position": {
          "x": 601.90836,
          "y": 273.25203
        },
        "scale": {
          "x": 0.8,
          "y": 0.8
        },
        "width": 32.53291,
        "height": 15.0305
      },
      "s": {
        "text": "412-5",
        "text.color": "rgb(247,247,247)",
        "2d.movable": false
      }
    },
    {
      "c": "ht.Text",
      "i": 108567,
      "p": {
        "position": {
          "x": 634.95474,
          "y": 271.86506
        },
        "scale": {
          "x": 0.8,
          "y": 0.8
        },
        "width": 32.53291,
        "height": 15.0305
      },
      "s": {
        "text": "412-6",
        "text.color": "rgb(247,247,247)",
        "2d.movable": false
      }
    },
    {
      "c": "ht.Text",
      "i": 108568,
      "p": {
        "position": {
          "x": 670.56598,
          "y": 272.97792
        },
        "scale": {
          "x": 0.8,
          "y": 0.8
        },
        "width": 32.53291,
        "height": 15.0305
      },
      "s": {
        "text": "412-7",
        "text.color": "rgb(247,247,247)",
        "2d.movable": false
      }
    },
    {
      "c": "ht.Text",
      "i": 108569,
      "p": {
        "position": {
          "x": 569.77558,
          "y": 257.06611
        },
        "width": 32.53291,
        "height": 15.0305
      },
      "s": {
        "text": "AA3",
        "text.color": "rgb(247,247,247)",
        "2d.movable": false
      }
    },
    {
      "c": "ht.Text",
      "i": 108570,
      "p": {
        "position": {
          "x": 712.73676,
          "y": 272.87604
        },
        "scale": {
          "x": 0.8,
          "y": 0.8
        },
        "width": 32.53291,
        "height": 15.0305
      },
      "s": {
        "text": "413-1",
        "text.color": "rgb(247,247,247)",
        "2d.movable": false
      }
    },
    {
      "c": "ht.Text",
      "i": 108571,
      "p": {
        "position": {
          "x": 747.81786,
          "y": 272.79764
        },
        "scale": {
          "x": 0.8,
          "y": 0.8
        },
        "width": 32.53291,
        "height": 15.0305
      },
      "s": {
        "text": "413-2",
        "text.color": "rgb(247,247,247)",
        "2d.movable": false
      }
    },
    {
      "c": "ht.Text",
      "i": 108572,
      "p": {
        "position": {
          "x": 781.92161,
          "y": 273.25203
        },
        "scale": {
          "x": 0.8,
          "y": 0.8
        },
        "width": 32.53291,
        "height": 15.0305
      },
      "s": {
        "text": "413-3",
        "text.color": "rgb(247,247,247)",
        "2d.movable": false
      }
    },
    {
      "c": "ht.Text",
      "i": 108573,
      "p": {
        "position": {
          "x": 813.07499,
          "y": 273.25203
        },
        "scale": {
          "x": 0.8,
          "y": 0.8
        },
        "width": 32.53291,
        "height": 15.0305
      },
      "s": {
        "text": "413-4",
        "text.color": "rgb(247,247,247)",
        "2d.movable": false
      }
    },
    {
      "c": "ht.Text",
      "i": 108574,
      "p": {
        "position": {
          "x": 848.27423,
          "y": 273.00221
        },
        "scale": {
          "x": 0.8,
          "y": 0.8
        },
        "width": 32.53291,
        "height": 15.0305
      },
      "s": {
        "text": "413-5",
        "text.color": "rgb(247,247,247)",
        "2d.movable": false
      }
    },
    {
      "c": "ht.Text",
      "i": 108575,
      "p": {
        "position": {
          "x": 880.31416,
          "y": 272.90034
        },
        "scale": {
          "x": 0.8,
          "y": 0.8
        },
        "width": 32.53291,
        "height": 15.0305
      },
      "s": {
        "text": "413-6",
        "text.color": "rgb(247,247,247)",
        "2d.movable": false
      }
    },
    {
      "c": "ht.Text",
      "i": 108576,
      "p": {
        "position": {
          "x": 924.50522,
          "y": 273.00221
        },
        "scale": {
          "x": 0.8,
          "y": 0.8
        },
        "width": 32.53291,
        "height": 15.0305
      },
      "s": {
        "text": "414-1",
        "text.color": "rgb(247,247,247)",
        "2d.movable": false
      }
    },
    {
      "c": "ht.Text",
      "i": 108577,
      "p": {
        "position": {
          "x": 958.60896,
          "y": 273.4566
        },
        "scale": {
          "x": 0.8,
          "y": 0.8
        },
        "width": 32.53291,
        "height": 15.0305
      },
      "s": {
        "text": "414-2",
        "text.color": "rgb(247,247,247)",
        "2d.movable": false
      }
    },
    {
      "c": "ht.Text",
      "i": 108578,
      "p": {
        "position": {
          "x": 989.76234,
          "y": 273.4566
        },
        "scale": {
          "x": 0.8,
          "y": 0.8
        },
        "width": 32.53291,
        "height": 15.0305
      },
      "s": {
        "text": "414-3",
        "text.color": "rgb(247,247,247)",
        "2d.movable": false
      }
    },
    {
      "c": "ht.Text",
      "i": 108579,
      "p": {
        "position": {
          "x": 1024.96159,
          "y": 273.20678
        },
        "scale": {
          "x": 0.8,
          "y": 0.8
        },
        "width": 32.53291,
        "height": 15.0305
      },
      "s": {
        "text": "414-4",
        "text.color": "rgb(247,247,247)",
        "2d.movable": false
      }
    },
    {
      "c": "ht.Text",
      "i": 108580,
      "p": {
        "position": {
          "x": 800.68316,
          "y": 257.03721
        },
        "width": 32.53291,
        "height": 15.0305
      },
      "s": {
        "text": "AA4",
        "text.color": "rgb(247,247,247)",
        "2d.movable": false
      }
    },
    {
      "c": "ht.Text",
      "i": 108581,
      "p": {
        "position": {
          "x": 985.3444,
          "y": 256.79017
        },
        "width": 32.53291,
        "height": 15.0305
      },
      "s": {
        "text": "AA5",
        "text.color": "rgb(247,247,247)",
        "2d.movable": false
      }
    },
    {
      "c": "ht.Text",
      "i": 108582,
      "p": {
        "position": {
          "x": 962.62622,
          "y": 518.98913
        },
        "width": 32.53291,
        "height": 15.0305
      },
      "s": {
        "text": "AA5",
        "text.color": "rgb(247,247,247)",
        "2d.movable": false
      }
    },
    {
      "c": "ht.Text",
      "i": 108583,
      "p": {
        "position": {
          "x": 851.03454,
          "y": 518.98913
        },
        "width": 32.53291,
        "height": 15.0305
      },
      "s": {
        "text": "AA6",
        "text.color": "rgb(247,247,247)",
        "2d.movable": false
      }
    },
    {
      "c": "ht.Text",
      "i": 108584,
      "p": {
        "position": {
          "x": 811.66831,
          "y": 518.98913
        },
        "width": 32.53291,
        "height": 15.0305
      },
      "s": {
        "text": "AA7",
        "text.color": "rgb(247,247,247)",
        "2d.movable": false
      }
    },
    {
      "c": "ht.Text",
      "i": 108585,
      "p": {
        "position": {
          "x": 777.09748,
          "y": 518.98913
        },
        "width": 32.53291,
        "height": 15.0305
      },
      "s": {
        "text": "AA8",
        "text.color": "rgb(247,247,247)",
        "2d.movable": false
      }
    },
    {
      "c": "ht.Text",
      "i": 108586,
      "p": {
        "position": {
          "x": 688.63548,
          "y": 518.98913
        },
        "width": 32.53291,
        "height": 15.0305
      },
      "s": {
        "text": "AA9",
        "text.color": "rgb(247,247,247)",
        "2d.movable": false
      }
    },
    {
      "c": "ht.Node",
      "i": 108587,
      "p": {
        "displayName": "说明框",
        "image": "symbols/demo/配电室/说明框.json",
        "position": {
          "x": 127.66728,
          "y": 607.1056
        }
      },
      "s": {
        "2d.movable": false
      },
      "a": {
        "textValue": "IA(A)"
      }
    },
    {
      "c": "ht.Node",
      "i": 108588,
      "p": {
        "displayName": "说明框",
        "image": "symbols/demo/配电室/说明框.json",
        "position": {
          "x": 127.66728,
          "y": 620.92196
        }
      },
      "s": {
        "2d.movable": false
      },
      "a": {
        "textValue": "IB(C)"
      }
    },
    {
      "c": "ht.Node",
      "i": 108589,
      "p": {
        "displayName": "说明框",
        "image": "symbols/demo/配电室/说明框.json",
        "position": {
          "x": 127.66728,
          "y": 634.73832
        }
      },
      "s": {
        "2d.movable": false
      },
      "a": {
        "textValue": "IC(C)"
      }
    },
    {
      "c": "ht.Node",
      "i": 108590,
      "p": {
        "displayName": "说明框",
        "image": "symbols/demo/配电室/说明框.json",
        "position": {
          "x": 127.66728,
          "y": 648.55468
        }
      },
      "s": {
        "2d.movable": false
      },
      "a": {
        "textValue": "UAB(V)"
      }
    },
    {
      "c": "ht.Node",
      "i": 108591,
      "p": {
        "displayName": "说明框",
        "image": "symbols/demo/配电室/说明框.json",
        "position": {
          "x": 127.66728,
          "y": 662.37103
        }
      },
      "s": {
        "2d.movable": false
      },
      "a": {
        "textValue": "UBC(V)"
      }
    },
    {
      "c": "ht.Node",
      "i": 108592,
      "p": {
        "displayName": "说明框",
        "image": "symbols/demo/配电室/说明框.json",
        "position": {
          "x": 127.66728,
          "y": 676.18739
        }
      },
      "s": {
        "2d.movable": false
      },
      "a": {
        "textValue": "UAC(V)"
      }
    },
    {
      "c": "ht.Node",
      "i": 108593,
      "p": {
        "displayName": "说明框",
        "image": "symbols/demo/配电室/说明框.json",
        "position": {
          "x": 127.66728,
          "y": 690.00375
        }
      },
      "s": {
        "2d.movable": false
      },
      "a": {
        "textValue": "P(KW)"
      }
    },
    {
      "c": "ht.Node",
      "i": 108594,
      "p": {
        "displayName": "说明框",
        "image": "symbols/demo/配电室/说明框.json",
        "position": {
          "x": 128.5142,
          "y": 704.15788
        }
      },
      "s": {
        "2d.movable": false
      },
      "a": {
        "textValue": "Q(KVAR)",
        "scale": 0.6
      }
    },
    {
      "c": "ht.Node",
      "i": 108595,
      "p": {
        "displayName": "说明框",
        "image": "symbols/demo/配电室/说明框.json",
        "position": {
          "x": 128.41669,
          "y": 717.37966
        }
      },
      "s": {
        "2d.movable": false
      },
      "a": {
        "textValue": "EP(KWh)",
        "scale": 0.6
      }
    },
    {
      "c": "ht.Text",
      "i": 108596,
      "p": {
        "position": {
          "x": 531.95863,
          "y": 518.98913
        },
        "width": 32.53291,
        "height": 15.0305
      },
      "s": {
        "text": "AA10",
        "text.color": "rgb(247,247,247)",
        "2d.movable": false
      }
    },
    {
      "c": "ht.Text",
      "i": 108597,
      "p": {
        "position": {
          "x": 309.84823,
          "y": 518.98913
        },
        "width": 32.53291,
        "height": 15.0305
      },
      "s": {
        "text": "AA10",
        "text.color": "rgb(247,247,247)",
        "2d.movable": false
      }
    },
    {
      "c": "ht.Node",
      "i": 108598,
      "p": {
        "position": {
          "x": 510.77963,
          "y": 224.3239
        },
        "width": 223.67929,
        "height": 36.0981
      },
      "s": {
        "shape": "rect",
        "shape.background": "#808000",
        "shape.border.color": "#979797",
        "2d.movable": false
      }
    },
    {
      "c": "ht.Text",
      "i": 108599,
      "p": {
        "position": {
          "x": 511.49718,
          "y": 224.52319
        },
        "width": 223.67929,
        "height": 35.69953
      },
      "s": {
        "text": "配电室低压",
        "text.align": "center",
        "text.font": "18px Arial",
        "text.color": "rgb(247,247,247)",
        "2d.movable": false
      }
    },
    {
      "c": "ht.Text",
      "i": 108600,
      "p": {
        "position": {
          "x": 890.46467,
          "y": 536.61181
        },
        "scale": {
          "x": 0.8,
          "y": 0.8
        },
        "width": 32.53291,
        "height": 15.0305
      },
      "s": {
        "text": "414-9",
        "text.color": "rgb(247,247,247)",
        "2d.movable": false
      }
    },
    {
      "c": "ht.Text",
      "i": 108601,
      "p": {
        "position": {
          "x": 925.54577,
          "y": 536.53341
        },
        "scale": {
          "x": 0.8,
          "y": 0.8
        },
        "width": 32.53291,
        "height": 15.0305
      },
      "s": {
        "text": "414-8",
        "text.color": "rgb(247,247,247)",
        "2d.movable": false
      }
    },
    {
      "c": "ht.Text",
      "i": 108602,
      "p": {
        "position": {
          "x": 959.64951,
          "y": 536.9878
        },
        "scale": {
          "x": 0.8,
          "y": 0.8
        },
        "width": 32.53291,
        "height": 15.0305
      },
      "s": {
        "text": "414-7",
        "text.color": "rgb(247,247,247)",
        "2d.movable": false
      }
    },
    {
      "c": "ht.Text",
      "i": 108603,
      "p": {
        "position": {
          "x": 990.80289,
          "y": 536.9878
        },
        "scale": {
          "x": 0.8,
          "y": 0.8
        },
        "width": 32.53291,
        "height": 15.0305
      },
      "s": {
        "text": "414-6",
        "text.color": "rgb(247,247,247)",
        "2d.movable": false
      }
    },
    {
      "c": "ht.Text",
      "i": 108604,
      "p": {
        "position": {
          "x": 1026.00214,
          "y": 536.73798
        },
        "scale": {
          "x": 0.8,
          "y": 0.8
        },
        "width": 32.53291,
        "height": 15.0305
      },
      "s": {
        "text": "414-5",
        "text.color": "rgb(247,247,247)",
        "2d.movable": false
      }
    },
    {
      "c": "ht.Text",
      "i": 108605,
      "p": {
        "position": {
          "x": 775.41032,
          "y": 536.53341
        },
        "scale": {
          "x": 0.8,
          "y": 0.8
        },
        "width": 32.53291,
        "height": 15.0305
      },
      "s": {
        "text": "445",
        "text.color": "rgb(247,247,247)",
        "2d.movable": false
      }
    },
    {
      "c": "ht.Text",
      "i": 108606,
      "p": {
        "position": {
          "x": 630.37001,
          "y": 536.81638
        },
        "scale": {
          "x": 0.8,
          "y": 0.8
        },
        "width": 32.53291,
        "height": 15.0305
      },
      "s": {
        "text": "415-4",
        "text.color": "rgb(247,247,247)",
        "2d.movable": false
      }
    },
    {
      "c": "ht.Text",
      "i": 108607,
      "p": {
        "position": {
          "x": 665.45111,
          "y": 536.73798
        },
        "scale": {
          "x": 0.8,
          "y": 0.8
        },
        "width": 32.53291,
        "height": 15.0305
      },
      "s": {
        "text": "415-3",
        "text.color": "rgb(247,247,247)",
        "2d.movable": false
      }
    },
    {
      "c": "ht.Text",
      "i": 108608,
      "p": {
        "position": {
          "x": 699.55485,
          "y": 537.19237
        },
        "scale": {
          "x": 0.8,
          "y": 0.8
        },
        "width": 32.53291,
        "height": 15.0305
      },
      "s": {
        "text": "415-2",
        "text.color": "rgb(247,247,247)",
        "2d.movable": false
      }
    },
    {
      "c": "ht.Text",
      "i": 108609,
      "p": {
        "position": {
          "x": 730.70824,
          "y": 537.19237
        },
        "scale": {
          "x": 0.8,
          "y": 0.8
        },
        "width": 32.53291,
        "height": 15.0305
      },
      "s": {
        "text": "415-1",
        "text.color": "rgb(247,247,247)",
        "2d.movable": false
      }
    },
    {
      "c": "ht.Text",
      "i": 108610,
      "p": {
        "position": {
          "x": 459.88768,
          "y": 536.07902
        },
        "scale": {
          "x": 0.8,
          "y": 0.8
        },
        "width": 32.53291,
        "height": 15.0305
      },
      "s": {
        "text": "416-5",
        "text.color": "rgb(247,247,247)",
        "2d.movable": false
      }
    },
    {
      "c": "ht.Text",
      "i": 108611,
      "p": {
        "position": {
          "x": 492.88768,
          "y": 536.07902
        },
        "scale": {
          "x": 0.8,
          "y": 0.8
        },
        "width": 32.53291,
        "height": 15.0305
      },
      "s": {
        "text": "416-4",
        "text.color": "rgb(247,247,247)",
        "2d.movable": false
      }
    },
    {
      "c": "ht.Text",
      "i": 108612,
      "p": {
        "position": {
          "x": 531.29149,
          "y": 536.53341
        },
        "scale": {
          "x": 0.8,
          "y": 0.8
        },
        "width": 32.53291,
        "height": 15.0305
      },
      "s": {
        "text": "416-3",
        "text.color": "rgb(247,247,247)",
        "2d.movable": false
      }
    },
    {
      "c": "ht.Text",
      "i": 108613,
      "p": {
        "position": {
          "x": 562.74062,
          "y": 536.07902
        },
        "scale": {
          "x": 0.8,
          "y": 0.8
        },
        "width": 32.53291,
        "height": 15.0305
      },
      "s": {
        "text": "416-2",
        "text.color": "rgb(247,247,247)",
        "2d.movable": false
      }
    },
    {
      "c": "ht.Text",
      "i": 108614,
      "p": {
        "position": {
          "x": 597.02957,
          "y": 536.53341
        },
        "scale": {
          "x": 0.8,
          "y": 0.8
        },
        "width": 32.53291,
        "height": 15.0305
      },
      "s": {
        "text": "416-1",
        "text.color": "rgb(247,247,247)",
        "2d.movable": false
      }
    },
    {
      "c": "ht.Text",
      "i": 108615,
      "p": {
        "position": {
          "x": 186.95714,
          "y": 537.04059
        },
        "scale": {
          "x": 0.8,
          "y": 0.8
        },
        "width": 32.53291,
        "height": 15.0305
      },
      "s": {
        "text": "417-8",
        "text.color": "rgb(247,247,247)",
        "2d.movable": false
      }
    },
    {
      "c": "ht.Text",
      "i": 108616,
      "p": {
        "position": {
          "x": 217.74088,
          "y": 536.5862
        },
        "scale": {
          "x": 0.8,
          "y": 0.8
        },
        "width": 32.53291,
        "height": 15.0305
      },
      "s": {
        "text": "417-7",
        "text.color": "rgb(247,247,247)",
        "2d.movable": false
      }
    },
    {
      "c": "ht.Text",
      "i": 108617,
      "p": {
        "position": {
          "x": 252.50306,
          "y": 536.5862
        },
        "scale": {
          "x": 0.8,
          "y": 0.8
        },
        "width": 32.53291,
        "height": 15.0305
      },
      "s": {
        "text": "417-6",
        "text.color": "rgb(247,247,247)",
        "2d.movable": false
      }
    },
    {
      "c": "ht.Text",
      "i": 108618,
      "p": {
        "position": {
          "x": 285.50306,
          "y": 536.5862
        },
        "scale": {
          "x": 0.8,
          "y": 0.8
        },
        "width": 32.53291,
        "height": 15.0305
      },
      "s": {
        "text": "417-5",
        "text.color": "rgb(247,247,247)",
        "2d.movable": false
      }
    },
    {
      "c": "ht.Text",
      "i": 108619,
      "p": {
        "position": {
          "x": 321.46204,
          "y": 536.46461
        },
        "scale": {
          "x": 0.8,
          "y": 0.8
        },
        "width": 32.53291,
        "height": 15.0305
      },
      "s": {
        "text": "417-4",
        "text.color": "rgb(247,247,247)",
        "2d.movable": false
      }
    },
    {
      "c": "ht.Text",
      "i": 108620,
      "p": {
        "position": {
          "x": 353.51512,
          "y": 535.82763
        },
        "scale": {
          "x": 0.8,
          "y": 0.8
        },
        "width": 32.53291,
        "height": 15.0305
      },
      "s": {
        "text": "417-3",
        "text.color": "rgb(247,247,247)",
        "2d.movable": false
      }
    },
    {
      "c": "ht.Text",
      "i": 108621,
      "p": {
        "position": {
          "x": 388.48624,
          "y": 537.04059
        },
        "scale": {
          "x": 0.8,
          "y": 0.8
        },
        "width": 32.53291,
        "height": 15.0305
      },
      "s": {
        "text": "417-2",
        "text.color": "rgb(247,247,247)",
        "2d.movable": false
      }
    },
    {
      "c": "ht.Text",
      "i": 108622,
      "p": {
        "position": {
          "x": 420.10507,
          "y": 537.04059
        },
        "scale": {
          "x": 0.8,
          "y": 0.8
        },
        "width": 32.53291,
        "height": 15.0305
      },
      "s": {
        "text": "417-1",
        "text.color": "rgb(247,247,247)",
        "2d.movable": false
      }
    },
    {
      "c": "ht.Node",
      "i": 108623,
      "p": {
        "displayName": "三相数字多功能表",
        "tag": "a1_b1",
        "image": "symbols/demo/配电室/三相数字多功能表.json",
        "position": {
          "x": 69.50114,
          "y": 401.77125
        }
      },
      "s": {
        "2d.movable": false
      }
    },
    {
      "c": "ht.Node",
      "i": 108624,
      "p": {
        "displayName": "电流互感器",
        "tag": "a1_b1_di1",
        "image": "symbols/demo/配电室/电流互感器.json",
        "position": {
          "x": 75.76019,
          "y": 296.47489
        },
        "anchor": {
          "x": 0.78284,
          "y": 0.36067
        }
      },
      "s": {
        "2d.movable": false
      }
    }
  ],
  "contentRect": {
    "x": -63.40667,
    "y": 206.27485,
    "width": 1122.50683,
    "height": 520.14279
  }
}