{
  "v": "6.2.3",
  "p": {
    "background": "rgb(66,71,74)",
    "autoAdjustIndex": true,
    "hierarchicalRendering": true
  },
  "a": {
    "gridThickColor": "rgb(61,74,212)",
    "gridLightColor": "#32D3EB",
    "connectActionType": "copyStyle"
  },
  "d": [
    {
      "c": "ht.Shape",
      "i": 3802,
      "p": {
        "rotation": 3.14159,
        "position": {
          "x": 625.4073,
          "y": 330.14946
        },
        "anchor": {
          "x": 0.5,
          "y": 0.44156
        },
        "width": 333.39313,
        "height": 31.07573,
        "segments": {
          "__a": [
            1,
            2,
            2,
            2,
            2,
            2,
            2,
            2,
            2,
            2,
            2,
            2,
            2,
            2,
            2,
            2,
            2,
            2,
            2,
            2
          ]
        },
        "points": {
          "__a": [
            {
              "x": 792.10386,
              "y": 316.4757
            },
            {
              "x": 777.92777,
              "y": 316.4757
            },
            {
              "x": 777.92777,
              "y": 347.5033
            },
            {
              "x": 769.43948,
              "y": 347.5033
            },
            {
              "x": 693.49167,
              "y": 347.5033
            },
            {
              "x": 693.49167,
              "y": 316.4757
            },
            {
              "x": 715.15913,
              "y": 316.4757
            },
            {
              "x": 693.49167,
              "y": 316.4757
            },
            {
              "x": 693.49167,
              "y": 347.5033
            },
            {
              "x": 609.93099,
              "y": 347.5033
            },
            {
              "x": 609.93099,
              "y": 316.4757
            },
            {
              "x": 625.61097,
              "y": 316.4757
            },
            {
              "x": 609.93099,
              "y": 316.4757
            },
            {
              "x": 609.93099,
              "y": 347.5033
            },
            {
              "x": 529.15181,
              "y": 347.5033
            },
            {
              "x": 529.15181,
              "y": 316.42757
            },
            {
              "x": 546.75492,
              "y": 316.42757
            },
            {
              "x": 529.15181,
              "y": 316.42757
            },
            {
              "x": 529.15181,
              "y": 347.5033
            },
            {
              "x": 458.71073,
              "y": 347.5033
            }
          ]
        }
      },
      "s": {
        "shape.background": null,
        "shape.border.color": "rgb(224,54,159)",
        "shape.border.width": 6,
        "shape.dash.offset": 673,
        "shape.dash.pattern": [
          64,
          48
        ],
        "shape.dash.color": "rgb(242,172,215)",
        "shape.border.cap": "round",
        "shape.dash": true
      }
    },
    {
      "c": "ht.Shape",
      "i": 3803,
      "p": {
        "rotation": 3.23037,
        "position": {
          "x": 1288.24191,
          "y": 315.48887
        },
        "anchor": {
          "x": 0.14859,
          "y": 0.5
        },
        "width": 71.35094,
        "height": 6.35104,
        "segments": {
          "__a": [
            1,
            2
          ]
        },
        "points": {
          "__a": [
            {
              "x": 1348.99081,
              "y": 312.31335
            },
            {
              "x": 1277.63987,
              "y": 318.66439
            }
          ]
        }
      },
      "s": {
        "shape.background": null,
        "shape.border.color": "rgb(224,54,159)",
        "shape.border.width": 6,
        "shape.dash.offset": 673,
        "shape.dash.pattern": [
          64,
          48
        ],
        "shape.dash.color": "rgb(242,172,215)",
        "shape.border.cap": "round",
        "shape.dash": true
      }
    },
    {
      "c": "ht.Shape",
      "i": 3804,
      "p": {
        "rotation": 3.14159,
        "position": {
          "x": 625.4073,
          "y": 38.14946
        },
        "anchor": {
          "x": 0.5,
          "y": 0.44156
        },
        "width": 333.39313,
        "height": 31.07573,
        "segments": {
          "__a": [
            1,
            2,
            2,
            2,
            2,
            2,
            2,
            2,
            2,
            2,
            2,
            2,
            2,
            2,
            2,
            2,
            2,
            2,
            2,
            2
          ]
        },
        "points": {
          "__a": [
            {
              "x": 792.10386,
              "y": 24.4757
            },
            {
              "x": 777.92777,
              "y": 24.4757
            },
            {
              "x": 777.92777,
              "y": 55.5033
            },
            {
              "x": 769.43948,
              "y": 55.5033
            },
            {
              "x": 693.49167,
              "y": 55.5033
            },
            {
              "x": 693.49167,
              "y": 24.4757
            },
            {
              "x": 715.15913,
              "y": 24.4757
            },
            {
              "x": 693.49167,
              "y": 24.4757
            },
            {
              "x": 693.49167,
              "y": 55.5033
            },
            {
              "x": 609.93099,
              "y": 55.5033
            },
            {
              "x": 609.93099,
              "y": 24.4757
            },
            {
              "x": 625.61097,
              "y": 24.4757
            },
            {
              "x": 609.93099,
              "y": 24.4757
            },
            {
              "x": 609.93099,
              "y": 55.5033
            },
            {
              "x": 529.15181,
              "y": 55.5033
            },
            {
              "x": 529.15181,
              "y": 24.42757
            },
            {
              "x": 546.75492,
              "y": 24.42757
            },
            {
              "x": 529.15181,
              "y": 24.42757
            },
            {
              "x": 529.15181,
              "y": 55.5033
            },
            {
              "x": 458.71073,
              "y": 55.5033
            }
          ]
        }
      },
      "s": {
        "shape.background": null,
        "shape.border.color": "rgb(224,54,159)",
        "shape.border.width": 6,
        "shape.dash.offset": 673,
        "shape.dash.pattern": [
          64,
          48
        ],
        "shape.dash.color": "rgb(242,172,215)",
        "shape.border.cap": "round",
        "shape.dash": true
      }
    },
    {
      "c": "ht.Shape",
      "i": 3805,
      "p": {
        "rotation": 3.94128,
        "position": {
          "x": 1102.60899,
          "y": 217.592
        },
        "width": 131.70091,
        "height": 128.24063,
        "segments": {
          "__a": [
            1,
            4,
            4
          ]
        },
        "points": {
          "__a": [
            {
              "x": 1036.75854,
              "y": 153.47168
            },
            {
              "x": 1036.75854,
              "y": 153.47168
            },
            {
              "x": 1101.10121,
              "y": 215.75146
            },
            {
              "x": 1134.78033,
              "y": 248.73189
            },
            {
              "x": 1168.45945,
              "y": 281.71231
            },
            {
              "x": 1095.72538,
              "y": 210.77724
            },
            {
              "x": 1095.72538,
              "y": 210.77724
            }
          ]
        }
      },
      "s": {
        "shape.background": null,
        "shape.border.color": "rgb(250,111,25)",
        "shape.border.width": 6,
        "shape.dash.offset": 673,
        "shape.dash.pattern": [
          64,
          48
        ],
        "shape.dash.color": "rgb(255,201,94)",
        "shape.border.cap": "round",
        "shape.dash": true
      }
    },
    {
      "c": "ht.Shape",
      "i": 3806,
      "p": {
        "position": {
          "x": 41.77292,
          "y": 268.11586
        },
        "width": 26.86375,
        "height": 1,
        "segments": {
          "__a": [
            1,
            2
          ]
        },
        "points": {
          "__a": [
            {
              "x": 28.34105,
              "y": 268.11586
            },
            {
              "x": 55.2048,
              "y": 268.11586
            }
          ]
        }
      },
      "s": {
        "shape.background": null,
        "shape.border.color": "rgb(25,119,250)",
        "shape.border.width": 6,
        "shape.dash.offset": -2508,
        "shape.dash.pattern": [
          64,
          48
        ],
        "shape.dash.color": "rgb(0,153,255)",
        "shape.border.cap": "round",
        "shape.dash": true
      }
    },
    {
      "c": "ht.Node",
      "i": 3807,
      "p": {
        "position": {
          "x": 2,
          "y": 267.5
        },
        "width": 53.68421,
        "height": 15
      },
      "s": {
        "shape": "rect",
        "shape.background": "rgb(240,225,19)",
        "shape.border.width": 1,
        "shape.border.color": "#979797",
        "shape.gradient": "spread.vertical",
        "shape.gradient.color": "rgb(247,247,247)"
      }
    },
    {
      "c": "ht.Text",
      "i": 3808,
      "p": {
        "position": {
          "x": 3,
          "y": 239
        },
        "anchor": {
          "x": 0.45283,
          "y": 0.36364
        },
        "width": 53,
        "height": 33
      },
      "s": {
        "text": "水塔出水",
        "text.color": "rgb(247,247,247)"
      }
    },
    {
      "c": "ht.Shape",
      "i": 3809,
      "p": {
        "rotation": 4.71239,
        "position": {
          "x": 104.95957,
          "y": 281.71386
        },
        "width": 17.64094,
        "height": 1.55952,
        "segments": {
          "__a": [
            1,
            2,
            2
          ]
        },
        "points": {
          "__a": [
            {
              "x": 96.1391,
              "y": 281.71386
            },
            {
              "x": 113.78004,
              "y": 281.71386
            },
            {
              "x": 96.1391,
              "y": 281.71386
            }
          ]
        }
      },
      "s": {
        "shape.background": null,
        "shape.border.color": "rgb(250,111,25)",
        "shape.border.width": 6,
        "shape.dash.offset": 673,
        "shape.dash.pattern": [
          64,
          48
        ],
        "shape.dash.color": "rgb(255,201,94)",
        "shape.border.cap": "round",
        "shape.dash": true
      }
    },
    {
      "c": "ht.Text",
      "i": 3810,
      "p": {
        "position": {
          "x": 65.2048,
          "y": 288.63576
        },
        "width": 50,
        "height": 20.14782
      },
      "s": {
        "text": "总进水阀",
        "text.color": "rgb(247,247,247)"
      }
    },
    {
      "c": "ht.Shape",
      "i": 3811,
      "p": {
        "rotation": 4.71239,
        "position": {
          "x": 129.58398,
          "y": 244.96802
        },
        "width": 36.81794,
        "height": 2.50535,
        "segments": {
          "__a": [
            1,
            2,
            2
          ]
        },
        "points": {
          "__a": [
            {
              "x": 132.46038,
              "y": 244.96802
            },
            {
              "x": 147.99295,
              "y": 244.96802
            },
            {
              "x": 111.17501,
              "y": 244.96802
            }
          ]
        }
      },
      "s": {
        "shape.background": null,
        "shape.border.color": "rgb(250,111,25)",
        "shape.border.width": 6,
        "shape.dash.offset": 673,
        "shape.dash.pattern": [
          64,
          48
        ],
        "shape.dash.color": "rgb(255,201,94)",
        "shape.border.cap": "round",
        "shape.dash": true
      }
    },
    {
      "c": "ht.Shape",
      "i": 3812,
      "p": {
        "rotation": 4.71239,
        "position": {
          "x": 117.1103,
          "y": 73.58908
        },
        "width": 30.9854,
        "height": 29.98675,
        "segments": {
          "__a": [
            1,
            2,
            2
          ]
        },
        "points": {
          "__a": [
            {
              "x": 101.6176,
              "y": 58.59571
            },
            {
              "x": 132.603,
              "y": 58.59571
            },
            {
              "x": 132.603,
              "y": 88.58246
            }
          ]
        }
      },
      "s": {
        "shape.background": null,
        "shape.border.color": "rgb(250,111,25)",
        "shape.border.width": 6,
        "shape.dash.offset": 673,
        "shape.dash.pattern": [
          64,
          48
        ],
        "shape.dash.color": "rgb(255,201,94)",
        "shape.border.cap": "round",
        "shape.dash": true
      }
    },
    {
      "c": "ht.Shape",
      "i": 3813,
      "p": {
        "rotation": 4.71239,
        "position": {
          "x": 105.06002,
          "y": 315.4481
        },
        "width": 5.10942,
        "height": 1.35862,
        "segments": {
          "__a": [
            1,
            2,
            2
          ]
        },
        "points": {
          "__a": [
            {
              "x": 102.50531,
              "y": 315.4481
            },
            {
              "x": 107.61473,
              "y": 315.4481
            },
            {
              "x": 102.50531,
              "y": 315.4481
            }
          ]
        }
      },
      "s": {
        "shape.background": null,
        "shape.border.color": "rgb(250,111,25)",
        "shape.border.width": 6,
        "shape.dash.offset": 673,
        "shape.dash.pattern": [
          64,
          48
        ],
        "shape.dash.color": "rgb(255,201,94)",
        "shape.border.cap": "round",
        "shape.dash": true
      }
    },
    {
      "c": "ht.Node",
      "i": 3814,
      "p": {
        "displayName": "阀门开关",
        "image": "symbols/demo/water treatment/2/阀门开关.json",
        "rotation": 6.28319,
        "position": {
          "x": 102.06499,
          "y": 302.00086
        },
        "width": 23.52984,
        "height": 23.52984
      }
    },
    {
      "c": "ht.Node",
      "i": 3815,
      "p": {
        "displayName": "阀门开关",
        "image": "symbols/demo/water treatment/2/阀门开关.json",
        "rotation": 6.28319,
        "position": {
          "x": 127.06499,
          "y": 215.00086
        },
        "width": 23.52984,
        "height": 23.52984
      }
    },
    {
      "c": "ht.Shape",
      "i": 3816,
      "p": {
        "rotation": 4.71239,
        "position": {
          "x": 180.81472,
          "y": 232.80885
        },
        "anchor": {
          "x": 0.14859,
          "y": 0.5
        },
        "width": 205.79664,
        "height": 50.1136,
        "segments": {
          "__a": [
            1,
            2,
            2,
            2
          ]
        },
        "points": {
          "__a": [
            {
              "x": 356.03241,
              "y": 207.75206
            },
            {
              "x": 356.03241,
              "y": 207.75206
            },
            {
              "x": 356.03241,
              "y": 257.86565
            },
            {
              "x": 150.23576,
              "y": 257.86565
            }
          ]
        }
      },
      "s": {
        "shape.background": null,
        "shape.border.color": "rgb(250,111,25)",
        "shape.border.width": 6,
        "shape.dash.offset": 673,
        "shape.dash.pattern": [
          64,
          48
        ],
        "shape.dash.color": "rgb(255,201,94)",
        "shape.border.cap": "round",
        "shape.dash": true
      }
    },
    {
      "c": "ht.Node",
      "i": 3817,
      "p": {
        "displayName": "阀门开关",
        "image": "symbols/demo/water treatment/2/阀门开关.json",
        "rotation": 1.5708,
        "position": {
          "x": 142.75462,
          "y": 57.87998
        },
        "anchor": {
          "x": 0.62736,
          "y": 0.54599
        },
        "width": 23.52984,
        "height": 23.52984
      }
    },
    {
      "c": "ht.Node",
      "i": 3818,
      "p": {
        "position": {
          "x": 177.32355,
          "y": 115.27049
        },
        "anchor": {
          "x": 1.78632,
          "y": 0.77778
        },
        "width": 60.05137,
        "height": 33.6712
      },
      "s": {
        "shape": "oval",
        "shape.background": "#FEB64D",
        "shape.border.width": 1,
        "shape.border.color": "#979797",
        "shape.gradient": "spread.south"
      }
    },
    {
      "c": "ht.Node",
      "i": 3819,
      "p": {
        "position": {
          "x": 100.34382,
          "y": 129.46953
        },
        "width": 61.5197,
        "height": 54.83595
      },
      "s": {
        "shape": "roundRect",
        "shape.background": "#FEB64D",
        "shape.border.width": 1,
        "shape.border.color": "#FEB64D",
        "shape.gradient": "spread.horizontal"
      }
    },
    {
      "c": "ht.Node",
      "i": 3820,
      "p": {
        "displayName": "阀门开关",
        "image": "symbols/demo/water treatment/2/阀门开关.json",
        "rotation": 1.5708,
        "position": {
          "x": 916.88115,
          "y": 276.16572
        },
        "anchor": {
          "x": -0.95812,
          "y": -4.33539
        },
        "width": 23.52984,
        "height": 23.52984
      }
    },
    {
      "c": "ht.Node",
      "i": 3821,
      "p": {
        "displayName": "阀门开关",
        "image": "symbols/demo/water treatment/2/阀门开关.json",
        "rotation": 1.5708,
        "position": {
          "x": 913.88115,
          "y": -15.83428
        },
        "anchor": {
          "x": -0.95812,
          "y": -4.33539
        },
        "width": 23.52984,
        "height": 23.52984
      }
    },
    {
      "c": "ht.Node",
      "i": 3822,
      "p": {
        "displayName": "阀门开关",
        "image": "symbols/demo/water treatment/2/阀门开关.json",
        "rotation": 1.5708,
        "position": {
          "x": 917.30185,
          "y": 170.47968
        },
        "anchor": {
          "x": -0.95812,
          "y": -4.33539
        },
        "width": 23.52984,
        "height": 23.52984
      }
    },
    {
      "c": "ht.Node",
      "i": 3823,
      "p": {
        "displayName": "阀门开关",
        "image": "symbols/demo/water treatment/2/阀门开关.json",
        "rotation": 1.5708,
        "position": {
          "x": 953.11542,
          "y": -0.53048
        },
        "anchor": {
          "x": 0.624,
          "y": 0.5554
        },
        "width": 23.52984,
        "height": 23.52984
      }
    },
    {
      "c": "ht.Shape",
      "i": 3824,
      "p": {
        "rotation": 4.71239,
        "position": {
          "x": 1059.26247,
          "y": 70.06739
        },
        "width": 53.89825,
        "height": 1,
        "segments": {
          "__a": [
            1,
            2
          ]
        },
        "points": {
          "__a": [
            {
              "x": 1032.31335,
              "y": 70.06741
            },
            {
              "x": 1086.2116,
              "y": 70.06736
            }
          ]
        }
      },
      "s": {
        "shape.background": null,
        "shape.border.color": "rgb(250,111,25)",
        "shape.border.width": 6,
        "shape.dash.offset": 673,
        "shape.dash.pattern": [
          64,
          48
        ],
        "shape.dash.color": "rgb(255,201,94)",
        "shape.border.cap": "round",
        "shape.dash": true
      }
    },
    {
      "c": "ht.Shape",
      "i": 3825,
      "p": {
        "rotation": 4.71239,
        "position": {
          "x": 1059.26241,
          "y": 158.64094
        },
        "width": 89.18988,
        "height": 1,
        "segments": {
          "__a": [
            1,
            2
          ]
        },
        "points": {
          "__a": [
            {
              "x": 1014.66747,
              "y": 158.64099
            },
            {
              "x": 1103.85735,
              "y": 158.6409
            }
          ]
        }
      },
      "s": {
        "shape.background": null,
        "shape.border.color": "rgb(250,111,25)",
        "shape.border.width": 6,
        "shape.dash.offset": 673,
        "shape.dash.pattern": [
          64,
          48
        ],
        "shape.dash.color": "rgb(255,201,94)",
        "shape.border.cap": "round",
        "shape.dash": true
      }
    },
    {
      "c": "ht.Node",
      "i": 3826,
      "p": {
        "displayName": "阀门开关",
        "image": "symbols/demo/water treatment/2/阀门开关.json",
        "rotation": 6.28319,
        "position": {
          "x": 1059.93259,
          "y": 103.89431
        },
        "anchor": {
          "x": 0.63473,
          "y": 0.53153
        },
        "width": 23.52984,
        "height": 23.52984
      }
    },
    {
      "c": "ht.Shape",
      "i": 3827,
      "p": {
        "rotation": 4.71239,
        "position": {
          "x": 1102.92867,
          "y": 54.31196
        },
        "width": 20.3874,
        "height": 1,
        "segments": {
          "__a": [
            1,
            2
          ]
        },
        "points": {
          "__a": [
            {
              "x": 1092.73497,
              "y": 54.31197
            },
            {
              "x": 1113.12237,
              "y": 54.31195
            }
          ]
        }
      },
      "s": {
        "shape.background": null,
        "shape.border.color": "rgb(250,111,25)",
        "shape.border.width": 6,
        "shape.dash.offset": 673,
        "shape.dash.pattern": [
          64,
          48
        ],
        "shape.dash.color": "rgb(255,201,94)",
        "shape.border.cap": "round",
        "shape.dash": true
      }
    },
    {
      "c": "ht.Node",
      "i": 3828,
      "p": {
        "displayName": "阀门开关",
        "image": "symbols/demo/water treatment/2/阀门开关.json",
        "rotation": 6.28319,
        "position": {
          "x": 1103.88444,
          "y": 78.05871
        },
        "anchor": {
          "x": 0.63473,
          "y": 0.53153
        },
        "width": 23.52984,
        "height": 23.52984
      }
    },
    {
      "c": "ht.Node",
      "i": 3829,
      "p": {
        "displayName": "阀门开关",
        "image": "symbols/demo/water treatment/2/阀门开关.json",
        "rotation": 1.5708,
        "position": {
          "x": 1178.76202,
          "y": 311.56405
        },
        "anchor": {
          "x": 0.55636,
          "y": 0.47731
        },
        "width": 23.52984,
        "height": 23.52984
      }
    },
    {
      "c": "ht.Node",
      "i": 3830,
      "p": {
        "displayName": "阀门开关",
        "image": "symbols/demo/water treatment/2/阀门开关.json",
        "rotation": 1.5708,
        "position": {
          "x": 908.53689,
          "y": 462.47968
        },
        "anchor": {
          "x": -0.95812,
          "y": -4.33539
        },
        "width": 23.52984,
        "height": 23.52984
      }
    },
    {
      "c": "ht.Shape",
      "i": 3831,
      "p": {
        "rotation": 4.71239,
        "position": {
          "x": 1202.92961,
          "y": 115.06756
        },
        "width": 2.04291,
        "height": 196.80463,
        "segments": {
          "__a": [
            1,
            2
          ]
        },
        "points": {
          "__a": [
            {
              "x": 1201.90815,
              "y": 213.46987
            },
            {
              "x": 1203.95106,
              "y": 16.66524
            }
          ]
        }
      },
      "s": {
        "shape.background": null,
        "shape.border.color": "rgb(250,111,25)",
        "shape.border.width": 6,
        "shape.dash.offset": 673,
        "shape.dash.pattern": [
          64,
          48
        ],
        "shape.dash.color": "rgb(255,201,94)",
        "shape.border.cap": "round",
        "shape.dash": true
      }
    },
    {
      "c": "ht.Node",
      "i": 3832,
      "p": {
        "position": {
          "x": 1359.00385,
          "y": 40.57924
        },
        "width": 108.86183,
        "height": 28.60796
      },
      "s": {
        "shape": "rect",
        "shape.background": "rgb(0,199,7)",
        "shape.border.width": 1,
        "shape.border.color": "rgb(0,199,7)"
      }
    },
    {
      "c": "ht.Node",
      "i": 3833,
      "p": {
        "position": {
          "x": 1356.80485,
          "y": 314.26584
        },
        "width": 108.86183,
        "height": 28.60796
      },
      "s": {
        "shape": "rect",
        "shape.background": "rgb(204,104,166)",
        "shape.border.width": 1,
        "shape.border.color": "rgb(204,104,166)"
      }
    },
    {
      "c": "ht.Node",
      "i": 3834,
      "p": {
        "position": {
          "x": 1358.3766,
          "y": 116.01874
        },
        "width": 108.86183,
        "height": 28.60796
      },
      "s": {
        "shape": "rect",
        "shape.background": "#FEB64D",
        "shape.border.width": 1,
        "shape.border.color": "#FEB64D"
      }
    },
    {
      "c": "ht.Text",
      "i": 3835,
      "p": {
        "position": {
          "x": 114.97743,
          "y": 336.65342
        }
      },
      "s": {
        "text": "化学清洗进水阀",
        "text.color": "rgb(247,247,247)"
      }
    },
    {
      "c": "ht.Text",
      "i": 3836,
      "p": {
        "position": {
          "x": 191.00258,
          "y": 286.88455
        }
      },
      "s": {
        "text": "总进水压力",
        "text.color": "rgb(247,247,247)"
      }
    },
    {
      "c": "ht.Text",
      "i": 3837,
      "p": {
        "position": {
          "x": 104.97743,
          "y": 200.81918
        }
      },
      "s": {
        "text": "气检进气口",
        "text.color": "rgb(247,247,247)"
      }
    },
    {
      "c": "ht.Text",
      "i": 3838,
      "p": {
        "position": {
          "x": 174.52457,
          "y": 74.51726
        }
      },
      "s": {
        "text": "加药剂",
        "text.color": "rgb(247,247,247)"
      }
    },
    {
      "c": "ht.Text",
      "i": 3839,
      "p": {
        "position": {
          "x": 315.96204,
          "y": 225.12709
        }
      },
      "s": {
        "text": "1#进水阀",
        "text.color": "rgb(247,247,247)"
      }
    },
    {
      "c": "ht.Text",
      "i": 3840,
      "p": {
        "position": {
          "x": 323.67266,
          "y": 515.14971
        }
      },
      "s": {
        "text": "2#进水阀",
        "text.color": "rgb(247,247,247)"
      }
    },
    {
      "c": "ht.Node",
      "i": 3841,
      "p": {
        "displayName": "阀门开关",
        "image": "symbols/demo/water treatment/2/阀门开关.json",
        "rotation": 1.5708,
        "position": {
          "x": 963.42871,
          "y": 289.13526
        },
        "anchor": {
          "x": 0.60074,
          "y": 0.5
        },
        "width": 23.52984,
        "height": 23.52984
      }
    },
    {
      "c": "ht.Text",
      "i": 3842,
      "p": {
        "position": {
          "x": 884.62873,
          "y": -49.95541
        }
      },
      "s": {
        "text": "1#上排气阀",
        "text.color": "rgb(247,247,247)"
      }
    },
    {
      "c": "ht.Text",
      "i": 3843,
      "p": {
        "position": {
          "x": 819.27054,
          "y": 36.3231
        }
      },
      "s": {
        "text": "1#上排污阀",
        "text.color": "rgb(247,247,247)"
      }
    },
    {
      "c": "ht.Text",
      "i": 3844,
      "p": {
        "position": {
          "x": 820.59967,
          "y": 221.74276
        }
      },
      "s": {
        "text": "1#下排污阀",
        "text.color": "rgb(247,247,247)"
      }
    },
    {
      "c": "ht.Text",
      "i": 3845,
      "p": {
        "position": {
          "x": 820.58707,
          "y": 327.92316
        }
      },
      "s": {
        "text": "2#上排污阀",
        "text.color": "rgb(247,247,247)"
      }
    },
    {
      "c": "ht.Text",
      "i": 3846,
      "p": {
        "position": {
          "x": 818.21771,
          "y": 515.27666
        }
      },
      "s": {
        "text": "2#下排污阀",
        "text.color": "rgb(247,247,247)"
      }
    },
    {
      "c": "ht.Text",
      "i": 3847,
      "p": {
        "position": {
          "x": 982.96576,
          "y": 13.42706
        }
      },
      "s": {
        "text": "1#产水阀",
        "text.color": "rgb(247,247,247)"
      }
    },
    {
      "c": "ht.Text",
      "i": 3848,
      "p": {
        "position": {
          "x": 989.62159,
          "y": 271.21492
        }
      },
      "s": {
        "text": "2#产水阀",
        "text.color": "rgb(247,247,247)"
      }
    },
    {
      "c": "ht.Text",
      "i": 3849,
      "p": {
        "position": {
          "x": 1162.15347,
          "y": 79.1479
        }
      },
      "s": {
        "text": "化学清洗出口阀",
        "text.color": "rgb(247,247,247)"
      }
    },
    {
      "c": "ht.Shape",
      "i": 3850,
      "p": {
        "rotation": 4.71239,
        "position": {
          "x": 1102.92867,
          "y": 113.27589
        },
        "width": 46.47216,
        "height": 1,
        "segments": {
          "__a": [
            1,
            2
          ]
        },
        "points": {
          "__a": [
            {
              "x": 1079.69259,
              "y": 113.27591
            },
            {
              "x": 1126.16475,
              "y": 113.27587
            }
          ]
        }
      },
      "s": {
        "shape.background": null,
        "shape.border.color": "rgb(250,111,25)",
        "shape.border.width": 6,
        "shape.dash.offset": 673,
        "shape.dash.pattern": [
          64,
          48
        ],
        "shape.dash.color": "rgb(255,201,94)",
        "shape.border.cap": "round",
        "shape.dash": true
      }
    },
    {
      "c": "ht.Node",
      "i": 3851,
      "p": {
        "displayName": "阀门开关",
        "image": "symbols/demo/water treatment/2/阀门开关.json",
        "rotation": 6.28319,
        "position": {
          "x": 1102.88444,
          "y": 150.05871
        },
        "anchor": {
          "x": 0.63473,
          "y": 0.53153
        },
        "width": 23.52984,
        "height": 23.52984
      }
    },
    {
      "c": "ht.Text",
      "i": 3852,
      "p": {
        "position": {
          "x": 1160.15347,
          "y": 152.1479
        }
      },
      "s": {
        "text": "化学清洗出口阀",
        "text.color": "rgb(247,247,247)"
      }
    },
    {
      "c": "ht.Text",
      "i": 3853,
      "p": {
        "position": {
          "x": 966.91008,
          "y": 122.1615
        },
        "width": 1.45226,
        "height": 0.72613
      },
      "s": {
        "text": "化学清洗排放阀",
        "text.color": "rgb(247,247,247)"
      }
    },
    {
      "c": "ht.Text",
      "i": 3854,
      "p": {
        "position": {
          "x": 1175.00645,
          "y": 330.45228
        },
        "width": 77.55658,
        "height": 15.6523
      },
      "s": {
        "text": "手动总排污阀",
        "text.color": "rgb(247,247,247)",
        "text.font": "10px arial, sans-serif"
      }
    },
    {
      "c": "ht.Text",
      "i": 3855,
      "p": {
        "position": {
          "x": 1217.61414,
          "y": 298.0024
        }
      },
      "s": {
        "text": "电动总排污阀",
        "text.color": "rgb(247,247,247)",
        "text.font": "10px arial, sans-serif"
      }
    },
    {
      "c": "ht.Text",
      "i": 3856,
      "p": {
        "position": {
          "x": 1171.77399,
          "y": -7.86355
        }
      },
      "s": {
        "text": "取样阀",
        "text.color": "rgb(247,247,247)"
      }
    },
    {
      "c": "ht.Text",
      "i": 3857,
      "p": {
        "position": {
          "x": 1380.09293,
          "y": 10.32091
        }
      },
      "s": {
        "text": "用户",
        "text.color": "rgb(247,247,247)"
      }
    },
    {
      "c": "ht.Text",
      "i": 3858,
      "p": {
        "position": {
          "x": 1372.51617,
          "y": 88.97343
        }
      },
      "s": {
        "text": "化学清洗出",
        "text.color": "rgb(247,247,247)"
      }
    },
    {
      "c": "ht.Text",
      "i": 3859,
      "p": {
        "position": {
          "x": 1392.7571,
          "y": 292.12219
        }
      },
      "s": {
        "text": "浓水",
        "text.color": "rgb(247,247,247)"
      }
    },
    {
      "c": "ht.Node",
      "i": 3860,
      "p": {
        "displayName": "阀门开关",
        "image": "symbols/demo/water treatment/2/阀门开关.json",
        "rotation": 1.5708,
        "position": {
          "x": 173.74235,
          "y": 266.0009
        },
        "width": -1,
        "height": -1
      }
    },
    {
      "c": "ht.Node",
      "i": 3861,
      "p": {
        "displayName": "阀门开关",
        "image": "symbols/demo/water treatment/2/阀门开关.json",
        "rotation": 6.28319,
        "position": {
          "x": 907.88039,
          "y": -49.03771
        },
        "anchor": {
          "x": 0.624,
          "y": 0.5554
        },
        "width": 23.52984,
        "height": 23.52984
      }
    },
    {
      "c": "ht.Shape",
      "i": 3862,
      "p": {
        "rotation": 3.23037,
        "position": {
          "x": 1203.16203,
          "y": 367.84747
        },
        "anchor": {
          "x": 0.14859,
          "y": 0.5
        },
        "width": 469.60691,
        "height": 332.08144,
        "segments": {
          "__a": [
            1,
            2,
            2,
            2,
            2
          ]
        },
        "points": {
          "__a": [
            {
              "x": 1602.99005,
              "y": 494.3992
            },
            {
              "x": 1507.97974,
              "y": 502.85619
            },
            {
              "x": 1159.3499,
              "y": 533.88819
            },
            {
              "x": 1133.38314,
              "y": 242.16397
            },
            {
              "x": 1586.77739,
              "y": 201.80675
            }
          ]
        }
      },
      "s": {
        "shape.background": null,
        "shape.border.color": "rgb(224,54,159)",
        "shape.border.width": 6,
        "shape.dash.offset": 673,
        "shape.dash.pattern": [
          64,
          48
        ],
        "shape.dash.color": "rgb(242,172,215)",
        "shape.border.cap": "round",
        "shape.dash": true
      }
    },
    {
      "c": "ht.Shape",
      "i": 3863,
      "p": {
        "rotation": 3.14159,
        "position": {
          "x": 842.22724,
          "y": 166.80131
        },
        "anchor": {
          "x": 0.14859,
          "y": 0.5
        },
        "width": 34.01029,
        "height": 292.24881,
        "segments": {
          "__a": [
            1,
            2,
            2
          ]
        },
        "points": {
          "__a": [
            {
              "x": 871.18394,
              "y": 312.92572
            },
            {
              "x": 837.17365,
              "y": 312.92572
            },
            {
              "x": 837.17365,
              "y": 20.67691
            }
          ]
        }
      },
      "s": {
        "shape.background": null,
        "shape.border.color": "rgb(224,54,159)",
        "shape.border.width": 6,
        "shape.dash.offset": 673,
        "shape.dash.pattern": [
          64,
          48
        ],
        "shape.dash.color": "rgb(242,172,215)",
        "shape.border.cap": "round",
        "shape.dash": true
      }
    },
    {
      "c": "ht.Shape",
      "i": 3864,
      "p": {
        "rotation": 0.10429,
        "position": {
          "x": 1193.65688,
          "y": 312.40411
        },
        "anchor": {
          "x": 0.14859,
          "y": 0.5
        },
        "width": 14.25886,
        "height": 1.49243,
        "segments": {
          "__a": [
            1,
            2
          ]
        },
        "points": {
          "__a": [
            {
              "x": 1205.79701,
              "y": 311.6579
            },
            {
              "x": 1191.53815,
              "y": 313.15033
            }
          ]
        }
      },
      "s": {
        "shape.background": null,
        "shape.border.color": "rgb(224,54,159)",
        "shape.border.width": 6,
        "shape.dash.offset": 673,
        "shape.dash.pattern": [
          64,
          48
        ],
        "shape.dash.color": "rgb(242,172,215)",
        "shape.border.cap": "round",
        "shape.dash": true
      }
    },
    {
      "c": "ht.Shape",
      "i": 3865,
      "p": {
        "rotation": 3.23037,
        "position": {
          "x": 1112.97876,
          "y": 324.15433
        },
        "anchor": {
          "x": 0.14859,
          "y": 0.5
        },
        "width": 349.47971,
        "height": 29.53486,
        "segments": {
          "__a": [
            1,
            2
          ]
        },
        "points": {
          "__a": [
            {
              "x": 1410.52928,
              "y": 309.3869
            },
            {
              "x": 1061.04957,
              "y": 338.92176
            }
          ]
        }
      },
      "s": {
        "shape.background": null,
        "shape.border.color": "rgb(224,54,159)",
        "shape.border.width": 6,
        "shape.dash.offset": 673,
        "shape.dash.pattern": [
          64,
          48
        ],
        "shape.dash.color": "rgb(242,172,215)",
        "shape.border.cap": "round",
        "shape.dash": true
      }
    },
    {
      "c": "ht.Node",
      "i": 3866,
      "p": {
        "displayName": "阀门开关",
        "image": "symbols/demo/water treatment/2/阀门开关.json",
        "rotation": 6.28319,
        "position": {
          "x": 1141.88444,
          "y": 9.05871
        },
        "anchor": {
          "x": 0.63473,
          "y": 0.53153
        },
        "width": 23.52984,
        "height": 23.52984
      }
    },
    {
      "c": "ht.Node",
      "i": 3867,
      "p": {
        "displayName": "阀门开关",
        "image": "symbols/demo/water treatment/2/阀门开关.json",
        "rotation": 1.5708,
        "position": {
          "x": 1217.76202,
          "y": 311.56405
        },
        "anchor": {
          "x": 0.55636,
          "y": 0.47731
        },
        "width": 23.52984,
        "height": 23.52984
      }
    },
    {
      "c": "ht.Block",
      "i": 3868,
      "p": {
        "position": {
          "x": 428.90109,
          "y": 114.38471
        },
        "width": 51.90832,
        "height": 147.61094
      }
    },
    {
      "c": "ht.Node",
      "i": 3869,
      "p": {
        "parent": {
          "__i": 3868
        },
        "position": {
          "x": 427.84774,
          "y": 41.13471
        },
        "width": 34.09717,
        "height": 1.11094
      },
      "s": {
        "shape": "roundRect",
        "shape.background": "rgb(161,183,194)",
        "shape.border.color": "#979797"
      }
    },
    {
      "c": "ht.Node",
      "i": 3870,
      "p": {
        "parent": {
          "__i": 3868
        },
        "position": {
          "x": 428.44042,
          "y": 120.85116
        },
        "width": 37.20981,
        "height": 114.93567
      },
      "s": {
        "shape": "rect",
        "shape.background": "rgb(156,149,149)",
        "shape.border.color": "#979797",
        "shape.gradient": "spread.horizontal"
      }
    },
    {
      "c": "ht.Node",
      "i": 3871,
      "p": {
        "parent": {
          "__i": 3868
        },
        "position": {
          "x": 428.76799,
          "y": 53.72173
        },
        "width": 51.64212,
        "height": 19.98784
      },
      "s": {
        "shape": "roundRect",
        "shape.background": "rgb(89,85,85)",
        "shape.border.color": "#979797",
        "shape.gradient": "spread.horizontal"
      }
    },
    {
      "c": "ht.Node",
      "i": 3872,
      "p": {
        "parent": {
          "__i": 3868
        },
        "position": {
          "x": 429.03419,
          "y": 181.88043
        },
        "width": 51.64212,
        "height": 12.6195
      },
      "s": {
        "shape": "roundRect",
        "shape.background": "rgb(89,85,85)",
        "shape.border.color": "#979797",
        "shape.gradient": "spread.horizontal"
      }
    },
    {
      "c": "ht.Node",
      "i": 3873,
      "p": {
        "parent": {
          "__i": 3868
        },
        "position": {
          "x": 427.86115,
          "y": 42.54926
        },
        "width": 38.36835,
        "height": 2.3571
      },
      "s": {
        "shape": "roundRect",
        "shape.background": "rgb(186,182,182)",
        "shape.border.color": "#979797"
      }
    },
    {
      "c": "ht.Block",
      "i": 3874,
      "p": {
        "position": {
          "x": 510.65219,
          "y": 114.43988
        },
        "width": 51.90832,
        "height": 147.61094
      }
    },
    {
      "c": "ht.Node",
      "i": 3875,
      "p": {
        "parent": {
          "__i": 3874
        },
        "position": {
          "x": 509.59883,
          "y": 41.18988
        },
        "width": 34.09717,
        "height": 1.11094
      },
      "s": {
        "shape": "roundRect",
        "shape.background": "rgb(161,183,194)",
        "shape.border.color": "#979797"
      }
    },
    {
      "c": "ht.Node",
      "i": 3876,
      "p": {
        "parent": {
          "__i": 3874
        },
        "position": {
          "x": 510.19152,
          "y": 120.90633
        },
        "width": 37.20981,
        "height": 114.93567
      },
      "s": {
        "shape": "rect",
        "shape.background": "rgb(156,149,149)",
        "shape.border.color": "#979797",
        "shape.gradient": "spread.horizontal"
      }
    },
    {
      "c": "ht.Node",
      "i": 3877,
      "p": {
        "parent": {
          "__i": 3874
        },
        "position": {
          "x": 510.51909,
          "y": 53.7769
        },
        "width": 51.64212,
        "height": 19.98784
      },
      "s": {
        "shape": "roundRect",
        "shape.background": "rgb(89,85,85)",
        "shape.border.color": "#979797",
        "shape.gradient": "spread.horizontal"
      }
    },
    {
      "c": "ht.Node",
      "i": 3878,
      "p": {
        "parent": {
          "__i": 3874
        },
        "position": {
          "x": 510.78529,
          "y": 181.9356
        },
        "width": 51.64212,
        "height": 12.6195
      },
      "s": {
        "shape": "roundRect",
        "shape.background": "rgb(89,85,85)",
        "shape.border.color": "#979797",
        "shape.gradient": "spread.horizontal"
      }
    },
    {
      "c": "ht.Node",
      "i": 3879,
      "p": {
        "parent": {
          "__i": 3874
        },
        "position": {
          "x": 509.61225,
          "y": 42.60443
        },
        "width": 38.36835,
        "height": 2.3571
      },
      "s": {
        "shape": "roundRect",
        "shape.background": "rgb(186,182,182)",
        "shape.border.color": "#979797"
      }
    },
    {
      "c": "ht.Block",
      "i": 3880,
      "p": {
        "position": {
          "x": 597.08817,
          "y": 114.68364
        },
        "width": 51.90832,
        "height": 147.61094
      }
    },
    {
      "c": "ht.Node",
      "i": 3881,
      "p": {
        "parent": {
          "__i": 3880
        },
        "position": {
          "x": 596.03481,
          "y": 41.43364
        },
        "width": 34.09717,
        "height": 1.11094
      },
      "s": {
        "shape": "roundRect",
        "shape.background": "rgb(161,183,194)",
        "shape.border.color": "#979797"
      }
    },
    {
      "c": "ht.Node",
      "i": 3882,
      "p": {
        "parent": {
          "__i": 3880
        },
        "position": {
          "x": 596.6275,
          "y": 121.1501
        },
        "width": 37.20981,
        "height": 114.93567
      },
      "s": {
        "shape": "rect",
        "shape.background": "rgb(156,149,149)",
        "shape.border.color": "#979797",
        "shape.gradient": "spread.horizontal"
      }
    },
    {
      "c": "ht.Node",
      "i": 3883,
      "p": {
        "parent": {
          "__i": 3880
        },
        "position": {
          "x": 596.95507,
          "y": 54.02067
        },
        "width": 51.64212,
        "height": 19.98784
      },
      "s": {
        "shape": "roundRect",
        "shape.background": "rgb(89,85,85)",
        "shape.border.color": "#979797",
        "shape.gradient": "spread.horizontal"
      }
    },
    {
      "c": "ht.Node",
      "i": 3884,
      "p": {
        "parent": {
          "__i": 3880
        },
        "position": {
          "x": 597.22126,
          "y": 182.17936
        },
        "width": 51.64212,
        "height": 12.6195
      },
      "s": {
        "shape": "roundRect",
        "shape.background": "rgb(89,85,85)",
        "shape.border.color": "#979797",
        "shape.gradient": "spread.horizontal"
      }
    },
    {
      "c": "ht.Node",
      "i": 3885,
      "p": {
        "parent": {
          "__i": 3880
        },
        "position": {
          "x": 596.04823,
          "y": 42.8482
        },
        "width": 38.36835,
        "height": 2.3571
      },
      "s": {
        "shape": "roundRect",
        "shape.background": "rgb(186,182,182)",
        "shape.border.color": "#979797"
      }
    },
    {
      "c": "ht.Block",
      "i": 3886,
      "p": {
        "position": {
          "x": 679.52562,
          "y": 114.32894
        },
        "width": 51.90832,
        "height": 147.61094
      }
    },
    {
      "c": "ht.Node",
      "i": 3887,
      "p": {
        "parent": {
          "__i": 3886
        },
        "position": {
          "x": 678.47226,
          "y": 41.07894
        },
        "width": 34.09717,
        "height": 1.11094
      },
      "s": {
        "shape": "roundRect",
        "shape.background": "rgb(161,183,194)",
        "shape.border.color": "#979797"
      }
    },
    {
      "c": "ht.Node",
      "i": 3888,
      "p": {
        "parent": {
          "__i": 3886
        },
        "position": {
          "x": 679.06495,
          "y": 120.79539
        },
        "width": 37.20981,
        "height": 114.93567
      },
      "s": {
        "shape": "rect",
        "shape.background": "rgb(156,149,149)",
        "shape.border.color": "#979797",
        "shape.gradient": "spread.horizontal"
      }
    },
    {
      "c": "ht.Node",
      "i": 3889,
      "p": {
        "parent": {
          "__i": 3886
        },
        "position": {
          "x": 679.39252,
          "y": 53.66596
        },
        "width": 51.64212,
        "height": 19.98784
      },
      "s": {
        "shape": "roundRect",
        "shape.background": "rgb(89,85,85)",
        "shape.border.color": "#979797",
        "shape.gradient": "spread.horizontal"
      }
    },
    {
      "c": "ht.Node",
      "i": 3890,
      "p": {
        "parent": {
          "__i": 3886
        },
        "position": {
          "x": 679.65871,
          "y": 181.82466
        },
        "width": 51.64212,
        "height": 12.6195
      },
      "s": {
        "shape": "roundRect",
        "shape.background": "rgb(89,85,85)",
        "shape.border.color": "#979797",
        "shape.gradient": "spread.horizontal"
      }
    },
    {
      "c": "ht.Node",
      "i": 3891,
      "p": {
        "parent": {
          "__i": 3886
        },
        "position": {
          "x": 678.48568,
          "y": 42.49349
        },
        "width": 38.36835,
        "height": 2.3571
      },
      "s": {
        "shape": "roundRect",
        "shape.background": "rgb(186,182,182)",
        "shape.border.color": "#979797"
      }
    },
    {
      "c": "ht.Block",
      "i": 3892,
      "p": {
        "position": {
          "x": 431.75653,
          "y": 407.19779
        },
        "width": 51.90832,
        "height": 147.61094
      }
    },
    {
      "c": "ht.Node",
      "i": 3893,
      "p": {
        "parent": {
          "__i": 3892
        },
        "position": {
          "x": 430.70317,
          "y": 333.94779
        },
        "width": 34.09717,
        "height": 1.11094
      },
      "s": {
        "shape": "roundRect",
        "shape.background": "rgb(161,183,194)",
        "shape.border.color": "#979797"
      }
    },
    {
      "c": "ht.Node",
      "i": 3894,
      "p": {
        "parent": {
          "__i": 3892
        },
        "position": {
          "x": 431.29586,
          "y": 413.66424
        },
        "width": 37.20981,
        "height": 114.93567
      },
      "s": {
        "shape": "rect",
        "shape.background": "rgb(156,149,149)",
        "shape.border.color": "#979797",
        "shape.gradient": "spread.horizontal"
      }
    },
    {
      "c": "ht.Node",
      "i": 3895,
      "p": {
        "parent": {
          "__i": 3892
        },
        "position": {
          "x": 431.62343,
          "y": 346.53482
        },
        "width": 51.64212,
        "height": 19.98784
      },
      "s": {
        "shape": "roundRect",
        "shape.background": "rgb(89,85,85)",
        "shape.border.color": "#979797",
        "shape.gradient": "spread.horizontal"
      }
    },
    {
      "c": "ht.Node",
      "i": 3896,
      "p": {
        "parent": {
          "__i": 3892
        },
        "position": {
          "x": 431.88963,
          "y": 474.69351
        },
        "width": 51.64212,
        "height": 12.6195
      },
      "s": {
        "shape": "roundRect",
        "shape.background": "rgb(89,85,85)",
        "shape.border.color": "#979797",
        "shape.gradient": "spread.horizontal"
      }
    },
    {
      "c": "ht.Node",
      "i": 3897,
      "p": {
        "parent": {
          "__i": 3892
        },
        "position": {
          "x": 430.71659,
          "y": 335.36234
        },
        "width": 38.36835,
        "height": 2.3571
      },
      "s": {
        "shape": "roundRect",
        "shape.background": "rgb(186,182,182)",
        "shape.border.color": "#979797"
      }
    },
    {
      "c": "ht.Block",
      "i": 3898,
      "p": {
        "position": {
          "x": 512.91838,
          "y": 407.25775
        },
        "width": 51.90832,
        "height": 147.61094
      }
    },
    {
      "c": "ht.Node",
      "i": 3899,
      "p": {
        "parent": {
          "__i": 3898
        },
        "position": {
          "x": 511.86503,
          "y": 334.00775
        },
        "width": 34.09717,
        "height": 1.11094
      },
      "s": {
        "shape": "roundRect",
        "shape.background": "rgb(161,183,194)",
        "shape.border.color": "#979797"
      }
    },
    {
      "c": "ht.Node",
      "i": 3900,
      "p": {
        "parent": {
          "__i": 3898
        },
        "position": {
          "x": 512.45772,
          "y": 413.7242
        },
        "width": 37.20981,
        "height": 114.93567
      },
      "s": {
        "shape": "rect",
        "shape.background": "rgb(156,149,149)",
        "shape.border.color": "#979797",
        "shape.gradient": "spread.horizontal"
      }
    },
    {
      "c": "ht.Node",
      "i": 3901,
      "p": {
        "parent": {
          "__i": 3898
        },
        "position": {
          "x": 512.78529,
          "y": 346.59477
        },
        "width": 51.64212,
        "height": 19.98784
      },
      "s": {
        "shape": "roundRect",
        "shape.background": "rgb(89,85,85)",
        "shape.border.color": "#979797",
        "shape.gradient": "spread.horizontal"
      }
    },
    {
      "c": "ht.Node",
      "i": 3902,
      "p": {
        "parent": {
          "__i": 3898
        },
        "position": {
          "x": 513.05148,
          "y": 474.75347
        },
        "width": 51.64212,
        "height": 12.6195
      },
      "s": {
        "shape": "roundRect",
        "shape.background": "rgb(89,85,85)",
        "shape.border.color": "#979797",
        "shape.gradient": "spread.horizontal"
      }
    },
    {
      "c": "ht.Node",
      "i": 3903,
      "p": {
        "parent": {
          "__i": 3898
        },
        "position": {
          "x": 511.87845,
          "y": 335.4223
        },
        "width": 38.36835,
        "height": 2.3571
      },
      "s": {
        "shape": "roundRect",
        "shape.background": "rgb(186,182,182)",
        "shape.border.color": "#979797"
      }
    },
    {
      "c": "ht.Block",
      "i": 3904,
      "p": {
        "position": {
          "x": 601.45933,
          "y": 407.04922
        },
        "width": 51.90832,
        "height": 147.61094
      }
    },
    {
      "c": "ht.Node",
      "i": 3905,
      "p": {
        "parent": {
          "__i": 3904
        },
        "position": {
          "x": 600.40598,
          "y": 333.79922
        },
        "width": 34.09717,
        "height": 1.11094
      },
      "s": {
        "shape": "roundRect",
        "shape.background": "rgb(161,183,194)",
        "shape.border.color": "#979797"
      }
    },
    {
      "c": "ht.Node",
      "i": 3906,
      "p": {
        "parent": {
          "__i": 3904
        },
        "position": {
          "x": 600.99866,
          "y": 413.51567
        },
        "width": 37.20981,
        "height": 114.93567
      },
      "s": {
        "shape": "rect",
        "shape.background": "rgb(156,149,149)",
        "shape.border.color": "#979797",
        "shape.gradient": "spread.horizontal"
      }
    },
    {
      "c": "ht.Node",
      "i": 3907,
      "p": {
        "parent": {
          "__i": 3904
        },
        "position": {
          "x": 601.32623,
          "y": 346.38624
        },
        "width": 51.64212,
        "height": 19.98784
      },
      "s": {
        "shape": "roundRect",
        "shape.background": "rgb(89,85,85)",
        "shape.border.color": "#979797",
        "shape.gradient": "spread.horizontal"
      }
    },
    {
      "c": "ht.Node",
      "i": 3908,
      "p": {
        "parent": {
          "__i": 3904
        },
        "position": {
          "x": 601.59243,
          "y": 474.54494
        },
        "width": 51.64212,
        "height": 12.6195
      },
      "s": {
        "shape": "roundRect",
        "shape.background": "rgb(89,85,85)",
        "shape.border.color": "#979797",
        "shape.gradient": "spread.horizontal"
      }
    },
    {
      "c": "ht.Node",
      "i": 3909,
      "p": {
        "parent": {
          "__i": 3904
        },
        "position": {
          "x": 600.41939,
          "y": 335.21377
        },
        "width": 38.36835,
        "height": 2.3571
      },
      "s": {
        "shape": "roundRect",
        "shape.background": "rgb(186,182,182)",
        "shape.border.color": "#979797"
      }
    },
    {
      "c": "ht.Block",
      "i": 3910,
      "p": {
        "position": {
          "x": 682.47226,
          "y": 407.25775
        },
        "width": 51.90832,
        "height": 147.61094
      }
    },
    {
      "c": "ht.Node",
      "i": 3911,
      "p": {
        "parent": {
          "__i": 3910
        },
        "position": {
          "x": 681.4189,
          "y": 334.00775
        },
        "width": 34.09717,
        "height": 1.11094
      },
      "s": {
        "shape": "roundRect",
        "shape.background": "rgb(161,183,194)",
        "shape.border.color": "#979797"
      }
    },
    {
      "c": "ht.Node",
      "i": 3912,
      "p": {
        "parent": {
          "__i": 3910
        },
        "position": {
          "x": 682.01159,
          "y": 413.7242
        },
        "width": 37.20981,
        "height": 114.93567
      },
      "s": {
        "shape": "rect",
        "shape.background": "rgb(156,149,149)",
        "shape.border.color": "#979797",
        "shape.gradient": "spread.horizontal"
      }
    },
    {
      "c": "ht.Node",
      "i": 3913,
      "p": {
        "parent": {
          "__i": 3910
        },
        "position": {
          "x": 682.33916,
          "y": 346.59477
        },
        "width": 51.64212,
        "height": 19.98784
      },
      "s": {
        "shape": "roundRect",
        "shape.background": "rgb(89,85,85)",
        "shape.border.color": "#979797",
        "shape.gradient": "spread.horizontal"
      }
    },
    {
      "c": "ht.Node",
      "i": 3914,
      "p": {
        "parent": {
          "__i": 3910
        },
        "position": {
          "x": 682.60536,
          "y": 474.75347
        },
        "width": 51.64212,
        "height": 12.6195
      },
      "s": {
        "shape": "roundRect",
        "shape.background": "rgb(89,85,85)",
        "shape.border.color": "#979797",
        "shape.gradient": "spread.horizontal"
      }
    },
    {
      "c": "ht.Node",
      "i": 3915,
      "p": {
        "parent": {
          "__i": 3910
        },
        "position": {
          "x": 681.43232,
          "y": 335.4223
        },
        "width": 38.36835,
        "height": 2.3571
      },
      "s": {
        "shape": "roundRect",
        "shape.background": "rgb(186,182,182)",
        "shape.border.color": "#979797"
      }
    },
    {
      "c": "ht.Node",
      "i": 3916,
      "p": {
        "displayName": "阀门开关",
        "image": "symbols/demo/water treatment/2/阀门开关.json",
        "rotation": 1.5708,
        "position": {
          "x": 1206.31861,
          "y": 37.95234
        },
        "anchor": {
          "x": 0.55636,
          "y": 0.47731
        },
        "width": 23.52984,
        "height": 23.52984
      }
    },
    {
      "c": "ht.Shape",
      "i": 3917,
      "p": {
        "position": {
          "x": 660.49791,
          "y": 269.6426
        },
        "width": 708.99581,
        "height": 459.28519,
        "segments": {
          "__a": [
            1,
            2,
            2,
            1,
            2,
            2,
            2,
            2,
            2,
            2,
            2,
            2,
            2,
            2,
            2,
            2,
            2,
            1,
            2,
            2,
            2,
            2,
            2,
            2,
            2,
            2,
            2,
            2,
            2,
            2,
            2,
            2,
            2,
            2,
            2,
            2,
            2,
            2,
            2,
            2,
            2
          ]
        },
        "points": {
          "__a": [
            {
              "x": 1014.99581,
              "y": 40
            },
            {
              "x": 1012.62109,
              "y": 291.23
            },
            {
              "x": 974.33065,
              "y": 291.23
            },
            {
              "x": 948.23196,
              "y": 291.23
            },
            {
              "x": 909.92073,
              "y": 291.23
            },
            {
              "x": 909.92073,
              "y": 291.23
            },
            {
              "x": 681.97821,
              "y": 291.23
            },
            {
              "x": 681.97821,
              "y": 329.13121
            },
            {
              "x": 681.97821,
              "y": 291.23
            },
            {
              "x": 598.71017,
              "y": 291.23
            },
            {
              "x": 598.71017,
              "y": 330.80953
            },
            {
              "x": 598.71017,
              "y": 291.23
            },
            {
              "x": 512.8284,
              "y": 291.23
            },
            {
              "x": 512.8284,
              "y": 329.13121
            },
            {
              "x": 512.8284,
              "y": 291.23
            },
            {
              "x": 430.32807,
              "y": 291.23
            },
            {
              "x": 430.32807,
              "y": 329.13121
            },
            {
              "x": 781.58776,
              "y": 499.28519
            },
            {
              "x": 727.49403,
              "y": 499.28519
            },
            {
              "x": 727.49403,
              "y": 474.60607
            },
            {
              "x": 710.62028,
              "y": 474.60607
            },
            {
              "x": 727.49403,
              "y": 474.60607
            },
            {
              "x": 727.49403,
              "y": 499.28519
            },
            {
              "x": 645.79289,
              "y": 499.28519
            },
            {
              "x": 645.79289,
              "y": 499.28519
            },
            {
              "x": 645.79289,
              "y": 474.60607
            },
            {
              "x": 627.01106,
              "y": 474.60607
            },
            {
              "x": 645.79289,
              "y": 474.60607
            },
            {
              "x": 645.79289,
              "y": 499.28519
            },
            {
              "x": 557.58089,
              "y": 499.28519
            },
            {
              "x": 557.58089,
              "y": 474.60607
            },
            {
              "x": 540.6915,
              "y": 474.60607
            },
            {
              "x": 557.58089,
              "y": 474.60607
            },
            {
              "x": 557.58089,
              "y": 499.28519
            },
            {
              "x": 476.55096,
              "y": 499.28519
            },
            {
              "x": 476.55096,
              "y": 474.60607
            },
            {
              "x": 459.72494,
              "y": 474.60607
            },
            {
              "x": 459.72494,
              "y": 474.60607
            },
            {
              "x": 476.55096,
              "y": 474.60607
            },
            {
              "x": 476.55096,
              "y": 499.28519
            },
            {
              "x": 306,
              "y": 499.28519
            }
          ]
        }
      },
      "s": {
        "shape.background": null,
        "shape.border.color": "rgb(25,119,250)",
        "shape.border.width": 6,
        "shape.dash.offset": -2508,
        "shape.dash.pattern": [
          64,
          48
        ],
        "shape.dash.color": "rgb(0,153,255)",
        "shape.border.cap": "round",
        "shape.dash": true
      }
    },
    {
      "c": "ht.Node",
      "i": 3918,
      "p": {
        "displayName": "阀门开关",
        "parent": {
          "__i": 3917
        },
        "image": "symbols/demo/water treatment/2/阀门开关.json",
        "rotation": 1.5708,
        "position": {
          "x": 293.87377,
          "y": 499.45675
        },
        "anchor": {
          "x": 0.65693,
          "y": 0.5
        },
        "width": 23.52984,
        "height": 23.52984
      }
    },
    {
      "c": "ht.Shape",
      "i": 3919,
      "p": {
        "position": {
          "x": 660.14514,
          "y": 84.82991
        },
        "width": 710.39374,
        "height": 244.28279,
        "segments": {
          "__a": [
            1,
            2,
            2,
            1,
            2,
            2,
            2,
            2,
            2,
            2,
            2,
            2,
            2,
            2,
            2,
            2,
            2,
            2,
            1,
            2,
            2,
            2,
            2,
            2,
            2,
            2,
            2,
            2,
            2,
            2,
            2,
            2,
            2,
            2,
            2,
            2,
            2,
            2,
            2,
            2,
            2,
            2
          ]
        },
        "points": {
          "__a": [
            {
              "x": 1015.34201,
              "y": 38.49565
            },
            {
              "x": 1015.34201,
              "y": -1.08388
            },
            {
              "x": 967.58652,
              "y": -1.08388
            },
            {
              "x": 941.49076,
              "y": -1.08388
            },
            {
              "x": 908.869,
              "y": -1.08388
            },
            {
              "x": 908.869,
              "y": -37.31148
            },
            {
              "x": 908.869,
              "y": -1.08388
            },
            {
              "x": 680.92648,
              "y": -1.08388
            },
            {
              "x": 680.92648,
              "y": 36.81733
            },
            {
              "x": 680.92648,
              "y": -1.08388
            },
            {
              "x": 597.65845,
              "y": -1.08388
            },
            {
              "x": 597.65845,
              "y": 38.49565
            },
            {
              "x": 597.65845,
              "y": -1.08388
            },
            {
              "x": 511.77667,
              "y": -1.08388
            },
            {
              "x": 511.77667,
              "y": 36.81733
            },
            {
              "x": 511.77667,
              "y": -1.08388
            },
            {
              "x": 429.27634,
              "y": -1.08388
            },
            {
              "x": 429.27634,
              "y": 36.81733
            },
            {
              "x": 791.66585,
              "y": 206.97131
            },
            {
              "x": 726.4423,
              "y": 206.97131
            },
            {
              "x": 726.4423,
              "y": 182.29219
            },
            {
              "x": 709.56855,
              "y": 182.29219
            },
            {
              "x": 726.4423,
              "y": 182.29219
            },
            {
              "x": 726.4423,
              "y": 206.97131
            },
            {
              "x": 644.74116,
              "y": 206.97131
            },
            {
              "x": 644.74116,
              "y": 206.97131
            },
            {
              "x": 644.74116,
              "y": 182.29219
            },
            {
              "x": 625.95933,
              "y": 182.29219
            },
            {
              "x": 644.74116,
              "y": 182.29219
            },
            {
              "x": 644.74116,
              "y": 206.97131
            },
            {
              "x": 556.52916,
              "y": 206.97131
            },
            {
              "x": 556.52916,
              "y": 182.29219
            },
            {
              "x": 539.63977,
              "y": 182.29219
            },
            {
              "x": 556.52916,
              "y": 182.29219
            },
            {
              "x": 556.52916,
              "y": 206.97131
            },
            {
              "x": 475.49923,
              "y": 206.97131
            },
            {
              "x": 475.49923,
              "y": 182.29219
            },
            {
              "x": 458.67321,
              "y": 182.29219
            },
            {
              "x": 458.67321,
              "y": 182.29219
            },
            {
              "x": 475.49923,
              "y": 182.29219
            },
            {
              "x": 475.49923,
              "y": 206.97131
            },
            {
              "x": 304.94827,
              "y": 206.97131
            }
          ]
        }
      },
      "s": {
        "shape.background": null,
        "shape.border.color": "rgb(25,119,250)",
        "shape.border.width": 6,
        "shape.dash.offset": -2508,
        "shape.dash.pattern": [
          64,
          48
        ],
        "shape.dash.color": "rgb(0,153,255)",
        "shape.border.cap": "round",
        "shape.dash": true
      }
    },
    {
      "c": "ht.Node",
      "i": 3920,
      "p": {
        "displayName": "阀门开关",
        "parent": {
          "__i": 3919
        },
        "image": "symbols/demo/water treatment/2/阀门开关.json",
        "rotation": 1.5708,
        "position": {
          "x": 404.64972,
          "y": 169.92658
        },
        "anchor": {
          "x": -0.95812,
          "y": -4.33539
        },
        "width": 23.52984,
        "height": 23.52984
      }
    },
    {
      "c": "ht.Shape",
      "i": 3921,
      "p": {
        "position": {
          "x": 177.95956,
          "y": 353.27167
        },
        "width": 200,
        "height": 292.60074,
        "segments": {
          "__a": [
            1,
            2,
            1,
            4,
            2,
            2,
            2,
            2,
            2,
            2,
            2,
            2
          ]
        },
        "points": {
          "__a": [
            {
              "x": 77.95956,
              "y": 270.31904
            },
            {
              "x": 154.308,
              "y": 270.31904
            },
            {
              "x": 188.01762,
              "y": 270.31904
            },
            {
              "x": 194.61463,
              "y": 270.31904
            },
            {
              "x": 223.68283,
              "y": 270.31904
            },
            {
              "x": 223.68283,
              "y": 270.31904
            },
            {
              "x": 223.68283,
              "y": 499.57205
            },
            {
              "x": 277.95957,
              "y": 499.57205
            },
            {
              "x": 223.68283,
              "y": 499.57205
            },
            {
              "x": 223.68283,
              "y": 402.9513
            },
            {
              "x": 223.68283,
              "y": 317.57266
            },
            {
              "x": 223.68283,
              "y": 206.9713
            },
            {
              "x": 275.33611,
              "y": 206.9713
            },
            {
              "x": 271.76873,
              "y": 206.9713
            }
          ]
        }
      },
      "s": {
        "shape.background": null,
        "shape.border.color": "rgb(25,119,250)",
        "shape.border.width": 6,
        "shape.dash.offset": -2508,
        "shape.dash.pattern": [
          64,
          48
        ],
        "shape.dash.color": "rgb(0,153,255)",
        "shape.border.cap": "round",
        "shape.dash": true
      }
    },
    {
      "c": "ht.Node",
      "i": 3922,
      "p": {
        "displayName": "阀门开关",
        "parent": {
          "__i": 3921
        },
        "image": "symbols/demo/water treatment/2/阀门开关.json",
        "rotation": 1.5708,
        "position": {
          "x": 68.06499,
          "y": 266.00086
        },
        "width": 23.52984,
        "height": 23.52984
      }
    },
    {
      "c": "ht.Data",
      "i": 3923,
      "p": {
        "displayName": "数据面板"
      },
      "s": {
        "editor.folder": true
      }
    },
    {
      "c": "ht.Node",
      "i": 3924,
      "p": {
        "parent": {
          "__i": 3923
        },
        "position": {
          "x": 218.75131,
          "y": -229.72622
        },
        "width": 209.84269,
        "height": 309.54163
      },
      "s": {
        "shape": "roundRect",
        "shape.background": "rgba(4,3,43,0.60)",
        "shape.border.width": 2,
        "shape.border.color": "rgba(28,122,217,0.70)",
        "shape.dash.color": "rgb(43,61,79)"
      }
    },
    {
      "c": "ht.Block",
      "i": 3925,
      "p": {
        "parent": {
          "__i": 3924
        },
        "position": {
          "x": 195.87378,
          "y": -232.71091
        },
        "width": 102,
        "height": 281
      }
    },
    {
      "c": "ht.Block",
      "i": 3926,
      "p": {
        "parent": {
          "__i": 3925
        },
        "position": {
          "x": 195.87378,
          "y": -232.71091
        },
        "width": 102,
        "height": 281
      }
    },
    {
      "c": "ht.Text",
      "i": 3927,
      "p": {
        "parent": {
          "__i": 3926
        },
        "position": {
          "x": 194.87378,
          "y": -352.71091
        },
        "height": 41
      },
      "s": {
        "text": "总进水压力",
        "text.color": "rgb(247,247,247)",
        "text.font": "14px arial, sans-serif"
      }
    },
    {
      "c": "ht.Text",
      "i": 3928,
      "p": {
        "parent": {
          "__i": 3927
        },
        "position": {
          "x": 254.32415,
          "y": -353.71091
        },
        "width": 25.09925,
        "height": 39
      },
      "s": {
        "text": "0",
        "text.font": "14px arial, sans-serif",
        "text.color": "rgb(247,247,247)"
      }
    },
    {
      "c": "ht.Text",
      "i": 3929,
      "p": {
        "parent": {
          "__i": 3928
        },
        "position": {
          "x": 281.32415,
          "y": -352.71091
        },
        "width": 25.09925,
        "height": 39
      },
      "s": {
        "text": "KPa",
        "text.font": "14px arial, sans-serif",
        "text.color": "rgb(247,247,247)"
      }
    },
    {
      "c": "ht.Text",
      "i": 3930,
      "p": {
        "parent": {
          "__i": 3926
        },
        "position": {
          "x": 195.87378,
          "y": -313.71091
        },
        "height": 41
      },
      "s": {
        "text": "总产水压力",
        "text.color": "rgb(247,247,247)",
        "text.font": "14px arial, sans-serif"
      }
    },
    {
      "c": "ht.Text",
      "i": 3931,
      "p": {
        "parent": {
          "__i": 3930
        },
        "position": {
          "x": 254.32415,
          "y": -313.71091
        },
        "width": 25.09925,
        "height": 39
      },
      "s": {
        "text": "0",
        "text.font": "14px arial, sans-serif",
        "text.color": "rgb(247,247,247)"
      }
    },
    {
      "c": "ht.Text",
      "i": 3932,
      "p": {
        "parent": {
          "__i": 3931
        },
        "position": {
          "x": 281.32415,
          "y": -312.71091
        },
        "width": 25.09925,
        "height": 39
      },
      "s": {
        "text": "KPa",
        "text.font": "14px arial, sans-serif",
        "text.color": "rgb(247,247,247)"
      }
    },
    {
      "c": "ht.Text",
      "i": 3933,
      "p": {
        "parent": {
          "__i": 3926
        },
        "position": {
          "x": 196.87378,
          "y": -273.71091
        },
        "height": 41
      },
      "s": {
        "text": "跨膜压差",
        "text.color": "rgb(247,247,247)",
        "text.font": "14px arial, sans-serif"
      }
    },
    {
      "c": "ht.Text",
      "i": 3934,
      "p": {
        "parent": {
          "__i": 3933
        },
        "position": {
          "x": 253.32415,
          "y": -273.71091
        },
        "width": 25.09925,
        "height": 39
      },
      "s": {
        "text": "0",
        "text.font": "14px arial, sans-serif",
        "text.color": "rgb(247,247,247)"
      }
    },
    {
      "c": "ht.Text",
      "i": 3935,
      "p": {
        "parent": {
          "__i": 3934
        },
        "position": {
          "x": 280.32415,
          "y": -272.71091
        },
        "width": 25.09925,
        "height": 39
      },
      "s": {
        "text": "KPa",
        "text.font": "14px arial, sans-serif",
        "text.color": "rgb(247,247,247)"
      }
    },
    {
      "c": "ht.Text",
      "i": 3936,
      "p": {
        "parent": {
          "__i": 3926
        },
        "position": {
          "x": 196.87378,
          "y": -233.71091
        },
        "height": 41
      },
      "s": {
        "text": "产水总量",
        "text.color": "rgb(247,247,247)",
        "text.font": "14px arial, sans-serif"
      }
    },
    {
      "c": "ht.Text",
      "i": 3937,
      "p": {
        "parent": {
          "__i": 3936
        },
        "position": {
          "x": 254.32415,
          "y": -233.71091
        },
        "width": 25.09925,
        "height": 39
      },
      "s": {
        "text": "0",
        "text.font": "14px arial, sans-serif",
        "text.color": "rgb(247,247,247)"
      }
    },
    {
      "c": "ht.Text",
      "i": 3938,
      "p": {
        "parent": {
          "__i": 3937
        },
        "position": {
          "x": 281.32415,
          "y": -232.71091
        },
        "width": 25.09925,
        "height": 39
      },
      "s": {
        "text": "m³",
        "text.font": "14px arial, sans-serif",
        "text.color": "rgb(247,247,247)"
      }
    },
    {
      "c": "ht.Text",
      "i": 3939,
      "p": {
        "parent": {
          "__i": 3926
        },
        "position": {
          "x": 196.87378,
          "y": -192.71091
        },
        "height": 41
      },
      "s": {
        "text": "产水流量",
        "text.color": "rgb(247,247,247)",
        "text.font": "14px arial, sans-serif"
      }
    },
    {
      "c": "ht.Text",
      "i": 3940,
      "p": {
        "parent": {
          "__i": 3939
        },
        "position": {
          "x": 253.32415,
          "y": -192.71091
        },
        "width": 25.09925,
        "height": 39
      },
      "s": {
        "text": "0",
        "text.font": "14px arial, sans-serif",
        "text.color": "rgb(247,247,247)"
      }
    },
    {
      "c": "ht.Text",
      "i": 3941,
      "p": {
        "parent": {
          "__i": 3940
        },
        "position": {
          "x": 280.32415,
          "y": -191.71091
        },
        "width": 25.09925,
        "height": 39
      },
      "s": {
        "text": "m³/h",
        "text.font": "14px arial, sans-serif",
        "text.color": "rgb(247,247,247)"
      }
    },
    {
      "c": "ht.Text",
      "i": 3942,
      "p": {
        "parent": {
          "__i": 3926
        },
        "position": {
          "x": 196.87378,
          "y": -153.71091
        },
        "height": 41
      },
      "s": {
        "text": "产水浊度",
        "text.color": "rgb(247,247,247)",
        "text.font": "14px arial, sans-serif"
      }
    },
    {
      "c": "ht.Text",
      "i": 3943,
      "p": {
        "parent": {
          "__i": 3942
        },
        "position": {
          "x": 253.32415,
          "y": -153.71091
        },
        "width": 25.09925,
        "height": 39
      },
      "s": {
        "text": "0",
        "text.font": "14px arial, sans-serif",
        "text.color": "rgb(247,247,247)"
      }
    },
    {
      "c": "ht.Text",
      "i": 3944,
      "p": {
        "parent": {
          "__i": 3943
        },
        "position": {
          "x": 280.32415,
          "y": -152.71091
        },
        "width": 25.09925,
        "height": 39
      },
      "s": {
        "text": "NTU",
        "text.font": "14px arial, sans-serif",
        "text.color": "rgb(247,247,247)"
      }
    },
    {
      "c": "ht.Text",
      "i": 3945,
      "p": {
        "parent": {
          "__i": 3926
        },
        "position": {
          "x": 196.87378,
          "y": -112.71091
        },
        "height": 41
      },
      "s": {
        "text": "原水温度",
        "text.color": "rgb(247,247,247)",
        "text.font": "14px arial, sans-serif"
      }
    },
    {
      "c": "ht.Text",
      "i": 3946,
      "p": {
        "parent": {
          "__i": 3945
        },
        "position": {
          "x": 254.32415,
          "y": -113.71091
        },
        "width": 25.09925,
        "height": 39
      },
      "s": {
        "text": "0",
        "text.font": "14px arial, sans-serif",
        "text.color": "rgb(247,247,247)"
      }
    },
    {
      "c": "ht.Text",
      "i": 3947,
      "p": {
        "parent": {
          "__i": 3946
        },
        "position": {
          "x": 281.32415,
          "y": -112.71091
        },
        "width": 25.09925,
        "height": 39
      },
      "s": {
        "text": "℃",
        "text.font": "14px arial, sans-serif",
        "text.color": "rgb(247,247,247)"
      }
    },
    {
      "c": "ht.Shape",
      "i": 3948,
      "p": {
        "rotation": 1.5708,
        "position": {
          "x": 1107.37723,
          "y": 30.0466
        },
        "width": 18.40861,
        "height": 169.92763,
        "segments": {
          "__a": [
            1,
            2,
            2,
            2,
            2,
            2,
            4
          ]
        },
        "points": {
          "__a": [
            {
              "x": 1116.58154,
              "y": 115.01041
            },
            {
              "x": 1116.58119,
              "y": 20.94027
            },
            {
              "x": 1116.58116,
              "y": 13.50449
            },
            {
              "x": 1116.5811,
              "y": -3.39891
            },
            {
              "x": 1098.17293,
              "y": -3.39884
            },
            {
              "x": 1116.5811,
              "y": -3.39891
            },
            {
              "x": 1116.5811,
              "y": -3.39891
            },
            {
              "x": 1116.58092,
              "y": -53.77232
            },
            {
              "x": 1116.58091,
              "y": -54.91722
            }
          ]
        }
      },
      "s": {
        "shape.background": null,
        "shape.border.color": "rgb(134,240,143)",
        "shape.border.width": 6,
        "shape.dash.offset": -2517,
        "shape.dash.pattern": [
          64,
          48
        ],
        "shape.dash.color": "rgb(5,166,72)",
        "shape.border.cap": "round",
        "shape.dash": true
      }
    },
    {
      "c": "ht.Shape",
      "i": 3949,
      "p": {
        "rotation": 1.5708,
        "position": {
          "x": 1259.97366,
          "y": 39.25059
        },
        "width": 1,
        "height": 83.04243,
        "segments": {
          "__a": [
            1,
            2
          ]
        },
        "points": {
          "__a": [
            {
              "x": 1259.97382,
              "y": 80.7718
            },
            {
              "x": 1259.97351,
              "y": -2.27063
            }
          ]
        }
      },
      "s": {
        "shape.background": null,
        "shape.border.color": "rgb(134,240,143)",
        "shape.border.width": 6,
        "shape.dash.offset": -2517,
        "shape.dash.pattern": [
          64,
          48
        ],
        "shape.dash.color": "rgb(5,166,72)",
        "shape.border.cap": "round",
        "shape.dash": true
      }
    }
  ],
  "contentRect": {
    "x": -26.34211,
    "y": -386.49703,
    "width": 1469.0992,
    "height": 929.91799
  }
}