{
  "v": "6.2.3",
  "p": {
    "autoAdjustIndex": true,
    "hierarchicalRendering": true
  },
  "a": {},
  "d": [
    {
      "c": "ht.Node",
      "i": 9593,
      "p": {
        "position": {
          "x": 961.97322,
          "y": 541.0028
        },
        "width": 1920,
        "height": 1080
      },
      "s": {
        "shape": "roundRect",
        "shape.background": "rgb(20,20,30)",
        "shape.border.color": "#979797",
        "shape.corner.radius": 20,
        "2d.selectable": false
      }
    },
    {
      "c": "ht.Block",
      "i": 9594,
      "p": {
        "position": {
          "x": 963.1835,
          "y": 572.28679
        },
        "width": 1809.4677,
        "height": 459.35451
      },
      "s": {
        "2d.selectable": false
      }
    },
    {
      "c": "ht.Node",
      "i": 9595,
      "p": {
        "parent": {
          "__i": 9594
        },
        "position": {
          "x": 963.1835,
          "y": 572.2868
        },
        "width": 1771.38091,
        "height": 145.03849
      },
      "s": {
        "shape": "rect",
        "shape.background": "rgb(0,0,0)",
        "shape.border.color": "rgb(124,145,155)"
      }
    },
    {
      "c": "ht.Node",
      "i": 9596,
      "p": {
        "parent": {
          "__i": 9594
        },
        "position": {
          "x": 963.1835,
          "y": 416.12879
        },
        "width": 1771.38091,
        "height": 145.03849
      },
      "s": {
        "shape": "rect",
        "shape.background": "rgb(0,0,0)",
        "shape.border.color": "rgb(124,145,155)"
      }
    },
    {
      "c": "ht.Node",
      "i": 9597,
      "p": {
        "parent": {
          "__i": 9594
        },
        "position": {
          "x": 963.1835,
          "y": 728.4448
        },
        "width": 1771.38091,
        "height": 145.03849
      },
      "s": {
        "shape": "rect",
        "shape.background": "rgb(0,0,0)",
        "shape.border.color": "rgb(124,145,155)"
      }
    },
    {
      "c": "ht.Shape",
      "i": 9598,
      "p": {
        "parent": {
          "__i": 9594
        },
        "position": {
          "x": 963.1835,
          "y": 343.10954
        },
        "width": 1809.4677,
        "height": 1,
        "segments": {
          "__a": [
            1,
            2
          ]
        },
        "points": {
          "__a": [
            {
              "x": 58.44965,
              "y": 343.10954
            },
            {
              "x": 1867.91735,
              "y": 343.10954
            }
          ]
        }
      },
      "s": {
        "shape.background": null,
        "shape.border.color": "rgb(138,138,138)",
        "shape.border.width": 6,
        "shape.dash.pattern": [
          16,
          16
        ]
      }
    },
    {
      "c": "ht.Shape",
      "i": 9599,
      "p": {
        "parent": {
          "__i": 9594
        },
        "position": {
          "x": 963.1835,
          "y": 489.14803
        },
        "width": 1809.4677,
        "height": 1,
        "segments": {
          "__a": [
            1,
            2
          ]
        },
        "points": {
          "__a": [
            {
              "x": 58.44965,
              "y": 489.14803
            },
            {
              "x": 1867.91735,
              "y": 489.14803
            }
          ]
        }
      },
      "s": {
        "shape.background": null,
        "shape.border.color": "rgb(138,138,138)",
        "shape.border.width": 6,
        "shape.dash.pattern": [
          16,
          16
        ]
      }
    },
    {
      "c": "ht.Shape",
      "i": 9600,
      "p": {
        "parent": {
          "__i": 9594
        },
        "position": {
          "x": 963.1835,
          "y": 500.26755
        },
        "width": 1809.4677,
        "height": 1,
        "segments": {
          "__a": [
            1,
            2
          ]
        },
        "points": {
          "__a": [
            {
              "x": 58.44965,
              "y": 500.26755
            },
            {
              "x": 1867.91735,
              "y": 500.26755
            }
          ]
        }
      },
      "s": {
        "shape.background": null,
        "shape.border.color": "rgb(138,138,138)",
        "shape.border.width": 6,
        "shape.dash.pattern": [
          16,
          16
        ]
      }
    },
    {
      "c": "ht.Shape",
      "i": 9601,
      "p": {
        "parent": {
          "__i": 9594
        },
        "position": {
          "x": 963.1835,
          "y": 644.30604
        },
        "width": 1809.4677,
        "height": 1,
        "segments": {
          "__a": [
            1,
            2
          ]
        },
        "points": {
          "__a": [
            {
              "x": 58.44965,
              "y": 644.30604
            },
            {
              "x": 1867.91735,
              "y": 644.30604
            }
          ]
        }
      },
      "s": {
        "shape.background": null,
        "shape.border.color": "rgb(138,138,138)",
        "shape.border.width": 6,
        "shape.dash.pattern": [
          16,
          16
        ]
      }
    },
    {
      "c": "ht.Shape",
      "i": 9602,
      "p": {
        "parent": {
          "__i": 9594
        },
        "position": {
          "x": 963.1835,
          "y": 655.42556
        },
        "width": 1809.4677,
        "height": 1,
        "segments": {
          "__a": [
            1,
            2
          ]
        },
        "points": {
          "__a": [
            {
              "x": 58.44965,
              "y": 655.42556
            },
            {
              "x": 1867.91735,
              "y": 655.42556
            }
          ]
        }
      },
      "s": {
        "shape.background": null,
        "shape.border.color": "rgb(138,138,138)",
        "shape.border.width": 6,
        "shape.dash.pattern": [
          16,
          16
        ]
      }
    },
    {
      "c": "ht.Shape",
      "i": 9603,
      "p": {
        "parent": {
          "__i": 9594
        },
        "position": {
          "x": 963.1835,
          "y": 801.46405
        },
        "width": 1809.4677,
        "height": 1,
        "segments": {
          "__a": [
            1,
            2
          ]
        },
        "points": {
          "__a": [
            {
              "x": 58.44965,
              "y": 801.46405
            },
            {
              "x": 1867.91735,
              "y": 801.46405
            }
          ]
        }
      },
      "s": {
        "shape.background": null,
        "shape.border.color": "rgb(138,138,138)",
        "shape.border.width": 6,
        "shape.dash.pattern": [
          16,
          16
        ]
      }
    },
    {
      "c": "ht.Data",
      "i": 9604,
      "s": {
        "editor.folder": true
      }
    },
    {
      "c": "ht.Node",
      "i": 9605,
      "p": {
        "position": {
          "x": 963.1835,
          "y": 575.16087
        },
        "width": 1771.38091,
        "height": 464.10265
      },
      "s": {
        "shape": "rect",
        "shape.background": "#D8D8D8",
        "shape.border.color": "#979797",
        "shape.repeat.image": "symbols/demo/管廊/纹理.json",
        "opacity": 0.24,
        "2d.selectable": false
      }
    },
    {
      "c": "ht.Block",
      "i": 9606,
      "p": {
        "position": {
          "x": 963.1835,
          "y": 736.97768
        },
        "width": 1809.4677,
        "height": 4
      }
    },
    {
      "c": "ht.Node",
      "i": 9607,
      "p": {
        "parent": {
          "__i": 9606
        },
        "position": {
          "x": 1571.93523,
          "y": 736.97768
        },
        "width": 104.96287,
        "height": 4
      },
      "s": {
        "shape": "rect",
        "shape.background": "rgb(132,227,194)",
        "shape.border.width": 1,
        "shape.border.color": "rgb(51,153,255)",
        "shape.corner.radius": 0,
        "opacity": 1
      }
    },
    {
      "c": "ht.Node",
      "i": 9608,
      "p": {
        "parent": {
          "__i": 9606
        },
        "position": {
          "x": 1693.68557,
          "y": 736.97768
        },
        "width": 104.96287,
        "height": 4
      },
      "s": {
        "shape": "rect",
        "shape.background": "rgb(255,202,122)",
        "shape.border.width": 1,
        "shape.border.color": "rgb(51,153,255)",
        "shape.corner.radius": 0,
        "opacity": 1
      }
    },
    {
      "c": "ht.Node",
      "i": 9609,
      "p": {
        "parent": {
          "__i": 9606
        },
        "position": {
          "x": 1815.43592,
          "y": 736.97768
        },
        "width": 104.96287,
        "height": 4
      },
      "s": {
        "shape": "rect",
        "shape.background": "rgb(132,227,194)",
        "shape.border.width": 1,
        "shape.border.color": "rgb(51,153,255)",
        "shape.corner.radius": 0,
        "opacity": 1
      }
    },
    {
      "c": "ht.Node",
      "i": 9610,
      "p": {
        "parent": {
          "__i": 9606
        },
        "position": {
          "x": 110.93108,
          "y": 736.97768
        },
        "width": 104.96287,
        "height": 4
      },
      "s": {
        "shape": "rect",
        "shape.background": "rgb(132,227,194)",
        "shape.border.width": 1,
        "shape.border.color": "rgb(51,153,255)",
        "shape.corner.radius": 0,
        "opacity": 1
      }
    },
    {
      "c": "ht.Node",
      "i": 9611,
      "p": {
        "parent": {
          "__i": 9606
        },
        "position": {
          "x": 232.68143,
          "y": 736.97768
        },
        "width": 104.96287,
        "height": 4
      },
      "s": {
        "shape": "rect",
        "shape.background": "rgb(255,202,122)",
        "shape.border.width": 1,
        "shape.border.color": "rgb(51,153,255)",
        "shape.corner.radius": 0,
        "opacity": 1
      }
    },
    {
      "c": "ht.Node",
      "i": 9612,
      "p": {
        "parent": {
          "__i": 9606
        },
        "position": {
          "x": 354.43177,
          "y": 736.97768
        },
        "width": 104.96287,
        "height": 4
      },
      "s": {
        "shape": "rect",
        "shape.background": "rgb(132,227,194)",
        "shape.border.width": 1,
        "shape.border.color": "rgb(51,153,255)",
        "shape.corner.radius": 0,
        "opacity": 1
      }
    },
    {
      "c": "ht.Node",
      "i": 9613,
      "p": {
        "parent": {
          "__i": 9606
        },
        "position": {
          "x": 476.18212,
          "y": 736.97768
        },
        "width": 104.96287,
        "height": 4
      },
      "s": {
        "shape": "rect",
        "shape.background": "rgb(255,202,122)",
        "shape.border.width": 1,
        "shape.border.color": "rgb(51,153,255)",
        "shape.corner.radius": 0,
        "opacity": 1
      }
    },
    {
      "c": "ht.Node",
      "i": 9614,
      "p": {
        "parent": {
          "__i": 9606
        },
        "position": {
          "x": 597.93246,
          "y": 736.97768
        },
        "width": 104.96287,
        "height": 4
      },
      "s": {
        "shape": "rect",
        "shape.background": "rgb(132,227,194)",
        "shape.border.width": 1,
        "shape.border.color": "rgb(51,153,255)",
        "shape.corner.radius": 0,
        "opacity": 1
      }
    },
    {
      "c": "ht.Node",
      "i": 9615,
      "p": {
        "parent": {
          "__i": 9606
        },
        "position": {
          "x": 719.68281,
          "y": 736.97768
        },
        "width": 104.96287,
        "height": 4
      },
      "s": {
        "shape": "rect",
        "shape.background": "rgb(255,202,122)",
        "shape.border.width": 1,
        "shape.border.color": "rgb(51,153,255)",
        "shape.corner.radius": 0,
        "opacity": 1
      }
    },
    {
      "c": "ht.Node",
      "i": 9616,
      "p": {
        "parent": {
          "__i": 9606
        },
        "position": {
          "x": 841.43315,
          "y": 736.97768
        },
        "width": 104.96287,
        "height": 4
      },
      "s": {
        "shape": "rect",
        "shape.background": "rgb(132,227,194)",
        "shape.border.width": 1,
        "shape.border.color": "rgb(51,153,255)",
        "shape.corner.radius": 0,
        "opacity": 1
      }
    },
    {
      "c": "ht.Node",
      "i": 9617,
      "p": {
        "parent": {
          "__i": 9606
        },
        "position": {
          "x": 963.1835,
          "y": 736.97768
        },
        "width": 104.96287,
        "height": 4
      },
      "s": {
        "shape": "rect",
        "shape.background": "rgb(255,202,122)",
        "shape.border.width": 1,
        "shape.border.color": "rgb(51,153,255)",
        "shape.corner.radius": 0,
        "opacity": 1
      }
    },
    {
      "c": "ht.Node",
      "i": 9618,
      "p": {
        "parent": {
          "__i": 9606
        },
        "position": {
          "x": 1084.93385,
          "y": 736.97768
        },
        "width": 104.96287,
        "height": 4
      },
      "s": {
        "shape": "rect",
        "shape.background": "rgb(132,227,194)",
        "shape.border.width": 1,
        "shape.border.color": "rgb(51,153,255)",
        "shape.corner.radius": 0,
        "opacity": 1
      }
    },
    {
      "c": "ht.Node",
      "i": 9619,
      "p": {
        "parent": {
          "__i": 9606
        },
        "position": {
          "x": 1206.68419,
          "y": 736.97768
        },
        "width": 104.96287,
        "height": 4
      },
      "s": {
        "shape": "rect",
        "shape.background": "rgb(255,202,122)",
        "shape.border.width": 1,
        "shape.border.color": "rgb(51,153,255)",
        "shape.corner.radius": 0,
        "opacity": 1
      }
    },
    {
      "c": "ht.Node",
      "i": 9620,
      "p": {
        "parent": {
          "__i": 9606
        },
        "position": {
          "x": 1328.43454,
          "y": 736.97768
        },
        "width": 104.96287,
        "height": 4
      },
      "s": {
        "shape": "rect",
        "shape.background": "rgb(132,227,194)",
        "shape.border.width": 1,
        "shape.border.color": "rgb(51,153,255)",
        "shape.corner.radius": 0,
        "opacity": 1
      }
    },
    {
      "c": "ht.Node",
      "i": 9621,
      "p": {
        "parent": {
          "__i": 9606
        },
        "position": {
          "x": 1450.18488,
          "y": 736.97768
        },
        "width": 104.96287,
        "height": 4
      },
      "s": {
        "shape": "rect",
        "shape.background": "rgb(255,202,122)",
        "shape.border.width": 1,
        "shape.border.color": "rgb(51,153,255)",
        "shape.corner.radius": 0,
        "opacity": 1
      }
    },
    {
      "c": "ht.Block",
      "i": 9622,
      "p": {
        "position": {
          "x": 963.1835,
          "y": 569.97768
        },
        "width": 1809.4677,
        "height": 4
      }
    },
    {
      "c": "ht.Node",
      "i": 9623,
      "p": {
        "parent": {
          "__i": 9622
        },
        "position": {
          "x": 1571.93523,
          "y": 569.97768
        },
        "width": 104.96287,
        "height": 4
      },
      "s": {
        "shape": "roundRect",
        "shape.background": "rgb(132,227,194)",
        "shape.border.width": 1,
        "shape.border.color": "rgb(51,153,255)",
        "shape.corner.radius": 0,
        "opacity": 1
      }
    },
    {
      "c": "ht.Node",
      "i": 9624,
      "p": {
        "parent": {
          "__i": 9622
        },
        "position": {
          "x": 1693.68557,
          "y": 569.97768
        },
        "width": 104.96287,
        "height": 4
      },
      "s": {
        "shape": "roundRect",
        "shape.background": "rgb(255,202,122)",
        "shape.border.width": 1,
        "shape.border.color": "rgb(51,153,255)",
        "shape.corner.radius": 0,
        "opacity": 1
      }
    },
    {
      "c": "ht.Node",
      "i": 9625,
      "p": {
        "parent": {
          "__i": 9622
        },
        "position": {
          "x": 1815.43592,
          "y": 569.97768
        },
        "width": 104.96287,
        "height": 4
      },
      "s": {
        "shape": "roundRect",
        "shape.background": "rgb(132,227,194)",
        "shape.border.width": 1,
        "shape.border.color": "rgb(51,153,255)",
        "shape.corner.radius": 0,
        "opacity": 1
      }
    },
    {
      "c": "ht.Node",
      "i": 9626,
      "p": {
        "parent": {
          "__i": 9622
        },
        "position": {
          "x": 110.93108,
          "y": 569.97768
        },
        "width": 104.96287,
        "height": 4
      },
      "s": {
        "shape": "roundRect",
        "shape.background": "rgb(132,227,194)",
        "shape.border.width": 1,
        "shape.border.color": "rgb(51,153,255)",
        "shape.corner.radius": 0,
        "opacity": 1
      }
    },
    {
      "c": "ht.Node",
      "i": 9627,
      "p": {
        "parent": {
          "__i": 9622
        },
        "position": {
          "x": 232.68143,
          "y": 569.97768
        },
        "width": 104.96287,
        "height": 4
      },
      "s": {
        "shape": "roundRect",
        "shape.background": "rgb(255,202,122)",
        "shape.border.width": 1,
        "shape.border.color": "rgb(51,153,255)",
        "shape.corner.radius": 0,
        "opacity": 1
      }
    },
    {
      "c": "ht.Node",
      "i": 9628,
      "p": {
        "parent": {
          "__i": 9622
        },
        "position": {
          "x": 354.43177,
          "y": 569.97768
        },
        "width": 104.96287,
        "height": 4
      },
      "s": {
        "shape": "roundRect",
        "shape.background": "rgb(132,227,194)",
        "shape.border.width": 1,
        "shape.border.color": "rgb(51,153,255)",
        "shape.corner.radius": 0,
        "opacity": 1
      }
    },
    {
      "c": "ht.Node",
      "i": 9629,
      "p": {
        "parent": {
          "__i": 9622
        },
        "position": {
          "x": 476.18212,
          "y": 569.97768
        },
        "width": 104.96287,
        "height": 4
      },
      "s": {
        "shape": "roundRect",
        "shape.background": "rgb(255,202,122)",
        "shape.border.width": 1,
        "shape.border.color": "rgb(51,153,255)",
        "shape.corner.radius": 0,
        "opacity": 1
      }
    },
    {
      "c": "ht.Node",
      "i": 9630,
      "p": {
        "parent": {
          "__i": 9622
        },
        "position": {
          "x": 597.93246,
          "y": 569.97768
        },
        "width": 104.96287,
        "height": 4
      },
      "s": {
        "shape": "roundRect",
        "shape.background": "rgb(132,227,194)",
        "shape.border.width": 1,
        "shape.border.color": "rgb(51,153,255)",
        "shape.corner.radius": 0,
        "opacity": 1
      }
    },
    {
      "c": "ht.Node",
      "i": 9631,
      "p": {
        "parent": {
          "__i": 9622
        },
        "position": {
          "x": 719.68281,
          "y": 569.97768
        },
        "width": 104.96287,
        "height": 4
      },
      "s": {
        "shape": "roundRect",
        "shape.background": "rgb(255,202,122)",
        "shape.border.width": 1,
        "shape.border.color": "rgb(51,153,255)",
        "shape.corner.radius": 0,
        "opacity": 1
      }
    },
    {
      "c": "ht.Node",
      "i": 9632,
      "p": {
        "parent": {
          "__i": 9622
        },
        "position": {
          "x": 841.43315,
          "y": 569.97768
        },
        "width": 104.96287,
        "height": 4
      },
      "s": {
        "shape": "roundRect",
        "shape.background": "rgb(132,227,194)",
        "shape.border.width": 1,
        "shape.border.color": "rgb(51,153,255)",
        "shape.corner.radius": 0,
        "opacity": 1
      }
    },
    {
      "c": "ht.Node",
      "i": 9633,
      "p": {
        "parent": {
          "__i": 9622
        },
        "position": {
          "x": 963.1835,
          "y": 569.97768
        },
        "width": 104.96287,
        "height": 4
      },
      "s": {
        "shape": "roundRect",
        "shape.background": "rgb(255,202,122)",
        "shape.border.width": 1,
        "shape.border.color": "rgb(51,153,255)",
        "shape.corner.radius": 0,
        "opacity": 1
      }
    },
    {
      "c": "ht.Node",
      "i": 9634,
      "p": {
        "parent": {
          "__i": 9622
        },
        "position": {
          "x": 1084.93385,
          "y": 569.97768
        },
        "width": 104.96287,
        "height": 4
      },
      "s": {
        "shape": "roundRect",
        "shape.background": "rgb(132,227,194)",
        "shape.border.width": 1,
        "shape.border.color": "rgb(51,153,255)",
        "shape.corner.radius": 0,
        "opacity": 1
      }
    },
    {
      "c": "ht.Node",
      "i": 9635,
      "p": {
        "parent": {
          "__i": 9622
        },
        "position": {
          "x": 1206.68419,
          "y": 569.97768
        },
        "width": 104.96287,
        "height": 4
      },
      "s": {
        "shape": "roundRect",
        "shape.background": "rgb(255,202,122)",
        "shape.border.width": 1,
        "shape.border.color": "rgb(51,153,255)",
        "shape.corner.radius": 0,
        "opacity": 1
      }
    },
    {
      "c": "ht.Node",
      "i": 9636,
      "p": {
        "parent": {
          "__i": 9622
        },
        "position": {
          "x": 1328.43454,
          "y": 569.97768
        },
        "width": 104.96287,
        "height": 4
      },
      "s": {
        "shape": "roundRect",
        "shape.background": "rgb(132,227,194)",
        "shape.border.width": 1,
        "shape.border.color": "rgb(51,153,255)",
        "shape.corner.radius": 0,
        "opacity": 1
      }
    },
    {
      "c": "ht.Node",
      "i": 9637,
      "p": {
        "parent": {
          "__i": 9622
        },
        "position": {
          "x": 1450.18488,
          "y": 569.97768
        },
        "width": 104.96287,
        "height": 4
      },
      "s": {
        "shape": "roundRect",
        "shape.background": "rgb(255,202,122)",
        "shape.border.width": 1,
        "shape.border.color": "rgb(51,153,255)",
        "shape.corner.radius": 0,
        "opacity": 1
      }
    },
    {
      "c": "ht.Block",
      "i": 9638,
      "p": {
        "position": {
          "x": 963.1835,
          "y": 413.33141
        },
        "width": 1809.4677,
        "height": 4
      }
    },
    {
      "c": "ht.Node",
      "i": 9639,
      "p": {
        "parent": {
          "__i": 9638
        },
        "position": {
          "x": 1571.93523,
          "y": 413.33141
        },
        "width": 104.96287,
        "height": 4
      },
      "s": {
        "shape": "roundRect",
        "shape.background": "rgb(132,227,194)",
        "shape.border.width": 1,
        "shape.border.color": "rgb(51,153,255)",
        "shape.corner.radius": 0,
        "opacity": 1
      }
    },
    {
      "c": "ht.Node",
      "i": 9640,
      "p": {
        "parent": {
          "__i": 9638
        },
        "position": {
          "x": 1693.68557,
          "y": 413.33141
        },
        "width": 104.96287,
        "height": 4
      },
      "s": {
        "shape": "roundRect",
        "shape.background": "rgb(255,202,122)",
        "shape.border.width": 1,
        "shape.border.color": "rgb(51,153,255)",
        "shape.corner.radius": 0,
        "opacity": 1
      }
    },
    {
      "c": "ht.Node",
      "i": 9641,
      "p": {
        "parent": {
          "__i": 9638
        },
        "position": {
          "x": 1815.43592,
          "y": 413.33141
        },
        "width": 104.96287,
        "height": 4
      },
      "s": {
        "shape": "roundRect",
        "shape.background": "rgb(132,227,194)",
        "shape.border.width": 1,
        "shape.border.color": "rgb(51,153,255)",
        "shape.corner.radius": 0,
        "opacity": 1
      }
    },
    {
      "c": "ht.Node",
      "i": 9642,
      "p": {
        "parent": {
          "__i": 9638
        },
        "position": {
          "x": 110.93108,
          "y": 413.33141
        },
        "width": 104.96287,
        "height": 4
      },
      "s": {
        "shape": "roundRect",
        "shape.background": "rgb(132,227,194)",
        "shape.border.width": 1,
        "shape.border.color": "rgb(51,153,255)",
        "shape.corner.radius": 0,
        "opacity": 1
      }
    },
    {
      "c": "ht.Node",
      "i": 9643,
      "p": {
        "parent": {
          "__i": 9638
        },
        "position": {
          "x": 232.68143,
          "y": 413.33141
        },
        "width": 104.96287,
        "height": 4
      },
      "s": {
        "shape": "roundRect",
        "shape.background": "rgb(255,202,122)",
        "shape.border.width": 1,
        "shape.border.color": "rgb(51,153,255)",
        "shape.corner.radius": 0,
        "opacity": 1
      }
    },
    {
      "c": "ht.Node",
      "i": 9644,
      "p": {
        "parent": {
          "__i": 9638
        },
        "position": {
          "x": 354.43177,
          "y": 413.33141
        },
        "width": 104.96287,
        "height": 4
      },
      "s": {
        "shape": "roundRect",
        "shape.background": "rgb(132,227,194)",
        "shape.border.width": 1,
        "shape.border.color": "rgb(51,153,255)",
        "shape.corner.radius": 0,
        "opacity": 1
      }
    },
    {
      "c": "ht.Node",
      "i": 9645,
      "p": {
        "parent": {
          "__i": 9638
        },
        "position": {
          "x": 476.18212,
          "y": 413.33141
        },
        "width": 104.96287,
        "height": 4
      },
      "s": {
        "shape": "roundRect",
        "shape.background": "rgb(255,202,122)",
        "shape.border.width": 1,
        "shape.border.color": "rgb(51,153,255)",
        "shape.corner.radius": 0,
        "opacity": 1
      }
    },
    {
      "c": "ht.Node",
      "i": 9646,
      "p": {
        "parent": {
          "__i": 9638
        },
        "position": {
          "x": 597.93246,
          "y": 413.33141
        },
        "width": 104.96287,
        "height": 4
      },
      "s": {
        "shape": "roundRect",
        "shape.background": "rgb(132,227,194)",
        "shape.border.width": 1,
        "shape.border.color": "rgb(51,153,255)",
        "shape.corner.radius": 0,
        "opacity": 1
      }
    },
    {
      "c": "ht.Node",
      "i": 9647,
      "p": {
        "parent": {
          "__i": 9638
        },
        "position": {
          "x": 719.68281,
          "y": 413.33141
        },
        "width": 104.96287,
        "height": 4
      },
      "s": {
        "shape": "roundRect",
        "shape.background": "rgb(255,202,122)",
        "shape.border.width": 1,
        "shape.border.color": "rgb(51,153,255)",
        "shape.corner.radius": 0,
        "opacity": 1
      }
    },
    {
      "c": "ht.Node",
      "i": 9648,
      "p": {
        "parent": {
          "__i": 9638
        },
        "position": {
          "x": 841.43315,
          "y": 413.33141
        },
        "width": 104.96287,
        "height": 4
      },
      "s": {
        "shape": "roundRect",
        "shape.background": "rgb(132,227,194)",
        "shape.border.width": 1,
        "shape.border.color": "rgb(51,153,255)",
        "shape.corner.radius": 0,
        "opacity": 1
      }
    },
    {
      "c": "ht.Node",
      "i": 9649,
      "p": {
        "parent": {
          "__i": 9638
        },
        "position": {
          "x": 963.1835,
          "y": 413.33141
        },
        "width": 104.96287,
        "height": 4
      },
      "s": {
        "shape": "roundRect",
        "shape.background": "rgb(255,202,122)",
        "shape.border.width": 1,
        "shape.border.color": "rgb(51,153,255)",
        "shape.corner.radius": 0,
        "opacity": 1
      }
    },
    {
      "c": "ht.Node",
      "i": 9650,
      "p": {
        "parent": {
          "__i": 9638
        },
        "position": {
          "x": 1084.93385,
          "y": 413.33141
        },
        "width": 104.96287,
        "height": 4
      },
      "s": {
        "shape": "roundRect",
        "shape.background": "rgb(132,227,194)",
        "shape.border.width": 1,
        "shape.border.color": "rgb(51,153,255)",
        "shape.corner.radius": 0,
        "opacity": 1
      }
    },
    {
      "c": "ht.Node",
      "i": 9651,
      "p": {
        "parent": {
          "__i": 9638
        },
        "position": {
          "x": 1206.68419,
          "y": 413.33141
        },
        "width": 104.96287,
        "height": 4
      },
      "s": {
        "shape": "roundRect",
        "shape.background": "rgb(255,202,122)",
        "shape.border.width": 1,
        "shape.border.color": "rgb(51,153,255)",
        "shape.corner.radius": 0,
        "opacity": 1
      }
    },
    {
      "c": "ht.Node",
      "i": 9652,
      "p": {
        "parent": {
          "__i": 9638
        },
        "position": {
          "x": 1328.43454,
          "y": 413.33141
        },
        "width": 104.96287,
        "height": 4
      },
      "s": {
        "shape": "roundRect",
        "shape.background": "rgb(132,227,194)",
        "shape.border.width": 1,
        "shape.border.color": "rgb(51,153,255)",
        "shape.corner.radius": 0,
        "opacity": 1
      }
    },
    {
      "c": "ht.Node",
      "i": 9653,
      "p": {
        "parent": {
          "__i": 9638
        },
        "position": {
          "x": 1450.18488,
          "y": 413.33141
        },
        "width": 104.96287,
        "height": 4
      },
      "s": {
        "shape": "roundRect",
        "shape.background": "rgb(255,202,122)",
        "shape.border.width": 1,
        "shape.border.color": "rgb(51,153,255)",
        "shape.corner.radius": 0,
        "opacity": 1
      }
    },
    {
      "c": "ht.Data",
      "i": 9654,
      "p": {
        "displayName": "二层墙体"
      },
      "s": {
        "editor.folder": true
      }
    },
    {
      "c": "ht.Node",
      "i": 9655,
      "p": {
        "parent": {
          "__i": 9654
        },
        "position": {
          "x": 1140.68316,
          "y": 492.05433
        },
        "width": 357.41988,
        "height": 309.61387
      },
      "s": {
        "shape": "rect",
        "shape.background": "rgb(0,0,0)",
        "shape.border.width": 2,
        "shape.border.color": "rgb(138,138,138)",
        "opacity": 1
      }
    },
    {
      "c": "ht.Node",
      "i": 9656,
      "p": {
        "parent": {
          "__i": 9654
        },
        "position": {
          "x": 624.89964,
          "y": 724.4797
        },
        "width": 460.09829,
        "height": 167.00404
      },
      "s": {
        "shape": "rect",
        "shape.background": "rgb(0,0,0)",
        "shape.border.width": 2,
        "shape.border.color": "rgb(138,138,138)",
        "opacity": 1
      }
    },
    {
      "c": "ht.Block",
      "i": 9657,
      "p": {
        "parent": {
          "__i": 9654
        },
        "position": {
          "x": 963.1835,
          "y": 572.28679
        },
        "width": 1809.4677,
        "height": 446.58733
      }
    },
    {
      "c": "ht.Shape",
      "i": 9658,
      "p": {
        "parent": {
          "__i": 9657
        },
        "position": {
          "x": 963.1835,
          "y": 349.49313
        },
        "width": 1809.4677,
        "height": 1,
        "segments": {
          "__a": [
            1,
            2
          ]
        },
        "points": {
          "__a": [
            {
              "x": 58.44965,
              "y": 349.49313
            },
            {
              "x": 1867.91735,
              "y": 349.49313
            }
          ]
        }
      },
      "s": {
        "shape.background": null,
        "shape.border.color": "rgb(138,138,138)",
        "shape.border.width": 1,
        "shape.dash.pattern": [
          16,
          16
        ],
        "shape.border.pattern": [
          16,
          16
        ],
        "shape.border.cap": "round"
      }
    },
    {
      "c": "ht.Shape",
      "i": 9659,
      "p": {
        "parent": {
          "__i": 9657
        },
        "position": {
          "x": 963.1835,
          "y": 482.76444
        },
        "width": 1809.4677,
        "height": 1,
        "segments": {
          "__a": [
            1,
            2
          ]
        },
        "points": {
          "__a": [
            {
              "x": 58.44965,
              "y": 482.76444
            },
            {
              "x": 1867.91735,
              "y": 482.76444
            }
          ]
        }
      },
      "s": {
        "shape.background": null,
        "shape.border.color": "rgb(138,138,138)",
        "shape.border.width": 1,
        "shape.dash.pattern": [
          16,
          16
        ],
        "shape.border.pattern": [
          16,
          16
        ],
        "shape.border.cap": "round"
      }
    },
    {
      "c": "ht.Shape",
      "i": 9660,
      "p": {
        "parent": {
          "__i": 9657
        },
        "position": {
          "x": 963.1835,
          "y": 505.65114
        },
        "width": 1809.4677,
        "height": 1,
        "segments": {
          "__a": [
            1,
            2
          ]
        },
        "points": {
          "__a": [
            {
              "x": 58.44965,
              "y": 505.65114
            },
            {
              "x": 1867.91735,
              "y": 505.65114
            }
          ]
        }
      },
      "s": {
        "shape.background": null,
        "shape.border.color": "rgb(138,138,138)",
        "shape.border.width": 1,
        "shape.dash.pattern": [
          16,
          16
        ],
        "shape.border.pattern": [
          16,
          16
        ],
        "shape.border.cap": "round"
      }
    },
    {
      "c": "ht.Shape",
      "i": 9661,
      "p": {
        "parent": {
          "__i": 9657
        },
        "position": {
          "x": 963.1835,
          "y": 638.92245
        },
        "width": 1809.4677,
        "height": 1,
        "segments": {
          "__a": [
            1,
            2
          ]
        },
        "points": {
          "__a": [
            {
              "x": 58.44965,
              "y": 638.92245
            },
            {
              "x": 1867.91735,
              "y": 638.92245
            }
          ]
        }
      },
      "s": {
        "shape.background": null,
        "shape.border.color": "rgb(138,138,138)",
        "shape.border.width": 1,
        "shape.dash.pattern": [
          16,
          16
        ],
        "shape.border.pattern": [
          16,
          16
        ],
        "shape.border.cap": "round"
      }
    },
    {
      "c": "ht.Shape",
      "i": 9662,
      "p": {
        "parent": {
          "__i": 9657
        },
        "position": {
          "x": 963.1835,
          "y": 661.80915
        },
        "width": 1809.4677,
        "height": 1,
        "segments": {
          "__a": [
            1,
            2
          ]
        },
        "points": {
          "__a": [
            {
              "x": 58.44965,
              "y": 661.80915
            },
            {
              "x": 1867.91735,
              "y": 661.80915
            }
          ]
        }
      },
      "s": {
        "shape.background": null,
        "shape.border.color": "rgb(138,138,138)",
        "shape.border.width": 1,
        "shape.dash.pattern": [
          16,
          16
        ],
        "shape.border.pattern": [
          16,
          16
        ],
        "shape.border.cap": "round"
      }
    },
    {
      "c": "ht.Shape",
      "i": 9663,
      "p": {
        "parent": {
          "__i": 9657
        },
        "position": {
          "x": 963.1835,
          "y": 795.08046
        },
        "width": 1809.4677,
        "height": 1,
        "segments": {
          "__a": [
            1,
            2
          ]
        },
        "points": {
          "__a": [
            {
              "x": 58.44965,
              "y": 795.08046
            },
            {
              "x": 1867.91735,
              "y": 795.08046
            }
          ]
        }
      },
      "s": {
        "shape.background": null,
        "shape.border.color": "rgb(138,138,138)",
        "shape.border.width": 1,
        "shape.dash.pattern": [
          16,
          16
        ],
        "shape.border.pattern": [
          16,
          16
        ],
        "shape.border.cap": "round"
      }
    },
    {
      "c": "ht.Shape",
      "i": 9664,
      "p": {
        "parent": {
          "__i": 9654
        },
        "position": {
          "x": 391.39122,
          "y": 724.11579
        },
        "width": 9.24078,
        "height": 176.27617,
        "segments": {
          "__a": [
            1,
            2,
            2,
            2
          ]
        },
        "points": {
          "__a": [
            {
              "x": 396.01161,
              "y": 635.97771
            },
            {
              "x": 386.77083,
              "y": 635.97771
            },
            {
              "x": 386.77083,
              "y": 812.25388
            },
            {
              "x": 396.01161,
              "y": 812.25388
            }
          ]
        }
      },
      "s": {
        "shape.background": null,
        "shape.border.color": "rgb(184,184,184)",
        "shape.border.width": 6,
        "shape.border.join": "bevel"
      }
    },
    {
      "c": "ht.Shape",
      "i": 9665,
      "p": {
        "parent": {
          "__i": 9654
        },
        "rotation": 3.14159,
        "position": {
          "x": 859.5694,
          "y": 724.11578
        },
        "width": 9.24078,
        "height": 176.27617,
        "segments": {
          "__a": [
            1,
            2,
            2,
            2
          ]
        },
        "points": {
          "__a": [
            {
              "x": 864.18979,
              "y": 635.9777
            },
            {
              "x": 854.94901,
              "y": 635.9777
            },
            {
              "x": 854.94901,
              "y": 812.25387
            },
            {
              "x": 864.18979,
              "y": 812.25387
            }
          ]
        }
      },
      "s": {
        "shape.background": null,
        "shape.border.color": "rgb(184,184,184)",
        "shape.border.width": 6,
        "shape.border.join": "bevel"
      }
    },
    {
      "c": "ht.Shape",
      "i": 9666,
      "p": {
        "parent": {
          "__i": 9654
        },
        "position": {
          "x": 958.10215,
          "y": 491.98411
        },
        "width": 9.5681,
        "height": 322.67919,
        "segments": {
          "__a": [
            1,
            2,
            2,
            2
          ]
        },
        "points": {
          "__a": [
            {
              "x": 962.8862,
              "y": 330.64451
            },
            {
              "x": 953.3181,
              "y": 330.64451
            },
            {
              "x": 953.3181,
              "y": 653.32371
            },
            {
              "x": 962.8862,
              "y": 653.32371
            }
          ]
        }
      },
      "s": {
        "shape.background": null,
        "shape.border.color": "rgb(184,184,184)",
        "shape.border.width": 6,
        "shape.border.join": "bevel"
      }
    },
    {
      "c": "ht.Shape",
      "i": 9667,
      "p": {
        "parent": {
          "__i": 9654
        },
        "rotation": 3.14159,
        "position": {
          "x": 1322.25526,
          "y": 491.98411
        },
        "width": 9.5681,
        "height": 322.67919,
        "segments": {
          "__a": [
            1,
            2,
            2,
            2
          ]
        },
        "points": {
          "__a": [
            {
              "x": 1327.03931,
              "y": 330.64452
            },
            {
              "x": 1317.47121,
              "y": 330.64452
            },
            {
              "x": 1317.47121,
              "y": 653.32371
            },
            {
              "x": 1327.03931,
              "y": 653.32371
            }
          ]
        }
      },
      "s": {
        "shape.background": null,
        "shape.border.color": "rgb(184,184,184)",
        "shape.border.width": 6,
        "shape.border.join": "bevel"
      }
    },
    {
      "c": "ht.Node",
      "i": 9668,
      "p": {
        "displayName": "指南针",
        "image": "symbols/demo/管廊/指南针.json",
        "position": {
          "x": 116.28276,
          "y": 92.85445
        }
      }
    },
    {
      "c": "ht.Node",
      "i": 9669,
      "p": {
        "displayName": "水泵",
        "image": "symbols/demo/管廊/水泵.json",
        "rotation": 6.28319,
        "position": {
          "x": 465.01246,
          "y": 383.57819
        }
      },
      "s": {
        "body.color": "rgb(93,217,174)"
      }
    },
    {
      "c": "ht.Node",
      "i": 9670,
      "p": {
        "displayName": "sos电话",
        "image": "symbols/demo/管廊/sos电话.json",
        "position": {
          "x": 632.63722,
          "y": 450.68402
        }
      }
    },
    {
      "c": "ht.Node",
      "i": 9671,
      "p": {
        "displayName": "sos电话",
        "image": "symbols/demo/管廊/sos电话.json",
        "position": {
          "x": 629.5288,
          "y": 597.70637
        }
      },
      "s": {
        "body.color": "#FF7C7C"
      }
    },
    {
      "c": "ht.Node",
      "i": 9672,
      "p": {
        "displayName": "入侵探测器",
        "image": "symbols/demo/管廊/入侵探测器.json",
        "position": {
          "x": 428.01161,
          "y": 670.97768
        }
      }
    },
    {
      "c": "ht.Node",
      "i": 9673,
      "p": {
        "displayName": "井盖-关闭",
        "image": "symbols/demo/管廊/井盖-关闭.json",
        "position": {
          "x": 488.10289,
          "y": 668.97768
        }
      }
    },
    {
      "c": "ht.Node",
      "i": 9674,
      "p": {
        "displayName": "入侵探测器",
        "image": "symbols/demo/管廊/入侵探测器.json",
        "position": {
          "x": 572.43782,
          "y": 670.97768
        }
      }
    },
    {
      "c": "ht.Node",
      "i": 9675,
      "p": {
        "displayName": "排风口",
        "image": "symbols/demo/管廊/排风口.json",
        "position": {
          "x": 636.5288,
          "y": 671.42245
        }
      }
    },
    {
      "c": "ht.Node",
      "i": 9676,
      "p": {
        "displayName": "风机-底板",
        "image": "symbols/demo/管廊/风机-底板.json",
        "position": {
          "x": 700.02338,
          "y": 667.97768
        }
      }
    },
    {
      "c": "ht.Node",
      "i": 9677,
      "p": {
        "displayName": "风机-叶片",
        "image": "symbols/demo/管廊/风机-叶片.json",
        "rotation": 0.01745,
        "position": {
          "x": 700.02338,
          "y": 667.97768
        }
      },
      "s": {
        "body.color": "rgb(93,217,174)"
      }
    },
    {
      "c": "ht.Node",
      "i": 9678,
      "p": {
        "displayName": "风机-底板",
        "image": "symbols/demo/管廊/风机-底板.json",
        "position": {
          "x": 761.82227,
          "y": 667.97768
        }
      }
    },
    {
      "c": "ht.Node",
      "i": 9679,
      "p": {
        "displayName": "风机-叶片",
        "image": "symbols/demo/管廊/风机-叶片.json",
        "position": {
          "x": 761.82227,
          "y": 669.30604
        }
      },
      "s": {
        "body.color": "rgb(93,217,174)"
      }
    },
    {
      "c": "ht.Node",
      "i": 9680,
      "p": {
        "displayName": "风机-底板",
        "image": "symbols/demo/管廊/风机-底板.json",
        "position": {
          "x": 822.94878,
          "y": 667.97768
        }
      }
    },
    {
      "c": "ht.Node",
      "i": 9681,
      "p": {
        "displayName": "风机-叶片",
        "image": "symbols/demo/管廊/风机-叶片.json",
        "position": {
          "x": 822.94878,
          "y": 668.97768
        }
      },
      "s": {
        "body.color": "rgb(93,217,174)"
      }
    },
    {
      "c": "ht.Node",
      "i": 9682,
      "p": {
        "displayName": "sos电话",
        "image": "symbols/demo/管廊/sos电话.json",
        "position": {
          "x": 428.01161,
          "y": 765.13569
        }
      }
    },
    {
      "c": "ht.Node",
      "i": 9683,
      "p": {
        "displayName": "温湿度传感器",
        "image": "symbols/demo/管廊/温湿度传感器.json",
        "position": {
          "x": 571.74564,
          "y": 775.98172
        }
      }
    },
    {
      "c": "ht.Node",
      "i": 9684,
      "p": {
        "displayName": "氧含量传感器 2",
        "image": "symbols/demo/管廊/氧含量传感器 2.json",
        "position": {
          "x": 632.63722,
          "y": 775.98172
        }
      }
    },
    {
      "c": "ht.Node",
      "i": 9685,
      "p": {
        "displayName": "甲烷量传感器 3",
        "image": "symbols/demo/管廊/甲烷量传感器 3.json",
        "position": {
          "x": 693.5288,
          "y": 775.98172
        }
      }
    },
    {
      "c": "ht.Node",
      "i": 9686,
      "p": {
        "displayName": "风机-底板",
        "image": "symbols/demo/管廊/风机-底板.json",
        "position": {
          "x": 1167.46925,
          "y": 533.70637
        }
      }
    },
    {
      "c": "ht.Node",
      "i": 9687,
      "p": {
        "displayName": "风机-叶片",
        "image": "symbols/demo/管廊/风机-叶片.json",
        "position": {
          "x": 1167.46925,
          "y": 534.70637
        }
      },
      "s": {
        "body.color": "rgb(93,217,174)"
      }
    },
    {
      "c": "ht.Node",
      "i": 9688,
      "p": {
        "displayName": "风机-底板",
        "image": "symbols/demo/管廊/风机-底板.json",
        "position": {
          "x": 1231.46925,
          "y": 533.70637
        }
      }
    },
    {
      "c": "ht.Node",
      "i": 9689,
      "p": {
        "displayName": "风机-叶片",
        "image": "symbols/demo/管廊/风机-叶片.json",
        "position": {
          "x": 1231.46925,
          "y": 534.70637
        }
      },
      "s": {
        "body.color": "rgb(93,217,174)"
      }
    },
    {
      "c": "ht.Node",
      "i": 9690,
      "p": {
        "displayName": "sos电话",
        "image": "symbols/demo/管廊/sos电话.json",
        "position": {
          "x": 993.97322,
          "y": 537.97768
        }
      }
    },
    {
      "c": "ht.Node",
      "i": 9691,
      "p": {
        "displayName": "入侵探测器",
        "image": "symbols/demo/管廊/入侵探测器.json",
        "position": {
          "x": 995.1835,
          "y": 614.42245
        }
      }
    },
    {
      "c": "ht.Node",
      "i": 9692,
      "p": {
        "displayName": "井盖-关闭",
        "image": "symbols/demo/管廊/井盖-关闭.json",
        "position": {
          "x": 1043.97322,
          "y": 614.42245
        }
      }
    },
    {
      "c": "ht.Node",
      "i": 9693,
      "p": {
        "displayName": "入侵探测器",
        "image": "symbols/demo/管廊/入侵探测器.json",
        "position": {
          "x": 1110.15644,
          "y": 614.42245
        }
      }
    },
    {
      "c": "ht.Node",
      "i": 9694,
      "p": {
        "displayName": "排风口",
        "image": "symbols/demo/管廊/排风口.json",
        "position": {
          "x": 1169.46925,
          "y": 616.36127
        }
      }
    },
    {
      "c": "ht.Node",
      "i": 9695,
      "p": {
        "displayName": "温湿度传感器",
        "image": "symbols/demo/管廊/温湿度传感器.json",
        "position": {
          "x": 1294.3931,
          "y": 614.42245
        }
      }
    },
    {
      "c": "ht.Node",
      "i": 9696,
      "p": {
        "displayName": "氧含量传感器 2",
        "image": "symbols/demo/管廊/氧含量传感器 2.json",
        "position": {
          "x": 1294.3931,
          "y": 537.09389
        }
      }
    },
    {
      "c": "ht.Node",
      "i": 9697,
      "p": {
        "displayName": "氧含量传感器 2",
        "image": "symbols/demo/管廊/氧含量传感器 2.json",
        "position": {
          "x": 1418.28438,
          "y": 380.16483
        }
      }
    },
    {
      "c": "ht.Node",
      "i": 9698,
      "p": {
        "displayName": "温湿度传感器",
        "image": "symbols/demo/管廊/温湿度传感器.json",
        "position": {
          "x": 1472.74631,
          "y": 380.16483
        }
      }
    },
    {
      "c": "ht.Node",
      "i": 9699,
      "p": {
        "displayName": "超声波液位传感器 4",
        "image": "symbols/demo/管廊/超声波液位传感器 4.json",
        "position": {
          "x": 1592.67571,
          "y": 399.93241
        }
      }
    },
    {
      "c": "ht.Node",
      "i": 9700,
      "p": {
        "displayName": "sos电话",
        "image": "symbols/demo/管廊/sos电话.json",
        "position": {
          "x": 1592.6252,
          "y": 460.35134
        }
      }
    },
    {
      "c": "ht.Node",
      "i": 9701,
      "p": {
        "displayName": "sos电话",
        "image": "symbols/demo/管廊/sos电话.json",
        "position": {
          "x": 1592.6252,
          "y": 616.36127
        }
      }
    },
    {
      "c": "ht.Node",
      "i": 9702,
      "p": {
        "displayName": "氧含量传感器 2",
        "image": "symbols/demo/管廊/氧含量传感器 2.json",
        "position": {
          "x": 1418.28438,
          "y": 537.09389
        }
      }
    },
    {
      "c": "ht.Node",
      "i": 9703,
      "p": {
        "displayName": "温湿度传感器",
        "image": "symbols/demo/管廊/温湿度传感器.json",
        "position": {
          "x": 1472.74631,
          "y": 537.09389
        }
      }
    },
    {
      "c": "ht.Node",
      "i": 9704,
      "p": {
        "displayName": "超声波液位传感器 4",
        "image": "symbols/demo/管廊/超声波液位传感器 4.json",
        "position": {
          "x": 1592.67571,
          "y": 556.86146
        }
      }
    },
    {
      "c": "ht.Node",
      "i": 9705,
      "p": {
        "displayName": "氧含量传感器 2",
        "image": "symbols/demo/管廊/氧含量传感器 2.json",
        "position": {
          "x": 1418.28438,
          "y": 695.86438
        }
      }
    },
    {
      "c": "ht.Node",
      "i": 9706,
      "p": {
        "displayName": "温湿度传感器",
        "image": "symbols/demo/管廊/温湿度传感器.json",
        "position": {
          "x": 1472.74631,
          "y": 695.86438
        }
      }
    },
    {
      "c": "ht.Node",
      "i": 9707,
      "p": {
        "displayName": "超声波液位传感器 4",
        "image": "symbols/demo/管廊/超声波液位传感器 4.json",
        "position": {
          "x": 1592.67571,
          "y": 715.63196
        }
      }
    },
    {
      "c": "ht.Node",
      "i": 9708,
      "p": {
        "displayName": "风机-底板",
        "image": "symbols/demo/管廊/风机-底板.json",
        "position": {
          "x": 1167.46925,
          "y": 382.83294
        }
      }
    },
    {
      "c": "ht.Node",
      "i": 9709,
      "p": {
        "displayName": "风机-叶片",
        "image": "symbols/demo/管廊/风机-叶片.json",
        "position": {
          "x": 1167.46925,
          "y": 383.83294
        }
      },
      "s": {
        "body.color": "rgb(93,217,174)"
      }
    },
    {
      "c": "ht.Node",
      "i": 9710,
      "p": {
        "displayName": "风机-底板",
        "image": "symbols/demo/管廊/风机-底板.json",
        "position": {
          "x": 1231.46925,
          "y": 382.83294
        }
      }
    },
    {
      "c": "ht.Node",
      "i": 9711,
      "p": {
        "displayName": "风机-叶片",
        "image": "symbols/demo/管廊/风机-叶片.json",
        "position": {
          "x": 1231.46925,
          "y": 383.83294
        }
      },
      "s": {
        "body.color": "#FF7C7C"
      }
    },
    {
      "c": "ht.Shape",
      "i": 9712,
      "p": {
        "position": {
          "x": 127.52527,
          "y": 413.16644
        },
        "width": 74.45324,
        "height": 18.66702,
        "segments": {
          "__a": [
            1,
            2,
            2,
            2,
            2,
            2
          ]
        },
        "points": {
          "__a": [
            {
              "x": 90.29865,
              "y": 413.2668
            },
            {
              "x": 96.32027,
              "y": 403.83294
            },
            {
              "x": 159.33243,
              "y": 403.83294
            },
            {
              "x": 164.75189,
              "y": 413.2668
            },
            {
              "x": 159.33243,
              "y": 422.49995
            },
            {
              "x": 96.32027,
              "y": 422.49995
            }
          ]
        },
        "closePath": true
      },
      "s": {
        "shape.background": "rgb(0,0,0)",
        "shape.border.color": "rgb(124,145,155)",
        "shape.border.width": 2,
        "shape.border.join": "miter"
      }
    },
    {
      "c": "ht.Shape",
      "i": 9713,
      "p": {
        "position": {
          "x": 127.52527,
          "y": 569.97768
        },
        "width": 74.45324,
        "height": 18.66702,
        "segments": {
          "__a": [
            1,
            2,
            2,
            2,
            2,
            2
          ]
        },
        "points": {
          "__a": [
            {
              "x": 90.29865,
              "y": 570.07804
            },
            {
              "x": 96.32027,
              "y": 560.64417
            },
            {
              "x": 159.33243,
              "y": 560.64417
            },
            {
              "x": 164.75189,
              "y": 570.07804
            },
            {
              "x": 159.33243,
              "y": 579.31119
            },
            {
              "x": 96.32027,
              "y": 579.31119
            }
          ]
        },
        "closePath": true
      },
      "s": {
        "shape.background": "rgb(0,0,0)",
        "shape.border.color": "rgb(124,145,155)",
        "shape.border.width": 2,
        "shape.border.join": "miter"
      }
    },
    {
      "c": "ht.Shape",
      "i": 9714,
      "p": {
        "position": {
          "x": 127.52527,
          "y": 736.97768
        },
        "width": 74.45324,
        "height": 18.66702,
        "segments": {
          "__a": [
            1,
            2,
            2,
            2,
            2,
            2
          ]
        },
        "points": {
          "__a": [
            {
              "x": 90.29865,
              "y": 737.07804
            },
            {
              "x": 96.32027,
              "y": 727.64417
            },
            {
              "x": 159.33243,
              "y": 727.64417
            },
            {
              "x": 164.75189,
              "y": 737.07804
            },
            {
              "x": 159.33243,
              "y": 746.31119
            },
            {
              "x": 96.32027,
              "y": 746.31119
            }
          ]
        },
        "closePath": true
      },
      "s": {
        "shape.background": "rgb(0,0,0)",
        "shape.border.color": "rgb(124,145,155)",
        "shape.border.width": 2,
        "shape.border.join": "miter"
      }
    },
    {
      "c": "ht.Text",
      "i": 9715,
      "p": {
        "position": {
          "x": 126.85633,
          "y": 412.81982
        },
        "width": 73.11536
      },
      "s": {
        "text": "综合舱",
        "text.color": "rgb(124,145,155)",
        "text.align": "center"
      }
    },
    {
      "c": "ht.Text",
      "i": 9716,
      "p": {
        "position": {
          "x": 126.85633,
          "y": 569.97768
        },
        "width": 101.14714
      },
      "s": {
        "text": "热力舱",
        "text.color": "rgb(124,145,155)",
        "text.align": "center"
      }
    },
    {
      "c": "ht.Text",
      "i": 9717,
      "p": {
        "position": {
          "x": 126.85633,
          "y": 736.97768
        },
        "width": 101.14714
      },
      "s": {
        "text": "燃气舱",
        "text.color": "rgb(124,145,155)",
        "text.align": "center"
      }
    },
    {
      "c": "ht.Node",
      "i": 9718,
      "p": {
        "displayName": "防火门",
        "image": "symbols/demo/管廊/防火门.json",
        "position": {
          "x": 701.00572,
          "y": 700.47768
        }
      }
    },
    {
      "c": "ht.Node",
      "i": 9719,
      "p": {
        "displayName": "防火门",
        "image": "symbols/demo/管廊/防火门.json",
        "position": {
          "x": 763.8506,
          "y": 700.47768
        }
      }
    },
    {
      "c": "ht.Node",
      "i": 9720,
      "p": {
        "displayName": "防火门",
        "image": "symbols/demo/管廊/防火门.json",
        "position": {
          "x": 824.94877,
          "y": 700.47768
        }
      },
      "s": {
        "body.color": null
      }
    },
    {
      "c": "ht.Node",
      "i": 9721,
      "p": {
        "displayName": "防火门",
        "image": "symbols/demo/管廊/防火门.json",
        "position": {
          "x": 1167.46925,
          "y": 565.20637
        }
      }
    },
    {
      "c": "ht.Node",
      "i": 9722,
      "p": {
        "displayName": "防火门",
        "image": "symbols/demo/管廊/防火门.json",
        "position": {
          "x": 1231.46925,
          "y": 565.20637
        }
      }
    },
    {
      "c": "ht.Node",
      "i": 9723,
      "p": {
        "displayName": "防火门",
        "image": "symbols/demo/管廊/防火门.json",
        "position": {
          "x": 1167.46925,
          "y": 416.12879
        }
      }
    },
    {
      "c": "ht.Node",
      "i": 9724,
      "p": {
        "displayName": "防火门",
        "image": "symbols/demo/管廊/防火门.json",
        "position": {
          "x": 1231.46925,
          "y": 416.12879
        }
      }
    },
    {
      "c": "ht.Node",
      "i": 9725,
      "p": {
        "displayName": "EPS",
        "image": "symbols/demo/管廊/EPS.json",
        "position": {
          "x": 1102.13555,
          "y": 541.0028
        }
      }
    },
    {
      "c": "ht.Node",
      "i": 9726,
      "p": {
        "displayName": "水坑",
        "image": "symbols/demo/管廊/水坑.json",
        "position": {
          "x": 408.01246,
          "y": 413.37131
        }
      }
    },
    {
      "c": "ht.Node",
      "i": 9727,
      "p": {
        "displayName": "sos电话",
        "image": "symbols/demo/管廊/sos电话.json",
        "position": {
          "x": 1231.46925,
          "y": 614.42245
        }
      }
    },
    {
      "c": "ht.Node",
      "i": 9728,
      "p": {
        "displayName": "水泵",
        "image": "symbols/demo/管廊/水泵.json",
        "rotation": 6.28319,
        "position": {
          "x": 465.01246,
          "y": 425.68402
        }
      },
      "s": {
        "body.color": "rgb(93,217,174)"
      }
    },
    {
      "c": "ht.Node",
      "i": 9729,
      "p": {
        "displayName": "水坑 2",
        "image": "symbols/demo/管廊/水坑 2.json",
        "position": {
          "x": 406.91321,
          "y": 491.98411
        }
      }
    }
  ]
}