{
  "v": "6.3.1",
  "p": {
    "autoAdjustIndex": true,
    "hierarchicalRendering": true
  },
  "a": {
    "rotateAsClock": false,
    "connectActionType": null,
    "fitContent": true
  },
  "d": [
    {
      "c": "ht.Node",
      "i": 4392,
      "p": {
        "displayName": "button",
        "image": "symbols/ht/ui/button.json",
        "position": {
          "x": -32.45833,
          "y": 24.53493
        }
      },
      "s": {
        "pixelPerfect": false,
        "interactive": true,
        "2d.movable": false
      },
      "a": {
        "ht.background": "rgb(255,255,255)",
        "ht.onClick": "__ht__function(e, data, view) {\nht.vector.selectFile(function(r) {\nconsole.log(r);\n},\n{\nmultiple: true\n});\n}",
        "ht.text": "多选"
      }
    },
    {
      "c": "ht.Node",
      "i": 4393,
      "p": {
        "displayName": "button",
        "image": "symbols/ht/ui/button.json",
        "position": {
          "x": -32.45833,
          "y": -17.46507
        }
      },
      "s": {
        "pixelPerfect": false,
        "interactive": true
      },
      "a": {
        "ht.background": "rgb(255,255,255)",
        "ht.onClick": "__ht__function(e, data, view) {\nht.vector.selectFile(function(r) {\nconsole.log(r);\n},\n{\nreadType: 'text',\nmultiple: false\n});\n}",
        "ht.text": "单选"
      }
    },
    {
      "c": "ht.Node",
      "i": 4394,
      "p": {
        "displayName": "button",
        "image": "symbols/ht/ui/button.json",
        "position": {
          "x": 47.54167,
          "y": -17.46507
        }
      },
      "s": {
        "pixelPerfect": false,
        "interactive": true
      },
      "a": {
        "ht.background": "rgb(255,255,255)",
        "ht.onClick": "__ht__function(e, data, view) {\nht.vector.selectFile(function(r) {\nconsole.log(r);\n},\n{\nreadType: 'dataUrl',\nmultiple: false\n});\n}",
        "ht.text": "单选dataurl"
      }
    },
    {
      "c": "ht.Node",
      "i": 4395,
      "p": {
        "displayName": "button",
        "image": "symbols/ht/ui/button.json",
        "position": {
          "x": 47.54167,
          "y": 24.53493
        }
      },
      "s": {
        "pixelPerfect": false,
        "interactive": true
      },
      "a": {
        "ht.background": "rgb(255,255,255)",
        "ht.onClick": "__ht__function(e, data, view) {\nht.vector.selectFile(function(r) {\nconsole.log(r);\n},\n{\nreadType: 'dataUrl',\nmultiple: 1\n});\n}",
        "ht.text": "多选dataurl"
      }
    },
    {
      "c": "ht.Node",
      "i": 4396,
      "p": {
        "displayName": "button",
        "image": "symbols/ht/ui/button.json",
        "position": {
          "x": 7.54167,
          "y": 66.53493
        },
        "width": 160,
        "height": 42
      },
      "s": {
        "pixelPerfect": false,
        "interactive": true
      },
      "a": {
        "ht.background": "rgb(255,255,255)",
        "ht.onClick": "__ht__function(e, data, view) {\n    ht.vector.selectFile(function (r) {\n        console.log(r);\n    },{\n            readType: 'dataUrl',\n            multiple: true,\n            filter: function (file) {\n                return file.type.indexOf('image') >= 0;\n            }\n        });\n}",
        "ht.text": "多选dataurl过滤图片",
        "ht.font": "12px arial, sans-serif"
      }
    },
    {
      "c": "ht.Node",
      "i": 4397,
      "p": {
        "displayName": "button",
        "image": "symbols/ht/ui/button.json",
        "position": {
          "x": 7.54167,
          "y": 108.53493
        },
        "width": 160,
        "height": 42
      },
      "s": {
        "pixelPerfect": false,
        "interactive": true
      },
      "a": {
        "ht.background": "rgb(255,255,255)",
        "ht.onClick": "__ht__function(e, data, view) {\n    ht.vector.selectFile(function (r) {\n        console.log(r);\n    },{\n            readType: 'dataUrl',\n            multiple: true,\n            accept: 'image/*'\n        });\n}",
        "ht.text": "多选dataurl限制图片",
        "ht.font": "12px arial, sans-serif"
      }
    }
  ],
  "modified": "Sun Feb 24 2019 17:02:25 GMT+0800 (China Standard Time)",
  "contentRect": {
    "x": -74.45833,
    "y": -40.46507,
    "width": 164,
    "height": 172
  }
}