{
  "v": "6.3.0",
  "p": {
    "autoAdjustIndex": true,
    "hierarchicalRendering": true
  },
  "a": {
    "connectActionType": null,
    "rotateAsClock": false
  },
  "d": [
    {
      "c": "ht.Node",
      "i": 85614,
      "p": {
        "displayName": "slider",
        "image": "symbols/ht/ui/slider.json",
        "rotation": 6.28319,
        "position": {
          "x": 498.12634,
          "y": 534.47158
        },
        "width": 236.25273,
        "height": 18.78665
      },
      "s": {
        "2d.movable": false
      },
      "a": {
        "ht.sliderImage": "symbols/basic/events.json",
        "ht.value": 50,
        "ht.max": 100,
        "ht.step": 0,
        "ht.barGradient": "linear.south",
        "ht.toolTipFormat": "__ht__function(v) {\n    return Math.floor(v) + '%';\n}",
        "ht.min": 0,
        "ht.disabled": true,
        "ht.barGradientColor": "rgb(93,217,174)"
      }
    },
    {
      "c": "ht.Node",
      "i": 85615,
      "p": {
        "displayName": "slider",
        "image": "symbols/ht/ui/slider.json",
        "rotation": 4.71239,
        "position": {
          "x": 628.2346,
          "y": 461.13985
        },
        "width": 165.4512,
        "height": 20.74302
      },
      "s": {
        "2d.movable": false
      },
      "a": {
        "ht.sliderImage": "symbols/demo/city/飞机.json",
        "ht.step": 1,
        "ht.barGradientColor": "#FEB64D",
        "ht.barValueBackground": "#FF7C7C",
        "ht.sliderWidth": 15,
        "ht.sliderHeight": 15,
        "ht.toolTipFormat": "__ht__function(v) {\n    return Math.floor(v) + '%';\n}",
        "ht.showToolTip": true,
        "ht.disabled": false,
        "ht.min": 0,
        "ht.max": 100,
        "ht.value": 65,
        "ht.barWidth": 3,
        "ht.barGradient": "linear.west",
        "ht.sliderOffsetX": 0,
        "ht.sliderOffsetY": 1
      }
    },
    {
      "c": "ht.Node",
      "i": 85616,
      "p": {
        "displayName": "range-slider",
        "image": "symbols/ht/ui/rangeSlider.json",
        "position": {
          "x": 498.93148,
          "y": 434.25778
        },
        "width": 237.86306,
        "height": 30
      },
      "s": {
        "2d.movable": false
      },
      "a": {
        "ht.value": [
          20,
          40
        ],
        "ht.sliderWidth": 10,
        "ht.sliderHeight": 10,
        "ht.sliderBorderWidth": 1,
        "ht.sliderImage": "symbols/basic/point.json",
        "ht.step": 1,
        "ht.sliderOffsetY": -4,
        "ht.barValueBackground": "rgb(93,217,174)",
        "ht.barBorderRadius": 0.5
      }
    },
    {
      "c": "ht.Node",
      "i": 85617,
      "p": {
        "displayName": "slider",
        "image": "symbols/ht/ui/slider.json",
        "rotation": 6.28319,
        "position": {
          "x": 498.93148,
          "y": 515.48372
        },
        "width": 237.86294,
        "height": 20.74302
      },
      "s": {
        "2d.movable": false
      },
      "a": {
        "ht.step": 1,
        "ht.barGradientColor": "#FEB64D",
        "ht.barValueBackground": "#FF7C7C",
        "ht.sliderWidth": 4,
        "ht.sliderHeight": 8,
        "ht.sliderBorderWidth": 1,
        "ht.sliderBorderColor": "rgb(241,125,164)",
        "ht.sliderBackground": "#FEB64D",
        "ht.barWidth": 8,
        "ht.barBorderRadius": 0,
        "ht.sliderBorderRadios": 0,
        "ht.showToolTip": false,
        "ht.disabled": false,
        "ht.barGradient": "spread.vertical"
      }
    },
    {
      "c": "ht.Node",
      "i": 85618,
      "p": {
        "displayName": "range-slider",
        "image": "symbols/ht/ui/rangeSlider.json",
        "position": {
          "x": 498.93147,
          "y": 462.57375
        },
        "width": 237.86308,
        "height": 28.18812
      },
      "s": {
        "2d.movable": false
      },
      "a": {
        "ht.barValueBackground": "#FEB64D",
        "ht.barGradientColor": "#FF7C7C",
        "ht.sliderBorderColor": "#FF7C7C",
        "ht.sliderBorderRadius": 0,
        "ht.sliderWidth": 4,
        "ht.sliderBorderWidth": 1,
        "ht.sliderHeight": 6,
        "ht.barBorderRadius": 0,
        "ht.disabled": true,
        "ht.showToolTip": false,
        "ht.barGradient": "linear.west"
      }
    },
    {
      "c": "ht.Node",
      "i": 85619,
      "p": {
        "displayName": "slider",
        "image": "symbols/ht/ui/slider.json",
        "position": {
          "x": 498.93149,
          "y": 490.88973
        },
        "width": 237.86305,
        "height": 30
      },
      "s": {
        "2d.movable": false
      },
      "a": {
        "ht.step": 5,
        "ht.min": -10,
        "ht.barGradient": null,
        "ht.barGradientColor": "rgb(255,255,255)"
      }
    },
    {
      "c": "ht.Node",
      "i": 85620,
      "p": {
        "displayName": "range-slider",
        "image": "symbols/ht/ui/rangeSlider.json",
        "position": {
          "x": 498.93146,
          "y": 405.03586
        },
        "width": 237.86306,
        "height": 30
      },
      "s": {
        "2d.movable": false
      },
      "a": {
        "ht.value": [
          33,
          60
        ],
        "ht.toolTipFormat": "__ht__function(v) {\n    return v + 'km';\n}",
        "ht.sliderWidth": 8,
        "ht.sliderHeight": 8,
        "ht.sliderBorderWidth": 1,
        "ht.valueBarDraggable": false,
        "ht.barGradient": "linear.south",
        "ht.barGradientColor": "rgb(93,217,174)"
      }
    }
  ],
  "modified": "Thu Jan 17 2019 10:45:55 GMT+0800 (中国标准时间)",
  "contentRect": {
    "x": 379.99993,
    "y": 378.41424,
    "width": 258.60626,
    "height": 165.45122
  }
}