{
  "v": "6.3.1",
  "p": {
    "autoAdjustIndex": true,
    "hierarchicalRendering": true
  },
  "a": {
    "rotateAsClock": false,
    "connectActionType": "copyStyle",
    "fitContent": true
  },
  "d": [
    {
      "c": "ht.Node",
      "i": 4776,
      "p": {
        "displayName": "table",
        "image": "symbols/ht/ui/table.json",
        "position": {
          "x": 339.66413,
          "y": 921.17963
        },
        "width": 892.24675,
        "height": 579.4418
      },
      "s": {
        "2d.movable": false
      },
      "a": {
        "ht.headHeight": 40,
        "ht.rowHeight": 30,
        "ht.cellPadding": 6,
        "ht.showHead": true,
        "ht.dataSource": [
          {
            "key": "key",
            "desc": "列的key",
            "type": "string"
          },
          {
            "key": "displayName",
            "desc": "列显示的名称，如果为空则显示key",
            "type": "string"
          },
          {
            "key": "width",
            "desc": "列宽, >= 1表示固定值，< 1表格去掉固定值后的百分比，可以参考FormPane手册列说明",
            "type": "number",
            "defaultVaule": "0.1"
          },
          {
            "key": "align",
            "desc": "列水平对齐，值有left | center | right",
            "type": "string",
            "defaultVaule": "left"
          },
          {
            "key": "headColor",
            "desc": "列表头文本颜色，默认使用表格表头颜色设置",
            "type": "string | function"
          },
          {
            "key": "bodyColor",
            "desc": "列内容文本颜色，默认使用表格内容颜色设置",
            "type": "string | function"
          },
          {
            "key": "color",
            "desc": "列表头和内容（会被headColor和bodyColor覆盖）文本颜色，默认使用表格颜色设置",
            "type": "string | function"
          },
          {
            "key": "format",
            "desc": "格式化函数, function(val, row){} val为当前单元格文本，row为本行数据",
            "type": "function"
          },
          {
            "key": "isIcon",
            "desc": "是否将列数据当成图片url进行图片绘制",
            "type": "boolean",
            "defaultVaule": "false"
          },
          {
            "key": "drawCell",
            "desc": "单元格绘制函数，function(g, text, rect, option) {},参数说明\n- g: 画笔对象\n- text: 单元格内容\n- rect: 单元格矩形范围\n- option: {\n    font: // 字体\n    color: // 文本颜色\n    column: // 当前列定义对象\n    colIndex: // 列序号\n    row: // 当前行数据\n    rowIndex: // 行序号\n    defaultDraw: // 默认的单元格绘制，可直接调用 defaultDraw(),不需要传参\n    data://当前节点对象\n}",
            "type": "function"
          }
        ],
        "ht.columns": [
          {
            "key": "key",
            "displayName": "字段",
            "width": 100,
            "bodyColor": "rgb(51,153,255)"
          },
          {
            "key": "desc",
            "displayName": "说明",
            "width": 0.1
          },
          {
            "key": "type",
            "displayName": "类型",
            "width": 140
          },
          {
            "key": "defaultVaule",
            "displayName": "默认值",
            "width": 100
          }
        ],
        "ht.hoverBackground": "rgba(255,255,255,0.31)",
        "ht.borderWidth": 0,
        "ht.translateY": 0,
        "ht.rowLineWidth": 1,
        "ht.scrollBarWidth": 8,
        "ht.translateX": 0,
        "ht.showScrollBar": true,
        "ht.scrollBarColor": "rgba(49,210,235,0.39)",
        "ht.autoHideScrollBar": false,
        "ht.columnLineWidth": 0,
        "ht.bodyBackground": "rgb(247,247,247)",
        "ht.bodyTextColor": "rgb(61,61,61)",
        "ht.headTextColor": "rgb(61,61,61)",
        "ht.headbackground": "rgb(186,186,186)",
        "ht.headFont": "bold 14px sans-serif, arial",
        "ht.bodyFont": "14px sans-serif, arial"
      }
    }
  ],
  "modified": "Sun Feb 24 2019 17:02:38 GMT+0800 (China Standard Time)",
  "contentRect": {
    "x": -106.45925,
    "y": 631.45873,
    "width": 892.24675,
    "height": 579.4418
  }
}