{
  "dataBindings": [
    {
      "attr": "back0",
      "valueType": "NumberArray",
      "defaultValue": [
        89.04652,
        159.56834,
        47.87025,
        50.54526
      ]
    },
    {
      "attr": "back1",
      "valueType": "NumberArray",
      "defaultValue": [
        101.92659,
        170.53807,
        38.2962,
        40.4362
      ]
    },
    {
      "attr": "back2",
      "valueType": "NumberArray",
      "defaultValue": [
        112.98165,
        184.84097,
        38.2962,
        40.4362
      ]
    },
    {
      "attr": "back3",
      "valueType": "NumberArray",
      "defaultValue": [
        116.28766,
        190.75618,
        47.87025,
        50.54526
      ]
    },
    {
      "attr": "back",
      "valueType": "Color"
    }
  ],
  "width": 180,
  "height": 410,
  "clip": true,
  "comps": [
    {
      "type": "rect",
      "background": "rgb(127,127,127)",
      "borderWidth": 0.2,
      "borderColor": "rgb(0,0,0)",
      "rect": [
        -1.90696,
        0.35078,
        181.90696,
        409.41657
      ]
    },
    {
      "type": "rect",
      "background": "rgb(191,191,191)",
      "rect": [
        36.38924,
        23.09615,
        131.07478,
        338.73024
      ]
    },
    {
      "type": "shape",
      "borderWidth": 1,
      "borderColor": "rgb(255,255,255)",
      "points": [
        16.68345,
        0,
        16.68345,
        387.44252,
        179.55892,
        387.44252
      ]
    },
    {
      "type": "shape",
      "borderWidth": 4,
      "borderColor": "rgb(255,255,255)",
      "points": [
        55.53026,
        38.54662,
        55.06218,
        342.96573
      ]
    },
    {
      "type": "oval",
      "background": "rgb(127,127,127)",
      "borderColor": "#979797",
      "rect": {
        "func": "attr@back0",
        "value": [
          89.04652,
          159.56834,
          47.87025,
          50.54526
        ]
      }
    },
    {
      "type": "oval",
      "borderWidth": 0.1,
      "borderColor": "rgb(175,175,175)",
      "rect": {
        "func": "attr@back1",
        "value": [
          101.92659,
          170.53807,
          38.2962,
          40.4362
        ]
      }
    },
    {
      "type": "oval",
      "borderWidth": 0.1,
      "borderColor": "rgb(255,255,255)",
      "rect": {
        "func": "attr@back2",
        "value": [
          112.98165,
          184.84097,
          38.2962,
          40.4362
        ]
      }
    },
    {
      "type": "oval",
      "background": {
        "func": "attr@back",
        "value": "rgb(1,128,1)"
      },
      "borderWidth": 0.1,
      "borderColor": "rgb(0,0,0)",
      "rect": {
        "func": "attr@back3",
        "value": [
          116.28766,
          190.75618,
          47.87025,
          50.54526
        ]
      }
    }
  ]
}