{
  "dataBindings": [
    {
      "attr": "value",
      "valueType": "NumberArray"
    }
  ],
  "width": 100,
  "height": 24,
  "comps": [
    {
      "type": "rect",
      "background": "rgb(0,0,0)",
      "borderWidth": 0.2,
      "borderColor": "rgb(0,0,0)",
      "gradient": "spread.vertical",
      "rect": [
        0,
        7,
        100,
        10
      ]
    },
    {
      "type": "rect",
      "background": "rgb(0,0,0)",
      "borderWidth": 0.2,
      "borderColor": "rgb(0,0,0)",
      "gradient": "radial.center",
      "anchorX": 0,
      "rect": {
        "func": "attr@value",
        "value": [
          0,
          0,
          7,
          24
        ]
      }
    }
  ]
}