{
  "dataBindings": [
    {
      "attr": "clipVal",
      "valueType": "Percentage",
      "defaultValue": "0"
    },
    {
      "attr": "valPercent",
      "valueType": "String",
      "defaultValue": "0%"
    }
  ],
  "width": 57,
  "height": 10,
  "comps": [
    {
      "type": "rect",
      "background": "#D8D8D8",
      "borderWidth": 0.5,
      "borderColor": "#979797",
      "displayName": "borderRect",
      "rect": [
        0.11814,
        -0.01034,
        56.88186,
        9.82299
      ]
    },
    {
      "type": "rect",
      "background": "rgb(125,195,125)",
      "borderWidth": 0.5,
      "borderColor": "#979797",
      "clipPercentage": {
        "func": "attr@clipVal",
        "value": 0.61
      },
      "clipDirection": "right",
      "displayName": "delRect",
      "rect": [
        0.11814,
        -0.01034,
        56.88186,
        9.82299
      ]
    },
    {
      "type": "text",
      "text": {
        "func": "attr@valPercent",
        "value": "0%"
      },
      "align": "center",
      "font": "6px arial, sans-serif",
      "rect": [
        9.70878,
        -19.09885,
        38.29122,
        48.09885
      ]
    }
  ]
}