{
  "dataBindings": [
    {
      "attr": "angleVal",
      "valueType": "Angle",
      "defaultValue": 0
    }
  ],
  "width": 55,
  "height": 65,
  "comps": [
    {
      "type": "shape",
      "background": "rgb(128,128,128)",
      "borderWidth": 0.4,
      "borderColor": "rgb(0,0,0)",
      "closePath": true,
      "points": [
        17.29387,
        49.61167,
        11.305,
        57.35419,
        43.33387,
        57.35419,
        37.3781,
        49.67785,
        17.19461,
        49.57859
      ]
    },
    {
      "type": "oval",
      "background": "rgb(128,128,128)",
      "borderWidth": 0.4,
      "borderColor": "rgb(0,0,0)",
      "rect": [
        2.32395,
        1.64581,
        50,
        50
      ]
    },
    {
      "type": "oval",
      "background": "rgb(192,192,192)",
      "borderColor": "rgb(0,0,0)",
      "rect": [
        7.32395,
        6.64581,
        40,
        40
      ]
    },
    {
      "type": "arc",
      "background": "rgb(255,225,1)",
      "borderWidth": 0.4,
      "borderColor": "rgb(0,0,0)",
      "arcFrom": 0,
      "arcTo": 4.1888,
      "rotation": {
        "func": "attr@angleVal",
        "value": 12.56637
      },
      "rect": [
        10.32395,
        9.14581,
        35,
        35
      ]
    },
    {
      "type": "oval",
      "background": "rgb(128,0,0)",
      "borderWidth": 0.4,
      "borderColor": "rgb(139,117,116)",
      "rect": [
        22.82395,
        21.64581,
        10,
        10
      ]
    },
    {
      "type": "rect",
      "background": "rgb(128,128,128)",
      "borderWidth": 0.4,
      "borderColor": "rgb(0,0,0)",
      "rect": [
        3.32395,
        57.35419,
        50.35211,
        6
      ]
    }
  ]
}