{
  "dataBindings": [
    {
      "attr": "points",
      "valueType": "NumberArray",
      "defaultValue": []
    }
  ],
  "width": 800,
  "height": 600,
  "comps": [
    {
      "type": "components/monitor/lineDiagram.json",
      "displayName": "lineDiagram",
      "rect": [
        0,
        0,
        800,
        600
      ],
      "points": {
        "func": "attr@points",
        "value": [
          0,
          5,
          3,
          10,
          4,
          13,
          5,
          16,
          9,
          1,
          16,
          31,
          17,
          50,
          19,
          60,
          22,
          80,
          23,
          83
        ]
      }
    }
  ]
}