{
  "dataBindings": [
    {
      "attr": "clipVal",
      "valueType": "Percentage",
      "defaultValue": 0
    }
  ],
  "width": 25,
  "height": 50,
  "comps": [
    {
      "type": "shape",
      "borderWidth": 0.2,
      "borderColor": "rgb(0,0,0)",
      "points": [
        7.45833,
        4.2855,
        18.8027,
        4.38772
      ]
    },
    {
      "type": "shape",
      "borderWidth": 0.2,
      "borderColor": "rgb(0,0,0)",
      "points": [
        6.44283,
        2.38772,
        19.79235,
        2.38772
      ]
    },
    {
      "type": "roundRect",
      "background": "rgb(61,61,61)",
      "borderWidth": 1,
      "borderColor": "rgb(0,0,0)",
      "gradient": "spread.horizontal",
      "gradientColor": "rgb(247,247,247)",
      "borderWidthAbsolute": true,
      "rect": [
        1,
        5.38773,
        23,
        41
      ]
    },
    {
      "type": "shape",
      "background": "rgb(0,0,0)",
      "borderWidth": 1,
      "borderColor": "rgb(0,0,0)",
      "borderWidthAbsolute": true,
      "anchorX": 0.44519,
      "anchorY": 0.45943,
      "points": [
        5.31382,
        19.7041,
        5.21116,
        15.34106,
        8.23962,
        11.23467,
        10.80611,
        11.23467,
        10.80611,
        11.23467,
        12.05651,
        10.78323,
        13.35259,
        10.79607,
        14.64867,
        10.8089,
        15.99043,
        11.286,
        15.99043,
        11.286,
        15.99043,
        11.286,
        17.89522,
        10.38773,
        18.87049,
        11.286,
        19.84576,
        12.18428,
        19.8915,
        14.87909,
        19.8915,
        14.87909,
        19.8915,
        21.03868,
        21.84203,
        27.91688,
        19.73751,
        33.92247,
        20.81544,
        37.56689,
        16.70905,
        42.75121,
        8.90691,
        40.44136,
        6.44308,
        38.18285,
        3.15797,
        27.50624,
        5.21116,
        19.7041
      ],
      "segments": [
        1,
        2,
        2,
        2,
        4,
        4,
        4,
        4,
        2,
        2,
        2,
        2,
        2,
        2,
        2,
        2,
        2
      ]
    },
    {
      "type": "shape",
      "background": "rgb(51,153,255)",
      "borderWidth": 1,
      "borderColor": "rgb(0,0,0)",
      "borderWidthAbsolute": true,
      "clipPercentage": {
        "func": "attr@clipVal",
        "value": 1
      },
      "anchorX": 0.44519,
      "anchorY": 0.45943,
      "points": [
        5.31382,
        19.7041,
        5.21116,
        15.34106,
        8.23962,
        11.23467,
        10.80611,
        11.23467,
        10.80611,
        11.23467,
        12.05651,
        10.78323,
        13.35259,
        10.79607,
        14.64867,
        10.8089,
        15.99043,
        11.286,
        15.99043,
        11.286,
        15.99043,
        11.286,
        17.89522,
        10.38773,
        18.87049,
        11.286,
        19.84576,
        12.18428,
        19.8915,
        14.87909,
        19.8915,
        14.87909,
        19.8915,
        21.03868,
        21.84203,
        27.91688,
        19.73751,
        33.92247,
        20.81544,
        37.56689,
        16.70905,
        42.75121,
        8.90691,
        40.44136,
        6.44308,
        38.18285,
        3.15797,
        27.50624,
        5.21116,
        19.7041
      ],
      "segments": [
        1,
        2,
        2,
        2,
        4,
        4,
        4,
        4,
        2,
        2,
        2,
        2,
        2,
        2,
        2,
        2,
        2
      ]
    },
    {
      "type": "shape",
      "borderWidth": 0.5,
      "borderColor": "rgb(240,225,19)",
      "points": [
        7.07585,
        46.69746,
        7.07585,
        5.638,
        15.05717,
        5.72669,
        15.05717,
        46.69746,
        15.05717,
        44.79081,
        7.03151,
        44.74647,
        15.05717,
        42.79548,
        7.03151,
        42.7068,
        15.01283,
        40.75581,
        7.12019,
        40.75581,
        14.96849,
        38.8935,
        7.03151,
        38.80482,
        15.01283,
        36.80949,
        7.03151,
        36.72081,
        15.01283,
        34.81416,
        7.07585,
        34.72548,
        15.01283,
        32.86317,
        7.12019,
        32.81883,
        15.01283,
        30.86784,
        7.07585,
        30.86784,
        15.01283,
        28.82817,
        7.12019,
        28.82817,
        14.96849,
        26.7885,
        7.07585,
        26.7885,
        15.05717,
        24.74883,
        7.07585,
        24.79317,
        15.05717,
        22.7535,
        7.07585,
        22.7535,
        15.05717,
        20.75817,
        7.12019,
        20.75817,
        15.05717,
        18.85152,
        7.07585,
        18.85152,
        15.05717,
        16.74306,
        7.07585,
        16.72317,
        15.01283,
        14.77218,
        6.98717,
        14.6835,
        15.05717,
        12.68817,
        6.94283,
        12.68817,
        15.05717,
        10.69284,
        7.07585,
        10.6485,
        15.05717,
        8.74306,
        7.07585,
        8.74185,
        15.05717,
        6.79086,
        7.03151,
        6.79086
      ],
      "segments": [
        1,
        2,
        1,
        2,
        1,
        2,
        1,
        2,
        1,
        2,
        1,
        2,
        1,
        2,
        1,
        2,
        1,
        2,
        1,
        2,
        1,
        2,
        1,
        2,
        1,
        2,
        1,
        2,
        1,
        2,
        1,
        2,
        1,
        2,
        1,
        2,
        1,
        2,
        1,
        2,
        1,
        2,
        1,
        2
      ]
    },
    {
      "type": "shape",
      "borderWidth": 0.5,
      "borderColor": "rgb(0,0,0)",
      "fillClipPercentage": {
        "func": "attr@clipVal",
        "value": 1
      },
      "points": [
        6.57585,
        46.44718,
        6.57585,
        5.38773,
        14.55717,
        5.47641,
        14.55717,
        46.44718,
        14.55717,
        44.54053,
        6.53151,
        44.49619,
        14.55717,
        42.5452,
        6.53151,
        42.45652,
        14.51283,
        40.50553,
        6.62019,
        40.50553,
        14.46849,
        38.64323,
        6.53151,
        38.55454,
        14.51283,
        36.55921,
        6.53151,
        36.47053,
        14.51283,
        34.56389,
        6.57585,
        34.4752,
        14.51283,
        32.6129,
        6.62019,
        32.56856,
        14.51283,
        30.61757,
        6.57585,
        30.61757,
        14.51283,
        28.5779,
        6.62019,
        28.5779,
        14.46849,
        26.53823,
        6.57585,
        26.53823,
        14.55717,
        24.49856,
        6.57585,
        24.5429,
        14.55717,
        22.50323,
        6.57585,
        22.50323,
        14.55717,
        20.5079,
        6.62019,
        20.5079,
        14.55717,
        18.60125,
        6.57585,
        18.60125,
        14.55717,
        16.49278,
        6.57585,
        16.4729,
        14.51283,
        14.52191,
        6.48717,
        14.43322,
        14.55717,
        12.4379,
        6.44283,
        12.4379,
        14.55717,
        10.44257,
        6.57585,
        10.39822,
        14.55717,
        8.49278,
        6.57585,
        8.49158,
        14.55717,
        6.54059,
        6.53151,
        6.54059
      ],
      "segments": [
        1,
        2,
        1,
        2,
        1,
        2,
        1,
        2,
        1,
        2,
        1,
        2,
        1,
        2,
        1,
        2,
        1,
        2,
        1,
        2,
        1,
        2,
        1,
        2,
        1,
        2,
        1,
        2,
        1,
        2,
        1,
        2,
        1,
        2,
        1,
        2,
        1,
        2,
        1,
        2,
        1,
        2,
        1,
        2
      ]
    },
    {
      "type": "shape",
      "borderWidth": 0.2,
      "borderColor": "rgb(0,0,0)",
      "points": [
        6.53915,
        5.25797,
        6.53915,
        3.41009,
        4.43463,
        1.30558,
        21.52747,
        1.35691,
        19.52561,
        3.35876,
        19.52561,
        5.25797,
        15.41922,
        5.36063,
        15.41922,
        3.30743,
        17.36975,
        1.35691,
        11.46682,
        5.3093,
        11.46682,
        3.30743,
        9.46496,
        1.35691,
        9.41363,
        1.35691
      ],
      "segments": [
        1,
        2,
        2,
        2,
        2,
        2,
        1,
        2,
        2,
        1,
        2,
        2,
        2
      ]
    },
    {
      "type": "shape",
      "background": "rgb(240,225,19)",
      "borderWidth": 0.1,
      "borderColor": "rgb(0,0,0)",
      "points": [
        7.4412,
        5.38772,
        7.40645,
        3.32502,
        5.53038,
        1.41419,
        4.45338,
        1.37946,
        6.50316,
        3.53346,
        6.50316,
        5.38772,
        7.5,
        5.38772
      ]
    },
    {
      "type": "shape",
      "background": "rgb(240,225,19)",
      "borderWidth": 0.1,
      "borderColor": "rgb(0,0,0)",
      "points": [
        11.99391,
        5.38772,
        11.95917,
        3.32502,
        10.0831,
        1.41419,
        9.00609,
        1.37946,
        11.05587,
        3.53346,
        11.05587,
        5.38772,
        11.99391,
        5.38772
      ]
    },
    {
      "type": "shape",
      "background": "rgb(240,225,19)",
      "borderWidth": 0.1,
      "borderColor": "rgb(0,0,0)",
      "closePath": true,
      "points": [
        17.59651,
        1.41971,
        15.68285,
        3.41778,
        15.65471,
        5.38772,
        14.55717,
        5.38772,
        14.55717,
        3.33336,
        16.55717,
        1.41971
      ]
    },
    {
      "type": "shape",
      "background": "rgb(240,225,19)",
      "borderWidth": 0.1,
      "borderColor": "rgb(0,0,0)",
      "closePath": true,
      "points": [
        21.84203,
        1.30254,
        19.92838,
        3.30063,
        19.92838,
        5.68041,
        18.8027,
        5.38772,
        18.8027,
        3.21619,
        20.8027,
        1.30254
      ]
    }
  ]
}