{
  "dataBindings": [
    {
      "attr": "clipVal",
      "valueType": "Percentage"
    }
  ],
  "width": 63,
  "height": 20,
  "comps": [
    {
      "type": "rect",
      "background": "rgb(0,0,0)",
      "borderWidth": 0.2,
      "borderColor": "rgb(0,0,0)",
      "rect": [
        0,
        1.5,
        63,
        17
      ]
    },
    {
      "type": "rect",
      "background": "rgb(128,0,0)",
      "borderWidth": 0.2,
      "borderColor": "rgb(0,0,0)",
      "rect": [
        0,
        1.5,
        3,
        17
      ]
    },
    {
      "type": "rect",
      "background": "rgb(128,0,0)",
      "borderWidth": 0.2,
      "borderColor": "rgb(0,0,0)",
      "rect": [
        5,
        1.5,
        3,
        17
      ]
    },
    {
      "type": "rect",
      "background": "rgb(128,0,0)",
      "borderWidth": 0.2,
      "borderColor": "rgb(0,0,0)",
      "rect": [
        10,
        1.5,
        3,
        17
      ]
    },
    {
      "type": "rect",
      "background": "rgb(128,0,0)",
      "borderWidth": 0.2,
      "borderColor": "rgb(0,0,0)",
      "rect": [
        15,
        1.5,
        3,
        17
      ]
    },
    {
      "type": "rect",
      "background": "rgb(128,0,0)",
      "borderWidth": 0.2,
      "borderColor": "rgb(0,0,0)",
      "rect": [
        20,
        1.5,
        3,
        17
      ]
    },
    {
      "type": "rect",
      "background": "rgb(128,0,0)",
      "borderWidth": 0.2,
      "borderColor": "rgb(0,0,0)",
      "rect": [
        25,
        1.5,
        3,
        17
      ]
    },
    {
      "type": "rect",
      "background": "rgb(128,0,0)",
      "borderWidth": 0.2,
      "borderColor": "rgb(0,0,0)",
      "rect": [
        30,
        1.5,
        3,
        17
      ]
    },
    {
      "type": "rect",
      "background": "rgb(128,0,0)",
      "borderWidth": 0.2,
      "borderColor": "rgb(0,0,0)",
      "rect": [
        35,
        1.5,
        3,
        17
      ]
    },
    {
      "type": "rect",
      "background": "rgb(128,0,0)",
      "borderWidth": 0.2,
      "borderColor": "rgb(0,0,0)",
      "rect": [
        40,
        1.5,
        3,
        17
      ]
    },
    {
      "type": "rect",
      "background": "rgb(128,0,0)",
      "borderWidth": 0.2,
      "borderColor": "rgb(0,0,0)",
      "rect": [
        45,
        1.5,
        3,
        17
      ]
    },
    {
      "type": "rect",
      "background": "rgb(128,0,0)",
      "borderWidth": 0.2,
      "borderColor": "rgb(0,0,0)",
      "rect": [
        50,
        1.5,
        3,
        17
      ]
    },
    {
      "type": "rect",
      "background": "rgb(128,0,0)",
      "borderWidth": 0.2,
      "borderColor": "rgb(0,0,0)",
      "rect": [
        55,
        1.41981,
        3,
        17.16037
      ]
    },
    {
      "type": "rect",
      "background": "rgb(128,0,0)",
      "borderWidth": 0.2,
      "borderColor": "rgb(0,0,0)",
      "rect": [
        60,
        1.41981,
        3,
        17.16037
      ]
    },
    {
      "type": "image",
      "name": "symbols/demo/monitor/progress_back.json",
      "clipPercentage": {
        "func": "attr@clipVal",
        "value": 1
      },
      "clipDirection": "right",
      "displayName": "progress_back",
      "rect": [
        0,
        0,
        63,
        20
      ]
    }
  ]
}