{
  "dataBindings": [
    {
      "attr": "onOff",
      "valueType": "Number",
      "defaultValue": 0
    }
  ],
  "width": 80,
  "height": 23,
  "comps": [
    {
      "type": "shape",
      "borderWidth": 0.2,
      "borderColor": "rgb(0,0,0)",
      "points": [
        1,
        20.47506,
        20.90321,
        20.52494
      ]
    },
    {
      "type": "oval",
      "background": "#D8D8D8",
      "borderWidth": 0.2,
      "borderColor": "rgb(0,0,0)",
      "rect": [
        21,
        17.9838,
        5,
        5
      ]
    },
    {
      "type": "shape",
      "borderWidth": 0.2,
      "borderColor": "rgb(0,0,0)",
      "anchorX": 0,
      "rotation": {
        "func": "attr@onOff",
        "value": -0.7854
      },
      "points": [
        26,
        20.4838,
        53.87057,
        20.5
      ]
    },
    {
      "type": "oval",
      "background": "#D8D8D8",
      "borderWidth": 0.2,
      "borderColor": "rgb(0,0,0)",
      "rect": [
        54,
        18,
        5,
        5
      ]
    },
    {
      "type": "shape",
      "borderWidth": 0.2,
      "borderColor": "rgb(0,0,0)",
      "points": [
        59.12943,
        20.4838,
        79,
        20.4838
      ]
    }
  ]
}