{
  "dataBindings": [
    {
      "attr": "onOff",
      "valueType": "Color"
    }
  ],
  "width": 50,
  "height": 70,
  "comps": [
    {
      "type": "oval",
      "borderWidth": 0.2,
      "borderColor": {
        "func": "attr@onOff",
        "value": "rgb(0,0,0)"
      },
      "rect": [
        1.58314,
        11.5,
        25,
        25
      ]
    },
    {
      "type": "oval",
      "borderWidth": 0.2,
      "borderColor": {
        "func": "attr@onOff",
        "value": "rgb(0,0,0)"
      },
      "rect": [
        13.58314,
        21,
        25,
        25
      ]
    },
    {
      "type": "oval",
      "borderWidth": 0.2,
      "borderColor": {
        "func": "attr@onOff",
        "value": "rgb(0,0,0)"
      },
      "rect": [
        1.58314,
        31,
        25,
        25
      ]
    },
    {
      "type": "shape",
      "borderWidth": 0.2,
      "borderColor": {
        "func": "attr@onOff",
        "value": "rgb(0,0,0)"
      },
      "points": [
        14.08314,
        11.5,
        14.08314,
        1
      ]
    },
    {
      "type": "shape",
      "borderWidth": 0.2,
      "borderColor": {
        "func": "attr@onOff",
        "value": "rgb(0,0,0)"
      },
      "points": [
        14.0691,
        55.93227,
        14.12043,
        67.01952
      ]
    },
    {
      "type": "shape",
      "borderWidth": 0.2,
      "borderColor": {
        "func": "attr@onOff",
        "value": "rgb(0,0,0)"
      },
      "points": [
        38.70743,
        33.75777,
        50,
        33.70644
      ]
    }
  ]
}