{
  "background": "rgb(49,51,79)",
  "previewURL": "symbol-pv.html",
  "dataBindings": [
    {
      "valueType": "String",
      "name": "PVBranch0",
      "attr": "branch0"
    },
    {
      "valueType": "String",
      "name": "PVBranch1",
      "attr": "branch1"
    },
    {
      "valueType": "String",
      "name": "PVBranch2",
      "attr": "branch2"
    },
    {
      "valueType": "String",
      "name": "PVBranch3",
      "attr": "branch3"
    },
    {
      "valueType": "String",
      "name": "PVBranch4",
      "attr": "branch4"
    },
    {
      "valueType": "String",
      "name": "PVBranch5",
      "attr": "branch5"
    },
    {
      "valueType": "String",
      "name": "PVBranch6",
      "attr": "branch6"
    },
    {
      "valueType": "String",
      "name": "PVBranch7",
      "attr": "branch7"
    },
    {
      "valueType": "String",
      "name": "PVBranch8",
      "attr": "branch8"
    },
    {
      "valueType": "String",
      "name": "PVBranch9",
      "attr": "branch9"
    },
    {
      "valueType": "String",
      "name": "PVBranch10",
      "attr": "branch10"
    },
    {
      "valueType": "String",
      "name": "PVBranch11",
      "attr": "branch11"
    },
    {
      "valueType": "String",
      "name": "PVBranch12",
      "attr": "branch12"
    },
    {
      "valueType": "String",
      "name": "PVBranch13",
      "attr": "branch13"
    },
    {
      "valueType": "String",
      "name": "PVBranch14",
      "attr": "branch14"
    },
    {
      "valueType": "String",
      "name": "PVBranch15",
      "attr": "branch15"
    },
    {
      "valueType": "String",
      "name": "PVDeviceName",
      "attr": "deviceName"
    },
    {
      "valueType": "String",
      "name": "PVDiscreteRate",
      "attr": "discreteRate"
    },
    {
      "valueType": "String",
      "name": "PVOutputPower",
      "attr": "outputPower"
    },
    {
      "valueType": "String",
      "name": "PVCapacity",
      "attr": "capacity"
    },
    {
      "valueType": "PVState",
      "name": "PVState0",
      "attr": "state0"
    },
    {
      "valueType": "PVState",
      "name": "PVState1",
      "attr": "state1"
    },
    {
      "valueType": "PVState",
      "name": "PVState2",
      "attr": "state2"
    },
    {
      "valueType": "PVState",
      "name": "PVState3",
      "attr": "state3"
    },
    {
      "valueType": "PVState",
      "name": "PVState4",
      "attr": "state4"
    },
    {
      "valueType": "PVState",
      "name": "PVState5",
      "attr": "state5"
    },
    {
      "valueType": "PVState",
      "name": "PVState6",
      "attr": "state6"
    },
    {
      "valueType": "PVState",
      "name": "PVState7",
      "attr": "state7"
    },
    {
      "valueType": "PVState",
      "name": "PVState8",
      "attr": "state8"
    },
    {
      "valueType": "PVState",
      "name": "PVState9",
      "attr": "state9"
    },
    {
      "valueType": "PVState",
      "name": "PVState10",
      "attr": "state10"
    },
    {
      "valueType": "PVState",
      "name": "PVState11",
      "attr": "state11"
    },
    {
      "valueType": "PVState",
      "name": "PVState12",
      "attr": "state12"
    },
    {
      "valueType": "PVState",
      "name": "PVState13",
      "attr": "state13"
    },
    {
      "valueType": "PVState",
      "name": "PVState14",
      "attr": "state14"
    },
    {
      "valueType": "PVState",
      "name": "PVState15",
      "attr": "state15"
    },
    {
      "valueType": "Percentage",
      "name": "PVPercentage",
      "attr": "percentage"
    },
    {
      "valueType": "PVHLXState",
      "name": "PVHLXState",
      "attr": "hlxState"
    }
  ],
  "width": 420,
  "height": 90,
  "fitSize": false,
  "comps": [
    {
      "type": "roundRect",
      "background": {
        "func": "attr@state0",
        "value": "#454668"
      },
      "borderColor": "rgb(69,70,105)",
      "cornerRadius": 4,
      "rect": [
        101.37916812581066,
        7.079662289234765,
        36,
        36
      ]
    },
    {
      "type": "roundRect",
      "background": {
        "func": "attr@state1",
        "value": "#454668"
      },
      "borderColor": "rgb(69,70,105)",
      "dashPattern": [
        16,
        16
      ],
      "cornerRadius": 4,
      "rect": [
        140.8870878497313,
        7.079662289234765,
        36,
        36
      ]
    },
    {
      "type": "roundRect",
      "background": {
        "func": "attr@state2",
        "value": "#454668"
      },
      "borderColor": "rgb(69,70,105)",
      "dashPattern": [
        16,
        16
      ],
      "cornerRadius": 4,
      "rect": [
        180.39500757365192,
        7.079662289234765,
        36,
        36
      ]
    },
    {
      "type": "roundRect",
      "background": {
        "func": "attr@state3",
        "value": "#454668"
      },
      "borderColor": "rgb(69,70,105)",
      "dashPattern": [
        16,
        16
      ],
      "cornerRadius": 4,
      "rect": [
        219.90292729757255,
        7.079662289234765,
        36,
        36
      ]
    },
    {
      "type": "roundRect",
      "background": {
        "func": "attr@state7",
        "value": "#454668"
      },
      "borderColor": "rgb(69,70,105)",
      "dashPattern": [
        16,
        16
      ],
      "cornerRadius": 4,
      "rect": [
        377.9346061932551,
        7.079662289234765,
        36,
        36
      ]
    },
    {
      "type": "roundRect",
      "background": {
        "func": "attr@state6",
        "value": "#454668"
      },
      "borderColor": "rgb(69,70,105)",
      "dashPattern": [
        16,
        16
      ],
      "cornerRadius": 4,
      "rect": [
        338.42668646933447,
        7.079662289234765,
        36,
        36
      ]
    },
    {
      "type": "roundRect",
      "background": {
        "func": "attr@state5",
        "value": "#454668"
      },
      "borderColor": "rgb(69,70,105)",
      "dashPattern": [
        16,
        16
      ],
      "cornerRadius": 4,
      "rect": [
        298.91876674541385,
        7.079662289234765,
        36,
        36
      ]
    },
    {
      "type": "roundRect",
      "background": {
        "func": "attr@state4",
        "value": "#454668"
      },
      "borderColor": "rgb(69,70,105)",
      "dashPattern": [
        16,
        16
      ],
      "cornerRadius": 4,
      "rect": [
        259.41084702149317,
        7.079662289234765,
        36,
        36
      ]
    },
    {
      "type": "roundRect",
      "background": {
        "func": "attr@state12",
        "value": "#454668"
      },
      "borderColor": "rgb(69,70,105)",
      "dashPattern": [
        16,
        16
      ],
      "cornerRadius": 4,
      "rect": [
        259.34316308529026,
        48.366863372984696,
        36,
        36
      ]
    },
    {
      "type": "roundRect",
      "background": {
        "func": "attr@state13",
        "value": "#454668"
      },
      "borderColor": "rgb(69,70,105)",
      "dashPattern": [
        16,
        16
      ],
      "cornerRadius": 4,
      "rect": [
        298.851082809211,
        48.366863372984696,
        36,
        36
      ]
    },
    {
      "type": "roundRect",
      "background": {
        "func": "attr@state14",
        "value": "#454668"
      },
      "borderColor": "rgb(69,70,105)",
      "dashPattern": [
        16,
        16
      ],
      "cornerRadius": 4,
      "rect": [
        338.3590025331316,
        48.366863372984696,
        36,
        36
      ]
    },
    {
      "type": "roundRect",
      "background": {
        "func": "attr@state15",
        "value": "#454668"
      },
      "borderColor": "rgb(69,70,105)",
      "dashPattern": [
        16,
        16
      ],
      "cornerRadius": 4,
      "rect": [
        377.86692225705224,
        48.366863372984696,
        36,
        36
      ]
    },
    {
      "type": "roundRect",
      "background": {
        "func": "attr@state11",
        "value": "#454668"
      },
      "borderColor": "rgb(69,70,105)",
      "dashPattern": [
        16,
        16
      ],
      "cornerRadius": 4,
      "rect": [
        219.8352433613697,
        48.366863372984696,
        36,
        36
      ]
    },
    {
      "type": "roundRect",
      "background": {
        "func": "attr@state10",
        "value": "#454668"
      },
      "borderColor": "rgb(69,70,105)",
      "dashPattern": [
        16,
        16
      ],
      "cornerRadius": 4,
      "rect": [
        180.32732363744907,
        48.366863372984696,
        36,
        36
      ]
    },
    {
      "type": "roundRect",
      "background": {
        "func": "attr@state9",
        "value": "#454668"
      },
      "borderColor": "rgb(69,70,105)",
      "dashPattern": [
        16,
        16
      ],
      "cornerRadius": 4,
      "rect": [
        140.81940391352845,
        48.366863372984696,
        36,
        36
      ]
    },
    {
      "type": "roundRect",
      "background": {
        "func": "attr@state8",
        "value": "#454668"
      },
      "borderColor": "rgb(69,70,105)",
      "dashPattern": [
        16,
        16
      ],
      "cornerRadius": 4,
      "rect": [
        101.3114841896078,
        48.366863372984696,
        36,
        36
      ]
    },
    {
      "type": "text",
      "text": {
        "func": "attr@branch0",
        "value": "0.0"
      },
      "align": "center",
      "color": "white",
      "font": "10px arial, sans-serif",
      "rect": [
        98.28631810887624,
        8.936050212649144,
        42.84479345132519,
        20.59823148672272
      ]
    },
    {
      "type": "text",
      "text": {
        "func": "attr@branch1",
        "value": "0.0"
      },
      "align": "center",
      "color": "white",
      "font": "10px arial, sans-serif",
      "rect": [
        138.38904816432685,
        8.936050212649144,
        42.84479345132519,
        20.59823148672272
      ]
    },
    {
      "type": "text",
      "text": {
        "func": "attr@branch2",
        "value": "0.0"
      },
      "align": "center",
      "color": "white",
      "font": "10px arial, sans-serif",
      "rect": [
        177.128434651475,
        8.936050212649144,
        42.84479345132519,
        20.59823148672272
      ]
    },
    {
      "type": "text",
      "text": {
        "func": "attr@branch3",
        "value": "0.0"
      },
      "align": "center",
      "color": "white",
      "font": "10px arial, sans-serif",
      "rect": [
        216.5494929227744,
        8.936050212649144,
        42.84479345132519,
        20.59823148672272
      ]
    },
    {
      "type": "text",
      "text": {
        "func": "attr@branch4",
        "value": "0.0"
      },
      "align": "center",
      "color": "white",
      "font": "10px arial, sans-serif",
      "rect": [
        255.9705511940738,
        8.936050212649144,
        42.84479345132519,
        20.59823148672272
      ]
    },
    {
      "type": "text",
      "text": {
        "func": "attr@branch5",
        "value": "0.0"
      },
      "align": "center",
      "color": "white",
      "font": "10px arial, sans-serif",
      "rect": [
        295.3916094653732,
        8.936050212649144,
        42.84479345132519,
        20.59823148672272
      ]
    },
    {
      "type": "text",
      "text": {
        "func": "attr@branch6",
        "value": "0.0"
      },
      "align": "center",
      "color": "white",
      "font": "10px arial, sans-serif",
      "rect": [
        334.81266773667255,
        8.936050212649144,
        42.84479345132519,
        20.59823148672272
      ]
    },
    {
      "type": "text",
      "text": {
        "func": "attr@branch7",
        "value": "0.0"
      },
      "align": "center",
      "color": "white",
      "font": "10px arial, sans-serif",
      "rect": [
        374.233726007972,
        8.936050212649144,
        42.84479345132519,
        20.59823148672272
      ]
    },
    {
      "type": "text",
      "text": {
        "func": "attr@branch15",
        "value": "0.0"
      },
      "align": "center",
      "color": "white",
      "font": "10px arial, sans-serif",
      "rect": [
        374.1660420717691,
        50.22325129639908,
        42.84479345132519,
        20.59823148672272
      ]
    },
    {
      "type": "text",
      "text": {
        "func": "attr@branch14",
        "value": "0.0"
      },
      "align": "center",
      "color": "white",
      "font": "10px arial, sans-serif",
      "rect": [
        334.74498380046975,
        50.22325129639908,
        42.84479345132519,
        20.59823148672272
      ]
    },
    {
      "type": "text",
      "text": {
        "func": "attr@branch13",
        "value": "0.0"
      },
      "align": "center",
      "color": "white",
      "font": "10px arial, sans-serif",
      "rect": [
        295.3239255291703,
        50.22325129639908,
        42.84479345132519,
        20.59823148672272
      ]
    },
    {
      "type": "text",
      "text": {
        "func": "attr@branch12",
        "value": "0.0"
      },
      "align": "center",
      "color": "white",
      "font": "10px arial, sans-serif",
      "rect": [
        255.90286725787095,
        50.22325129639908,
        42.84479345132519,
        20.59823148672272
      ]
    },
    {
      "type": "text",
      "text": {
        "func": "attr@branch11",
        "value": "0.0"
      },
      "align": "center",
      "color": "white",
      "font": "10px arial, sans-serif",
      "rect": [
        216.4818089865715,
        50.22325129639908,
        42.84479345132519,
        20.59823148672272
      ]
    },
    {
      "type": "text",
      "text": {
        "func": "attr@branch10",
        "value": "0.0"
      },
      "align": "center",
      "color": "white",
      "font": "10px arial, sans-serif",
      "rect": [
        177.06075071527212,
        50.22325129639908,
        42.84479345132519,
        20.59823148672272
      ]
    },
    {
      "type": "text",
      "text": {
        "func": "attr@branch9",
        "value": "0.0"
      },
      "align": "center",
      "color": "white",
      "font": "10px arial, sans-serif",
      "rect": [
        137.63969244397273,
        50.22325129639908,
        42.84479345132519,
        20.59823148672272
      ]
    },
    {
      "type": "text",
      "text": {
        "func": "attr@branch8",
        "value": "0.0"
      },
      "align": "center",
      "color": "white",
      "font": "10px arial, sans-serif",
      "rect": [
        98.21863417267338,
        50.22325129639908,
        42.84479345132519,
        20.59823148672272
      ]
    },
    {
      "type": "rect",
      "background": {
        "func": "attr@hlxState",
        "value": "#81E746"
      },
      "borderColor": "#979797",
      "gradientColor": "rgb(255,255,255)",
      "rect": [
        6.293212524714665,
        5.733940552908063,
        13.138471117107454,
        32.529489195018385
      ]
    },
    {
      "type": "text",
      "text": {
        "func": "attr@deviceName",
        "value": "S01-NBA-001"
      },
      "color": "white",
      "font": "10px arial, sans-serif",
      "rect": [
        20.949210054107624,
        3.0895777214394045,
        79.14129957187549,
        20.598231486722725
      ]
    },
    {
      "type": "text",
      "text": {
        "func": "attr@discreteRate",
        "value": "15%"
      },
      "align": "center",
      "color": "white",
      "font": "10px arial, sans-serif",
      "rect": [
        30.054214234502652,
        23.37424398312377,
        42.84479345132519,
        20.59823148672272
      ]
    },
    {
      "type": "rect",
      "background": "rgb(111,112,130)",
      "borderColor": "#979797",
      "gradientColor": "rgb(255,255,255)",
      "dashPattern": [
        16,
        16
      ],
      "rect": [
        6,
        48,
        80,
        4
      ]
    },
    {
      "type": "rect",
      "background": "#FF6A01",
      "borderColor": "#979797",
      "gradientColor": "rgb(255,255,255)",
      "dashPattern": [
        16,
        16
      ],
      "rect": {
        "func": "__ht__function(data, view) {\nvar width = 0;\nif (data) {\n    var percentage = data.a('percentage');\n    if (percentage) {\n        width = 80 * percentage;\n    }\n}\nreturn [6,48,width,4]\n}",
        "value": [
          6,
          48,
          12,
          4
        ]
      }
    },
    {
      "type": "text",
      "text": {
        "func": "attr@outputPower",
        "value": "7.8KW"
      },
      "color": "white",
      "font": "10px arial, sans-serif",
      "rect": [
        1.4934701353322204,
        61.345207756247156,
        42.84479345132519,
        20.59823148672272
      ]
    },
    {
      "type": "text",
      "text": {
        "func": "attr@capacity",
        "value": "76.8KW"
      },
      "align": "right",
      "color": "rgb(111,112,130)",
      "font": "10px arial, sans-serif",
      "rect": [
        51.78590788099389,
        61.345207756247156,
        42.84479345132519,
        20.59823148672272
      ]
    }
  ]
}