{
  "width": 12,
  "height": 12,
  "fitSize": true,
  "comps": [
    {
      "type": "rect",
      "background": "rgb(240,229,29)",
      "borderWidth": 1,
      "borderColor": "rgb(250,224,120)",
      "opacity": 0.3,
      "shadowColor": "#1ABC9C",
      "rect": [
        1.11012,
        0.83643,
        9.77976,
        10.32714
      ]
    },
    {
      "type": "rect",
      "background": "rgb(240,208,29)",
      "borderWidth": 1,
      "borderColor": "rgb(250,230,120)",
      "shadowColor": "#1ABC9C",
      "rect": [
        3.01699,
        2.99708,
        5.96602,
        6.00583
      ]
    }
  ]
}