{
  "width": 64,
  "height": 64,
  "comps": [
    {
      "type": "circle",
      "background": "rgb(34,46,32)",
      "borderColor": "rgb(105,105,105)",
      "rect": [
        4.40915,
        -1.45466,
        55.18171,
        75.1402
      ]
    },
    {
      "type": "circle",
      "background": "rgb(166,166,166)",
      "borderWidth": 1,
      "borderColor": "rgb(105,105,105)",
      "gradient": "spread.diagonal",
      "rect": [
        4.40915,
        -5.83274,
        55.18171,
        75.1402
      ]
    },
    {
      "type": "circle",
      "background": "rgb(11,71,11)",
      "borderColor": "rgb(67,112,59)",
      "gradient": "radial.center",
      "gradientColor": "rgb(20,71,53)",
      "rect": [
        8.02281,
        -5.83274,
        47.95439,
        75.1402
      ]
    },
    {
      "type": "circle",
      "background": "rgb(21,112,21)",
      "borderWidth": 1,
      "borderColor": "rgb(14,59,6)",
      "gradient": "radial.center",
      "gradientColor": "rgb(20,71,53)",
      "rect": [
        10.52281,
        -4.48646,
        42.95439,
        75.1402
      ]
    }
  ]
}