{
  "width": 48,
  "height": 48,
  "boundExtend": 18,
  "comps": [
    {
      "type": "circle",
      "background": "rgb(133,25,25)",
      "borderWidth": 1,
      "borderColor": "rgb(112,59,59)",
      "gradient": "radial.center",
      "gradientColor": "rgb(232,90,58)",
      "shadow": true,
      "shadowColor": "rgb(242,83,75)",
      "shadowBlur": 18,
      "shadowOffsetX": 0,
      "shadowOffsetY": 0,
      "rect": [
        2.52281,
        0,
        42.95439,
        48
      ]
    },
    {
      "type": "shape",
      "background": "rgba(255,255,255,0.57)",
      "borderColor": "#979797",
      "gradient": "linear.east",
      "gradientColor": "rgba(255,255,255,0.00)",
      "points": [
        15.41999,
        11.26345,
        15.41999,
        8.46243,
        21.24213,
        6.60857,
        22.11543,
        9.34699,
        16.27298,
        12.55797,
        22.11543,
        10.34967,
        22.11543,
        12.55797,
        26.35192,
        14.17662,
        32.19073,
        16.79079,
        36.24218,
        21.88924,
        39.52409,
        21.88924,
        39.52409,
        14.17662,
        35.17839,
        9.11859,
        24.14181,
        6.60857,
        26.35192,
        14.17662
      ],
      "segments": [
        1,
        2,
        2,
        2,
        1,
        2,
        2,
        1,
        2,
        2,
        2,
        2,
        2,
        2,
        2
      ]
    }
  ]
}