{
  "v": "6.2.0",
  "p": {
    "autoAdjustIndex": true,
    "hierarchicalRendering": true
  },
  "a": {
    "previewURL": "display-ems.html"
  },
  "d": [
    {
      "c": "ht.Data",
      "i": 2039,
      "p": {
        "displayName": "信息"
      },
      "s": {
        "editor.folder": true
      }
    },
    {
      "c": "ht.Block",
      "i": 2040,
      "p": {
        "parent": {
          "__i": 2039
        },
        "position": {
          "x": 152.22114,
          "y": 387.12002
        },
        "width": 304.44227,
        "height": 727.7546
      },
      "s": {
        "2d.selectable": false
      }
    },
    {
      "c": "ht.Node",
      "i": 2041,
      "p": {
        "displayName": "投影",
        "parent": {
          "__i": 2040
        },
        "image": "symbols/demo/ems/投影.json",
        "position": {
          "x": 152.22114,
          "y": 142.88265
        },
        "width": 304.44227,
        "height": 182.22013
      },
      "s": {
        "2d.selectable": false
      }
    },
    {
      "c": "ht.Node",
      "i": 2042,
      "p": {
        "displayName": "投影",
        "parent": {
          "__i": 2040
        },
        "image": "symbols/demo/ems/投影.json",
        "position": {
          "x": 152.22114,
          "y": 304.06273
        },
        "width": 304.44227,
        "height": 200
      },
      "s": {
        "2d.selectable": false
      }
    },
    {
      "c": "ht.Node",
      "i": 2043,
      "p": {
        "displayName": "投影",
        "parent": {
          "__i": 2040
        },
        "image": "symbols/demo/ems/投影.json",
        "position": {
          "x": 152.22114,
          "y": 471.6626
        },
        "width": 304.44227,
        "height": 200
      },
      "s": {
        "2d.selectable": false
      }
    },
    {
      "c": "ht.Node",
      "i": 2044,
      "p": {
        "displayName": "投影",
        "parent": {
          "__i": 2040
        },
        "image": "symbols/demo/ems/投影.json",
        "position": {
          "x": 152.22114,
          "y": 645.1299
        },
        "width": 304.44227,
        "height": 211.73484
      },
      "s": {
        "2d.selectable": false
      }
    },
    {
      "c": "ht.Block",
      "i": 2045,
      "p": {
        "parent": {
          "__i": 2040
        },
        "position": {
          "x": 267.02178,
          "y": 224.46285
        },
        "width": 11.08798,
        "height": 7.62231
      },
      "s": {
        "2d.selectable": false
      }
    },
    {
      "c": "ht.Shape",
      "i": 2046,
      "p": {
        "parent": {
          "__i": 2045
        },
        "rotation": -1.5708,
        "position": {
          "x": 267.0901,
          "y": 222.99987
        },
        "width": 4.69631,
        "height": 10.95131,
        "segments": null,
        "points": {
          "__a": [
            {
              "x": 269.43826,
              "y": 217.52421
            },
            {
              "x": 264.74196,
              "y": 222.99987
            },
            {
              "x": 269.43826,
              "y": 228.47553
            }
          ]
        }
      },
      "s": {
        "type": "shape",
        "opacity": 1,
        "shape.background": null,
        "shape.border.width": 1,
        "shape.border.color": "#009687",
        "shape.border.cap": "round",
        "shape.dash.pattern": [
          16,
          16
        ]
      }
    },
    {
      "c": "ht.Shape",
      "i": 2047,
      "p": {
        "parent": {
          "__i": 2045
        },
        "rotation": -1.5708,
        "position": {
          "x": 267.02178,
          "y": 227.77398
        },
        "width": 1,
        "height": 11.08797,
        "segments": {
          "__a": [
            1,
            2
          ]
        },
        "points": {
          "__a": [
            {
              "x": 267.02178,
              "y": 222.23
            },
            {
              "x": 267.02178,
              "y": 233.31797
            }
          ]
        }
      },
      "s": {
        "type": "shape",
        "opacity": 1,
        "shape.background": null,
        "shape.border.width": 1,
        "shape.border.color": "#009687",
        "shape.border.cap": "round",
        "shape.dash.pattern": [
          16,
          16
        ]
      }
    },
    {
      "c": "ht.Block",
      "i": 2048,
      "p": {
        "parent": {
          "__i": 2040
        },
        "position": {
          "x": 267.02178,
          "y": 398.41388
        },
        "width": 11.08798,
        "height": 7.62231
      },
      "s": {
        "2d.selectable": false
      }
    },
    {
      "c": "ht.Shape",
      "i": 2049,
      "p": {
        "parent": {
          "__i": 2048
        },
        "rotation": -1.5708,
        "position": {
          "x": 267.0901,
          "y": 396.9509
        },
        "width": 4.69631,
        "height": 10.95131,
        "segments": null,
        "points": {
          "__a": [
            {
              "x": 269.43826,
              "y": 391.47524
            },
            {
              "x": 264.74196,
              "y": 396.9509
            },
            {
              "x": 269.43826,
              "y": 402.42656
            }
          ]
        }
      },
      "s": {
        "type": "shape",
        "opacity": 1,
        "shape.background": null,
        "shape.border.width": 1,
        "shape.border.color": "#009687",
        "shape.border.cap": "round",
        "shape.dash.pattern": [
          16,
          16
        ]
      }
    },
    {
      "c": "ht.Shape",
      "i": 2050,
      "p": {
        "parent": {
          "__i": 2048
        },
        "rotation": -1.5708,
        "position": {
          "x": 267.02178,
          "y": 401.72501
        },
        "width": 1,
        "height": 11.08797,
        "segments": {
          "__a": [
            1,
            2
          ]
        },
        "points": {
          "__a": [
            {
              "x": 267.02178,
              "y": 396.18103
            },
            {
              "x": 267.02178,
              "y": 407.269
            }
          ]
        }
      },
      "s": {
        "type": "shape",
        "opacity": 1,
        "shape.background": null,
        "shape.border.width": 1,
        "shape.border.color": "#009687",
        "shape.border.cap": "round",
        "shape.dash.pattern": [
          16,
          16
        ]
      }
    },
    {
      "c": "ht.Block",
      "i": 2051,
      "p": {
        "parent": {
          "__i": 2040
        },
        "position": {
          "x": 267.09011,
          "y": 29.24272
        },
        "width": 8.57184,
        "height": 12
      },
      "s": {
        "2d.visible": false
      }
    },
    {
      "c": "ht.Shape",
      "i": 2052,
      "p": {
        "parent": {
          "__i": 2051
        },
        "position": {
          "x": 269.23307,
          "y": 29.24272
        },
        "width": 4.28592,
        "height": 12,
        "segments": null,
        "points": {
          "__a": [
            {
              "x": 271.37602,
              "y": 23.24272
            },
            {
              "x": 267.0901,
              "y": 29.24272
            },
            {
              "x": 271.37602,
              "y": 35.24272
            }
          ]
        }
      },
      "s": {
        "type": "shape",
        "opacity": 1,
        "shape.background": null,
        "shape.border.width": 1,
        "shape.border.color": "#009687",
        "shape.border.cap": "round",
        "shape.dash.pattern": [
          16,
          16
        ]
      }
    },
    {
      "c": "ht.Shape",
      "i": 2053,
      "p": {
        "parent": {
          "__i": 2051
        },
        "position": {
          "x": 264.94715,
          "y": 29.24272
        },
        "width": 4.28592,
        "height": 12,
        "segments": null,
        "points": {
          "__a": [
            {
              "x": 267.0901,
              "y": 23.24272
            },
            {
              "x": 262.80418,
              "y": 29.24272
            },
            {
              "x": 267.0901,
              "y": 35.24272
            }
          ]
        }
      },
      "s": {
        "type": "shape",
        "opacity": 1,
        "shape.background": null,
        "shape.border.width": 1,
        "shape.border.color": "#009687",
        "shape.border.cap": "round",
        "shape.dash.pattern": [
          16,
          16
        ]
      }
    },
    {
      "c": "ht.Text",
      "i": 2054,
      "p": {
        "parent": {
          "__i": 2039
        },
        "position": {
          "x": 67.5024,
          "y": 29.24272
        }
      },
      "s": {
        "text": "端口基本信息",
        "text.font": "24px arial, sans-serif",
        "text.color": "#009687"
      }
    },
    {
      "c": "ht.Text",
      "i": 2055,
      "p": {
        "parent": {
          "__i": 2039
        },
        "position": {
          "x": 74.93378,
          "y": 82.88265
        },
        "width": 85.13723,
        "height": 24
      },
      "s": {
        "text": "端口名称:",
        "text.font": "14px arial, sans-serif",
        "text.color": "rgb(138,138,138)"
      }
    },
    {
      "c": "ht.Text",
      "i": 2056,
      "p": {
        "parent": {
          "__i": 2039
        },
        "position": {
          "x": 74.93378,
          "y": 106.88265
        },
        "width": 85.13723,
        "height": 24
      },
      "s": {
        "text": "端口类型:",
        "text.font": "14px arial, sans-serif",
        "text.color": "rgb(138,138,138)"
      }
    },
    {
      "c": "ht.Text",
      "i": 2057,
      "p": {
        "parent": {
          "__i": 2039
        },
        "position": {
          "x": 74.93378,
          "y": 130.88265
        },
        "width": 85.13723,
        "height": 24
      },
      "s": {
        "text": "端口状态:",
        "text.font": "14px arial, sans-serif",
        "text.color": "rgb(138,138,138)"
      }
    },
    {
      "c": "ht.Text",
      "i": 2058,
      "p": {
        "parent": {
          "__i": 2039
        },
        "position": {
          "x": 74.93378,
          "y": 154.88265
        },
        "width": 85.13723,
        "height": 24
      },
      "s": {
        "text": "端口速率:",
        "text.font": "14px arial, sans-serif",
        "text.color": "rgb(138,138,138)"
      }
    },
    {
      "c": "ht.Text",
      "i": 2059,
      "p": {
        "parent": {
          "__i": 2039
        },
        "position": {
          "x": 74.93378,
          "y": 178.88265
        },
        "width": 85.13723,
        "height": 24
      },
      "s": {
        "text": "端口去向:",
        "text.font": "14px arial, sans-serif",
        "text.color": "rgb(138,138,138)"
      }
    },
    {
      "c": "ht.Text",
      "i": 2060,
      "p": {
        "parent": {
          "__i": 2039
        },
        "position": {
          "x": 74.93378,
          "y": 228.274
        },
        "width": 85.13723,
        "height": 24
      },
      "s": {
        "text": "发送包信息",
        "text.font": "14px arial, sans-serif",
        "text.color": "#009687"
      }
    },
    {
      "c": "ht.Text",
      "i": 2061,
      "p": {
        "parent": {
          "__i": 2039
        },
        "position": {
          "x": 74.93378,
          "y": 258.30788
        },
        "width": 85.13723,
        "height": 24
      },
      "s": {
        "text": "发送字节数(B):",
        "text.font": "14px arial, sans-serif",
        "text.color": "rgb(138,138,138)"
      }
    },
    {
      "c": "ht.Text",
      "i": 2062,
      "p": {
        "parent": {
          "__i": 2039
        },
        "position": {
          "x": 74.93378,
          "y": 282.30788
        },
        "width": 85.13723,
        "height": 24
      },
      "s": {
        "text": "发送多播包数(个):",
        "text.font": "14px arial, sans-serif",
        "text.color": "rgb(138,138,138)"
      }
    },
    {
      "c": "ht.Text",
      "i": 2063,
      "p": {
        "parent": {
          "__i": 2039
        },
        "position": {
          "x": 74.93378,
          "y": 306.30788
        },
        "width": 85.13723,
        "height": 24
      },
      "s": {
        "text": "发送非多播包数(个):",
        "text.font": "14px arial, sans-serif",
        "text.color": "rgb(138,138,138)"
      }
    },
    {
      "c": "ht.Text",
      "i": 2064,
      "p": {
        "parent": {
          "__i": 2039
        },
        "position": {
          "x": 74.93378,
          "y": 330.30788
        },
        "width": 85.13723,
        "height": 24
      },
      "s": {
        "text": "发光功率(dbm):",
        "text.font": "14px arial, sans-serif",
        "text.color": "rgb(138,138,138)"
      }
    },
    {
      "c": "ht.Text",
      "i": 2065,
      "p": {
        "parent": {
          "__i": 2039
        },
        "position": {
          "x": 74.93378,
          "y": 394.60272
        },
        "width": 85.13723,
        "height": 24
      },
      "s": {
        "text": "接收包信息",
        "text.font": "14px arial, sans-serif",
        "text.color": "#009687"
      }
    },
    {
      "c": "ht.Text",
      "i": 2066,
      "p": {
        "parent": {
          "__i": 2039
        },
        "position": {
          "x": 74.93378,
          "y": 423.92713
        },
        "width": 85.13723,
        "height": 24
      },
      "s": {
        "text": "接收字节数(B):",
        "text.font": "14px arial, sans-serif",
        "text.color": "rgb(138,138,138)"
      }
    },
    {
      "c": "ht.Text",
      "i": 2067,
      "p": {
        "parent": {
          "__i": 2039
        },
        "position": {
          "x": 74.93378,
          "y": 447.92713
        },
        "width": 85.13723,
        "height": 24
      },
      "s": {
        "text": "接收单播包数(个):",
        "text.font": "14px arial, sans-serif",
        "text.color": "rgb(138,138,138)"
      }
    },
    {
      "c": "ht.Text",
      "i": 2068,
      "p": {
        "parent": {
          "__i": 2039
        },
        "position": {
          "x": 74.93378,
          "y": 471.92713
        },
        "width": 85.13723,
        "height": 24
      },
      "s": {
        "text": "接收非多播包数(个):",
        "text.font": "14px arial, sans-serif",
        "text.color": "rgb(138,138,138)"
      }
    },
    {
      "c": "ht.Text",
      "i": 2069,
      "p": {
        "parent": {
          "__i": 2039
        },
        "position": {
          "x": 74.93378,
          "y": 495.92713
        },
        "width": 85.13723,
        "height": 24
      },
      "s": {
        "text": "收光功率(dbm):",
        "text.font": "14px arial, sans-serif",
        "text.color": "rgb(138,138,138)"
      }
    },
    {
      "c": "ht.Text",
      "i": 2070,
      "p": {
        "parent": {
          "__i": 2039
        },
        "position": {
          "x": 74.93378,
          "y": 574.40058
        },
        "width": 85.13723,
        "height": 24
      },
      "s": {
        "text": "入端口丢包率(pps):",
        "text.font": "14px arial, sans-serif",
        "text.color": "rgb(138,138,138)"
      }
    },
    {
      "c": "ht.Text",
      "i": 2071,
      "p": {
        "parent": {
          "__i": 2039
        },
        "position": {
          "x": 74.93378,
          "y": 598.40058
        },
        "width": 85.13723,
        "height": 24
      },
      "s": {
        "text": "出端口丢包率(pps):",
        "text.font": "14px arial, sans-serif",
        "text.color": "rgb(138,138,138)"
      }
    },
    {
      "c": "ht.Text",
      "i": 2072,
      "p": {
        "parent": {
          "__i": 2039
        },
        "position": {
          "x": 74.93378,
          "y": 646.40058
        },
        "width": 85.13723,
        "height": 24
      },
      "s": {
        "text": "出端口误码率(pps):",
        "text.font": "14px arial, sans-serif",
        "text.color": "rgb(138,138,138)"
      }
    },
    {
      "c": "ht.Text",
      "i": 2073,
      "p": {
        "parent": {
          "__i": 2039
        },
        "position": {
          "x": 74.93378,
          "y": 622.40058
        },
        "width": 85.13723,
        "height": 24
      },
      "s": {
        "text": "入端口误码率(pps):",
        "text.font": "14px arial, sans-serif",
        "text.color": "rgb(138,138,138)"
      }
    },
    {
      "c": "ht.Text",
      "i": 2074,
      "p": {
        "parent": {
          "__i": 2039
        },
        "position": {
          "x": 74.93378,
          "y": 670.40058
        },
        "width": 85.13723,
        "height": 24
      },
      "s": {
        "text": "数据时间:",
        "text.font": "14px arial, sans-serif",
        "text.color": "rgb(138,138,138)"
      }
    },
    {
      "c": "ht.Text",
      "i": 2075,
      "p": {
        "parent": {
          "__i": 2039
        },
        "dataBindings": {
          "s": {
            "text": {
              "id": "portName"
            }
          }
        },
        "position": {
          "x": 160.07101,
          "y": 82.88265
        },
        "width": 85.13723,
        "height": 24
      },
      "s": {
        "text": "Vlan1",
        "text.font": "14px arial, sans-serif",
        "text.color": "#009687"
      }
    },
    {
      "c": "ht.Text",
      "i": 2076,
      "p": {
        "parent": {
          "__i": 2039
        },
        "dataBindings": {
          "s": {
            "text": {
              "id": "portType"
            }
          }
        },
        "position": {
          "x": 160.07101,
          "y": 106.88265
        },
        "width": 85.13723,
        "height": 24
      },
      "s": {
        "text": "100M-BaseTX",
        "text.font": "14px arial, sans-serif",
        "text.color": "#009687"
      }
    },
    {
      "c": "ht.Text",
      "i": 2077,
      "p": {
        "parent": {
          "__i": 2039
        },
        "dataBindings": {
          "s": {
            "text": {
              "id": "portStatus"
            }
          }
        },
        "position": {
          "x": 160.07101,
          "y": 130.88265
        },
        "width": 85.13723,
        "height": 24
      },
      "s": {
        "text": "在线",
        "text.font": "14px arial, sans-serif",
        "text.color": "#009687"
      }
    },
    {
      "c": "ht.Text",
      "i": 2078,
      "p": {
        "parent": {
          "__i": 2039
        },
        "dataBindings": {
          "s": {
            "text": {
              "id": "portSpeed"
            }
          }
        },
        "position": {
          "x": 160.07101,
          "y": 154.88265
        },
        "width": 85.13723,
        "height": 24
      },
      "s": {
        "text": "100Mb/s",
        "text.font": "14px arial, sans-serif",
        "text.color": "#009687"
      }
    },
    {
      "c": "ht.Text",
      "i": 2079,
      "p": {
        "parent": {
          "__i": 2039
        },
        "dataBindings": {
          "s": {
            "text": {
              "id": "sendBytes"
            }
          }
        },
        "position": {
          "x": 217.56394,
          "y": 258.30788
        },
        "width": 85.13723,
        "height": 24
      },
      "s": {
        "text": "7",
        "text.font": "14px arial, sans-serif",
        "text.color": "#009687"
      }
    },
    {
      "c": "ht.Text",
      "i": 2080,
      "p": {
        "parent": {
          "__i": 2039
        },
        "dataBindings": {
          "s": {
            "text": {
              "id": "sendMultiPackage"
            }
          }
        },
        "position": {
          "x": 217.56394,
          "y": 282.30788
        },
        "width": 85.13723,
        "height": 24
      },
      "s": {
        "text": "0",
        "text.font": "14px arial, sans-serif",
        "text.color": "#009687"
      }
    },
    {
      "c": "ht.Text",
      "i": 2081,
      "p": {
        "parent": {
          "__i": 2039
        },
        "dataBindings": {
          "s": {
            "text": {
              "id": "sendPackage"
            }
          }
        },
        "position": {
          "x": 217.56394,
          "y": 306.30788
        },
        "width": 85.13723,
        "height": 24
      },
      "s": {
        "text": "0",
        "text.font": "14px arial, sans-serif",
        "text.color": "#009687"
      }
    },
    {
      "c": "ht.Text",
      "i": 2082,
      "p": {
        "parent": {
          "__i": 2039
        },
        "dataBindings": {
          "s": {
            "text": {
              "id": "receiveBytes"
            }
          }
        },
        "position": {
          "x": 217.56394,
          "y": 423.92713
        },
        "width": 85.13723,
        "height": 24
      },
      "s": {
        "text": "6",
        "text.font": "14px arial, sans-serif",
        "text.color": "#009687"
      }
    },
    {
      "c": "ht.Text",
      "i": 2083,
      "p": {
        "parent": {
          "__i": 2039
        },
        "dataBindings": {
          "s": {
            "text": {
              "id": "receiveMultiPackage"
            }
          }
        },
        "position": {
          "x": 217.56394,
          "y": 447.92713
        },
        "width": 85.13723,
        "height": 24
      },
      "s": {
        "text": "0",
        "text.font": "14px arial, sans-serif",
        "text.color": "#009687"
      }
    },
    {
      "c": "ht.Text",
      "i": 2084,
      "p": {
        "parent": {
          "__i": 2039
        },
        "dataBindings": {
          "s": {
            "text": {
              "id": "recevicePackage"
            }
          }
        },
        "position": {
          "x": 217.56394,
          "y": 471.92713
        },
        "width": 85.13723,
        "height": 24
      },
      "s": {
        "text": "0",
        "text.font": "14px arial, sans-serif",
        "text.color": "#009687"
      }
    },
    {
      "c": "ht.Text",
      "i": 2085,
      "p": {
        "parent": {
          "__i": 2039
        },
        "dataBindings": {
          "s": {
            "text": {
              "id": "inLost"
            }
          }
        },
        "position": {
          "x": 217.56394,
          "y": 574.40058
        },
        "width": 85.13723,
        "height": 24
      },
      "s": {
        "text": "0.0",
        "text.font": "14px arial, sans-serif",
        "text.color": "#009687"
      }
    },
    {
      "c": "ht.Text",
      "i": 2086,
      "p": {
        "parent": {
          "__i": 2039
        },
        "dataBindings": {
          "s": {
            "text": {
              "id": "outLost"
            }
          }
        },
        "position": {
          "x": 217.56394,
          "y": 598.40058
        },
        "width": 85.13723,
        "height": 24
      },
      "s": {
        "text": "0.0",
        "text.font": "14px arial, sans-serif",
        "text.color": "#009687"
      }
    },
    {
      "c": "ht.Text",
      "i": 2087,
      "p": {
        "parent": {
          "__i": 2039
        },
        "dataBindings": {
          "s": {
            "text": {
              "id": "inError"
            }
          }
        },
        "position": {
          "x": 217.56394,
          "y": 622.40058
        },
        "width": 85.13723,
        "height": 24
      },
      "s": {
        "text": "0.0",
        "text.font": "14px arial, sans-serif",
        "text.color": "#009687"
      }
    },
    {
      "c": "ht.Text",
      "i": 2088,
      "p": {
        "parent": {
          "__i": 2039
        },
        "dataBindings": {
          "s": {
            "text": {
              "id": "outError"
            }
          }
        },
        "position": {
          "x": 217.56394,
          "y": 646.40058
        },
        "width": 85.13723,
        "height": 24
      },
      "s": {
        "text": "0.0",
        "text.font": "14px arial, sans-serif",
        "text.color": "#009687"
      }
    },
    {
      "c": "ht.Text",
      "i": 2089,
      "p": {
        "parent": {
          "__i": 2039
        },
        "dataBindings": {
          "s": {
            "text": {
              "id": "sysTime"
            }
          }
        },
        "position": {
          "x": 195.03408,
          "y": 670.40058
        },
        "width": 155.06337,
        "height": 24
      },
      "s": {
        "text": "2018-01-22  15:20:00",
        "text.font": "14px arial, sans-serif",
        "text.color": "#009687"
      }
    }
  ]
}