{
  "v": "6.2.0",
  "p": {
    "autoAdjustIndex": true,
    "hierarchicalRendering": true
  },
  "a": {
    "previewURL": "display-ems.html"
  },
  "d": [
    {
      "c": "ht.Data",
      "i": 2105,
      "p": {
        "displayName": "信息"
      },
      "s": {
        "editor.folder": true
      }
    },
    {
      "c": "ht.Node",
      "i": 2106,
      "p": {
        "displayName": "背景",
        "parent": {
          "__i": 2105
        },
        "anchor": {
          "x": 0,
          "y": 0
        },
        "width": 300,
        "height": 900
      },
      "s": {
        "shape": "rect",
        "shape.background": "rgb(247,247,247)",
        "shape.border.color": "#979797"
      }
    },
    {
      "c": "ht.Block",
      "i": 2107,
      "p": {
        "parent": {
          "__i": 2105
        },
        "host": {
          "__i": 2106
        },
        "position": {
          "x": 152.22114,
          "y": 307.71759
        },
        "width": 304.44227,
        "height": 511.89001
      },
      "s": {
        "2d.selectable": false
      }
    },
    {
      "c": "ht.Node",
      "i": 2108,
      "p": {
        "displayName": "投影",
        "parent": {
          "__i": 2107
        },
        "image": "symbols/demo/ems/投影.json",
        "position": {
          "x": 152.22114,
          "y": 204.7515
        },
        "width": 304.44227,
        "height": 305.95783
      }
    },
    {
      "c": "ht.Node",
      "i": 2109,
      "p": {
        "displayName": "投影",
        "parent": {
          "__i": 2107
        },
        "image": "symbols/demo/ems/投影.json",
        "position": {
          "x": 152.22114,
          "y": 463.6626
        },
        "width": 304.44227,
        "height": 200
      },
      "s": {
        "2d.selectable": false
      }
    },
    {
      "c": "ht.Data",
      "i": 2110,
      "p": {
        "displayName": "设备基本信息"
      },
      "s": {
        "editor.folder": true
      }
    },
    {
      "c": "ht.Text",
      "i": 2111,
      "p": {
        "parent": {
          "__i": 2110
        },
        "host": {
          "__i": 2106
        },
        "position": {
          "x": 67.5024,
          "y": 29.24272
        }
      },
      "s": {
        "text": "设备基本信息",
        "text.font": "24px arial, sans-serif",
        "text.color": "#009687"
      }
    },
    {
      "c": "ht.Text",
      "i": 2112,
      "p": {
        "parent": {
          "__i": 2110
        },
        "host": {
          "__i": 2106
        },
        "position": {
          "x": 74.93378,
          "y": 82.88265
        },
        "width": 85.13723,
        "height": 24
      },
      "s": {
        "text": "运行状态:",
        "text.font": "14px arial, sans-serif",
        "text.color": "rgb(138,138,138)"
      }
    },
    {
      "c": "ht.Text",
      "i": 2113,
      "p": {
        "parent": {
          "__i": 2110
        },
        "host": {
          "__i": 2106
        },
        "position": {
          "x": 74.93378,
          "y": 114.8884
        },
        "width": 85.13723,
        "height": 24
      },
      "s": {
        "text": "设备名称:",
        "text.font": "14px arial, sans-serif",
        "text.color": "rgb(138,138,138)"
      }
    },
    {
      "c": "ht.Text",
      "i": 2114,
      "p": {
        "parent": {
          "__i": 2110
        },
        "host": {
          "__i": 2106
        },
        "position": {
          "x": 74.93378,
          "y": 138.8884
        },
        "width": 85.13723,
        "height": 24
      },
      "s": {
        "text": "设备型号:",
        "text.font": "14px arial, sans-serif",
        "text.color": "rgb(138,138,138)"
      }
    },
    {
      "c": "ht.Text",
      "i": 2115,
      "p": {
        "parent": {
          "__i": 2110
        },
        "host": {
          "__i": 2106
        },
        "position": {
          "x": 74.93378,
          "y": 162.8884
        },
        "width": 85.13723,
        "height": 24
      },
      "s": {
        "text": "所属路线:",
        "text.font": "14px arial, sans-serif",
        "text.color": "rgb(138,138,138)"
      }
    },
    {
      "c": "ht.Text",
      "i": 2116,
      "p": {
        "parent": {
          "__i": 2110
        },
        "host": {
          "__i": 2106
        },
        "position": {
          "x": 74.93379,
          "y": 186.8884
        },
        "width": 85.13723,
        "height": 24
      },
      "s": {
        "text": "所属站点:",
        "text.font": "14px arial, sans-serif",
        "text.color": "rgb(138,138,138)"
      }
    },
    {
      "c": "ht.Text",
      "i": 2117,
      "p": {
        "parent": {
          "__i": 2110
        },
        "host": {
          "__i": 2106
        },
        "position": {
          "x": 74.93379,
          "y": 210.8884
        },
        "width": 85.13723,
        "height": 24
      },
      "s": {
        "text": "所属厂家:",
        "text.font": "14px arial, sans-serif",
        "text.color": "rgb(138,138,138)"
      }
    },
    {
      "c": "ht.Text",
      "i": 2118,
      "p": {
        "parent": {
          "__i": 2110
        },
        "host": {
          "__i": 2106
        },
        "position": {
          "x": 74.93379,
          "y": 234.8884
        },
        "width": 85.13723,
        "height": 24
      },
      "s": {
        "text": "设备 IP:",
        "text.font": "14px arial, sans-serif",
        "text.color": "rgb(138,138,138)"
      }
    },
    {
      "c": "ht.Text",
      "i": 2119,
      "p": {
        "parent": {
          "__i": 2110
        },
        "host": {
          "__i": 2106
        },
        "position": {
          "x": 74.93379,
          "y": 258.8884
        },
        "width": 85.13723,
        "height": 24
      },
      "s": {
        "text": "设备序列号:",
        "text.font": "14px arial, sans-serif",
        "text.color": "rgb(138,138,138)"
      }
    },
    {
      "c": "ht.Text",
      "i": 2120,
      "p": {
        "parent": {
          "__i": 2110
        },
        "host": {
          "__i": 2106
        },
        "position": {
          "x": 74.93379,
          "y": 282.8884
        },
        "width": 85.13723,
        "height": 24
      },
      "s": {
        "text": "版本信息:",
        "text.font": "14px arial, sans-serif",
        "text.color": "rgb(138,138,138)"
      }
    },
    {
      "c": "ht.Data",
      "i": 2121,
      "p": {
        "displayName": "设备基本信息-值"
      },
      "s": {
        "editor.folder": true
      }
    },
    {
      "c": "ht.Text",
      "i": 2122,
      "p": {
        "parent": {
          "__i": 2121
        },
        "dataBindings": {
          "s": {
            "text": {
              "id": "deviceName"
            }
          }
        },
        "host": {
          "__i": 2106
        },
        "position": {
          "x": 160.07101,
          "y": 114.8884
        },
        "width": 85.13723,
        "height": 24
      },
      "s": {
        "text": "设备",
        "text.font": "14px arial, sans-serif",
        "text.color": "#009687"
      }
    },
    {
      "c": "ht.Text",
      "i": 2123,
      "p": {
        "parent": {
          "__i": 2121
        },
        "host": {
          "__i": 2106
        },
        "position": {
          "x": 160.07101,
          "y": 138.8884
        },
        "width": 85.13723,
        "height": 24
      },
      "s": {
        "text": "SICOM6424SM-85S",
        "text.font": "14px arial, sans-serif",
        "text.color": "#009687"
      }
    },
    {
      "c": "ht.Text",
      "i": 2124,
      "p": {
        "parent": {
          "__i": 2121
        },
        "dataBindings": {
          "s": {
            "text": {
              "id": "routeName"
            }
          }
        },
        "host": {
          "__i": 2106
        },
        "position": {
          "x": 160.07101,
          "y": 162.8884
        },
        "width": 85.13723,
        "height": 24
      },
      "s": {
        "text": "大西线",
        "text.font": "14px arial, sans-serif",
        "text.color": "#009687"
      }
    },
    {
      "c": "ht.Node",
      "i": 2125,
      "p": {
        "displayName": "status",
        "parent": {
          "__i": 2121
        },
        "tag": "deviceStatus",
        "image": "symbols/demo/ems/status.json",
        "position": {
          "x": 193.58481,
          "y": 82.88265
        },
        "width": 152.16481,
        "height": 24
      }
    },
    {
      "c": "ht.Text",
      "i": 2126,
      "p": {
        "parent": {
          "__i": 2121
        },
        "dataBindings": {
          "s": {
            "text": {
              "id": "siteName"
            }
          }
        },
        "host": {
          "__i": 2106
        },
        "position": {
          "x": 160.07101,
          "y": 186.8884
        },
        "width": 85.13723,
        "height": 24
      },
      "s": {
        "text": "太原站",
        "text.font": "14px arial, sans-serif",
        "text.color": "#009687"
      }
    },
    {
      "c": "ht.Text",
      "i": 2127,
      "p": {
        "parent": {
          "__i": 2121
        },
        "host": {
          "__i": 2106
        },
        "position": {
          "x": 160.07101,
          "y": 210.8884
        },
        "width": 85.13723,
        "height": 24
      },
      "s": {
        "text": "东土",
        "text.font": "14px arial, sans-serif",
        "text.color": "#009687"
      }
    },
    {
      "c": "ht.Text",
      "i": 2128,
      "p": {
        "parent": {
          "__i": 2121
        },
        "dataBindings": {
          "s": {
            "text": {
              "id": "deviceIP"
            }
          }
        },
        "host": {
          "__i": 2106
        },
        "position": {
          "x": 160.07101,
          "y": 234.8884
        },
        "width": 85.13723,
        "height": 24
      },
      "s": {
        "text": "192.168.0.1",
        "text.font": "14px arial, sans-serif",
        "text.color": "#009687"
      }
    },
    {
      "c": "ht.Text",
      "i": 2129,
      "p": {
        "parent": {
          "__i": 2121
        },
        "host": {
          "__i": 2106
        },
        "position": {
          "x": 160.07101,
          "y": 258.8884
        },
        "width": 85.13723,
        "height": 24
      },
      "s": {
        "text": "MMCO.9POS.BBA2",
        "text.font": "14px arial, sans-serif",
        "text.color": "#009687"
      }
    },
    {
      "c": "ht.Text",
      "i": 2130,
      "p": {
        "parent": {
          "__i": 2121
        },
        "host": {
          "__i": 2106
        },
        "position": {
          "x": 160.07101,
          "y": 282.8884
        },
        "width": 85.13723,
        "height": 24
      },
      "s": {
        "text": "KYLAND 1",
        "text.font": "14px arial, sans-serif",
        "text.color": "#009687"
      }
    },
    {
      "c": "ht.Data",
      "i": 2131,
      "p": {
        "displayName": "设备基本性能"
      },
      "s": {
        "editor.folder": true
      }
    },
    {
      "c": "ht.Text",
      "i": 2132,
      "p": {
        "parent": {
          "__i": 2131
        },
        "host": {
          "__i": 2106
        },
        "position": {
          "x": 67.5024,
          "y": 339.24272
        }
      },
      "s": {
        "text": "设备基本信息",
        "text.font": "24px arial, sans-serif",
        "text.color": "#009687"
      }
    },
    {
      "c": "ht.Text",
      "i": 2133,
      "p": {
        "parent": {
          "__i": 2131
        },
        "host": {
          "__i": 2106
        },
        "position": {
          "x": 74.93379,
          "y": 393.88265
        },
        "width": 85.13723,
        "height": 24
      },
      "s": {
        "text": "CPU使用率(%):",
        "text.font": "14px arial, sans-serif",
        "text.color": "rgb(138,138,138)"
      }
    },
    {
      "c": "ht.Text",
      "i": 2134,
      "p": {
        "parent": {
          "__i": 2131
        },
        "host": {
          "__i": 2106
        },
        "position": {
          "x": 74.93379,
          "y": 422.88265
        },
        "width": 85.13723,
        "height": 24
      },
      "s": {
        "text": "内存使用率(%)",
        "text.font": "14px arial, sans-serif",
        "text.color": "rgb(138,138,138)"
      }
    },
    {
      "c": "ht.Text",
      "i": 2135,
      "p": {
        "parent": {
          "__i": 2131
        },
        "host": {
          "__i": 2106
        },
        "position": {
          "x": 74.93378,
          "y": 446.88265
        },
        "width": 85.13723,
        "height": 24
      },
      "s": {
        "text": "内存大小(MB):",
        "text.font": "14px arial, sans-serif",
        "text.color": "rgb(138,138,138)"
      }
    },
    {
      "c": "ht.Data",
      "i": 2136,
      "p": {
        "displayName": "设备基本性能-值"
      },
      "s": {
        "editor.folder": true
      }
    },
    {
      "c": "ht.Text",
      "i": 2137,
      "p": {
        "parent": {
          "__i": 2136
        },
        "host": {
          "__i": 2106
        },
        "position": {
          "x": 184.9101,
          "y": 393.88265
        },
        "width": 85.13723,
        "height": 24
      },
      "s": {
        "text": "23",
        "text.font": "14px arial, sans-serif",
        "text.color": "#009687"
      }
    },
    {
      "c": "ht.Text",
      "i": 2138,
      "p": {
        "parent": {
          "__i": 2136
        },
        "host": {
          "__i": 2106
        },
        "position": {
          "x": 184.9101,
          "y": 422.88265
        },
        "width": 85.13723,
        "height": 24
      },
      "s": {
        "text": "49",
        "text.font": "14px arial, sans-serif",
        "text.color": "#009687"
      }
    },
    {
      "c": "ht.Text",
      "i": 2139,
      "p": {
        "parent": {
          "__i": 2136
        },
        "host": {
          "__i": 2106
        },
        "position": {
          "x": 184.9101,
          "y": 446.88265
        },
        "width": 85.13723,
        "height": 24
      },
      "s": {
        "text": "10240",
        "text.font": "14px arial, sans-serif",
        "text.color": "#009687"
      }
    }
  ]
}