{
  "v": "6.2.9",
  "p": {
    "autoAdjustIndex": true,
    "hierarchicalRendering": true
  },
  "a": {
    "gridAngle": 2.0944,
    "gridRotation": 0.5236,
    "connectActionType": null,
    "rotateAsClock": false
  },
  "d": [
    {
      "c": "ht.Shape",
      "i": 378566,
      "p": {
        "position": {
          "x": 56.87363,
          "y": 949.72613
        },
        "width": 1247.07658,
        "height": 760,
        "segments": {
          "__a": [
            1,
            2,
            2,
            2,
            2,
            2
          ]
        },
        "points": {
          "__a": [
            {
              "x": -566.66466,
              "y": 729.72613
            },
            {
              "x": -289.53654,
              "y": 569.72613
            },
            {
              "x": 680.41192,
              "y": 1129.72613
            },
            {
              "x": 680.41192,
              "y": 1209.72613
            },
            {
              "x": 472.56582,
              "y": 1329.72613
            },
            {
              "x": -566.66466,
              "y": 729.72613
            }
          ]
        }
      },
      "s": {
        "shape.background": null,
        "shape.border.color": "rgba(150,150,150,0.00)",
        "shape.border.width": 5,
        "shape.dash": true,
        "shape.dash.color": "rgb(148,148,148)"
      }
    },
    {
      "c": "ht.Shape",
      "i": 378567,
      "p": {
        "position": {
          "x": 481.40273,
          "y": 705.51471
        },
        "width": 1247.07658,
        "height": 760,
        "segments": {
          "__a": [
            1,
            2,
            2,
            2,
            2,
            2
          ]
        },
        "points": {
          "__a": [
            {
              "x": -142.13556,
              "y": 485.51471
            },
            {
              "x": 134.99256,
              "y": 325.51471
            },
            {
              "x": 1104.94102,
              "y": 885.51471
            },
            {
              "x": 1104.94102,
              "y": 965.51471
            },
            {
              "x": 897.09492,
              "y": 1085.51471
            },
            {
              "x": -142.13556,
              "y": 485.51471
            }
          ]
        }
      },
      "s": {
        "shape.background": null,
        "shape.border.color": "rgba(150,150,150,0.00)",
        "shape.border.width": 5,
        "shape.dash": true,
        "shape.dash.color": "rgb(148,148,148)"
      }
    },
    {
      "c": "ht.Shape",
      "i": 378568,
      "p": {
        "position": {
          "x": 1045.66777,
          "y": 380.00153
        },
        "width": 1247.07658,
        "height": 760,
        "segments": {
          "__a": [
            1,
            2,
            2,
            2,
            2,
            2
          ]
        },
        "points": {
          "__a": [
            {
              "x": 422.12948,
              "y": 160.00153
            },
            {
              "x": 699.2576,
              "y": 0.00153
            },
            {
              "x": 1669.20606,
              "y": 560.00153
            },
            {
              "x": 1669.20606,
              "y": 640.00153
            },
            {
              "x": 1461.35996,
              "y": 760.00153
            },
            {
              "x": 422.12948,
              "y": 160.00153
            }
          ]
        }
      },
      "s": {
        "shape.background": null,
        "shape.border.color": "rgba(150,150,150,0.00)",
        "shape.border.width": 5,
        "shape.dash": true,
        "shape.dash.color": "rgb(148,148,148)"
      }
    },
    {
      "c": "ht.Shape",
      "i": 378569,
      "p": {
        "position": {
          "x": -584.45998,
          "y": 1320.74276
        },
        "width": 1247.07658,
        "height": 760,
        "segments": {
          "__a": [
            1,
            2,
            2,
            2,
            2,
            2
          ]
        },
        "points": {
          "__a": [
            {
              "x": -1207.99827,
              "y": 1100.74276
            },
            {
              "x": -930.87015,
              "y": 940.74276
            },
            {
              "x": 39.07831,
              "y": 1500.74276
            },
            {
              "x": 39.07831,
              "y": 1580.74276
            },
            {
              "x": -168.76779,
              "y": 1700.74276
            },
            {
              "x": -1207.99827,
              "y": 1100.74276
            }
          ]
        }
      },
      "s": {
        "shape.background": null,
        "shape.border.color": "rgba(150,150,150,0.00)",
        "shape.border.width": 5,
        "shape.dash": true,
        "shape.dash.color": "rgb(148,148,148)"
      }
    },
    {
      "c": "ht.Block",
      "i": 378570,
      "p": {
        "position": {
          "x": -169.89462,
          "y": 1522.16518
        },
        "width": 333.71297,
        "height": 281.48551
      }
    },
    {
      "c": "ht.Shape",
      "i": 378571,
      "p": {
        "parent": {
          "__i": 378570
        },
        "position": {
          "x": -169.89462,
          "y": 1522.16518
        },
        "width": 333.71297,
        "height": 281.48551,
        "segments": {
          "__a": [
            1,
            2,
            2,
            2,
            2,
            2,
            2,
            2
          ]
        },
        "points": {
          "__a": [
            {
              "x": -155.20026,
              "y": 1387.4892
            },
            {
              "x": -164.96332,
              "y": 1381.42243
            },
            {
              "x": -336.75111,
              "y": 1481.73224
            },
            {
              "x": -336.75111,
              "y": 1562.11566
            },
            {
              "x": -171.93088,
              "y": 1662.90794
            },
            {
              "x": -3.03813,
              "y": 1567.68374
            },
            {
              "x": -3.03813,
              "y": 1481.73224
            },
            {
              "x": -164.96332,
              "y": 1381.42243
            }
          ]
        }
      },
      "s": {
        "shape.background": "rgb(242,242,242)",
        "shape.border.color": "rgb(227,227,227)"
      }
    },
    {
      "c": "ht.Shape",
      "i": 378572,
      "p": {
        "parent": {
          "__i": 378570
        },
        "position": {
          "x": -118.37179,
          "y": 1550.28123
        },
        "width": 105.8417,
        "height": 114.02723,
        "segments": {
          "__a": [
            1,
            2,
            2,
            2,
            2,
            2
          ]
        },
        "points": {
          "__a": [
            {
              "x": -171.29264,
              "y": 1552.06265
            },
            {
              "x": -171.29264,
              "y": 1607.29484
            },
            {
              "x": -65.45094,
              "y": 1545.00452
            },
            {
              "x": -65.45094,
              "y": 1493.26761
            },
            {
              "x": -171.29264,
              "y": 1552.06265
            },
            {
              "x": -171.29264,
              "y": 1552.06265
            }
          ]
        }
      },
      "s": {
        "shape.background": "rgb(176,176,176)",
        "shape.border.color": "#979797"
      }
    },
    {
      "c": "ht.Shape",
      "i": 378573,
      "p": {
        "parent": {
          "__i": 378570
        },
        "position": {
          "x": -222.57384,
          "y": 1550.68699
        },
        "width": 102.69163,
        "height": 113.07341,
        "segments": {
          "__a": [
            1,
            2,
            2,
            2,
            2
          ]
        },
        "points": {
          "__a": [
            {
              "x": -171.22803,
              "y": 1551.44829
            },
            {
              "x": -273.91966,
              "y": 1494.15028
            },
            {
              "x": -273.91966,
              "y": 1547.45674
            },
            {
              "x": -171.22803,
              "y": 1607.2237
            },
            {
              "x": -171.22803,
              "y": 1551.44829
            }
          ]
        }
      },
      "s": {
        "shape.background": "rgb(224,224,224)",
        "shape.border.color": "#979797"
      }
    },
    {
      "c": "ht.Shape",
      "i": 378574,
      "p": {
        "parent": {
          "__i": 378570
        },
        "position": {
          "x": -169.52602,
          "y": 1493.32225
        },
        "width": 209.03534,
        "height": 117.22184,
        "segments": {
          "__a": [
            1,
            2,
            2,
            2,
            2
          ]
        },
        "points": {
          "__a": [
            {
              "x": -274.04369,
              "y": 1493.64366
            },
            {
              "x": -171.09854,
              "y": 1551.93317
            },
            {
              "x": -65.00835,
              "y": 1493.64366
            },
            {
              "x": -169.53224,
              "y": 1434.71133
            },
            {
              "x": -274.04369,
              "y": 1493.64366
            }
          ]
        }
      },
      "s": {
        "shape.background": "rgb(255,255,255)",
        "shape.border.color": "rgb(115,115,115)",
        "shape.border.width": 2
      }
    },
    {
      "c": "ht.Shape",
      "i": 378575,
      "p": {
        "parent": {
          "__i": 378570
        },
        "position": {
          "x": -169.87537,
          "y": 1534.13164
        },
        "width": 210.42867,
        "height": 62.20206,
        "segments": {
          "__a": [
            1,
            2,
            2,
            2
          ]
        },
        "points": {
          "__a": [
            {
              "x": -275.08971,
              "y": 1511.16028
            },
            {
              "x": -275.08971,
              "y": 1505.20137
            },
            {
              "x": -171.1565,
              "y": 1565.23267
            },
            {
              "x": -64.66103,
              "y": 1503.03061
            }
          ]
        }
      },
      "s": {
        "shape.background": null,
        "shape.border.color": "#979797",
        "shape.border.width": 2
      }
    },
    {
      "c": "ht.Shape",
      "i": 378576,
      "p": {
        "parent": {
          "__i": 378570
        },
        "position": {
          "x": -170.06828,
          "y": 1521.42243
        },
        "width": 210.11986,
        "height": 173.41533,
        "segments": {
          "__a": [
            1,
            2,
            2,
            2,
            2,
            2,
            2,
            2
          ]
        },
        "points": {
          "__a": [
            {
              "x": -162.88315,
              "y": 1438.42813
            },
            {
              "x": -169.39402,
              "y": 1434.71476
            },
            {
              "x": -275.12821,
              "y": 1494.05419
            },
            {
              "x": -275.12821,
              "y": 1548.1729
            },
            {
              "x": -171.35039,
              "y": 1608.1301
            },
            {
              "x": -65.00835,
              "y": 1545.4991
            },
            {
              "x": -65.00835,
              "y": 1494.05419
            },
            {
              "x": -169.39402,
              "y": 1434.71476
            }
          ]
        }
      },
      "s": {
        "shape.background": null,
        "shape.border.color": "rgb(79,79,79)",
        "shape.border.width": 2
      }
    },
    {
      "c": "ht.Block",
      "i": 378577,
      "p": {
        "position": {
          "x": -534.93809,
          "y": 1311.40723
        },
        "width": 333.71297,
        "height": 281.48551
      }
    },
    {
      "c": "ht.Shape",
      "i": 378578,
      "p": {
        "parent": {
          "__i": 378577
        },
        "position": {
          "x": -534.93809,
          "y": 1311.40723
        },
        "width": 333.71297,
        "height": 281.48551,
        "segments": {
          "__a": [
            1,
            2,
            2,
            2,
            2,
            2,
            2,
            2
          ]
        },
        "points": {
          "__a": [
            {
              "x": -520.24373,
              "y": 1176.73125
            },
            {
              "x": -530.00678,
              "y": 1170.66448
            },
            {
              "x": -701.79457,
              "y": 1270.97429
            },
            {
              "x": -701.79457,
              "y": 1351.35771
            },
            {
              "x": -536.97435,
              "y": 1452.14999
            },
            {
              "x": -368.0816,
              "y": 1356.92579
            },
            {
              "x": -368.0816,
              "y": 1270.97429
            },
            {
              "x": -530.00678,
              "y": 1170.66448
            }
          ]
        }
      },
      "s": {
        "shape.background": "rgb(242,242,242)",
        "shape.border.color": "rgb(227,227,227)"
      }
    },
    {
      "c": "ht.Shape",
      "i": 378579,
      "p": {
        "parent": {
          "__i": 378577
        },
        "position": {
          "x": -483.41525,
          "y": 1339.52328
        },
        "width": 105.8417,
        "height": 114.02723,
        "segments": {
          "__a": [
            1,
            2,
            2,
            2,
            2,
            2
          ]
        },
        "points": {
          "__a": [
            {
              "x": -536.3361,
              "y": 1341.3047
            },
            {
              "x": -536.3361,
              "y": 1396.53689
            },
            {
              "x": -430.4944,
              "y": 1334.24657
            },
            {
              "x": -430.4944,
              "y": 1282.50966
            },
            {
              "x": -536.3361,
              "y": 1341.3047
            },
            {
              "x": -536.3361,
              "y": 1341.3047
            }
          ]
        }
      },
      "s": {
        "shape.background": "rgb(176,176,176)",
        "shape.border.color": "#979797"
      }
    },
    {
      "c": "ht.Shape",
      "i": 378580,
      "p": {
        "parent": {
          "__i": 378577
        },
        "position": {
          "x": -587.61731,
          "y": 1339.92904
        },
        "width": 102.69163,
        "height": 113.07341,
        "segments": {
          "__a": [
            1,
            2,
            2,
            2,
            2
          ]
        },
        "points": {
          "__a": [
            {
              "x": -536.27149,
              "y": 1340.69034
            },
            {
              "x": -638.96312,
              "y": 1283.39233
            },
            {
              "x": -638.96312,
              "y": 1336.69879
            },
            {
              "x": -536.27149,
              "y": 1396.46575
            },
            {
              "x": -536.27149,
              "y": 1340.69034
            }
          ]
        }
      },
      "s": {
        "shape.background": "rgb(224,224,224)",
        "shape.border.color": "#979797"
      }
    },
    {
      "c": "ht.Shape",
      "i": 378581,
      "p": {
        "parent": {
          "__i": 378577
        },
        "position": {
          "x": -534.56949,
          "y": 1282.5643
        },
        "width": 209.03534,
        "height": 117.22184,
        "segments": {
          "__a": [
            1,
            2,
            2,
            2,
            2
          ]
        },
        "points": {
          "__a": [
            {
              "x": -639.08716,
              "y": 1282.88571
            },
            {
              "x": -536.14201,
              "y": 1341.17522
            },
            {
              "x": -430.05181,
              "y": 1282.88571
            },
            {
              "x": -534.57571,
              "y": 1223.95338
            },
            {
              "x": -639.08716,
              "y": 1282.88571
            }
          ]
        }
      },
      "s": {
        "shape.background": "rgb(255,255,255)",
        "shape.border.color": "rgb(115,115,115)",
        "shape.border.width": 2
      }
    },
    {
      "c": "ht.Shape",
      "i": 378582,
      "p": {
        "parent": {
          "__i": 378577
        },
        "position": {
          "x": -534.91884,
          "y": 1323.37369
        },
        "width": 210.42867,
        "height": 62.20206,
        "segments": {
          "__a": [
            1,
            2,
            2,
            2
          ]
        },
        "points": {
          "__a": [
            {
              "x": -640.13318,
              "y": 1300.40233
            },
            {
              "x": -640.13318,
              "y": 1294.44342
            },
            {
              "x": -536.19996,
              "y": 1354.47472
            },
            {
              "x": -429.7045,
              "y": 1292.27266
            }
          ]
        }
      },
      "s": {
        "shape.background": null,
        "shape.border.color": "#979797",
        "shape.border.width": 2
      }
    },
    {
      "c": "ht.Shape",
      "i": 378583,
      "p": {
        "parent": {
          "__i": 378577
        },
        "position": {
          "x": -535.11174,
          "y": 1310.66448
        },
        "width": 210.11986,
        "height": 173.41533,
        "segments": {
          "__a": [
            1,
            2,
            2,
            2,
            2,
            2,
            2,
            2
          ]
        },
        "points": {
          "__a": [
            {
              "x": -527.92662,
              "y": 1227.67018
            },
            {
              "x": -534.43749,
              "y": 1223.95681
            },
            {
              "x": -640.17167,
              "y": 1283.29624
            },
            {
              "x": -640.17167,
              "y": 1337.41495
            },
            {
              "x": -536.39386,
              "y": 1397.37215
            },
            {
              "x": -430.05181,
              "y": 1334.74115
            },
            {
              "x": -430.05181,
              "y": 1283.29624
            },
            {
              "x": -534.43749,
              "y": 1223.95681
            }
          ]
        }
      },
      "s": {
        "shape.background": null,
        "shape.border.color": "rgb(79,79,79)",
        "shape.border.width": 2
      }
    },
    {
      "c": "ht.Block",
      "i": 378584,
      "p": {
        "position": {
          "x": -899.98157,
          "y": 1100.64928
        },
        "width": 333.71297,
        "height": 281.48551
      }
    },
    {
      "c": "ht.Shape",
      "i": 378585,
      "p": {
        "parent": {
          "__i": 378584
        },
        "position": {
          "x": -899.98157,
          "y": 1100.64928
        },
        "width": 333.71297,
        "height": 281.48551,
        "segments": {
          "__a": [
            1,
            2,
            2,
            2,
            2,
            2,
            2,
            2
          ]
        },
        "points": {
          "__a": [
            {
              "x": -885.28721,
              "y": 965.9733
            },
            {
              "x": -895.05027,
              "y": 959.90653
            },
            {
              "x": -1066.83806,
              "y": 1060.21634
            },
            {
              "x": -1066.83806,
              "y": 1140.59976
            },
            {
              "x": -902.01783,
              "y": 1241.39204
            },
            {
              "x": -733.12508,
              "y": 1146.16784
            },
            {
              "x": -733.12508,
              "y": 1060.21634
            },
            {
              "x": -895.05027,
              "y": 959.90653
            }
          ]
        }
      },
      "s": {
        "shape.background": "rgb(242,242,242)",
        "shape.border.color": "rgb(227,227,227)"
      }
    },
    {
      "c": "ht.Shape",
      "i": 378586,
      "p": {
        "parent": {
          "__i": 378584
        },
        "position": {
          "x": -848.45874,
          "y": 1128.76533
        },
        "width": 105.8417,
        "height": 114.02723,
        "segments": {
          "__a": [
            1,
            2,
            2,
            2,
            2,
            2
          ]
        },
        "points": {
          "__a": [
            {
              "x": -901.37959,
              "y": 1130.54675
            },
            {
              "x": -901.37959,
              "y": 1185.77894
            },
            {
              "x": -795.53789,
              "y": 1123.48862
            },
            {
              "x": -795.53789,
              "y": 1071.75171
            },
            {
              "x": -901.37959,
              "y": 1130.54675
            },
            {
              "x": -901.37959,
              "y": 1130.54675
            }
          ]
        }
      },
      "s": {
        "shape.background": "rgb(176,176,176)",
        "shape.border.color": "#979797"
      }
    },
    {
      "c": "ht.Shape",
      "i": 378587,
      "p": {
        "parent": {
          "__i": 378584
        },
        "position": {
          "x": -952.66079,
          "y": 1129.17109
        },
        "width": 102.69163,
        "height": 113.07341,
        "segments": {
          "__a": [
            1,
            2,
            2,
            2,
            2
          ]
        },
        "points": {
          "__a": [
            {
              "x": -901.31498,
              "y": 1129.93239
            },
            {
              "x": -1004.0066,
              "y": 1072.63438
            },
            {
              "x": -1004.0066,
              "y": 1125.94084
            },
            {
              "x": -901.31498,
              "y": 1185.7078
            },
            {
              "x": -901.31498,
              "y": 1129.93239
            }
          ]
        }
      },
      "s": {
        "shape.background": "rgb(224,224,224)",
        "shape.border.color": "#979797"
      }
    },
    {
      "c": "ht.Shape",
      "i": 378588,
      "p": {
        "parent": {
          "__i": 378584
        },
        "position": {
          "x": -899.61297,
          "y": 1071.80635
        },
        "width": 209.03534,
        "height": 117.22184,
        "segments": {
          "__a": [
            1,
            2,
            2,
            2,
            2
          ]
        },
        "points": {
          "__a": [
            {
              "x": -1004.13064,
              "y": 1072.12776
            },
            {
              "x": -901.18549,
              "y": 1130.41727
            },
            {
              "x": -795.0953,
              "y": 1072.12776
            },
            {
              "x": -899.61919,
              "y": 1013.19543
            },
            {
              "x": -1004.13064,
              "y": 1072.12776
            }
          ]
        }
      },
      "s": {
        "shape.background": "rgb(255,255,255)",
        "shape.border.color": "rgb(115,115,115)",
        "shape.border.width": 2
      }
    },
    {
      "c": "ht.Shape",
      "i": 378589,
      "p": {
        "parent": {
          "__i": 378584
        },
        "position": {
          "x": -899.96232,
          "y": 1112.61574
        },
        "width": 210.42867,
        "height": 62.20206,
        "segments": {
          "__a": [
            1,
            2,
            2,
            2
          ]
        },
        "points": {
          "__a": [
            {
              "x": -1005.17666,
              "y": 1089.64438
            },
            {
              "x": -1005.17666,
              "y": 1083.68547
            },
            {
              "x": -901.24345,
              "y": 1143.71677
            },
            {
              "x": -794.74798,
              "y": 1081.51471
            }
          ]
        }
      },
      "s": {
        "shape.background": null,
        "shape.border.color": "#979797",
        "shape.border.width": 2
      }
    },
    {
      "c": "ht.Shape",
      "i": 378590,
      "p": {
        "parent": {
          "__i": 378584
        },
        "position": {
          "x": -900.15523,
          "y": 1099.90653
        },
        "width": 210.11986,
        "height": 173.41533,
        "segments": {
          "__a": [
            1,
            2,
            2,
            2,
            2,
            2,
            2,
            2
          ]
        },
        "points": {
          "__a": [
            {
              "x": -892.9701,
              "y": 1016.91223
            },
            {
              "x": -899.48097,
              "y": 1013.19886
            },
            {
              "x": -1005.21515,
              "y": 1072.53829
            },
            {
              "x": -1005.21515,
              "y": 1126.657
            },
            {
              "x": -901.43734,
              "y": 1186.6142
            },
            {
              "x": -795.0953,
              "y": 1123.9832
            },
            {
              "x": -795.0953,
              "y": 1072.53829
            },
            {
              "x": -899.48097,
              "y": 1013.19886
            }
          ]
        }
      },
      "s": {
        "shape.background": null,
        "shape.border.color": "rgb(79,79,79)",
        "shape.border.width": 2
      }
    },
    {
      "c": "ht.Block",
      "i": 378591,
      "p": {
        "position": {
          "x": 665.04332,
          "y": 805.74276
        },
        "width": 333.71297,
        "height": 281.48551
      }
    },
    {
      "c": "ht.Shape",
      "i": 378592,
      "p": {
        "parent": {
          "__i": 378591
        },
        "position": {
          "x": 665.04332,
          "y": 805.74276
        },
        "width": 333.71297,
        "height": 281.48551,
        "segments": {
          "__a": [
            1,
            2,
            2,
            2,
            2,
            2,
            2,
            2
          ]
        },
        "points": {
          "__a": [
            {
              "x": 679.73768,
              "y": 671.06678
            },
            {
              "x": 669.97463,
              "y": 665.00001
            },
            {
              "x": 498.18684,
              "y": 765.30982
            },
            {
              "x": 498.18684,
              "y": 845.69324
            },
            {
              "x": 663.00707,
              "y": 946.48552
            },
            {
              "x": 831.89981,
              "y": 851.26132
            },
            {
              "x": 831.89981,
              "y": 765.30982
            },
            {
              "x": 669.97463,
              "y": 665.00001
            }
          ]
        }
      },
      "s": {
        "shape.background": "rgb(242,242,242)",
        "shape.border.color": "rgb(227,227,227)"
      }
    },
    {
      "c": "ht.Shape",
      "i": 378593,
      "p": {
        "parent": {
          "__i": 378591
        },
        "position": {
          "x": 716.56616,
          "y": 833.85881
        },
        "width": 105.8417,
        "height": 114.02723,
        "segments": {
          "__a": [
            1,
            2,
            2,
            2,
            2,
            2
          ]
        },
        "points": {
          "__a": [
            {
              "x": 663.64531,
              "y": 835.64023
            },
            {
              "x": 663.64531,
              "y": 890.87242
            },
            {
              "x": 769.48701,
              "y": 828.5821
            },
            {
              "x": 769.48701,
              "y": 776.84519
            },
            {
              "x": 663.64531,
              "y": 835.64023
            },
            {
              "x": 663.64531,
              "y": 835.64023
            }
          ]
        }
      },
      "s": {
        "shape.background": "rgb(176,176,176)",
        "shape.border.color": "#979797"
      }
    },
    {
      "c": "ht.Shape",
      "i": 378594,
      "p": {
        "parent": {
          "__i": 378591
        },
        "position": {
          "x": 612.3641,
          "y": 834.26457
        },
        "width": 102.69163,
        "height": 113.07341,
        "segments": {
          "__a": [
            1,
            2,
            2,
            2,
            2
          ]
        },
        "points": {
          "__a": [
            {
              "x": 663.70992,
              "y": 835.02587
            },
            {
              "x": 561.01829,
              "y": 777.72786
            },
            {
              "x": 561.01829,
              "y": 831.03432
            },
            {
              "x": 663.70992,
              "y": 890.80128
            },
            {
              "x": 663.70992,
              "y": 835.02587
            }
          ]
        }
      },
      "s": {
        "shape.background": "rgb(224,224,224)",
        "shape.border.color": "#979797"
      }
    },
    {
      "c": "ht.Shape",
      "i": 378595,
      "p": {
        "parent": {
          "__i": 378591
        },
        "position": {
          "x": 665.41192,
          "y": 776.89983
        },
        "width": 209.03534,
        "height": 117.22184,
        "segments": {
          "__a": [
            1,
            2,
            2,
            2,
            2
          ]
        },
        "points": {
          "__a": [
            {
              "x": 560.89425,
              "y": 777.22124
            },
            {
              "x": 663.8394,
              "y": 835.51075
            },
            {
              "x": 769.9296,
              "y": 777.22124
            },
            {
              "x": 665.4057,
              "y": 718.28891
            },
            {
              "x": 560.89425,
              "y": 777.22124
            }
          ]
        }
      },
      "s": {
        "shape.background": "rgb(255,255,255)",
        "shape.border.color": "rgb(115,115,115)",
        "shape.border.width": 2
      }
    },
    {
      "c": "ht.Shape",
      "i": 378596,
      "p": {
        "parent": {
          "__i": 378591
        },
        "position": {
          "x": 665.06257,
          "y": 817.70922
        },
        "width": 210.42867,
        "height": 62.20206,
        "segments": {
          "__a": [
            1,
            2,
            2,
            2
          ]
        },
        "points": {
          "__a": [
            {
              "x": 559.84823,
              "y": 794.73786
            },
            {
              "x": 559.84823,
              "y": 788.77895
            },
            {
              "x": 663.78145,
              "y": 848.81025
            },
            {
              "x": 770.27691,
              "y": 786.60819
            }
          ]
        }
      },
      "s": {
        "shape.background": null,
        "shape.border.color": "#979797",
        "shape.border.width": 2
      }
    },
    {
      "c": "ht.Shape",
      "i": 378597,
      "p": {
        "parent": {
          "__i": 378591
        },
        "position": {
          "x": 664.86967,
          "y": 805.00001
        },
        "width": 210.11986,
        "height": 173.41533,
        "segments": {
          "__a": [
            1,
            2,
            2,
            2,
            2,
            2,
            2,
            2
          ]
        },
        "points": {
          "__a": [
            {
              "x": 672.05479,
              "y": 722.00571
            },
            {
              "x": 665.54392,
              "y": 718.29234
            },
            {
              "x": 559.80974,
              "y": 777.63177
            },
            {
              "x": 559.80974,
              "y": 831.75048
            },
            {
              "x": 663.58755,
              "y": 891.70768
            },
            {
              "x": 769.9296,
              "y": 829.07668
            },
            {
              "x": 769.9296,
              "y": 777.63177
            },
            {
              "x": 665.54392,
              "y": 718.29234
            }
          ]
        }
      },
      "s": {
        "shape.background": null,
        "shape.border.color": "rgb(79,79,79)",
        "shape.border.width": 2
      }
    },
    {
      "c": "ht.Block",
      "i": 378598,
      "p": {
        "position": {
          "x": 285.57581,
          "y": 585.74276
        },
        "width": 333.71297,
        "height": 281.48551
      }
    },
    {
      "c": "ht.Shape",
      "i": 378599,
      "p": {
        "parent": {
          "__i": 378598
        },
        "position": {
          "x": 285.57581,
          "y": 585.74276
        },
        "width": 333.71297,
        "height": 281.48551,
        "segments": {
          "__a": [
            1,
            2,
            2,
            2,
            2,
            2,
            2,
            2
          ]
        },
        "points": {
          "__a": [
            {
              "x": 300.27017,
              "y": 451.06678
            },
            {
              "x": 290.50712,
              "y": 445.00001
            },
            {
              "x": 118.71933,
              "y": 545.30982
            },
            {
              "x": 118.71933,
              "y": 625.69324
            },
            {
              "x": 283.53955,
              "y": 726.48552
            },
            {
              "x": 452.4323,
              "y": 631.26132
            },
            {
              "x": 452.4323,
              "y": 545.30982
            },
            {
              "x": 290.50712,
              "y": 445.00001
            }
          ]
        }
      },
      "s": {
        "shape.background": "rgb(242,242,242)",
        "shape.border.color": "rgb(227,227,227)"
      }
    },
    {
      "c": "ht.Shape",
      "i": 378600,
      "p": {
        "parent": {
          "__i": 378598
        },
        "position": {
          "x": 337.09865,
          "y": 613.85881
        },
        "width": 105.8417,
        "height": 114.02723,
        "segments": {
          "__a": [
            1,
            2,
            2,
            2,
            2,
            2
          ]
        },
        "points": {
          "__a": [
            {
              "x": 284.1778,
              "y": 615.64023
            },
            {
              "x": 284.1778,
              "y": 670.87242
            },
            {
              "x": 390.0195,
              "y": 608.5821
            },
            {
              "x": 390.0195,
              "y": 556.84519
            },
            {
              "x": 284.1778,
              "y": 615.64023
            },
            {
              "x": 284.1778,
              "y": 615.64023
            }
          ]
        }
      },
      "s": {
        "shape.background": "rgb(176,176,176)",
        "shape.border.color": "#979797"
      }
    },
    {
      "c": "ht.Shape",
      "i": 378601,
      "p": {
        "parent": {
          "__i": 378598
        },
        "position": {
          "x": 232.89659,
          "y": 614.26457
        },
        "width": 102.69163,
        "height": 113.07341,
        "segments": {
          "__a": [
            1,
            2,
            2,
            2,
            2
          ]
        },
        "points": {
          "__a": [
            {
              "x": 284.24241,
              "y": 615.02587
            },
            {
              "x": 181.55078,
              "y": 557.72786
            },
            {
              "x": 181.55078,
              "y": 611.03432
            },
            {
              "x": 284.24241,
              "y": 670.80128
            },
            {
              "x": 284.24241,
              "y": 615.02587
            }
          ]
        }
      },
      "s": {
        "shape.background": "rgb(224,224,224)",
        "shape.border.color": "#979797"
      }
    },
    {
      "c": "ht.Shape",
      "i": 378602,
      "p": {
        "parent": {
          "__i": 378598
        },
        "position": {
          "x": 285.94441,
          "y": 556.89983
        },
        "width": 209.03534,
        "height": 117.22184,
        "segments": {
          "__a": [
            1,
            2,
            2,
            2,
            2
          ]
        },
        "points": {
          "__a": [
            {
              "x": 181.42674,
              "y": 557.22124
            },
            {
              "x": 284.37189,
              "y": 615.51075
            },
            {
              "x": 390.46208,
              "y": 557.22124
            },
            {
              "x": 285.93819,
              "y": 498.28891
            },
            {
              "x": 181.42674,
              "y": 557.22124
            }
          ]
        }
      },
      "s": {
        "shape.background": "rgb(255,255,255)",
        "shape.border.color": "rgb(115,115,115)",
        "shape.border.width": 2
      }
    },
    {
      "c": "ht.Shape",
      "i": 378603,
      "p": {
        "parent": {
          "__i": 378598
        },
        "position": {
          "x": 285.59506,
          "y": 597.70922
        },
        "width": 210.42867,
        "height": 62.20206,
        "segments": {
          "__a": [
            1,
            2,
            2,
            2
          ]
        },
        "points": {
          "__a": [
            {
              "x": 180.38072,
              "y": 574.73786
            },
            {
              "x": 180.38072,
              "y": 568.77895
            },
            {
              "x": 284.31394,
              "y": 628.81025
            },
            {
              "x": 390.8094,
              "y": 566.60819
            }
          ]
        }
      },
      "s": {
        "shape.background": null,
        "shape.border.color": "#979797",
        "shape.border.width": 2
      }
    },
    {
      "c": "ht.Shape",
      "i": 378604,
      "p": {
        "parent": {
          "__i": 378598
        },
        "position": {
          "x": 285.40216,
          "y": 585.00001
        },
        "width": 210.11986,
        "height": 173.41533,
        "segments": {
          "__a": [
            1,
            2,
            2,
            2,
            2,
            2,
            2,
            2
          ]
        },
        "points": {
          "__a": [
            {
              "x": 292.58728,
              "y": 502.00571
            },
            {
              "x": 286.07641,
              "y": 498.29234
            },
            {
              "x": 180.34223,
              "y": 557.63177
            },
            {
              "x": 180.34223,
              "y": 611.75048
            },
            {
              "x": 284.12004,
              "y": 671.70768
            },
            {
              "x": 390.46208,
              "y": 609.07668
            },
            {
              "x": 390.46208,
              "y": 557.63177
            },
            {
              "x": 286.07641,
              "y": 498.29234
            }
          ]
        }
      },
      "s": {
        "shape.background": null,
        "shape.border.color": "rgb(79,79,79)",
        "shape.border.width": 2
      }
    },
    {
      "c": "ht.Block",
      "i": 378605,
      "p": {
        "position": {
          "x": 1250.08056,
          "y": 469.10749
        },
        "width": 333.71297,
        "height": 281.48551
      }
    },
    {
      "c": "ht.Shape",
      "i": 378606,
      "p": {
        "parent": {
          "__i": 378605
        },
        "position": {
          "x": 1250.08056,
          "y": 469.10749
        },
        "width": 333.71297,
        "height": 281.48551,
        "segments": {
          "__a": [
            1,
            2,
            2,
            2,
            2,
            2,
            2,
            2
          ]
        },
        "points": {
          "__a": [
            {
              "x": 1264.77492,
              "y": 334.4315
            },
            {
              "x": 1255.01187,
              "y": 328.36474
            },
            {
              "x": 1083.22408,
              "y": 428.67455
            },
            {
              "x": 1083.22408,
              "y": 509.05797
            },
            {
              "x": 1248.04431,
              "y": 609.85024
            },
            {
              "x": 1416.93705,
              "y": 514.62604
            },
            {
              "x": 1416.93705,
              "y": 428.67455
            },
            {
              "x": 1255.01187,
              "y": 328.36474
            }
          ]
        }
      },
      "s": {
        "shape.background": "rgb(242,242,242)",
        "shape.border.color": "rgb(227,227,227)"
      }
    },
    {
      "c": "ht.Shape",
      "i": 378607,
      "p": {
        "parent": {
          "__i": 378605
        },
        "position": {
          "x": 1301.6034,
          "y": 497.22353
        },
        "width": 105.8417,
        "height": 114.02723,
        "segments": {
          "__a": [
            1,
            2,
            2,
            2,
            2,
            2
          ]
        },
        "points": {
          "__a": [
            {
              "x": 1248.68255,
              "y": 499.00496
            },
            {
              "x": 1248.68255,
              "y": 554.23715
            },
            {
              "x": 1354.52425,
              "y": 491.94683
            },
            {
              "x": 1354.52425,
              "y": 440.20992
            },
            {
              "x": 1248.68255,
              "y": 499.00496
            },
            {
              "x": 1248.68255,
              "y": 499.00496
            }
          ]
        }
      },
      "s": {
        "shape.background": "rgb(176,176,176)",
        "shape.border.color": "#979797"
      }
    },
    {
      "c": "ht.Shape",
      "i": 378608,
      "p": {
        "parent": {
          "__i": 378605
        },
        "position": {
          "x": 1197.40134,
          "y": 497.62929
        },
        "width": 102.69163,
        "height": 113.07341,
        "segments": {
          "__a": [
            1,
            2,
            2,
            2,
            2
          ]
        },
        "points": {
          "__a": [
            {
              "x": 1248.74716,
              "y": 498.3906
            },
            {
              "x": 1146.05553,
              "y": 441.09259
            },
            {
              "x": 1146.05553,
              "y": 494.39904
            },
            {
              "x": 1248.74716,
              "y": 554.166
            },
            {
              "x": 1248.74716,
              "y": 498.3906
            }
          ]
        }
      },
      "s": {
        "shape.background": "rgb(224,224,224)",
        "shape.border.color": "#979797"
      }
    },
    {
      "c": "ht.Shape",
      "i": 378609,
      "p": {
        "parent": {
          "__i": 378605
        },
        "position": {
          "x": 1250.44917,
          "y": 440.26455
        },
        "width": 209.03534,
        "height": 117.22184,
        "segments": {
          "__a": [
            1,
            2,
            2,
            2,
            2
          ]
        },
        "points": {
          "__a": [
            {
              "x": 1145.93149,
              "y": 440.58597
            },
            {
              "x": 1248.87664,
              "y": 498.87547
            },
            {
              "x": 1354.96684,
              "y": 440.58597
            },
            {
              "x": 1250.44294,
              "y": 381.65363
            },
            {
              "x": 1145.93149,
              "y": 440.58597
            }
          ]
        }
      },
      "s": {
        "shape.background": "rgb(255,255,255)",
        "shape.border.color": "rgb(115,115,115)",
        "shape.border.width": 2
      }
    },
    {
      "c": "ht.Shape",
      "i": 378610,
      "p": {
        "parent": {
          "__i": 378605
        },
        "position": {
          "x": 1250.09981,
          "y": 481.07395
        },
        "width": 210.42867,
        "height": 62.20206,
        "segments": {
          "__a": [
            1,
            2,
            2,
            2
          ]
        },
        "points": {
          "__a": [
            {
              "x": 1144.88547,
              "y": 458.10258
            },
            {
              "x": 1144.88547,
              "y": 452.14368
            },
            {
              "x": 1248.81869,
              "y": 512.17498
            },
            {
              "x": 1355.31415,
              "y": 449.97292
            }
          ]
        }
      },
      "s": {
        "shape.background": null,
        "shape.border.color": "#979797",
        "shape.border.width": 2
      }
    },
    {
      "c": "ht.Shape",
      "i": 378611,
      "p": {
        "parent": {
          "__i": 378605
        },
        "position": {
          "x": 1249.90691,
          "y": 468.36474
        },
        "width": 210.11986,
        "height": 173.41533,
        "segments": {
          "__a": [
            1,
            2,
            2,
            2,
            2,
            2,
            2,
            2
          ]
        },
        "points": {
          "__a": [
            {
              "x": 1257.09203,
              "y": 385.37044
            },
            {
              "x": 1250.58116,
              "y": 381.65707
            },
            {
              "x": 1144.84698,
              "y": 440.99649
            },
            {
              "x": 1144.84698,
              "y": 495.1152
            },
            {
              "x": 1248.62479,
              "y": 555.0724
            },
            {
              "x": 1354.96684,
              "y": 492.4414
            },
            {
              "x": 1354.96684,
              "y": 440.99649
            },
            {
              "x": 1250.58116,
              "y": 381.65707
            }
          ]
        }
      },
      "s": {
        "shape.background": null,
        "shape.border.color": "rgb(79,79,79)",
        "shape.border.width": 2
      }
    },
    {
      "c": "ht.Block",
      "i": 378612,
      "p": {
        "position": {
          "x": 867.83207,
          "y": 247.48551
        },
        "width": 333.71297,
        "height": 281.48551
      }
    },
    {
      "c": "ht.Shape",
      "i": 378613,
      "p": {
        "parent": {
          "__i": 378612
        },
        "position": {
          "x": 867.83207,
          "y": 247.48551
        },
        "width": 333.71297,
        "height": 281.48551,
        "segments": {
          "__a": [
            1,
            2,
            2,
            2,
            2,
            2,
            2,
            2
          ]
        },
        "points": {
          "__a": [
            {
              "x": 882.52643,
              "y": 112.80952
            },
            {
              "x": 872.76338,
              "y": 106.74276
            },
            {
              "x": 700.97559,
              "y": 207.05257
            },
            {
              "x": 700.97559,
              "y": 287.43599
            },
            {
              "x": 865.79582,
              "y": 388.22826
            },
            {
              "x": 1034.68856,
              "y": 293.00406
            },
            {
              "x": 1034.68856,
              "y": 207.05257
            },
            {
              "x": 872.76338,
              "y": 106.74276
            }
          ]
        }
      },
      "s": {
        "shape.background": "rgb(242,242,242)",
        "shape.border.color": "rgb(227,227,227)"
      }
    },
    {
      "c": "ht.Shape",
      "i": 378614,
      "p": {
        "parent": {
          "__i": 378612
        },
        "position": {
          "x": 919.35491,
          "y": 275.60155
        },
        "width": 105.8417,
        "height": 114.02723,
        "segments": {
          "__a": [
            1,
            2,
            2,
            2,
            2,
            2
          ]
        },
        "points": {
          "__a": [
            {
              "x": 866.43406,
              "y": 277.38298
            },
            {
              "x": 866.43406,
              "y": 332.61517
            },
            {
              "x": 972.27576,
              "y": 270.32485
            },
            {
              "x": 972.27576,
              "y": 218.58794
            },
            {
              "x": 866.43406,
              "y": 277.38298
            },
            {
              "x": 866.43406,
              "y": 277.38298
            }
          ]
        }
      },
      "s": {
        "shape.background": "rgb(176,176,176)",
        "shape.border.color": "#979797"
      }
    },
    {
      "c": "ht.Shape",
      "i": 378615,
      "p": {
        "parent": {
          "__i": 378612
        },
        "position": {
          "x": 815.15285,
          "y": 276.00731
        },
        "width": 102.69163,
        "height": 113.07341,
        "segments": {
          "__a": [
            1,
            2,
            2,
            2,
            2
          ]
        },
        "points": {
          "__a": [
            {
              "x": 866.49867,
              "y": 276.76862
            },
            {
              "x": 763.80704,
              "y": 219.47061
            },
            {
              "x": 763.80704,
              "y": 272.77706
            },
            {
              "x": 866.49867,
              "y": 332.54402
            },
            {
              "x": 866.49867,
              "y": 276.76862
            }
          ]
        }
      },
      "s": {
        "shape.background": "rgb(224,224,224)",
        "shape.border.color": "#979797"
      }
    },
    {
      "c": "ht.Shape",
      "i": 378616,
      "p": {
        "parent": {
          "__i": 378612
        },
        "position": {
          "x": 868.20067,
          "y": 218.64257
        },
        "width": 209.03534,
        "height": 117.22184,
        "segments": {
          "__a": [
            1,
            2,
            2,
            2,
            2
          ]
        },
        "points": {
          "__a": [
            {
              "x": 763.683,
              "y": 218.96399
            },
            {
              "x": 866.62815,
              "y": 277.25349
            },
            {
              "x": 972.71835,
              "y": 218.96399
            },
            {
              "x": 868.19445,
              "y": 160.03165
            },
            {
              "x": 763.683,
              "y": 218.96399
            }
          ]
        }
      },
      "s": {
        "shape.background": "rgb(255,255,255)",
        "shape.border.color": "rgb(115,115,115)",
        "shape.border.width": 2
      }
    },
    {
      "c": "ht.Shape",
      "i": 378617,
      "p": {
        "parent": {
          "__i": 378612
        },
        "position": {
          "x": 867.85132,
          "y": 259.45197
        },
        "width": 210.42867,
        "height": 62.20206,
        "segments": {
          "__a": [
            1,
            2,
            2,
            2
          ]
        },
        "points": {
          "__a": [
            {
              "x": 762.63698,
              "y": 236.4806
            },
            {
              "x": 762.63698,
              "y": 230.5217
            },
            {
              "x": 866.5702,
              "y": 290.553
            },
            {
              "x": 973.06566,
              "y": 228.35094
            }
          ]
        }
      },
      "s": {
        "shape.background": null,
        "shape.border.color": "#979797",
        "shape.border.width": 2
      }
    },
    {
      "c": "ht.Shape",
      "i": 378618,
      "p": {
        "parent": {
          "__i": 378612
        },
        "position": {
          "x": 867.65842,
          "y": 246.74276
        },
        "width": 210.11986,
        "height": 173.41533,
        "segments": {
          "__a": [
            1,
            2,
            2,
            2,
            2,
            2,
            2,
            2
          ]
        },
        "points": {
          "__a": [
            {
              "x": 874.84354,
              "y": 163.74846
            },
            {
              "x": 868.33267,
              "y": 160.03509
            },
            {
              "x": 762.59849,
              "y": 219.37451
            },
            {
              "x": 762.59849,
              "y": 273.49322
            },
            {
              "x": 866.3763,
              "y": 333.45042
            },
            {
              "x": 972.71835,
              "y": 270.81942
            },
            {
              "x": 972.71835,
              "y": 219.37451
            },
            {
              "x": 868.33267,
              "y": 160.03509
            }
          ]
        }
      },
      "s": {
        "shape.background": null,
        "shape.border.color": "rgb(79,79,79)",
        "shape.border.width": 2
      }
    },
    {
      "c": "ht.Node",
      "i": 378619,
      "p": {
        "displayName": "标题框",
        "image": "symbols/3d场景用/icon/标题框.json",
        "position": {
          "x": -766.3953,
          "y": 957.0694
        },
        "width": 225.30656,
        "height": 112.65328
      }
    },
    {
      "c": "ht.Node",
      "i": 378620,
      "p": {
        "displayName": "标题框",
        "image": "symbols/3d场景用/icon/标题框.json",
        "position": {
          "x": -431.25522,
          "y": 1152.87077
        },
        "width": 237.1275,
        "height": 118.56375
      }
    },
    {
      "c": "ht.Node",
      "i": 378621,
      "p": {
        "displayName": "标题框",
        "image": "symbols/3d场景用/icon/标题框.json",
        "position": {
          "x": -90.50458,
          "y": 1351.8865
        },
        "width": 209.02268,
        "height": 102.78534
      }
    },
    {
      "c": "ht.Node",
      "i": 378622,
      "p": {
        "displayName": "标题框",
        "image": "symbols/3d场景用/icon/标题框.json",
        "position": {
          "x": 292.17464,
          "y": 432.97504
        },
        "width": 255.90968,
        "height": 126.28316
      }
    },
    {
      "c": "ht.Node",
      "i": 378623,
      "p": {
        "displayName": "标题框",
        "image": "symbols/3d场景用/icon/标题框.json",
        "position": {
          "x": 674.71275,
          "y": 636.66905
        },
        "width": 280.8802,
        "height": 140.4401
      }
    },
    {
      "c": "ht.Node",
      "i": 378624,
      "p": {
        "displayName": "标题框",
        "image": "symbols/3d场景用/icon/标题框.json",
        "position": {
          "x": 792.40212,
          "y": 103.72521
        },
        "width": 197.27247,
        "height": 112.54958
      }
    },
    {
      "c": "ht.Node",
      "i": 378625,
      "p": {
        "displayName": "标题框",
        "image": "symbols/3d场景用/icon/标题框.json",
        "position": {
          "x": 1165.14585,
          "y": 320
        },
        "width": 182.5487,
        "height": 105
      }
    },
    {
      "c": "ht.Node",
      "i": 378626,
      "p": {
        "displayName": "云服务器",
        "image": "symbols/basic/skew-image.json",
        "rotation": 1.5708,
        "position": {
          "x": -538.71178,
          "y": 1282.45449
        },
        "width": 76.12491,
        "height": 55.36357
      },
      "a": {
        "skew.image": "symbols/3d场景用/icon/云服务器.json",
        "axisY.x": 55,
        "axisY.y": 85,
        "axisX.x": -60,
        "axisX.y": 140
      }
    },
    {
      "c": "ht.Node",
      "i": 378627,
      "p": {
        "displayName": "魔方",
        "image": "symbols/3d场景用/icon/魔方.json",
        "rotation": 3.14159,
        "position": {
          "x": 866.2022,
          "y": 216.77283
        },
        "width": 79.08873,
        "height": 79.08873
      },
      "a": {
        "skew.image": "symbols/3d场景用/icon/魔方.json",
        "axisY.x": 100,
        "axisY.y": 60
      }
    },
    {
      "c": "ht.Node",
      "i": 378628,
      "p": {
        "displayName": "kibana",
        "image": "symbols/basic/skew-image.json",
        "rotation": 1.5708,
        "position": {
          "x": 1250.44917,
          "y": 440.20992
        },
        "width": 103.96331,
        "height": 103.96331
      },
      "a": {
        "skew.image": "symbols/3d场景用/icon/kibana.json",
        "axisY.x": 60,
        "axisY.y": 100,
        "axisX.x": 60,
        "axisX.y": -100
      }
    },
    {
      "c": "ht.Node",
      "i": 378629,
      "p": {
        "displayName": "Elasticsearch",
        "image": "symbols/basic/skew-image.json",
        "position": {
          "x": 665.35289,
          "y": 774.10244
        },
        "width": 74.84008,
        "height": 74.84008
      },
      "a": {
        "skew.image": "symbols/3d场景用/icon/Elasticsearch.json",
        "axisY.x": 100,
        "axisY.y": 60
      }
    },
    {
      "c": "ht.Node",
      "i": 378630,
      "p": {
        "displayName": "maxcompute",
        "image": "symbols/basic/skew-image.json",
        "position": {
          "x": 287.65199,
          "y": 554.10243
        },
        "width": 90.80415,
        "height": 90.80415
      },
      "a": {
        "skew.image": "symbols/3d场景用/icon/maxcompute.json",
        "axisY.x": 100,
        "axisY.y": 60
      }
    },
    {
      "c": "ht.Shape",
      "i": 378631,
      "p": {
        "position": {
          "x": -272.50713,
          "y": 1166.66826
        },
        "width": 146.90027,
        "height": 90.96878,
        "segments": {
          "__a": [
            1,
            2,
            2,
            2,
            2,
            2,
            2
          ]
        },
        "points": {
          "__a": [
            {
              "x": -299.52404,
              "y": 1212.15265
            },
            {
              "x": -234.56181,
              "y": 1170.17705
            },
            {
              "x": -199.057,
              "y": 1188.6663
            },
            {
              "x": -199.057,
              "y": 1121.18387
            },
            {
              "x": -314.38874,
              "y": 1121.18387
            },
            {
              "x": -279.032,
              "y": 1141.48262
            },
            {
              "x": -345.95727,
              "y": 1183.15308
            }
          ]
        }
      },
      "s": {
        "shape.background": "#32D3EB",
        "shape.border.color": "#979797",
        "shape.gradient": "linear.west",
        "shape.gradient.color": "rgba(255,255,255,0.67)"
      }
    },
    {
      "c": "ht.Shape",
      "i": 378632,
      "p": {
        "position": {
          "x": 350.54613,
          "y": 798.79147
        },
        "width": 146.90027,
        "height": 90.96878,
        "segments": {
          "__a": [
            1,
            2,
            2,
            2,
            2,
            2,
            2
          ]
        },
        "points": {
          "__a": [
            {
              "x": 323.52922,
              "y": 844.27586
            },
            {
              "x": 388.49147,
              "y": 802.30026
            },
            {
              "x": 423.99627,
              "y": 820.78951
            },
            {
              "x": 423.99627,
              "y": 753.30708
            },
            {
              "x": 308.66452,
              "y": 753.30708
            },
            {
              "x": 344.02128,
              "y": 773.60584
            },
            {
              "x": 277.09599,
              "y": 815.27629
            }
          ]
        }
      },
      "s": {
        "shape.background": "#32D3EB",
        "shape.border.color": "#979797",
        "shape.gradient": "linear.west",
        "shape.gradient.color": "rgba(255,255,255,0.67)"
      }
    },
    {
      "c": "ht.Shape",
      "i": 378633,
      "p": {
        "position": {
          "x": 864.65233,
          "y": 511.02012
        },
        "width": 146.90027,
        "height": 90.96878,
        "segments": {
          "__a": [
            1,
            2,
            2,
            2,
            2,
            2,
            2
          ]
        },
        "points": {
          "__a": [
            {
              "x": 837.63542,
              "y": 556.50451
            },
            {
              "x": 902.59766,
              "y": 514.52891
            },
            {
              "x": 938.10246,
              "y": 533.01816
            },
            {
              "x": 938.10246,
              "y": 465.53573
            },
            {
              "x": 822.77072,
              "y": 465.53573
            },
            {
              "x": 858.12747,
              "y": 485.83449
            },
            {
              "x": 791.20219,
              "y": 527.50494
            }
          ]
        }
      },
      "s": {
        "shape.background": "#32D3EB",
        "shape.border.color": "#979797",
        "shape.gradient": "linear.west",
        "shape.gradient.color": "rgba(255,255,255,0.67)"
      }
    },
    {
      "c": "ht.Shape",
      "i": 378634,
      "p": {
        "position": {
          "x": -168.58408,
          "y": 1020.74276
        },
        "width": 207.8461,
        "height": 206.11945,
        "segments": {
          "__a": [
            1,
            2,
            2,
            2,
            2
          ]
        },
        "points": {
          "__a": [
            {
              "x": -272.50713,
              "y": 917.68304
            },
            {
              "x": -64.66104,
              "y": 1037.68304
            },
            {
              "x": -64.66104,
              "y": 1123.80249
            },
            {
              "x": -272.50713,
              "y": 1003.80249
            },
            {
              "x": -272.50713,
              "y": 917.68304
            }
          ]
        }
      },
      "s": {
        "shape.background": "rgb(51,51,51)",
        "shape.border.color": "#979797"
      }
    },
    {
      "c": "ht.Shape",
      "i": 378635,
      "p": {
        "position": {
          "x": 180.18171,
          "y": 817.68303
        },
        "width": 207.8461,
        "height": 206.11945,
        "segments": {
          "__a": [
            1,
            2,
            2,
            2,
            2
          ]
        },
        "points": {
          "__a": [
            {
              "x": 76.25866,
              "y": 714.6233
            },
            {
              "x": 284.10476,
              "y": 834.6233
            },
            {
              "x": 284.10476,
              "y": 920.74276
            },
            {
              "x": 76.25866,
              "y": 800.74276
            },
            {
              "x": 76.25866,
              "y": 714.6233
            }
          ]
        }
      },
      "s": {
        "shape.background": "rgb(51,51,51)",
        "shape.border.color": "#979797"
      }
    },
    {
      "c": "ht.Shape",
      "i": 378636,
      "p": {
        "position": {
          "x": 390.46208,
          "y": 1112.61574
        },
        "width": 228.70507,
        "height": 132.04293,
        "segments": {
          "__a": [
            1,
            2,
            2,
            2,
            2
          ]
        },
        "points": {
          "__a": [
            {
              "x": 333.28581,
              "y": 1046.59427
            },
            {
              "x": 276.10954,
              "y": 1079.605
            },
            {
              "x": 447.63835,
              "y": 1178.63721
            },
            {
              "x": 504.81461,
              "y": 1145.62647
            },
            {
              "x": 333.28581,
              "y": 1046.59427
            }
          ]
        }
      },
      "s": {
        "shape.background": "rgb(212,212,212)",
        "shape.border.color": "#979797"
      }
    },
    {
      "c": "ht.Shape",
      "i": 378637,
      "p": {
        "position": {
          "x": 54.83254,
          "y": 920.74275
        },
        "width": 440.68451,
        "height": 252.41159,
        "segments": {
          "__a": [
            1,
            2,
            2,
            2,
            2
          ]
        },
        "points": {
          "__a": [
            {
              "x": -105.87597,
              "y": 794.53696
            },
            {
              "x": -165.50972,
              "y": 825.98632
            },
            {
              "x": 217.99852,
              "y": 1046.94855
            },
            {
              "x": 275.17479,
              "y": 1013.93782
            },
            {
              "x": -105.87597,
              "y": 794.53696
            }
          ]
        }
      },
      "s": {
        "shape.background": "rgb(212,212,212)",
        "shape.border.color": "#979797"
      }
    },
    {
      "c": "ht.Shape",
      "i": 378638,
      "p": {
        "position": {
          "x": -266.70161,
          "y": 733.97463
        },
        "width": 228.70507,
        "height": 132.04293,
        "segments": {
          "__a": [
            1,
            2,
            2,
            2,
            2
          ]
        },
        "points": {
          "__a": [
            {
              "x": -323.87788,
              "y": 667.95317
            },
            {
              "x": -381.05414,
              "y": 700.9639
            },
            {
              "x": -209.52534,
              "y": 799.9961
            },
            {
              "x": -152.34907,
              "y": 766.98537
            },
            {
              "x": -323.87788,
              "y": 667.95317
            }
          ]
        }
      },
      "s": {
        "shape.background": "rgb(212,212,212)",
        "shape.border.color": "#979797"
      }
    },
    {
      "c": "ht.Shape",
      "i": 378639,
      "p": {
        "position": {
          "x": 731.89863,
          "y": 498.05367
        },
        "width": 207.8461,
        "height": 206.11945,
        "segments": {
          "__a": [
            1,
            2,
            2,
            2,
            2
          ]
        },
        "points": {
          "__a": [
            {
              "x": 627.97558,
              "y": 394.99394
            },
            {
              "x": 835.82168,
              "y": 514.99394
            },
            {
              "x": 835.82168,
              "y": 601.1134
            },
            {
              "x": 627.97558,
              "y": 481.1134
            },
            {
              "x": 627.97558,
              "y": 394.99394
            }
          ]
        }
      },
      "s": {
        "shape.background": "rgb(51,51,51)",
        "shape.border.color": "#979797"
      }
    },
    {
      "c": "ht.Shape",
      "i": 378640,
      "p": {
        "position": {
          "x": 1289.6294,
          "y": 177.68303
        },
        "width": 207.8461,
        "height": 206.11945,
        "segments": {
          "__a": [
            1,
            2,
            2,
            2,
            2
          ]
        },
        "points": {
          "__a": [
            {
              "x": 1185.70635,
              "y": 74.62331
            },
            {
              "x": 1393.55245,
              "y": 194.62331
            },
            {
              "x": 1393.55245,
              "y": 280.74276
            },
            {
              "x": 1185.70635,
              "y": 160.74276
            },
            {
              "x": 1185.70635,
              "y": 74.62331
            }
          ]
        }
      },
      "s": {
        "shape.background": "rgb(51,51,51)",
        "shape.border.color": "#979797"
      }
    },
    {
      "c": "ht.Text",
      "i": 378641,
      "p": {
        "position": {
          "x": -766.3953,
          "y": 947.38689
        },
        "width": 111.6229
      },
      "s": {
        "text": "log server",
        "text.font": "24px arial, sans-serif",
        "text.color": "rgb(0,0,0)"
      }
    },
    {
      "c": "ht.Text",
      "i": 378642,
      "p": {
        "position": {
          "x": -431.25522,
          "y": 1142.71823
        },
        "width": 147.54955,
        "height": 38.74939
      },
      "s": {
        "text": "云服务器ECS",
        "text.font": "24px arial, sans-serif",
        "text.color": "rgb(0,0,0)"
      }
    },
    {
      "c": "ht.Text",
      "i": 378643,
      "p": {
        "position": {
          "x": -86.90305,
          "y": 1343.17522
        },
        "width": 62.4128
      },
      "s": {
        "text": "RDS",
        "text.font": "24px arial, sans-serif",
        "text.color": "rgb(0,0,0)"
      }
    },
    {
      "c": "ht.Text",
      "i": 378644,
      "p": {
        "position": {
          "x": 678.71275,
          "y": 625.66905
        },
        "width": 227.37874
      },
      "s": {
        "text": "阿里云·Elasticsearch",
        "text.font": "24px arial, sans-serif",
        "text.color": "rgb(0,0,0)"
      }
    },
    {
      "c": "ht.Text",
      "i": 378645,
      "p": {
        "position": {
          "x": 300.93631,
          "y": 422.28732
        },
        "width": 145.21797
      },
      "s": {
        "text": "MaxCompute ",
        "text.font": "24px arial, sans-serif",
        "text.color": "rgb(0,0,0)"
      }
    },
    {
      "c": "ht.Text",
      "i": 378646,
      "p": {
        "position": {
          "x": 795.81523,
          "y": 94
        }
      },
      "s": {
        "text": "Quick BI",
        "text.font": "24px arial, sans-serif",
        "text.color": "rgb(0,0,0)"
      }
    },
    {
      "c": "ht.Text",
      "i": 378647,
      "p": {
        "position": {
          "x": 1175.70224,
          "y": 312.5
        }
      },
      "s": {
        "text": "Kibana",
        "text.font": "24px arial, sans-serif",
        "text.color": "rgb(0,0,0)"
      }
    },
    {
      "c": "ht.Node",
      "i": 378651,
      "p": {
        "displayName": "log",
        "image": "symbols/basic/skew-image.json",
        "rotation": 1.70928,
        "position": {
          "x": -905.59764,
          "y": 1076.28038
        },
        "width": 83.4107,
        "height": 83.4107
      },
      "a": {
        "skew.image": "symbols/3d场景用/icon/log.json",
        "axisY.x": 60,
        "axisY.y": 90,
        "axisX.x": -55,
        "axisX.y": 120
      }
    },
    {
      "c": "ht.Node",
      "i": 378652,
      "p": {
        "displayName": "RDS",
        "image": "symbols/basic/skew-image.json",
        "rotation": 5.52942,
        "position": {
          "x": -182.21231,
          "y": 1493.55737
        },
        "width": -1,
        "height": -1
      },
      "a": {
        "skew.image": "symbols/3d场景用/icon/RDS.json",
        "axisY.x": 87,
        "axisY.y": 89,
        "axisX.x": 79,
        "axisX.y": -60
      }
    },
    {
      "c": "ht.Node",
      "i": 378653,
      "p": {
        "displayName": "日志源",
        "image": "symbols/basic/skew-image.json",
        "position": {
          "x": -165.50972,
          "y": 1023.72608
        },
        "width": 96.08529,
        "height": 96.08529
      },
      "a": {
        "skew.image": "symbols/3d场景用/icon/日志源.json",
        "axisX.x": 200,
        "axisX.y": 120,
        "axisY.x": 0,
        "axisY.y": 60
      }
    },
    {
      "c": "ht.Node",
      "i": 378654,
      "p": {
        "displayName": "日志投递",
        "image": "symbols/basic/skew-image.json",
        "position": {
          "x": 179.18171,
          "y": 816.30402
        }
      },
      "a": {
        "skew.image": "symbols/3d场景用/icon/日志投递.json",
        "axisX.x": 200,
        "axisX.y": 120,
        "axisY.y": 60
      }
    },
    {
      "c": "ht.Node",
      "i": 378655,
      "p": {
        "displayName": "日志分析索引",
        "image": "symbols/basic/skew-image.json",
        "position": {
          "x": 729.89863,
          "y": 496.11662
        }
      },
      "a": {
        "skew.image": "symbols/3d场景用/icon/日志分析索引.json",
        "axisX.x": 200,
        "axisX.y": 120,
        "axisY.y": 60
      }
    },
    {
      "c": "ht.Node",
      "i": 378656,
      "p": {
        "displayName": "可视化分析",
        "image": "symbols/basic/skew-image.json",
        "position": {
          "x": 1290.02633,
          "y": 177.68303
        }
      },
      "a": {
        "skew.image": "symbols/3d场景用/icon/可视化分析.json",
        "axisX.x": 200,
        "axisX.y": 120,
        "axisY.y": 60
      }
    },
    {
      "c": "ht.Node",
      "i": 446391,
      "p": {
        "displayName": "Logshipper",
        "image": "symbols/basic/skew-image.json",
        "rotation": 6.22812,
        "position": {
          "x": -265.39814,
          "y": 731.94392
        },
        "width": 113.70578,
        "height": 28.42644
      },
      "a": {
        "skew.image": "symbols/3d场景用/icon/Logshipper.json",
        "axisX.x": 120,
        "axisX.y": 300,
        "axisY.x": -50,
        "axisY.y": 90
      }
    },
    {
      "c": "ht.Node",
      "i": 446548,
      "p": {
        "displayName": "Syslog+Logstash+Kafka",
        "image": "symbols/basic/skew-image.json",
        "rotation": 0.27966,
        "position": {
          "x": 51.85715,
          "y": 919.21853
        },
        "width": 353.74776,
        "height": 37.90155
      },
      "a": {
        "skew.image": "symbols/3d场景用/icon/Syslog+Logstash+Kafka.json",
        "axisX.x": 120,
        "axisX.y": 282,
        "axisY.x": -10,
        "axisY.y": 90
      }
    },
    {
      "c": "ht.Node",
      "i": 446791,
      "p": {
        "displayName": "DTS",
        "image": "symbols/basic/skew-image.json",
        "rotation": 6.1432,
        "position": {
          "x": 388.88979,
          "y": 1114.71415
        },
        "width": 58.33441,
        "height": 19.4448
      },
      "a": {
        "skew.image": "symbols/3d场景用/icon/DTS.json",
        "axisX.x": 125,
        "axisX.y": 300,
        "axisY.x": -50,
        "axisY.y": 69
      }
    }
  ],
  "modified": "Wed Jan 02 2019 18:14:32 GMT+0800 (中国标准时间)",
  "contentRect": {
    "x": -1211.49827,
    "y": -3.49847,
    "width": 2884.20433,
    "height": 1707.74123
  }
}