{
  "v": "6.2.0",
  "p": {
    "background": "rgb(92,92,92)",
    "autoAdjustIndex": true,
    "hierarchicalRendering": true
  },
  "a": {
    "previewURL": "display-ems.html"
  },
  "d": [
    {
      "c": "ht.Node",
      "i": 2298,
      "p": {
        "displayName": "背景",
        "position": {
          "x": 724.43186,
          "y": 454.3181
        },
        "width": 1440,
        "height": 900
      },
      "s": {
        "shape": "rect",
        "shape.background": "rgb(255,255,255)",
        "shape.border.color": "#979797",
        "2d.selectable": false
      }
    },
    {
      "c": "ht.Node",
      "i": 2299,
      "p": {
        "displayName": "panel",
        "image": "symbols/demo/ems/panel.json",
        "position": {
          "x": 615.08092,
          "y": 240.78095
        },
        "width": 846.19014,
        "height": 115.69006
      }
    },
    {
      "c": "ht.Node",
      "i": 2300,
      "p": {
        "displayName": "panel1",
        "image": "symbols/demo/ems/panel1.json",
        "position": {
          "x": 613.29252,
          "y": 412.95346
        },
        "width": 846.19014,
        "height": 115.69006
      }
    },
    {
      "c": "ht.Node",
      "i": 2301,
      "p": {
        "displayName": "网口",
        "parent": {
          "__i": 2300
        },
        "image": "symbols/demo/ems/port.json",
        "position": {
          "x": 329.64102,
          "y": 381.49399
        },
        "width": 30.57523,
        "height": 23.13801
      },
      "s": {
        "opacity": 1
      }
    },
    {
      "c": "ht.Node",
      "i": 2302,
      "p": {
        "displayName": "网口",
        "parent": {
          "__i": 2300
        },
        "image": "symbols/demo/ems/port.json",
        "position": {
          "x": 377.90389,
          "y": 381.49399
        },
        "width": 30.57523,
        "height": 23.13801
      },
      "s": {
        "opacity": 1
      }
    },
    {
      "c": "ht.Node",
      "i": 2303,
      "p": {
        "displayName": "网口",
        "parent": {
          "__i": 2300
        },
        "image": "symbols/demo/ems/port.json",
        "position": {
          "x": 426.16676,
          "y": 381.49399
        },
        "width": 30.57523,
        "height": 23.13801
      },
      "s": {
        "opacity": 1
      }
    },
    {
      "c": "ht.Node",
      "i": 2304,
      "p": {
        "displayName": "网口",
        "parent": {
          "__i": 2300
        },
        "image": "symbols/demo/ems/port.json",
        "position": {
          "x": 474.42963,
          "y": 381.49399
        },
        "width": 30.57523,
        "height": 23.13801
      },
      "s": {
        "opacity": 1
      }
    },
    {
      "c": "ht.Node",
      "i": 2305,
      "p": {
        "displayName": "网口",
        "parent": {
          "__i": 2300
        },
        "image": "symbols/demo/ems/port.json",
        "position": {
          "x": 549.74204,
          "y": 381.49399
        },
        "width": 30.57523,
        "height": 23.13801
      },
      "s": {
        "opacity": 1
      }
    },
    {
      "c": "ht.Node",
      "i": 2306,
      "p": {
        "displayName": "网口",
        "parent": {
          "__i": 2300
        },
        "image": "symbols/demo/ems/port.json",
        "position": {
          "x": 598.0049,
          "y": 381.49399
        },
        "width": 30.57523,
        "height": 23.13801
      },
      "s": {
        "opacity": 1
      }
    },
    {
      "c": "ht.Node",
      "i": 2307,
      "p": {
        "displayName": "网口",
        "parent": {
          "__i": 2300
        },
        "image": "symbols/demo/ems/port.json",
        "position": {
          "x": 646.26778,
          "y": 381.49399
        },
        "width": 30.57523,
        "height": 23.13801
      },
      "s": {
        "opacity": 1
      }
    },
    {
      "c": "ht.Node",
      "i": 2308,
      "p": {
        "displayName": "网口",
        "parent": {
          "__i": 2300
        },
        "image": "symbols/demo/ems/port.json",
        "position": {
          "x": 694.53065,
          "y": 381.49399
        },
        "width": 30.57523,
        "height": 23.13801
      },
      "s": {
        "opacity": 1
      }
    },
    {
      "c": "ht.Node",
      "i": 2309,
      "p": {
        "displayName": "网口",
        "parent": {
          "__i": 2300
        },
        "image": "symbols/demo/ems/port-off.json",
        "position": {
          "x": 772.52495,
          "y": 381.49399
        },
        "width": 30.57523,
        "height": 23.13801
      },
      "s": {
        "opacity": 1
      }
    },
    {
      "c": "ht.Node",
      "i": 2310,
      "p": {
        "displayName": "网口",
        "parent": {
          "__i": 2300
        },
        "image": "symbols/demo/ems/port-off.json",
        "position": {
          "x": 820.78782,
          "y": 381.49399
        },
        "width": 30.57523,
        "height": 23.13801
      },
      "s": {
        "opacity": 1
      }
    },
    {
      "c": "ht.Node",
      "i": 2311,
      "p": {
        "displayName": "网口",
        "parent": {
          "__i": 2300
        },
        "image": "symbols/demo/ems/port-off.json",
        "position": {
          "x": 869.05069,
          "y": 381.49399
        },
        "width": 30.57523,
        "height": 23.13801
      },
      "s": {
        "opacity": 1
      }
    },
    {
      "c": "ht.Node",
      "i": 2312,
      "p": {
        "displayName": "网口",
        "parent": {
          "__i": 2300
        },
        "image": "symbols/demo/ems/port-off.json",
        "position": {
          "x": 917.31356,
          "y": 381.49399
        },
        "width": 30.57523,
        "height": 23.13801
      },
      "s": {
        "opacity": 1
      }
    },
    {
      "c": "ht.Node",
      "i": 2313,
      "p": {
        "displayName": "网口",
        "parent": {
          "__i": 2300
        },
        "image": "symbols/demo/ems/port.json",
        "position": {
          "x": 329.64102,
          "y": 438.01402
        },
        "width": 30.57523,
        "height": 23.13801
      },
      "s": {
        "opacity": 1
      }
    },
    {
      "c": "ht.Node",
      "i": 2314,
      "p": {
        "displayName": "网口",
        "parent": {
          "__i": 2300
        },
        "image": "symbols/demo/ems/port.json",
        "position": {
          "x": 377.90389,
          "y": 438.01402
        },
        "width": 30.57523,
        "height": 23.13801
      },
      "s": {
        "opacity": 1
      }
    },
    {
      "c": "ht.Node",
      "i": 2315,
      "p": {
        "displayName": "网口",
        "parent": {
          "__i": 2300
        },
        "image": "symbols/demo/ems/port.json",
        "position": {
          "x": 426.16676,
          "y": 438.01402
        },
        "width": 30.57523,
        "height": 23.13801
      },
      "s": {
        "opacity": 1
      }
    },
    {
      "c": "ht.Node",
      "i": 2316,
      "p": {
        "displayName": "网口",
        "parent": {
          "__i": 2300
        },
        "image": "symbols/demo/ems/port.json",
        "position": {
          "x": 474.42963,
          "y": 438.01402
        },
        "width": 30.57523,
        "height": 23.13801
      },
      "s": {
        "opacity": 1
      }
    },
    {
      "c": "ht.Node",
      "i": 2317,
      "p": {
        "displayName": "网口",
        "parent": {
          "__i": 2300
        },
        "image": "symbols/demo/ems/port-off.json",
        "position": {
          "x": 772.52495,
          "y": 438.01402
        },
        "width": 30.57523,
        "height": 23.13801
      },
      "s": {
        "opacity": 1
      }
    },
    {
      "c": "ht.Node",
      "i": 2318,
      "p": {
        "displayName": "网口",
        "parent": {
          "__i": 2300
        },
        "image": "symbols/demo/ems/port-off.json",
        "position": {
          "x": 820.78782,
          "y": 438.01402
        },
        "width": 30.57523,
        "height": 23.13801
      },
      "s": {
        "opacity": 1
      }
    },
    {
      "c": "ht.Node",
      "i": 2319,
      "p": {
        "displayName": "网口",
        "parent": {
          "__i": 2300
        },
        "image": "symbols/demo/ems/port-off.json",
        "position": {
          "x": 869.05069,
          "y": 438.01402
        },
        "width": 30.57523,
        "height": 23.13801
      },
      "s": {
        "opacity": 1
      }
    },
    {
      "c": "ht.Node",
      "i": 2320,
      "p": {
        "displayName": "网口",
        "parent": {
          "__i": 2300
        },
        "image": "symbols/demo/ems/port-off.json",
        "position": {
          "x": 917.31356,
          "y": 438.01402
        },
        "width": 30.57523,
        "height": 23.13801
      },
      "s": {
        "opacity": 1
      }
    },
    {
      "c": "ht.Node",
      "i": 2321,
      "p": {
        "displayName": "panel2",
        "image": "symbols/demo/ems/panel2.json",
        "position": {
          "x": 613.29252,
          "y": 588.15362
        },
        "width": 846.19014,
        "height": 115.69006
      },
      "s": {
        "2d.selectable": false
      }
    },
    {
      "c": "ht.Node",
      "i": 2322,
      "p": {
        "displayName": "port-off",
        "parent": {
          "__i": 2321
        },
        "image": "symbols/demo/ems/port-off.json",
        "position": {
          "x": 370.15546,
          "y": 609.82286
        },
        "width": 31.40159,
        "height": 23.13801
      }
    },
    {
      "c": "ht.Node",
      "i": 2323,
      "p": {
        "displayName": "port-off",
        "parent": {
          "__i": 2321
        },
        "image": "symbols/demo/ems/port-off.json",
        "position": {
          "x": 424.18591,
          "y": 609.82286
        },
        "width": 31.40159,
        "height": 23.13801
      }
    },
    {
      "c": "ht.Node",
      "i": 2324,
      "p": {
        "displayName": "port-off",
        "parent": {
          "__i": 2321
        },
        "image": "symbols/demo/ems/port-off.json",
        "rotation": 3.14159,
        "position": {
          "x": 424.18591,
          "y": 555.14963
        },
        "width": 31.40159,
        "height": 23.13801
      },
      "s": {
        "body.color": "rgb(24,219,40)"
      }
    },
    {
      "c": "ht.Node",
      "i": 2325,
      "p": {
        "displayName": "port-off",
        "parent": {
          "__i": 2321
        },
        "image": "symbols/demo/ems/port-off.json",
        "rotation": 3.14159,
        "position": {
          "x": 370.15546,
          "y": 555.14963
        },
        "width": 31.40159,
        "height": 23.13801
      },
      "s": {
        "body.color": "rgb(24,219,40)"
      }
    },
    {
      "c": "ht.Node",
      "i": 2326,
      "p": {
        "displayName": "port-off",
        "parent": {
          "__i": 2321
        },
        "image": "symbols/demo/ems/port-off.json",
        "position": {
          "x": 478.21637,
          "y": 609.82286
        },
        "width": 31.40159,
        "height": 23.13801
      },
      "s": {
        "body.color": "rgb(24,219,40)"
      }
    },
    {
      "c": "ht.Node",
      "i": 2327,
      "p": {
        "displayName": "port-off",
        "parent": {
          "__i": 2321
        },
        "image": "symbols/demo/ems/port-off.json",
        "position": {
          "x": 532.24683,
          "y": 609.82286
        },
        "width": 31.40159,
        "height": 23.13801
      },
      "s": {
        "body.color": "rgb(24,219,40)"
      }
    },
    {
      "c": "ht.Node",
      "i": 2328,
      "p": {
        "displayName": "port-off",
        "parent": {
          "__i": 2321
        },
        "image": "symbols/demo/ems/port-off.json",
        "rotation": 3.14159,
        "position": {
          "x": 532.24683,
          "y": 555.14963
        },
        "width": 31.40159,
        "height": 23.13801
      }
    },
    {
      "c": "ht.Node",
      "i": 2329,
      "p": {
        "displayName": "port-off",
        "parent": {
          "__i": 2321
        },
        "image": "symbols/demo/ems/port-off.json",
        "rotation": 3.14159,
        "position": {
          "x": 478.21637,
          "y": 555.14963
        },
        "width": 31.40159,
        "height": 23.13801
      },
      "s": {
        "body.color": "rgb(24,219,40)"
      }
    },
    {
      "c": "ht.Node",
      "i": 2330,
      "p": {
        "displayName": "port-off",
        "parent": {
          "__i": 2321
        },
        "image": "symbols/demo/ems/port-off.json",
        "position": {
          "x": 586.27729,
          "y": 609.82286
        },
        "width": 31.40159,
        "height": 23.13801
      }
    },
    {
      "c": "ht.Node",
      "i": 2331,
      "p": {
        "displayName": "port-off",
        "parent": {
          "__i": 2321
        },
        "image": "symbols/demo/ems/port-off.json",
        "position": {
          "x": 640.30774,
          "y": 609.82286
        },
        "width": 31.40159,
        "height": 23.13801
      }
    },
    {
      "c": "ht.Node",
      "i": 2332,
      "p": {
        "displayName": "port-off",
        "parent": {
          "__i": 2321
        },
        "image": "symbols/demo/ems/port-off.json",
        "rotation": 3.14159,
        "position": {
          "x": 640.30774,
          "y": 555.14963
        },
        "width": 31.40159,
        "height": 23.13801
      }
    },
    {
      "c": "ht.Node",
      "i": 2333,
      "p": {
        "displayName": "port-off",
        "parent": {
          "__i": 2321
        },
        "image": "symbols/demo/ems/port-off.json",
        "rotation": 3.14159,
        "position": {
          "x": 586.27729,
          "y": 555.14963
        },
        "width": 31.40159,
        "height": 23.13801
      },
      "s": {
        "body.color": "rgb(24,219,40)"
      }
    },
    {
      "c": "ht.Node",
      "i": 2334,
      "p": {
        "displayName": "port-off",
        "parent": {
          "__i": 2321
        },
        "image": "symbols/demo/ems/port-off.json",
        "position": {
          "x": 694.3382,
          "y": 609.82286
        },
        "width": 31.40159,
        "height": 23.13801
      }
    },
    {
      "c": "ht.Node",
      "i": 2335,
      "p": {
        "displayName": "port-off",
        "parent": {
          "__i": 2321
        },
        "image": "symbols/demo/ems/port-off.json",
        "position": {
          "x": 748.36866,
          "y": 609.82286
        },
        "width": 31.40159,
        "height": 23.13801
      }
    },
    {
      "c": "ht.Node",
      "i": 2336,
      "p": {
        "displayName": "port-off",
        "parent": {
          "__i": 2321
        },
        "image": "symbols/demo/ems/port-off.json",
        "rotation": 3.14159,
        "position": {
          "x": 748.36866,
          "y": 555.14963
        },
        "width": 31.40159,
        "height": 23.13801
      }
    },
    {
      "c": "ht.Node",
      "i": 2337,
      "p": {
        "displayName": "port-off",
        "parent": {
          "__i": 2321
        },
        "image": "symbols/demo/ems/port-off.json",
        "rotation": 3.14159,
        "position": {
          "x": 694.3382,
          "y": 555.14963
        },
        "width": 31.40159,
        "height": 23.13801
      }
    },
    {
      "c": "ht.Node",
      "i": 2338,
      "p": {
        "displayName": "port-off",
        "parent": {
          "__i": 2321
        },
        "image": "symbols/demo/ems/port-off.json",
        "position": {
          "x": 802.39911,
          "y": 609.82286
        },
        "width": 31.40159,
        "height": 23.13801
      }
    },
    {
      "c": "ht.Node",
      "i": 2339,
      "p": {
        "displayName": "port-off",
        "parent": {
          "__i": 2321
        },
        "image": "symbols/demo/ems/port-off.json",
        "position": {
          "x": 856.42958,
          "y": 609.82286
        },
        "width": 31.40159,
        "height": 23.13801
      }
    },
    {
      "c": "ht.Node",
      "i": 2340,
      "p": {
        "displayName": "port-off",
        "parent": {
          "__i": 2321
        },
        "image": "symbols/demo/ems/port-off.json",
        "rotation": 3.14159,
        "position": {
          "x": 856.42958,
          "y": 555.14963
        },
        "width": 31.40159,
        "height": 23.13801
      }
    },
    {
      "c": "ht.Node",
      "i": 2341,
      "p": {
        "displayName": "port-off",
        "parent": {
          "__i": 2321
        },
        "image": "symbols/demo/ems/port-off.json",
        "rotation": 3.14159,
        "position": {
          "x": 802.39911,
          "y": 555.14963
        },
        "width": 31.40159,
        "height": 23.13801
      }
    },
    {
      "c": "ht.Text",
      "i": 2342,
      "p": {
        "parent": {
          "__i": 2321
        },
        "position": {
          "x": 371.77029,
          "y": 579.94139
        },
        "anchor": {
          "x": 0.55834,
          "y": 0.75
        },
        "width": 27.67981,
        "height": 17.63029
      },
      "s": {
        "text": "5",
        "type": "text",
        "text.align": "center",
        "text.color": "rgb(24,219,40)",
        "opacity": 1
      }
    },
    {
      "c": "ht.Text",
      "i": 2343,
      "p": {
        "parent": {
          "__i": 2321
        },
        "position": {
          "x": 425.80076,
          "y": 579.94139
        },
        "anchor": {
          "x": 0.55834,
          "y": 0.75
        },
        "width": 27.67981,
        "height": 17.63029
      },
      "s": {
        "text": "6",
        "type": "text",
        "text.align": "center",
        "text.color": "rgb(24,219,40)",
        "opacity": 1
      }
    },
    {
      "c": "ht.Text",
      "i": 2344,
      "p": {
        "parent": {
          "__i": 2321
        },
        "position": {
          "x": 371.77029,
          "y": 634.61458
        },
        "anchor": {
          "x": 0.55834,
          "y": 0.75
        },
        "width": 27.67981,
        "height": 17.63029
      },
      "s": {
        "text": "7",
        "type": "text",
        "text.align": "center",
        "text.color": "rgb(255,255,255)",
        "opacity": 1
      }
    },
    {
      "c": "ht.Text",
      "i": 2345,
      "p": {
        "parent": {
          "__i": 2321
        },
        "position": {
          "x": 425.80076,
          "y": 634.61458
        },
        "anchor": {
          "x": 0.55834,
          "y": 0.75
        },
        "width": 27.67981,
        "height": 17.63029
      },
      "s": {
        "text": "8",
        "type": "text",
        "text.align": "center",
        "text.color": "rgb(255,255,255)",
        "opacity": 1
      }
    },
    {
      "c": "ht.Text",
      "i": 2346,
      "p": {
        "parent": {
          "__i": 2321
        },
        "position": {
          "x": 478.3835,
          "y": 579.94139
        },
        "anchor": {
          "x": 0.55834,
          "y": 0.75
        },
        "width": 27.67981,
        "height": 17.63029
      },
      "s": {
        "text": "9",
        "type": "text",
        "text.align": "center",
        "text.color": "rgb(24,219,40)",
        "opacity": 1
      }
    },
    {
      "c": "ht.Text",
      "i": 2347,
      "p": {
        "parent": {
          "__i": 2321
        },
        "position": {
          "x": 532.41396,
          "y": 579.94139
        },
        "anchor": {
          "x": 0.55834,
          "y": 0.75
        },
        "width": 27.67981,
        "height": 17.63029
      },
      "s": {
        "text": "10",
        "type": "text",
        "text.align": "center",
        "text.color": "rgb(255,255,255)",
        "opacity": 1
      }
    },
    {
      "c": "ht.Text",
      "i": 2348,
      "p": {
        "parent": {
          "__i": 2321
        },
        "position": {
          "x": 478.3835,
          "y": 634.61458
        },
        "anchor": {
          "x": 0.55834,
          "y": 0.75
        },
        "width": 27.67981,
        "height": 17.63029
      },
      "s": {
        "text": "11",
        "type": "text",
        "text.align": "center",
        "text.color": "rgb(24,219,40)",
        "opacity": 1
      }
    },
    {
      "c": "ht.Text",
      "i": 2349,
      "p": {
        "parent": {
          "__i": 2321
        },
        "position": {
          "x": 532.41396,
          "y": 634.61458
        },
        "anchor": {
          "x": 0.55834,
          "y": 0.75
        },
        "width": 27.67981,
        "height": 17.63029
      },
      "s": {
        "text": "12",
        "type": "text",
        "text.align": "center",
        "text.color": "rgb(24,219,40)",
        "opacity": 1
      }
    },
    {
      "c": "ht.Text",
      "i": 2350,
      "p": {
        "parent": {
          "__i": 2321
        },
        "position": {
          "x": 586.44442,
          "y": 579.94139
        },
        "anchor": {
          "x": 0.55834,
          "y": 0.75
        },
        "width": 27.67981,
        "height": 17.63029
      },
      "s": {
        "text": "13",
        "type": "text",
        "text.align": "center",
        "text.color": "rgb(24,219,40)",
        "opacity": 1
      }
    },
    {
      "c": "ht.Text",
      "i": 2351,
      "p": {
        "parent": {
          "__i": 2321
        },
        "position": {
          "x": 640.47487,
          "y": 579.94139
        },
        "anchor": {
          "x": 0.55834,
          "y": 0.75
        },
        "width": 27.67981,
        "height": 17.63029
      },
      "s": {
        "text": "14",
        "type": "text",
        "text.align": "center",
        "text.color": "rgb(255,255,255)",
        "opacity": 1
      }
    },
    {
      "c": "ht.Text",
      "i": 2352,
      "p": {
        "parent": {
          "__i": 2321
        },
        "position": {
          "x": 586.44442,
          "y": 634.61458
        },
        "anchor": {
          "x": 0.55834,
          "y": 0.75
        },
        "width": 27.67981,
        "height": 17.63029
      },
      "s": {
        "text": "15",
        "type": "text",
        "text.align": "center",
        "text.color": "rgb(255,255,255)",
        "opacity": 1
      }
    },
    {
      "c": "ht.Text",
      "i": 2353,
      "p": {
        "parent": {
          "__i": 2321
        },
        "position": {
          "x": 640.47487,
          "y": 634.61458
        },
        "anchor": {
          "x": 0.55834,
          "y": 0.75
        },
        "width": 27.67981,
        "height": 17.63029
      },
      "s": {
        "text": "16",
        "type": "text",
        "text.align": "center",
        "text.color": "rgb(255,255,255)",
        "opacity": 1
      }
    },
    {
      "c": "ht.Text",
      "i": 2354,
      "p": {
        "parent": {
          "__i": 2321
        },
        "position": {
          "x": 694.65359,
          "y": 579.94139
        },
        "anchor": {
          "x": 0.55834,
          "y": 0.75
        },
        "width": 27.67981,
        "height": 17.63029
      },
      "s": {
        "text": "17",
        "type": "text",
        "text.align": "center",
        "text.color": "rgb(255,255,255)",
        "opacity": 1
      }
    },
    {
      "c": "ht.Text",
      "i": 2355,
      "p": {
        "parent": {
          "__i": 2321
        },
        "position": {
          "x": 748.68405,
          "y": 579.94139
        },
        "anchor": {
          "x": 0.55834,
          "y": 0.75
        },
        "width": 27.67981,
        "height": 17.63029
      },
      "s": {
        "text": "18",
        "type": "text",
        "text.align": "center",
        "text.color": "rgb(255,255,255)",
        "opacity": 1
      }
    },
    {
      "c": "ht.Text",
      "i": 2356,
      "p": {
        "parent": {
          "__i": 2321
        },
        "position": {
          "x": 694.65359,
          "y": 634.61458
        },
        "anchor": {
          "x": 0.55834,
          "y": 0.75
        },
        "width": 27.67981,
        "height": 17.63029
      },
      "s": {
        "text": "19",
        "type": "text",
        "text.align": "center",
        "text.color": "rgb(255,255,255)",
        "opacity": 1
      }
    },
    {
      "c": "ht.Text",
      "i": 2357,
      "p": {
        "parent": {
          "__i": 2321
        },
        "position": {
          "x": 748.68405,
          "y": 634.61458
        },
        "anchor": {
          "x": 0.55834,
          "y": 0.75
        },
        "width": 27.67981,
        "height": 17.63029
      },
      "s": {
        "text": "20",
        "type": "text",
        "text.align": "center",
        "text.color": "rgb(255,255,255)",
        "opacity": 1
      }
    },
    {
      "c": "ht.Text",
      "i": 2358,
      "p": {
        "parent": {
          "__i": 2321
        },
        "position": {
          "x": 802.56625,
          "y": 579.94139
        },
        "anchor": {
          "x": 0.55834,
          "y": 0.75
        },
        "width": 27.67981,
        "height": 17.63029
      },
      "s": {
        "text": "21",
        "type": "text",
        "text.align": "center",
        "text.color": "rgb(255,255,255)",
        "opacity": 1
      }
    },
    {
      "c": "ht.Text",
      "i": 2359,
      "p": {
        "parent": {
          "__i": 2321
        },
        "position": {
          "x": 856.59671,
          "y": 579.94139
        },
        "anchor": {
          "x": 0.55834,
          "y": 0.75
        },
        "width": 27.67981,
        "height": 17.63029
      },
      "s": {
        "text": "22",
        "type": "text",
        "text.align": "center",
        "text.color": "rgb(255,255,255)",
        "opacity": 1
      }
    },
    {
      "c": "ht.Text",
      "i": 2360,
      "p": {
        "parent": {
          "__i": 2321
        },
        "position": {
          "x": 802.56625,
          "y": 634.61458
        },
        "anchor": {
          "x": 0.55834,
          "y": 0.75
        },
        "width": 27.67981,
        "height": 17.63029
      },
      "s": {
        "text": "23",
        "type": "text",
        "text.align": "center",
        "text.color": "rgb(255,255,255)",
        "opacity": 1
      }
    },
    {
      "c": "ht.Text",
      "i": 2361,
      "p": {
        "parent": {
          "__i": 2321
        },
        "position": {
          "x": 856.59671,
          "y": 634.61458
        },
        "anchor": {
          "x": 0.55834,
          "y": 0.75
        },
        "width": 27.67981,
        "height": 17.63029
      },
      "s": {
        "text": "24",
        "type": "text",
        "text.align": "center",
        "text.color": "rgb(255,255,255)",
        "opacity": 1
      }
    },
    {
      "c": "ht.Data",
      "i": 2362,
      "p": {
        "displayName": "信息"
      },
      "s": {
        "editor.folder": true
      }
    },
    {
      "c": "ht.Node",
      "i": 2363,
      "p": {
        "displayName": "背景",
        "parent": {
          "__i": 2362
        },
        "position": {
          "x": 1277.63434,
          "y": 454.3181
        },
        "width": 333.59504,
        "height": 900
      },
      "s": {
        "shape": "rect",
        "shape.background": "rgb(247,247,247)",
        "shape.border.color": "#979797",
        "2d.selectable": false
      }
    },
    {
      "c": "ht.Block",
      "i": 2364,
      "p": {
        "parent": {
          "__i": 2362
        },
        "position": {
          "x": 1277.63434,
          "y": 391.43812
        },
        "width": 333.59504,
        "height": 727.7546
      },
      "s": {
        "2d.selectable": false
      }
    },
    {
      "c": "ht.Node",
      "i": 2365,
      "p": {
        "displayName": "投影",
        "parent": {
          "__i": 2364
        },
        "image": "symbols/demo/ems/投影.json",
        "position": {
          "x": 1277.63434,
          "y": 147.20075
        },
        "width": 333.59504,
        "height": 182.22013
      },
      "s": {
        "2d.selectable": false
      }
    },
    {
      "c": "ht.Node",
      "i": 2366,
      "p": {
        "displayName": "投影",
        "parent": {
          "__i": 2364
        },
        "image": "symbols/demo/ems/投影.json",
        "position": {
          "x": 1277.63434,
          "y": 308.38083
        },
        "width": 333.59504,
        "height": 200
      },
      "s": {
        "2d.selectable": false
      }
    },
    {
      "c": "ht.Node",
      "i": 2367,
      "p": {
        "displayName": "投影",
        "parent": {
          "__i": 2364
        },
        "image": "symbols/demo/ems/投影.json",
        "position": {
          "x": 1277.63434,
          "y": 475.9807
        },
        "width": 333.59504,
        "height": 200
      },
      "s": {
        "2d.selectable": false
      }
    },
    {
      "c": "ht.Node",
      "i": 2368,
      "p": {
        "displayName": "投影",
        "parent": {
          "__i": 2364
        },
        "image": "symbols/demo/ems/投影.json",
        "position": {
          "x": 1277.63434,
          "y": 649.448
        },
        "width": 333.59504,
        "height": 211.73484
      },
      "s": {
        "2d.selectable": false
      }
    },
    {
      "c": "ht.Block",
      "i": 2369,
      "p": {
        "parent": {
          "__i": 2364
        },
        "position": {
          "x": 1403.42806,
          "y": 228.78095
        },
        "width": 12.14974,
        "height": 7.62231
      },
      "s": {
        "2d.selectable": false
      }
    },
    {
      "c": "ht.Shape",
      "i": 2370,
      "p": {
        "parent": {
          "__i": 2369
        },
        "rotation": -1.5708,
        "position": {
          "x": 1403.50293,
          "y": 227.31796
        },
        "width": 4.69633,
        "height": 12,
        "segments": null,
        "points": {
          "__a": [
            {
              "x": 1405.8511,
              "y": 221.31796
            },
            {
              "x": 1401.15477,
              "y": 227.31796
            },
            {
              "x": 1405.8511,
              "y": 233.31796
            }
          ]
        }
      },
      "s": {
        "type": "shape",
        "opacity": 1,
        "shape.background": null,
        "shape.border.width": 1,
        "shape.border.color": "#009687",
        "shape.border.cap": "round",
        "shape.dash.pattern": [
          16,
          16
        ]
      }
    },
    {
      "c": "ht.Shape",
      "i": 2371,
      "p": {
        "parent": {
          "__i": 2369
        },
        "rotation": -1.5708,
        "position": {
          "x": 1403.42806,
          "y": 232.0921
        },
        "width": 1,
        "height": 12.14974,
        "segments": {
          "__a": [
            1,
            2
          ]
        },
        "points": {
          "__a": [
            {
              "x": 1403.42806,
              "y": 226.01723
            },
            {
              "x": 1403.42806,
              "y": 238.16697
            }
          ]
        }
      },
      "s": {
        "type": "shape",
        "opacity": 1,
        "shape.background": null,
        "shape.border.width": 1,
        "shape.border.color": "#009687",
        "shape.border.cap": "round",
        "shape.dash.pattern": [
          16,
          16
        ]
      }
    },
    {
      "c": "ht.Block",
      "i": 2372,
      "p": {
        "parent": {
          "__i": 2364
        },
        "position": {
          "x": 1403.42806,
          "y": 402.73198
        },
        "width": 12.14974,
        "height": 7.62231
      },
      "s": {
        "2d.selectable": false
      }
    },
    {
      "c": "ht.Shape",
      "i": 2373,
      "p": {
        "parent": {
          "__i": 2372
        },
        "rotation": -1.5708,
        "position": {
          "x": 1403.50293,
          "y": 401.26899
        },
        "width": 4.69633,
        "height": 12,
        "segments": null,
        "points": {
          "__a": [
            {
              "x": 1405.8511,
              "y": 395.26899
            },
            {
              "x": 1401.15477,
              "y": 401.26899
            },
            {
              "x": 1405.8511,
              "y": 407.26899
            }
          ]
        }
      },
      "s": {
        "type": "shape",
        "opacity": 1,
        "shape.background": null,
        "shape.border.width": 1,
        "shape.border.color": "#009687",
        "shape.border.cap": "round",
        "shape.dash.pattern": [
          16,
          16
        ]
      }
    },
    {
      "c": "ht.Shape",
      "i": 2374,
      "p": {
        "parent": {
          "__i": 2372
        },
        "rotation": -1.5708,
        "position": {
          "x": 1403.42806,
          "y": 406.04313
        },
        "width": 1,
        "height": 12.14974,
        "segments": {
          "__a": [
            1,
            2
          ]
        },
        "points": {
          "__a": [
            {
              "x": 1403.42806,
              "y": 399.96826
            },
            {
              "x": 1403.42806,
              "y": 412.118
            }
          ]
        }
      },
      "s": {
        "type": "shape",
        "opacity": 1,
        "shape.background": null,
        "shape.border.width": 1,
        "shape.border.color": "#009687",
        "shape.border.cap": "round",
        "shape.dash.pattern": [
          16,
          16
        ]
      }
    },
    {
      "c": "ht.Block",
      "i": 2375,
      "p": {
        "parent": {
          "__i": 2364
        },
        "position": {
          "x": 1403.50293,
          "y": 33.56082
        },
        "width": 9.39266,
        "height": 12
      }
    },
    {
      "c": "ht.Shape",
      "i": 2376,
      "p": {
        "parent": {
          "__i": 2375
        },
        "position": {
          "x": 1405.8511,
          "y": 33.56082
        },
        "width": 4.69633,
        "height": 12,
        "segments": null,
        "points": {
          "__a": [
            {
              "x": 1408.19926,
              "y": 27.56082
            },
            {
              "x": 1403.50293,
              "y": 33.56082
            },
            {
              "x": 1408.19926,
              "y": 39.56082
            }
          ]
        }
      },
      "s": {
        "type": "shape",
        "opacity": 1,
        "shape.background": null,
        "shape.border.width": 1,
        "shape.border.color": "#009687",
        "shape.border.cap": "round",
        "shape.dash.pattern": [
          16,
          16
        ]
      }
    },
    {
      "c": "ht.Shape",
      "i": 2377,
      "p": {
        "parent": {
          "__i": 2375
        },
        "position": {
          "x": 1401.15477,
          "y": 33.56082
        },
        "width": 4.69633,
        "height": 12,
        "segments": null,
        "points": {
          "__a": [
            {
              "x": 1403.50293,
              "y": 27.56082
            },
            {
              "x": 1398.8066,
              "y": 33.56082
            },
            {
              "x": 1403.50293,
              "y": 39.56082
            }
          ]
        }
      },
      "s": {
        "type": "shape",
        "opacity": 1,
        "shape.background": null,
        "shape.border.width": 1,
        "shape.border.color": "#009687",
        "shape.border.cap": "round",
        "shape.dash.pattern": [
          16,
          16
        ]
      }
    },
    {
      "c": "ht.Text",
      "i": 2378,
      "p": {
        "parent": {
          "__i": 2362
        },
        "position": {
          "x": 1178.33922,
          "y": 33.56082
        }
      },
      "s": {
        "text": "基本端口信息",
        "text.font": "24px arial, sans-serif",
        "text.color": "#009687"
      }
    },
    {
      "c": "ht.Text",
      "i": 2379,
      "p": {
        "parent": {
          "__i": 2362
        },
        "position": {
          "x": 1185.7706,
          "y": 87.20075
        },
        "width": 85.13723,
        "height": 24
      },
      "s": {
        "text": "端口名称:",
        "text.font": "14px arial, sans-serif",
        "text.color": "rgb(138,138,138)"
      }
    },
    {
      "c": "ht.Text",
      "i": 2380,
      "p": {
        "parent": {
          "__i": 2362
        },
        "position": {
          "x": 1185.7706,
          "y": 111.20075
        },
        "width": 85.13723,
        "height": 24
      },
      "s": {
        "text": "端口类型:",
        "text.font": "14px arial, sans-serif",
        "text.color": "rgb(138,138,138)"
      }
    },
    {
      "c": "ht.Text",
      "i": 2381,
      "p": {
        "parent": {
          "__i": 2362
        },
        "position": {
          "x": 1185.7706,
          "y": 135.20075
        },
        "width": 85.13723,
        "height": 24
      },
      "s": {
        "text": "端口状态:",
        "text.font": "14px arial, sans-serif",
        "text.color": "rgb(138,138,138)"
      }
    },
    {
      "c": "ht.Text",
      "i": 2382,
      "p": {
        "parent": {
          "__i": 2362
        },
        "position": {
          "x": 1185.7706,
          "y": 159.20075
        },
        "width": 85.13723,
        "height": 24
      },
      "s": {
        "text": "端口速率:",
        "text.font": "14px arial, sans-serif",
        "text.color": "rgb(138,138,138)"
      }
    },
    {
      "c": "ht.Text",
      "i": 2383,
      "p": {
        "parent": {
          "__i": 2362
        },
        "position": {
          "x": 1185.7706,
          "y": 183.20075
        },
        "width": 85.13723,
        "height": 24
      },
      "s": {
        "text": "端口去向:",
        "text.font": "14px arial, sans-serif",
        "text.color": "rgb(138,138,138)"
      }
    },
    {
      "c": "ht.Text",
      "i": 2384,
      "p": {
        "parent": {
          "__i": 2362
        },
        "position": {
          "x": 1185.7706,
          "y": 232.5921
        },
        "width": 85.13723,
        "height": 24
      },
      "s": {
        "text": "发送包信息",
        "text.font": "14px arial, sans-serif",
        "text.color": "#009687"
      }
    },
    {
      "c": "ht.Text",
      "i": 2385,
      "p": {
        "parent": {
          "__i": 2362
        },
        "position": {
          "x": 1185.7706,
          "y": 262.62598
        },
        "width": 85.13723,
        "height": 24
      },
      "s": {
        "text": "发送字节数(B):",
        "text.font": "14px arial, sans-serif",
        "text.color": "rgb(138,138,138)"
      }
    },
    {
      "c": "ht.Text",
      "i": 2386,
      "p": {
        "parent": {
          "__i": 2362
        },
        "position": {
          "x": 1185.7706,
          "y": 286.62598
        },
        "width": 85.13723,
        "height": 24
      },
      "s": {
        "text": "发送多播包数(个):",
        "text.font": "14px arial, sans-serif",
        "text.color": "rgb(138,138,138)"
      }
    },
    {
      "c": "ht.Text",
      "i": 2387,
      "p": {
        "parent": {
          "__i": 2362
        },
        "position": {
          "x": 1185.7706,
          "y": 310.62598
        },
        "width": 85.13723,
        "height": 24
      },
      "s": {
        "text": "发送非多播包数(个):",
        "text.font": "14px arial, sans-serif",
        "text.color": "rgb(138,138,138)"
      }
    },
    {
      "c": "ht.Text",
      "i": 2388,
      "p": {
        "parent": {
          "__i": 2362
        },
        "position": {
          "x": 1185.7706,
          "y": 334.62598
        },
        "width": 85.13723,
        "height": 24
      },
      "s": {
        "text": "发光功率(dbm):",
        "text.font": "14px arial, sans-serif",
        "text.color": "rgb(138,138,138)"
      }
    },
    {
      "c": "ht.Text",
      "i": 2389,
      "p": {
        "parent": {
          "__i": 2362
        },
        "position": {
          "x": 1185.7706,
          "y": 398.92082
        },
        "width": 85.13723,
        "height": 24
      },
      "s": {
        "text": "接收包信息",
        "text.font": "14px arial, sans-serif",
        "text.color": "#009687"
      }
    },
    {
      "c": "ht.Text",
      "i": 2390,
      "p": {
        "parent": {
          "__i": 2362
        },
        "position": {
          "x": 1185.7706,
          "y": 428.24523
        },
        "width": 85.13723,
        "height": 24
      },
      "s": {
        "text": "接收字节数(B):",
        "text.font": "14px arial, sans-serif",
        "text.color": "rgb(138,138,138)"
      }
    },
    {
      "c": "ht.Text",
      "i": 2391,
      "p": {
        "parent": {
          "__i": 2362
        },
        "position": {
          "x": 1185.7706,
          "y": 452.24523
        },
        "width": 85.13723,
        "height": 24
      },
      "s": {
        "text": "接收单播包数(个):",
        "text.font": "14px arial, sans-serif",
        "text.color": "rgb(138,138,138)"
      }
    },
    {
      "c": "ht.Text",
      "i": 2392,
      "p": {
        "parent": {
          "__i": 2362
        },
        "position": {
          "x": 1185.7706,
          "y": 476.24523
        },
        "width": 85.13723,
        "height": 24
      },
      "s": {
        "text": "接收非多播包数(个):",
        "text.font": "14px arial, sans-serif",
        "text.color": "rgb(138,138,138)"
      }
    },
    {
      "c": "ht.Text",
      "i": 2393,
      "p": {
        "parent": {
          "__i": 2362
        },
        "position": {
          "x": 1185.7706,
          "y": 500.24523
        },
        "width": 85.13723,
        "height": 24
      },
      "s": {
        "text": "收光功率(dbm):",
        "text.font": "14px arial, sans-serif",
        "text.color": "rgb(138,138,138)"
      }
    },
    {
      "c": "ht.Text",
      "i": 2394,
      "p": {
        "parent": {
          "__i": 2362
        },
        "position": {
          "x": 1185.7706,
          "y": 578.71868
        },
        "width": 85.13723,
        "height": 24
      },
      "s": {
        "text": "入端口丢包率(pps):",
        "text.font": "14px arial, sans-serif",
        "text.color": "rgb(138,138,138)"
      }
    },
    {
      "c": "ht.Text",
      "i": 2395,
      "p": {
        "parent": {
          "__i": 2362
        },
        "position": {
          "x": 1185.7706,
          "y": 602.71868
        },
        "width": 85.13723,
        "height": 24
      },
      "s": {
        "text": "出端口丢包率(pps):",
        "text.font": "14px arial, sans-serif",
        "text.color": "rgb(138,138,138)"
      }
    },
    {
      "c": "ht.Text",
      "i": 2396,
      "p": {
        "parent": {
          "__i": 2362
        },
        "position": {
          "x": 1185.7706,
          "y": 650.71868
        },
        "width": 85.13723,
        "height": 24
      },
      "s": {
        "text": "出端口误码率(pps):",
        "text.font": "14px arial, sans-serif",
        "text.color": "rgb(138,138,138)"
      }
    },
    {
      "c": "ht.Text",
      "i": 2397,
      "p": {
        "parent": {
          "__i": 2362
        },
        "position": {
          "x": 1185.7706,
          "y": 626.71868
        },
        "width": 85.13723,
        "height": 24
      },
      "s": {
        "text": "入端口误码率(pps):",
        "text.font": "14px arial, sans-serif",
        "text.color": "rgb(138,138,138)"
      }
    },
    {
      "c": "ht.Text",
      "i": 2398,
      "p": {
        "parent": {
          "__i": 2362
        },
        "position": {
          "x": 1185.7706,
          "y": 674.71868
        },
        "width": 85.13723,
        "height": 24
      },
      "s": {
        "text": "数据时间:",
        "text.font": "14px arial, sans-serif",
        "text.color": "rgb(138,138,138)"
      }
    },
    {
      "c": "ht.Text",
      "i": 2399,
      "p": {
        "parent": {
          "__i": 2362
        },
        "position": {
          "x": 1270.90783,
          "y": 87.20075
        },
        "width": 85.13723,
        "height": 24
      },
      "s": {
        "text": "Vlan1",
        "text.font": "14px arial, sans-serif",
        "text.color": "#009687"
      }
    },
    {
      "c": "ht.Text",
      "i": 2400,
      "p": {
        "parent": {
          "__i": 2362
        },
        "position": {
          "x": 1270.90783,
          "y": 111.20075
        },
        "width": 85.13723,
        "height": 24
      },
      "s": {
        "text": "100M-BaseTX",
        "text.font": "14px arial, sans-serif",
        "text.color": "#009687"
      }
    },
    {
      "c": "ht.Text",
      "i": 2401,
      "p": {
        "parent": {
          "__i": 2362
        },
        "position": {
          "x": 1270.90783,
          "y": 135.20075
        },
        "width": 85.13723,
        "height": 24
      },
      "s": {
        "text": "在线",
        "text.font": "14px arial, sans-serif",
        "text.color": "#009687"
      }
    },
    {
      "c": "ht.Text",
      "i": 2402,
      "p": {
        "parent": {
          "__i": 2362
        },
        "position": {
          "x": 1270.90783,
          "y": 159.20075
        },
        "width": 85.13723,
        "height": 24
      },
      "s": {
        "text": "100Mb/s",
        "text.font": "14px arial, sans-serif",
        "text.color": "#009687"
      }
    },
    {
      "c": "ht.Text",
      "i": 2403,
      "p": {
        "parent": {
          "__i": 2362
        },
        "position": {
          "x": 1328.40076,
          "y": 262.62598
        },
        "width": 85.13723,
        "height": 24
      },
      "s": {
        "text": "7",
        "text.font": "14px arial, sans-serif",
        "text.color": "#009687"
      }
    },
    {
      "c": "ht.Text",
      "i": 2404,
      "p": {
        "parent": {
          "__i": 2362
        },
        "position": {
          "x": 1328.40076,
          "y": 286.62598
        },
        "width": 85.13723,
        "height": 24
      },
      "s": {
        "text": "0",
        "text.font": "14px arial, sans-serif",
        "text.color": "#009687"
      }
    },
    {
      "c": "ht.Text",
      "i": 2405,
      "p": {
        "parent": {
          "__i": 2362
        },
        "position": {
          "x": 1328.40076,
          "y": 310.62598
        },
        "width": 85.13723,
        "height": 24
      },
      "s": {
        "text": "0",
        "text.font": "14px arial, sans-serif",
        "text.color": "#009687"
      }
    },
    {
      "c": "ht.Text",
      "i": 2406,
      "p": {
        "parent": {
          "__i": 2362
        },
        "position": {
          "x": 1328.40076,
          "y": 428.24523
        },
        "width": 85.13723,
        "height": 24
      },
      "s": {
        "text": "6",
        "text.font": "14px arial, sans-serif",
        "text.color": "#009687"
      }
    },
    {
      "c": "ht.Text",
      "i": 2407,
      "p": {
        "parent": {
          "__i": 2362
        },
        "position": {
          "x": 1328.40076,
          "y": 452.24523
        },
        "width": 85.13723,
        "height": 24
      },
      "s": {
        "text": "0",
        "text.font": "14px arial, sans-serif",
        "text.color": "#009687"
      }
    },
    {
      "c": "ht.Text",
      "i": 2408,
      "p": {
        "parent": {
          "__i": 2362
        },
        "position": {
          "x": 1328.40076,
          "y": 476.24523
        },
        "width": 85.13723,
        "height": 24
      },
      "s": {
        "text": "0",
        "text.font": "14px arial, sans-serif",
        "text.color": "#009687"
      }
    },
    {
      "c": "ht.Text",
      "i": 2409,
      "p": {
        "parent": {
          "__i": 2362
        },
        "position": {
          "x": 1328.40076,
          "y": 578.71868
        },
        "width": 85.13723,
        "height": 24
      },
      "s": {
        "text": "0.0",
        "text.font": "14px arial, sans-serif",
        "text.color": "#009687"
      }
    },
    {
      "c": "ht.Text",
      "i": 2410,
      "p": {
        "parent": {
          "__i": 2362
        },
        "position": {
          "x": 1328.40076,
          "y": 602.71868
        },
        "width": 85.13723,
        "height": 24
      },
      "s": {
        "text": "0.0",
        "text.font": "14px arial, sans-serif",
        "text.color": "#009687"
      }
    },
    {
      "c": "ht.Text",
      "i": 2411,
      "p": {
        "parent": {
          "__i": 2362
        },
        "position": {
          "x": 1328.40076,
          "y": 626.71868
        },
        "width": 85.13723,
        "height": 24
      },
      "s": {
        "text": "0.0",
        "text.font": "14px arial, sans-serif",
        "text.color": "#009687"
      }
    },
    {
      "c": "ht.Text",
      "i": 2412,
      "p": {
        "parent": {
          "__i": 2362
        },
        "position": {
          "x": 1328.40076,
          "y": 650.71868
        },
        "width": 85.13723,
        "height": 24
      },
      "s": {
        "text": "0.0",
        "text.font": "14px arial, sans-serif",
        "text.color": "#009687"
      }
    },
    {
      "c": "ht.Text",
      "i": 2413,
      "p": {
        "parent": {
          "__i": 2362
        },
        "position": {
          "x": 1270.90783,
          "y": 674.71868
        },
        "width": 85.13723,
        "height": 24
      },
      "s": {
        "text": "2018-01-22    15:20:00",
        "text.font": "14px arial, sans-serif",
        "text.color": "#009687"
      }
    }
  ]
}