{
  "v": "6.2.6",
  "p": {
    "background": "rgb(6,27,48)",
    "autoAdjustIndex": true,
    "hierarchicalRendering": true
  },
  "a": {
    "gridBlockSize": 100,
    "gridAngle": 2.0944,
    "gridRotation": 0.5236,
    "connectActionType": null,
    "rotateAsClock": false
  },
  "d": [
    {
      "c": "ht.Shape",
      "i": 10858,
      "p": {
        "position": {
          "x": 3990.56858,
          "y": 1641.94808
        },
        "width": 606.21778,
        "height": 350,
        "segments": {
          "__a": [
            1,
            2
          ]
        },
        "points": {
          "__a": [
            {
              "x": 3687.45969,
              "y": 1466.94808
            },
            {
              "x": 4293.67747,
              "y": 1816.94808
            }
          ]
        }
      },
      "s": {
        "shape.background": null,
        "shape.border.color": "rgb(93,217,174)",
        "shape.border.width": 15,
        "shape.border.cap": "round"
      }
    },
    {
      "c": "ht.Shape",
      "i": 10859,
      "p": {
        "position": {
          "x": 4504.28032,
          "y": 719
        },
        "width": 1991.85843,
        "height": 1150,
        "segments": {
          "__a": [
            1,
            2,
            2,
            2
          ]
        },
        "points": {
          "__a": [
            {
              "x": 4720.78667,
              "y": 144
            },
            {
              "x": 3508.35111,
              "y": 844
            },
            {
              "x": 4287.77397,
              "y": 1294
            },
            {
              "x": 5500.20953,
              "y": 594
            }
          ]
        }
      },
      "s": {
        "shape.background": "rgb(2,17,33)",
        "shape.border.color": "#979797"
      }
    },
    {
      "c": "ht.Node",
      "i": 10860,
      "p": {
        "displayName": "111icon_VPN网关",
        "image": "symbols/demo/icon-network-复杂图标请勿大量使用/111icon_VPN网关.json",
        "position": {
          "x": 280.4,
          "y": 280.4
        }
      }
    },
    {
      "c": "ht.Node",
      "i": 10861,
      "p": {
        "displayName": "111icon_一级认证",
        "image": "symbols/demo/icon-network-复杂图标请勿大量使用/111icon_一级认证.json",
        "position": {
          "x": 786.2,
          "y": 280.4
        }
      }
    },
    {
      "c": "ht.Node",
      "i": 10862,
      "p": {
        "displayName": "icon_10GE防火墙",
        "image": "symbols/demo/icon-network-复杂图标请勿大量使用/icon_10GE防火墙.json",
        "position": {
          "x": 1292,
          "y": 280.4
        }
      }
    },
    {
      "c": "ht.Node",
      "i": 10863,
      "p": {
        "displayName": "icon_F5",
        "image": "symbols/demo/icon-network-复杂图标请勿大量使用/icon_F5.json",
        "position": {
          "x": 1797.8,
          "y": 280.4
        }
      }
    },
    {
      "c": "ht.Node",
      "i": 10864,
      "p": {
        "displayName": "icon_GE防火墙",
        "image": "symbols/demo/icon-network-复杂图标请勿大量使用/icon_GE防火墙.json",
        "position": {
          "x": 2303.6,
          "y": 280.4
        }
      }
    },
    {
      "c": "ht.Node",
      "i": 10865,
      "p": {
        "displayName": "icon_IPV6路由器",
        "image": "symbols/demo/icon-network-复杂图标请勿大量使用/icon_IPV6路由器.json",
        "position": {
          "x": 2809.4,
          "y": 280.4
        }
      }
    },
    {
      "c": "ht.Node",
      "i": 10866,
      "p": {
        "displayName": "icon_SOHO路由器",
        "image": "symbols/demo/icon-network-复杂图标请勿大量使用/icon_SOHO路由器.json",
        "position": {
          "x": 280.4,
          "y": 786.2
        }
      }
    },
    {
      "c": "ht.Node",
      "i": 10867,
      "p": {
        "displayName": "icon_voice路由器",
        "image": "symbols/demo/icon-network-复杂图标请勿大量使用/icon_voice路由器.json",
        "position": {
          "x": 786.2,
          "y": 786.2
        }
      }
    },
    {
      "c": "ht.Node",
      "i": 10868,
      "p": {
        "displayName": "icon_三合一",
        "image": "symbols/demo/icon-network-复杂图标请勿大量使用/icon_三合一.json",
        "position": {
          "x": 1292,
          "y": 786.2
        }
      }
    },
    {
      "c": "ht.Node",
      "i": 10869,
      "p": {
        "displayName": "icon_中低端路由器",
        "image": "symbols/demo/icon-network-复杂图标请勿大量使用/icon_中低端路由器.json",
        "position": {
          "x": 1797.8,
          "y": 786.2
        }
      }
    },
    {
      "c": "ht.Node",
      "i": 10870,
      "p": {
        "displayName": "icon_企业终端安全管理系统",
        "image": "symbols/demo/icon-network-复杂图标请勿大量使用/icon_企业终端安全管理系统.json",
        "position": {
          "x": 2303.6,
          "y": 786.2
        }
      }
    },
    {
      "c": "ht.Node",
      "i": 10871,
      "p": {
        "displayName": "icon_入侵检测",
        "image": "symbols/demo/icon-network-复杂图标请勿大量使用/icon_入侵检测.json",
        "position": {
          "x": 2809.4,
          "y": 786.2
        }
      }
    },
    {
      "c": "ht.Node",
      "i": 10872,
      "p": {
        "displayName": "icon_单向导入",
        "image": "symbols/demo/icon-network-复杂图标请勿大量使用/icon_单向导入.json",
        "position": {
          "x": 280.4,
          "y": 1292
        }
      }
    },
    {
      "c": "ht.Node",
      "i": 10873,
      "p": {
        "displayName": "icon_备份一体机",
        "image": "symbols/demo/icon-network-复杂图标请勿大量使用/icon_备份一体机.json",
        "position": {
          "x": 786.2,
          "y": 1292
        }
      }
    },
    {
      "c": "ht.Node",
      "i": 10874,
      "p": {
        "displayName": "icon_安全审计",
        "image": "symbols/demo/icon-network-复杂图标请勿大量使用/icon_安全审计.json",
        "position": {
          "x": 1292,
          "y": 1292
        }
      }
    },
    {
      "c": "ht.Node",
      "i": 10875,
      "p": {
        "displayName": "icon_安全网关",
        "image": "symbols/demo/icon-network-复杂图标请勿大量使用/icon_安全网关.json",
        "position": {
          "x": 1797.8,
          "y": 1292
        }
      }
    },
    {
      "c": "ht.Node",
      "i": 10876,
      "p": {
        "displayName": "icon_安全认证网关",
        "image": "symbols/demo/icon-network-复杂图标请勿大量使用/icon_安全认证网关.json",
        "position": {
          "x": 2303.6,
          "y": 1292
        }
      }
    },
    {
      "c": "ht.Node",
      "i": 10877,
      "p": {
        "displayName": "icon_接入交换机",
        "image": "symbols/demo/icon-network-复杂图标请勿大量使用/icon_接入交换机.json",
        "position": {
          "x": 2809.4,
          "y": 1292
        }
      }
    },
    {
      "c": "ht.Node",
      "i": 10878,
      "p": {
        "displayName": "icon_服务器加固系统",
        "image": "symbols/demo/icon-network-复杂图标请勿大量使用/icon_服务器加固系统.json",
        "position": {
          "x": 280.4,
          "y": 1797.8
        }
      }
    },
    {
      "c": "ht.Node",
      "i": 10879,
      "p": {
        "displayName": "icon_机架式防火墙1",
        "image": "symbols/demo/icon-network-复杂图标请勿大量使用/icon_机架式防火墙1.json",
        "position": {
          "x": 786.2,
          "y": 1797.8
        }
      }
    },
    {
      "c": "ht.Node",
      "i": 10880,
      "p": {
        "displayName": "icon_核心交换机",
        "image": "symbols/demo/icon-network-复杂图标请勿大量使用/icon_核心交换机.json",
        "position": {
          "x": 1292,
          "y": 1797.8
        }
      }
    },
    {
      "c": "ht.Node",
      "i": 10881,
      "p": {
        "displayName": "icon_汇聚交换机",
        "image": "symbols/demo/icon-network-复杂图标请勿大量使用/icon_汇聚交换机.json",
        "position": {
          "x": 1797.8,
          "y": 1797.8
        }
      }
    },
    {
      "c": "ht.Node",
      "i": 10882,
      "p": {
        "displayName": "icon_深度检测防火墙",
        "image": "symbols/demo/icon-network-复杂图标请勿大量使用/icon_深度检测防火墙.json",
        "position": {
          "x": 2303.6,
          "y": 1797.8
        }
      }
    },
    {
      "c": "ht.Node",
      "i": 10883,
      "p": {
        "displayName": "icon_漏洞扫描",
        "image": "symbols/demo/icon-network-复杂图标请勿大量使用/icon_漏洞扫描.json",
        "position": {
          "x": 2809.4,
          "y": 1797.8
        }
      }
    },
    {
      "c": "ht.Node",
      "i": 10884,
      "p": {
        "displayName": "icon_磁盘阵列",
        "image": "symbols/demo/icon-network-复杂图标请勿大量使用/icon_磁盘阵列.json",
        "position": {
          "x": 280.4,
          "y": 2303.6
        }
      }
    },
    {
      "c": "ht.Node",
      "i": 10885,
      "p": {
        "displayName": "icon_系统",
        "image": "symbols/demo/icon-network-复杂图标请勿大量使用/icon_系统.json",
        "position": {
          "x": 786.2,
          "y": 2303.6
        }
      }
    },
    {
      "c": "ht.Node",
      "i": 10886,
      "p": {
        "displayName": "icon_网络安全预警系统",
        "image": "symbols/demo/icon-network-复杂图标请勿大量使用/icon_网络安全预警系统.json",
        "position": {
          "x": 1292,
          "y": 2303.6
        }
      }
    },
    {
      "c": "ht.Node",
      "i": 10887,
      "p": {
        "displayName": "icon_网络接入控制网关",
        "image": "symbols/demo/icon-network-复杂图标请勿大量使用/icon_网络接入控制网关.json",
        "position": {
          "x": 1797.8,
          "y": 2303.6
        }
      }
    },
    {
      "c": "ht.Node",
      "i": 10888,
      "p": {
        "displayName": "icon_计费网关",
        "image": "symbols/demo/icon-network-复杂图标请勿大量使用/icon_计费网关.json",
        "position": {
          "x": 2303.6,
          "y": 2303.6
        }
      }
    },
    {
      "c": "ht.Node",
      "i": 10889,
      "p": {
        "displayName": "icon_语音网关",
        "image": "symbols/demo/icon-network-复杂图标请勿大量使用/icon_语音网关.json",
        "position": {
          "x": 2809.4,
          "y": 2303.6
        }
      }
    },
    {
      "c": "ht.Node",
      "i": 10890,
      "p": {
        "displayName": "icon_负载均衡",
        "image": "symbols/demo/icon-network-复杂图标请勿大量使用/icon_负载均衡.json",
        "position": {
          "x": 280.4,
          "y": 2809.4
        }
      }
    },
    {
      "c": "ht.Node",
      "i": 10891,
      "p": {
        "displayName": "icon_资源访问控制网关",
        "image": "symbols/demo/icon-network-复杂图标请勿大量使用/icon_资源访问控制网关.json",
        "position": {
          "x": 786.2,
          "y": 2809.4
        }
      }
    },
    {
      "c": "ht.Node",
      "i": 10892,
      "p": {
        "displayName": "icon_高端路由器",
        "image": "symbols/demo/icon-network-复杂图标请勿大量使用/icon_高端路由器.json",
        "position": {
          "x": 1292,
          "y": 2809.4
        }
      }
    },
    {
      "c": "ht.Node",
      "i": 10893,
      "p": {
        "displayName": "空白一体机",
        "image": "symbols/demo/icon-network-复杂图标请勿大量使用/空白一体机.json",
        "position": {
          "x": 1797.8,
          "y": 2809.4
        }
      }
    },
    {
      "c": "ht.Node",
      "i": 10894,
      "p": {
        "displayName": "空白主机",
        "image": "symbols/demo/icon-network-复杂图标请勿大量使用/空白主机.json",
        "position": {
          "x": 2303.6,
          "y": 2809.4
        }
      }
    },
    {
      "c": "ht.Node",
      "i": 10895,
      "p": {
        "displayName": "空白电脑",
        "image": "symbols/demo/icon-network-复杂图标请勿大量使用/空白电脑.json",
        "position": {
          "x": 280.4,
          "y": 3315.2
        }
      }
    },
    {
      "c": "ht.Node",
      "i": 10896,
      "p": {
        "displayName": "空白组件",
        "image": "symbols/demo/icon-network-复杂图标请勿大量使用/空白组件.json",
        "position": {
          "x": 786.2,
          "y": 3315.2
        }
      }
    },
    {
      "c": "ht.Node",
      "i": 10897,
      "p": {
        "displayName": "空白路由",
        "image": "symbols/demo/icon-network-复杂图标请勿大量使用/空白路由.json",
        "position": {
          "x": 1298.2,
          "y": 3315.2
        }
      }
    },
    {
      "c": "ht.Node",
      "i": 10898,
      "p": {
        "displayName": "文本",
        "image": "symbols/demo/icon-network-复杂图标请勿大量使用/文本.json",
        "position": {
          "x": 4271.67742,
          "y": 2608.40296
        },
        "scale": {
          "x": 8,
          "y": 8
        }
      }
    },
    {
      "c": "ht.Block",
      "i": 10899,
      "p": {
        "position": {
          "x": 4928.32574,
          "y": 2930.81654
        },
        "width": 865.57563,
        "height": 759.07137
      }
    },
    {
      "c": "ht.Node",
      "i": 10900,
      "p": {
        "parent": {
          "__i": 10899
        },
        "rotation": 6.28319,
        "position": {
          "x": 4928.32574,
          "y": 2936.97293
        },
        "width": 865.57563,
        "height": 746.75859
      },
      "s": {
        "shape": "roundRect",
        "shape.background": "rgb(2,17,33)",
        "shape.border.color": "#32D3EB"
      }
    },
    {
      "c": "ht.Text",
      "i": 10901,
      "p": {
        "parent": {
          "__i": 10899
        },
        "position": {
          "x": 4751.09328,
          "y": 2751.28086
        },
        "scale": {
          "x": 4,
          "y": 4
        }
      },
      "s": {
        "text": "1. 新建图标",
        "text.color": "rgb(124,145,155)"
      }
    },
    {
      "c": "ht.Text",
      "i": 10902,
      "p": {
        "parent": {
          "__i": 10899
        },
        "position": {
          "x": 4751.09328,
          "y": 2851.28086
        },
        "scale": {
          "x": 4,
          "y": 4
        }
      },
      "s": {
        "text": "2. 在空白图标中输入文本",
        "text.color": "rgb(124,145,155)"
      }
    },
    {
      "c": "ht.Text",
      "i": 10903,
      "p": {
        "parent": {
          "__i": 10899
        },
        "position": {
          "x": 4751.09328,
          "y": 2953.86952
        },
        "scale": {
          "x": 4,
          "y": 4
        }
      },
      "s": {
        "text": "3.将该图标拖入图纸",
        "text.color": "rgb(124,145,155)"
      }
    },
    {
      "c": "ht.Text",
      "i": 10904,
      "p": {
        "parent": {
          "__i": 10899
        },
        "position": {
          "x": 4751.09328,
          "y": 3051.28086
        },
        "scale": {
          "x": 4,
          "y": 4
        }
      },
      "s": {
        "text": "4.右键-轴侧切换",
        "text.color": "rgb(124,145,155)"
      }
    },
    {
      "c": "ht.Text",
      "i": 10905,
      "p": {
        "parent": {
          "__i": 10899
        },
        "position": {
          "x": 4751.09328,
          "y": 2651.28086
        },
        "scale": {
          "x": 4,
          "y": 4
        }
      },
      "s": {
        "text": "制作倾斜文字",
        "text.color": "rgb(124,145,155)"
      }
    },
    {
      "c": "ht.Text",
      "i": 10906,
      "p": {
        "parent": {
          "__i": 10899
        },
        "position": {
          "x": 4751.09328,
          "y": 3153.86952
        },
        "scale": {
          "x": 4,
          "y": 4
        }
      },
      "s": {
        "text": "ps:轴侧只能处理图标",
        "text.color": "rgb(124,145,155)"
      }
    },
    {
      "c": "ht.Shape",
      "i": 10907,
      "p": {
        "position": {
          "x": 4700.16935,
          "y": 1169
        },
        "width": 606.21778,
        "height": 350,
        "segments": {
          "__a": [
            1,
            2
          ]
        },
        "points": {
          "__a": [
            {
              "x": 4397.06046,
              "y": 994
            },
            {
              "x": 5003.27824,
              "y": 1344
            }
          ]
        }
      },
      "s": {
        "shape.background": null,
        "shape.border.color": "rgb(93,217,174)",
        "shape.border.width": 15,
        "shape.border.cap": "round"
      }
    },
    {
      "c": "ht.Shape",
      "i": 10908,
      "p": {
        "position": {
          "x": 5322.12165,
          "y": 1152.6
        },
        "width": 637.68681,
        "height": 382.8,
        "segments": {
          "__a": [
            1,
            2
          ]
        },
        "points": {
          "__a": [
            {
              "x": 5640.96506,
              "y": 961.2
            },
            {
              "x": 5003.27824,
              "y": 1344
            }
          ]
        }
      },
      "s": {
        "shape.background": null,
        "shape.border.color": "rgb(93,217,174)",
        "shape.border.width": 16,
        "shape.border.cap": "round"
      }
    },
    {
      "c": "ht.Node",
      "i": 10909,
      "p": {
        "displayName": "空白主机",
        "image": "symbols/demo/icon-network-复杂图标请勿大量使用/空白主机.json",
        "position": {
          "x": 4653.06046,
          "y": 280.4
        }
      }
    },
    {
      "c": "ht.Node",
      "i": 10910,
      "p": {
        "displayName": "空白服务器",
        "image": "symbols/demo/icon-network-复杂图标请勿大量使用/空白服务器.json",
        "position": {
          "x": 4397.06046,
          "y": 406.53156
        }
      }
    },
    {
      "c": "ht.Node",
      "i": 10911,
      "p": {
        "displayName": "空白服务器",
        "image": "symbols/demo/icon-network-复杂图标请勿大量使用/空白服务器.json",
        "position": {
          "x": 4031.77397,
          "y": 600
        }
      }
    },
    {
      "c": "ht.Node",
      "i": 10912,
      "p": {
        "displayName": "文本",
        "image": "symbols/basic/skew-image.json",
        "position": {
          "x": 4271.67742,
          "y": 905.37404
        },
        "scale": {
          "x": 6,
          "y": 6
        }
      },
      "a": {
        "skew.image": "symbols/demo/icon-network-复杂图标请勿大量使用/文本.json"
      }
    },
    {
      "c": "ht.Node",
      "i": 10913,
      "p": {
        "displayName": "文本",
        "image": "symbols/basic/skew-image.json",
        "position": {
          "x": 4609.06046,
          "y": 706.53156
        },
        "scale": {
          "x": 6,
          "y": 6
        }
      },
      "a": {
        "skew.image": "symbols/demo/icon-network-复杂图标请勿大量使用/文本.json"
      }
    },
    {
      "c": "ht.Node",
      "i": 10914,
      "p": {
        "displayName": "文本",
        "image": "symbols/basic/skew-image.json",
        "position": {
          "x": 4893.99175,
          "y": 544
        },
        "scale": {
          "x": 6,
          "y": 6
        }
      },
      "a": {
        "skew.image": "symbols/demo/icon-network-复杂图标请勿大量使用/文本.json"
      }
    },
    {
      "c": "ht.Node",
      "i": 10915,
      "p": {
        "displayName": "空白服务器",
        "image": "symbols/demo/icon-network-复杂图标请勿大量使用/空白服务器.json",
        "position": {
          "x": 2815.6,
          "y": 2803.2
        }
      }
    },
    {
      "c": "ht.Shape",
      "i": 10916,
      "p": {
        "position": {
          "x": 5157.4148,
          "y": 1037.84552
        },
        "width": 851.55283,
        "height": 503.29103,
        "segments": {
          "__a": [
            1,
            2
          ]
        },
        "points": {
          "__a": [
            {
              "x": 4731.63838,
              "y": 786.2
            },
            {
              "x": 5583.19122,
              "y": 1289.49103
            }
          ]
        }
      },
      "s": {
        "shape.background": null,
        "shape.border.color": "rgb(93,217,174)",
        "shape.border.width": 15,
        "shape.border.cap": "round"
      }
    },
    {
      "c": "ht.Shape",
      "i": 10917,
      "p": {
        "position": {
          "x": 5337.85617,
          "y": 786.2
        },
        "width": 606.21778,
        "height": 350,
        "segments": {
          "__a": [
            1,
            2
          ]
        },
        "points": {
          "__a": [
            {
              "x": 5034.74728,
              "y": 611.2
            },
            {
              "x": 5640.96506,
              "y": 961.2
            }
          ]
        }
      },
      "s": {
        "shape.background": null,
        "shape.border.color": "rgb(93,217,174)",
        "shape.border.width": 15,
        "shape.border.cap": "round"
      }
    },
    {
      "c": "ht.Node",
      "i": 10918,
      "p": {
        "displayName": "文本",
        "image": "symbols/basic/skew-image.json",
        "position": {
          "x": 4697.06046,
          "y": 1385.94808
        },
        "scale": {
          "x": 6,
          "y": 6
        }
      },
      "a": {
        "skew.image": "symbols/demo/icon-network-复杂图标请勿大量使用/文本.json"
      }
    },
    {
      "c": "ht.Node",
      "i": 10919,
      "p": {
        "displayName": "文本",
        "image": "symbols/basic/skew-image.json",
        "position": {
          "x": 5063.5291,
          "y": 1152.6
        },
        "scale": {
          "x": 6,
          "y": 6
        }
      },
      "a": {
        "skew.image": "symbols/demo/icon-network-复杂图标请勿大量使用/文本.json"
      }
    },
    {
      "c": "ht.Node",
      "i": 10920,
      "p": {
        "displayName": "文本",
        "image": "symbols/basic/skew-image.json",
        "position": {
          "x": 5363.5291,
          "y": 961.2
        },
        "scale": {
          "x": 6,
          "y": 6
        }
      },
      "a": {
        "skew.image": "symbols/demo/icon-network-复杂图标请勿大量使用/文本.json"
      }
    },
    {
      "c": "ht.Node",
      "i": 10921,
      "p": {
        "displayName": "文本",
        "image": "symbols/basic/skew-image.json",
        "position": {
          "x": 5337.85617,
          "y": 1485.94808
        },
        "scale": {
          "x": 8,
          "y": 8
        }
      },
      "a": {
        "skew.image": "symbols/demo/icon-network-复杂图标请勿大量使用/文本.json",
        "axisY.x": 0,
        "axisY.y": 130,
        "axisX.y": -60,
        "axisX.x": 100
      }
    },
    {
      "c": "ht.Node",
      "i": 10922,
      "p": {
        "displayName": "云",
        "image": "symbols/demo/icon-network-复杂图标请勿大量使用/云.json",
        "position": {
          "x": 4560.95604,
          "y": -192.10442
        },
        "width": 872.20883,
        "height": 872.20883
      }
    },
    {
      "c": "ht.Node",
      "i": 10923,
      "p": {
        "displayName": "平板",
        "image": "symbols/demo/icon-network-复杂图标请勿大量使用/平板.json",
        "position": {
          "x": 2831.80384,
          "y": 3337.60384
        },
        "scale": {
          "x": -1,
          "y": 1
        },
        "width": 544.40768,
        "height": 544.40768
      }
    },
    {
      "c": "ht.Node",
      "i": 10924,
      "p": {
        "displayName": "手机",
        "image": "symbols/demo/icon-network-复杂图标请勿大量使用/手机.json",
        "position": {
          "x": 2303.6,
          "y": 3384.17263
        },
        "width": 304.08076,
        "height": 304.08076
      }
    },
    {
      "c": "ht.Node",
      "i": 10925,
      "p": {
        "displayName": "数据库",
        "image": "symbols/demo/icon-network-复杂图标请勿大量使用/数据库.json",
        "position": {
          "x": 1797.8,
          "y": 3371.89221
        },
        "width": 252.643,
        "height": 279.51991
      }
    },
    {
      "c": "ht.Node",
      "i": 10926,
      "p": {
        "position": {
          "x": 5023.74318,
          "y": 605.37404
        },
        "width": 99.56373,
        "height": 47.4113
      },
      "s": {
        "shape": "oval",
        "shape.background": "rgba(93,217,174,0.65)",
        "shape.border.color": "#979797"
      }
    },
    {
      "c": "ht.Node",
      "i": 10927,
      "p": {
        "position": {
          "x": 5024.09675,
          "y": 604.23649
        },
        "width": 65.21118,
        "height": 28.32655
      },
      "s": {
        "shape": "oval",
        "shape.background": "rgb(93,217,174)",
        "shape.border.color": "#979797"
      }
    },
    {
      "c": "ht.Node",
      "i": 10928,
      "p": {
        "position": {
          "x": 4718.92984,
          "y": 780.88931
        },
        "width": 99.56373,
        "height": 47.4113
      },
      "s": {
        "shape": "oval",
        "shape.background": "rgba(93,217,174,0.65)",
        "shape.border.color": "#979797"
      }
    },
    {
      "c": "ht.Node",
      "i": 10929,
      "p": {
        "position": {
          "x": 4719.2834,
          "y": 779.75176
        },
        "width": 65.21118,
        "height": 28.32655
      },
      "s": {
        "shape": "oval",
        "shape.background": "rgb(93,217,174)",
        "shape.border.color": "#979797"
      }
    },
    {
      "c": "ht.Node",
      "i": 10930,
      "p": {
        "position": {
          "x": 4390.39724,
          "y": 989.41685
        },
        "width": 99.56373,
        "height": 47.4113
      },
      "s": {
        "shape": "oval",
        "shape.background": "rgba(93,217,174,0.65)",
        "shape.border.color": "#979797"
      }
    },
    {
      "c": "ht.Node",
      "i": 10931,
      "p": {
        "position": {
          "x": 4390.75081,
          "y": 988.2793
        },
        "width": 65.21118,
        "height": 28.32655
      },
      "s": {
        "shape": "oval",
        "shape.background": "rgb(93,217,174)",
        "shape.border.color": "#979797"
      }
    },
    {
      "c": "ht.Shape",
      "i": 10932,
      "p": {
        "position": {
          "x": 3776.10421,
          "y": 1029.99321
        },
        "width": 251.93995,
        "height": 439.67723,
        "segments": {
          "__a": [
            1,
            2,
            2
          ]
        },
        "points": {
          "__a": [
            {
              "x": 3902.07419,
              "y": 810.15459
            },
            {
              "x": 3650.13424,
              "y": 954.64433
            },
            {
              "x": 3650.13424,
              "y": 1249.83182
            }
          ]
        }
      },
      "s": {
        "shape.background": null,
        "shape.border.color": "rgb(93,217,174)",
        "shape.border.width": 15,
        "shape.border.cap": "round"
      }
    },
    {
      "c": "ht.Node",
      "i": 10933,
      "p": {
        "position": {
          "x": null,
          "y": null
        },
        "scale": {
          "x": 0,
          "y": 0
        },
        "width": null,
        "height": null
      },
      "s": {
        "shape": "oval",
        "shape.background": "rgba(93,217,174,0.65)",
        "shape.border.color": "#979797"
      }
    },
    {
      "c": "ht.Node",
      "i": 10934,
      "p": {
        "position": {
          "x": null,
          "y": null
        },
        "scale": {
          "x": 0,
          "y": 0
        },
        "width": null,
        "height": null
      },
      "s": {
        "shape": "oval",
        "shape.background": "rgb(93,217,174)",
        "shape.border.color": "#979797"
      }
    },
    {
      "c": "ht.Node",
      "i": 10935,
      "p": {
        "position": {
          "x": 3903.92944,
          "y": 809.90565
        },
        "width": 99.56373,
        "height": 47.4113
      },
      "s": {
        "shape": "oval",
        "shape.background": "rgba(93,217,174,0.65)",
        "shape.border.color": "#979797"
      }
    },
    {
      "c": "ht.Node",
      "i": 10936,
      "p": {
        "position": {
          "x": 3904.28301,
          "y": 808.7681
        },
        "width": 65.21118,
        "height": 28.32655
      },
      "s": {
        "shape": "oval",
        "shape.background": "rgb(93,217,174)",
        "shape.border.color": "#979797"
      }
    },
    {
      "c": "ht.Node",
      "i": 10937,
      "p": {
        "displayName": "icon_深度检测防火墙",
        "image": "symbols/demo/icon-network-复杂图标请勿大量使用/icon_深度检测防火墙.json",
        "position": {
          "x": 5619.5291,
          "y": 1217.2
        }
      }
    },
    {
      "c": "ht.Shape",
      "i": 10938,
      "p": {
        "position": {
          "x": 5977.34671,
          "y": 1619.84539
        },
        "width": 573.54714,
        "height": 584.24417,
        "segments": {
          "__a": [
            1,
            2,
            2,
            2
          ]
        },
        "points": {
          "__a": [
            {
              "x": 5690.57314,
              "y": 1327.72331
            },
            {
              "x": 5917.71012,
              "y": 1461.96748
            },
            {
              "x": 5917.71012,
              "y": 1711.96748
            },
            {
              "x": 6264.12028,
              "y": 1911.96748
            }
          ]
        }
      },
      "s": {
        "shape.background": null,
        "shape.border.color": "rgb(93,217,174)",
        "shape.border.width": 15,
        "shape.border.cap": "round"
      }
    },
    {
      "c": "ht.Node",
      "i": 10939,
      "p": {
        "displayName": "空白组件",
        "image": "symbols/demo/icon-network-复杂图标请勿大量使用/空白组件.json",
        "position": {
          "x": 6217.62816,
          "y": 1857.12474
        }
      }
    },
    {
      "c": "ht.Node",
      "i": 10940,
      "p": {
        "displayName": "文本",
        "image": "symbols/basic/skew-image.json",
        "position": {
          "x": 5739.35195,
          "y": 1785.94808
        },
        "scale": {
          "x": 8,
          "y": 8
        }
      },
      "a": {
        "skew.image": "symbols/demo/icon-network-复杂图标请勿大量使用/文本.json",
        "axisY.x": 0,
        "axisY.y": 130,
        "axisX.y": -60,
        "axisX.x": 100
      }
    },
    {
      "c": "ht.Node",
      "i": 10941,
      "p": {
        "displayName": "文本",
        "image": "symbols/basic/skew-image.json",
        "position": {
          "x": 6201.56974,
          "y": 1828.97404
        },
        "scale": {
          "x": 6,
          "y": 6
        }
      },
      "a": {
        "skew.image": "symbols/demo/icon-network-复杂图标请勿大量使用/文本.json"
      }
    },
    {
      "c": "ht.Node",
      "i": 10942,
      "p": {
        "displayName": "icon_GE防火墙",
        "image": "symbols/demo/icon-network-复杂图标请勿大量使用/icon_GE防火墙.json",
        "position": {
          "x": 4243.77397,
          "y": 1784.97404
        }
      }
    },
    {
      "c": "ht.Node",
      "i": 10943,
      "p": {
        "displayName": "空白电脑",
        "image": "symbols/demo/icon-network-复杂图标请勿大量使用/空白电脑.json",
        "position": {
          "x": 3757.33612,
          "y": 1401.96406
        }
      }
    },
    {
      "c": "ht.Shape",
      "i": 10944,
      "p": {
        "position": {
          "x": 4605.95157,
          "y": 1991.94808
        },
        "width": 606.21778,
        "height": 350,
        "segments": {
          "__a": [
            1,
            2
          ]
        },
        "points": {
          "__a": [
            {
              "x": 4302.84268,
              "y": 1816.94808
            },
            {
              "x": 4909.06046,
              "y": 2166.94808
            }
          ]
        }
      },
      "s": {
        "shape.background": null,
        "shape.border.color": "rgb(93,217,174)",
        "shape.border.width": 15,
        "shape.border.cap": "round"
      }
    },
    {
      "c": "ht.Node",
      "i": 10945,
      "p": {
        "displayName": "icon_磁盘阵列",
        "image": "symbols/demo/icon-network-复杂图标请勿大量使用/icon_磁盘阵列.json",
        "position": {
          "x": 5024.09675,
          "y": 2208.40296
        }
      }
    },
    {
      "c": "ht.Node",
      "i": 10948,
      "p": {
        "displayName": "j互联网",
        "image": "symbols/demo/icon-network-简约图标适用复杂图纸/j互联网.json",
        "position": {
          "x": 7890.81175,
          "y": 24.4
        },
        "width": 913.0979,
        "height": 913.0979
      },
      "s": {
        "body.color": "rgb(93,217,174)"
      }
    },
    {
      "c": "ht.Node",
      "i": 10976,
      "p": {
        "displayName": "信号",
        "image": "symbols/demo/icon-network-简约图标适用复杂图纸/信号.json",
        "position": {
          "x": 9960.44337,
          "y": 2399.44661
        },
        "width": 380.71352,
        "height": 380.71352
      },
      "s": {
        "body.color": "rgb(63,88,117)"
      }
    },
    {
      "c": "ht.Node",
      "i": 188218,
      "p": {
        "displayName": "Portal",
        "image": "symbols/demo/icon-network-简约图标适用复杂图纸/Portal.json",
        "position": {
          "x": 7563.97218,
          "y": 860.65994
        },
        "width": 346.69426,
        "height": 346.69426
      },
      "s": {
        "body.color": "rgb(93,217,174)"
      }
    },
    {
      "c": "ht.Node",
      "i": 188219,
      "p": {
        "displayName": "jAAA",
        "image": "symbols/demo/icon-network-简约图标适用复杂图纸/jAAA.json",
        "position": {
          "x": 7563.97218,
          "y": 1252.3542
        },
        "width": 346.69426,
        "height": 346.69426
      },
      "s": {
        "body.color": "rgb(93,217,174)"
      }
    },
    {
      "c": "ht.Node",
      "i": 188220,
      "p": {
        "displayName": "jAMG",
        "image": "symbols/demo/icon-network-简约图标适用复杂图纸/jAMG.json",
        "position": {
          "x": 7563.97218,
          "y": 1644.04846
        },
        "width": 346.69426,
        "height": 346.69426
      },
      "s": {
        "body.color": "rgb(93,217,174)"
      }
    },
    {
      "c": "ht.Node",
      "i": 188221,
      "p": {
        "displayName": "jAPPserver",
        "image": "symbols/demo/icon-network-简约图标适用复杂图纸/jAPPserver.json",
        "position": {
          "x": 7563.97218,
          "y": 2035.74272
        },
        "width": 346.69426,
        "height": 346.69426
      },
      "s": {
        "body.color": "rgb(93,217,174)"
      }
    },
    {
      "c": "ht.Node",
      "i": 188222,
      "p": {
        "displayName": "jCMTS",
        "image": "symbols/demo/icon-network-简约图标适用复杂图纸/jCMTS.json",
        "position": {
          "x": 7563.97218,
          "y": 2427.43698
        },
        "width": 346.69426,
        "height": 346.69426
      },
      "s": {
        "body.color": "rgb(93,217,174)"
      }
    },
    {
      "c": "ht.Node",
      "i": 188223,
      "p": {
        "displayName": "jFA",
        "image": "symbols/demo/icon-network-简约图标适用复杂图纸/jFA.json",
        "position": {
          "x": 7563.97218,
          "y": 2819.13124
        },
        "width": 346.69426,
        "height": 346.69426
      },
      "s": {
        "body.color": "rgb(93,217,174)"
      }
    },
    {
      "c": "ht.Node",
      "i": 188224,
      "p": {
        "displayName": "jGK",
        "image": "symbols/demo/icon-network-简约图标适用复杂图纸/jGK.json",
        "position": {
          "x": 7563.97218,
          "y": 3210.8255
        },
        "width": 346.69426,
        "height": 346.69426
      },
      "s": {
        "body.color": "rgb(93,217,174)"
      }
    },
    {
      "c": "ht.Node",
      "i": 188225,
      "p": {
        "displayName": "jMRS",
        "image": "symbols/demo/icon-network-简约图标适用复杂图纸/jMRS.json",
        "position": {
          "x": 9517.78467,
          "y": 3210.8255
        },
        "width": 346.69426,
        "height": 346.69426
      },
      "s": {
        "body.color": "rgb(93,217,174)"
      }
    },
    {
      "c": "ht.Node",
      "i": 188226,
      "p": {
        "displayName": "jPBX",
        "image": "symbols/demo/icon-network-简约图标适用复杂图纸/jPBX.json",
        "position": {
          "x": 7955.66644,
          "y": 860.65994
        },
        "width": 346.69426,
        "height": 346.69426
      },
      "s": {
        "body.color": "rgb(93,217,174)"
      }
    },
    {
      "c": "ht.Node",
      "i": 188227,
      "p": {
        "displayName": "jSIP",
        "image": "symbols/demo/icon-network-简约图标适用复杂图纸/jSIP.json",
        "position": {
          "x": 7955.66644,
          "y": 1252.3542
        },
        "width": 346.69426,
        "height": 346.69426
      },
      "s": {
        "body.color": "rgb(93,217,174)"
      }
    },
    {
      "c": "ht.Node",
      "i": 188228,
      "p": {
        "displayName": "jSIPP",
        "image": "symbols/demo/icon-network-简约图标适用复杂图纸/jSIPP.json",
        "position": {
          "x": 7955.66644,
          "y": 1644.04846
        },
        "width": 346.69426,
        "height": 346.69426
      },
      "s": {
        "body.color": "rgb(93,217,174)"
      }
    },
    {
      "c": "ht.Node",
      "i": 188229,
      "p": {
        "displayName": "jSoft",
        "image": "symbols/demo/icon-network-简约图标适用复杂图纸/jSoft.json",
        "position": {
          "x": 7955.66644,
          "y": 2035.74272
        },
        "width": 346.69426,
        "height": 346.69426
      },
      "s": {
        "body.color": "rgb(93,217,174)"
      }
    },
    {
      "c": "ht.Node",
      "i": 188230,
      "p": {
        "displayName": "j一级认证",
        "image": "symbols/demo/icon-network-简约图标适用复杂图纸/j一级认证.json",
        "position": {
          "x": 7955.66644,
          "y": 2427.43698
        },
        "width": 346.69426,
        "height": 346.69426
      },
      "s": {
        "body.color": "rgb(93,217,174)"
      }
    },
    {
      "c": "ht.Node",
      "i": 188231,
      "p": {
        "displayName": "j云",
        "image": "symbols/demo/icon-network-简约图标适用复杂图纸/j云.json",
        "position": {
          "x": 7955.66644,
          "y": 2819.13124
        },
        "width": 346.69426,
        "height": 346.69426
      },
      "s": {
        "body.color": "rgb(93,217,174)"
      }
    },
    {
      "c": "ht.Node",
      "i": 188232,
      "p": {
        "displayName": "j交换机",
        "image": "symbols/demo/icon-network-简约图标适用复杂图纸/j交换机.json",
        "position": {
          "x": 7955.66644,
          "y": 3210.8255
        },
        "width": 346.69426,
        "height": 346.69426
      },
      "s": {
        "body.color": "rgb(93,217,174)"
      }
    },
    {
      "c": "ht.Node",
      "i": 188233,
      "p": {
        "displayName": "j交换机2",
        "image": "symbols/demo/icon-network-简约图标适用复杂图纸/j交换机2.json",
        "position": {
          "x": 9943.43374,
          "y": 3210.8255
        },
        "width": 346.69426,
        "height": 346.69426
      },
      "s": {
        "body.color": "rgb(93,217,174)"
      }
    },
    {
      "c": "ht.Node",
      "i": 188234,
      "p": {
        "displayName": "j交换机3",
        "image": "symbols/demo/icon-network-简约图标适用复杂图纸/j交换机3.json",
        "position": {
          "x": 8347.3607,
          "y": 860.65994
        },
        "width": 346.69426,
        "height": 346.69426
      },
      "s": {
        "body.color": "rgb(93,217,174)"
      }
    },
    {
      "c": "ht.Node",
      "i": 188235,
      "p": {
        "displayName": "j人群",
        "image": "symbols/demo/icon-network-简约图标适用复杂图纸/j人群.json",
        "position": {
          "x": 8347.3607,
          "y": 1252.3542
        },
        "width": 346.69426,
        "height": 346.69426
      },
      "s": {
        "body.color": "rgb(93,217,174)"
      }
    },
    {
      "c": "ht.Node",
      "i": 188236,
      "p": {
        "displayName": "j信令网关",
        "image": "symbols/demo/icon-network-简约图标适用复杂图纸/j信令网关.json",
        "position": {
          "x": 8347.3607,
          "y": 1644.04846
        },
        "width": 346.69426,
        "height": 346.69426
      },
      "s": {
        "body.color": "rgb(93,217,174)"
      }
    },
    {
      "c": "ht.Node",
      "i": 188237,
      "p": {
        "displayName": "j入侵检测",
        "image": "symbols/demo/icon-network-简约图标适用复杂图纸/j入侵检测.json",
        "position": {
          "x": 8347.3607,
          "y": 2035.74272
        },
        "width": 346.69426,
        "height": 346.69426
      },
      "s": {
        "body.color": "rgb(242,83,75)"
      }
    },
    {
      "c": "ht.Node",
      "i": 188238,
      "p": {
        "displayName": "j卫星",
        "image": "symbols/demo/icon-network-简约图标适用复杂图纸/j卫星.json",
        "position": {
          "x": 8347.3607,
          "y": 2427.43698
        },
        "width": 346.69426,
        "height": 346.69426
      },
      "s": {
        "body.color": "rgb(93,217,174)"
      }
    },
    {
      "c": "ht.Node",
      "i": 188239,
      "p": {
        "displayName": "j命令管理",
        "image": "symbols/demo/icon-network-简约图标适用复杂图纸/j命令管理.json",
        "position": {
          "x": 8347.3607,
          "y": 2819.13124
        },
        "width": 346.69426,
        "height": 346.69426
      },
      "s": {
        "body.color": "rgb(93,217,174)"
      }
    },
    {
      "c": "ht.Node",
      "i": 188240,
      "p": {
        "displayName": "j地球 2",
        "image": "symbols/demo/icon-network-简约图标适用复杂图纸/j地球 2.json",
        "position": {
          "x": 8347.3607,
          "y": 3210.8255
        },
        "width": 346.69426,
        "height": 346.69426
      },
      "s": {
        "body.color": "rgb(93,217,174)"
      }
    },
    {
      "c": "ht.Node",
      "i": 188241,
      "p": {
        "displayName": "j地球",
        "image": "symbols/demo/icon-network-简约图标适用复杂图纸/j地球.json",
        "position": {
          "x": 10346.378,
          "y": 3210.8255
        },
        "width": 346.69426,
        "height": 346.69426
      },
      "s": {
        "body.color": "rgb(93,217,174)"
      }
    },
    {
      "c": "ht.Node",
      "i": 188242,
      "p": {
        "displayName": "j备份设备",
        "image": "symbols/demo/icon-network-简约图标适用复杂图纸/j备份设备.json",
        "position": {
          "x": 8739.05496,
          "y": 860.65994
        },
        "width": 346.69426,
        "height": 346.69426
      },
      "s": {
        "body.color": "rgb(93,217,174)"
      }
    },
    {
      "c": "ht.Node",
      "i": 188243,
      "p": {
        "displayName": "j安全网关",
        "image": "symbols/demo/icon-network-简约图标适用复杂图纸/j安全网关.json",
        "position": {
          "x": 8739.05496,
          "y": 1252.3542
        },
        "width": 346.69426,
        "height": 346.69426
      },
      "s": {
        "body.color": "rgb(93,217,174)"
      }
    },
    {
      "c": "ht.Node",
      "i": 188244,
      "p": {
        "displayName": "j安防",
        "image": "symbols/demo/icon-network-简约图标适用复杂图纸/j安防.json",
        "position": {
          "x": 8739.05496,
          "y": 1644.04846
        },
        "width": 346.69426,
        "height": 346.69426
      },
      "s": {
        "body.color": "rgb(93,217,174)"
      }
    },
    {
      "c": "ht.Node",
      "i": 188245,
      "p": {
        "displayName": "j工业区",
        "image": "symbols/demo/icon-network-简约图标适用复杂图纸/j工业区.json",
        "position": {
          "x": 8739.05496,
          "y": 2035.74272
        },
        "width": 346.69426,
        "height": 346.69426
      },
      "s": {
        "body.color": "rgb(93,217,174)"
      }
    },
    {
      "c": "ht.Node",
      "i": 188246,
      "p": {
        "displayName": "j拓扑管理",
        "image": "symbols/demo/icon-network-简约图标适用复杂图纸/j拓扑管理.json",
        "position": {
          "x": 8739.05496,
          "y": 2427.43698
        },
        "width": 346.69426,
        "height": 346.69426
      },
      "s": {
        "body.color": "rgb(93,217,174)"
      }
    },
    {
      "c": "ht.Node",
      "i": 188247,
      "p": {
        "displayName": "j接入交换机",
        "image": "symbols/demo/icon-network-简约图标适用复杂图纸/j接入交换机.json",
        "position": {
          "x": 8739.05496,
          "y": 2819.13124
        },
        "width": 346.69426,
        "height": 346.69426
      },
      "s": {
        "body.color": "rgb(93,217,174)"
      }
    },
    {
      "c": "ht.Node",
      "i": 188248,
      "p": {
        "displayName": "j服务器",
        "image": "symbols/demo/icon-network-简约图标适用复杂图纸/j服务器.json",
        "position": {
          "x": 8739.05496,
          "y": 3210.8255
        },
        "width": 346.69426,
        "height": 346.69426
      },
      "s": {
        "body.color": "rgb(93,217,174)"
      }
    },
    {
      "c": "ht.Node",
      "i": 188249,
      "p": {
        "displayName": "j移动设备",
        "image": "symbols/demo/icon-network-简约图标适用复杂图纸/j移动设备.json",
        "position": {
          "x": 9517.78467,
          "y": 2819.13124
        },
        "width": 346.69426,
        "height": 346.69426
      },
      "s": {
        "body.color": "rgb(93,217,174)"
      }
    },
    {
      "c": "ht.Node",
      "i": 188250,
      "p": {
        "displayName": "j笔记本",
        "image": "symbols/demo/icon-network-简约图标适用复杂图纸/j笔记本.json",
        "position": {
          "x": 9130.74922,
          "y": 860.65994
        },
        "width": 346.69426,
        "height": 346.69426
      },
      "s": {
        "body.color": "rgb(93,217,174)"
      }
    },
    {
      "c": "ht.Node",
      "i": 188251,
      "p": {
        "displayName": "j策略管理服务器",
        "image": "symbols/demo/icon-network-简约图标适用复杂图纸/j策略管理服务器.json",
        "position": {
          "x": 9130.74922,
          "y": 1252.3542
        },
        "width": 346.69426,
        "height": 346.69426
      },
      "s": {
        "body.color": "rgb(93,217,174)"
      }
    },
    {
      "c": "ht.Node",
      "i": 188252,
      "p": {
        "displayName": "j缓存设备",
        "image": "symbols/demo/icon-network-简约图标适用复杂图纸/j缓存设备.json",
        "position": {
          "x": 9130.74922,
          "y": 1644.04846
        },
        "width": 346.69426,
        "height": 346.69426
      },
      "s": {
        "body.color": "rgb(93,217,174)"
      }
    },
    {
      "c": "ht.Node",
      "i": 188253,
      "p": {
        "displayName": "j计算机",
        "image": "symbols/demo/icon-network-简约图标适用复杂图纸/j计算机.json",
        "position": {
          "x": 9130.74922,
          "y": 2035.74272
        },
        "width": 346.69426,
        "height": 346.69426
      },
      "s": {
        "body.color": "rgb(93,217,174)"
      }
    },
    {
      "c": "ht.Node",
      "i": 188254,
      "p": {
        "displayName": "j设备",
        "image": "symbols/demo/icon-network-简约图标适用复杂图纸/j设备.json",
        "position": {
          "x": 9130.74922,
          "y": 2427.43698
        },
        "width": 346.69426,
        "height": 346.69426
      },
      "s": {
        "body.color": "rgb(63,88,117)"
      }
    },
    {
      "c": "ht.Node",
      "i": 188255,
      "p": {
        "displayName": "j设备2",
        "image": "symbols/demo/icon-network-简约图标适用复杂图纸/j设备2.json",
        "position": {
          "x": 9130.74922,
          "y": 2819.13124
        },
        "width": 346.69426,
        "height": 346.69426
      },
      "s": {
        "body.color": "rgb(93,217,174)"
      }
    },
    {
      "c": "ht.Node",
      "i": 188256,
      "p": {
        "displayName": "j设备3",
        "image": "symbols/demo/icon-network-简约图标适用复杂图纸/j设备3.json",
        "position": {
          "x": 9130.74922,
          "y": 3210.8255
        },
        "width": 346.69426,
        "height": 346.69426
      },
      "s": {
        "body.color": "rgb(93,217,174)"
      }
    },
    {
      "c": "ht.Node",
      "i": 188257,
      "p": {
        "displayName": "j资源控制网关",
        "image": "symbols/demo/icon-network-简约图标适用复杂图纸/j资源控制网关.json",
        "position": {
          "x": 9943.43374,
          "y": 2819.13124
        },
        "width": 346.69426,
        "height": 346.69426
      },
      "s": {
        "body.color": "rgb(93,217,174)"
      }
    },
    {
      "c": "ht.Node",
      "i": 188258,
      "p": {
        "displayName": "j路由",
        "image": "symbols/demo/icon-network-简约图标适用复杂图纸/j路由.json",
        "position": {
          "x": 9522.44348,
          "y": 860.65994
        },
        "width": 346.69426,
        "height": 346.69426
      },
      "s": {
        "body.color": "rgb(93,217,174)"
      }
    },
    {
      "c": "ht.Node",
      "i": 188259,
      "p": {
        "displayName": "j防火墙 2",
        "image": "symbols/demo/icon-network-简约图标适用复杂图纸/j防火墙 2.json",
        "position": {
          "x": 9522.44348,
          "y": 1252.3542
        },
        "width": 346.69426,
        "height": 346.69426
      },
      "s": {
        "body.color": "rgb(93,217,174)"
      }
    },
    {
      "c": "ht.Node",
      "i": 188260,
      "p": {
        "displayName": "j防火墙",
        "image": "symbols/demo/icon-network-简约图标适用复杂图纸/j防火墙.json",
        "position": {
          "x": 9522.44348,
          "y": 1644.04846
        },
        "width": 346.69426,
        "height": 346.69426
      },
      "s": {
        "body.color": "rgb(93,217,174)"
      }
    },
    {
      "c": "ht.Node",
      "i": 188261,
      "p": {
        "displayName": "j防火墙GE",
        "image": "symbols/demo/icon-network-简约图标适用复杂图纸/j防火墙GE.json",
        "position": {
          "x": 9522.44348,
          "y": 2035.74272
        },
        "width": 346.69426,
        "height": 346.69426
      },
      "s": {
        "body.color": "#FEB64D"
      }
    },
    {
      "c": "ht.Node",
      "i": 188262,
      "p": {
        "displayName": "vpn网关",
        "image": "symbols/demo/icon-network-简约图标适用复杂图纸/vpn网关.json",
        "position": {
          "x": 9522.44348,
          "y": 2427.43698
        },
        "width": 346.69426,
        "height": 346.69426
      },
      "s": {
        "body.color": "rgb(93,217,174)"
      }
    }
  ],
  "contentRect": {
    "x": 0,
    "y": -628.20883,
    "width": 10519.72513,
    "height": 4238.01651
  }
}