{
  "width": 100,
  "height": 100,
  "func": "__ht__function(g, rect, comp, data, view) {\nvar color = comp.getColor('color');\nif (!color) {\n    return;\n}\nvar cx = rect.x + rect.width / 2;\nvar cy = rect.y + rect.height / 2;\nvar theta = 0;\nvar r = Math.min(rect.width, rect.height)/2 * comp.getValue('radius');\n\ng.strokeStyle = color;\nfor (var i = 0; i < 60; i++) {\n    g.beginPath();\n    g.arc(\n        cx + Math.cos(theta) * r, \n        cy + Math.sin(theta) * r, \n        i % 5 === 0 ? 2 : 1, \n        0, Math.PI * 2, true);\n    g.closePath();\n    g.lineWidth = comp.getValue('thickness');\n    g.stroke();\n    theta = theta + (6 * Math.PI / 180);\n}\n}",
  "properties": {
    "color": {
      "valueType": "Color",
      "defaultValue": "#82BEED",
      "name": "ClockScaleColor"
    },
    "thickness": {
      "valueType": "Number",
      "defaultValue": 1,
      "name": "ClockScaleWidth"
    },
    "radius": {
      "valueType": "Percentage",
      "defaultValue": 0.9,
      "name": "ClockScaleRadius"
    }
  }
}