{
  "v": "5.3.6",
  "p": {
    "autoAdjustIndex": true
  },
  "d": [
    {
      "c": "ht.Node",
      "i": 940,
      "p": {
        "image": "symbols/sun/sunrise.json",
        "position": {
          "x": 424,
          "y": 111
        },
        "width": 220,
        "height": 150
      }
    },
    {
      "c": "ht.Node",
      "i": 939,
      "p": {
        "image": "symbols/sun/group-sunrise.json",
        "position": {
          "x": 148,
          "y": 110.76150627615064
        },
        "width": 240,
        "height": 160
      }
    }
  ]
}