{
  "v": "5.3.6",
  "p": {
    "autoAdjustIndex": true
  },
  "d": [
    {
      "c": "ht.Node",
      "i": 1220,
      "p": {
        "image": "symbols/sun/dashshape.json",
        "position": {
          "x": 139.9195124884858,
          "y": 280.9752101186668
        },
        "scale": {
          "x": -1,
          "y": -1
        },
        "width": 220,
        "height": 150
      },
      "s": {
        "flip.y": true
      }
    },
    {
      "c": "ht.Node",
      "i": 1221,
      "p": {
        "image": "symbols/sun/dashshape.json",
        "position": {
          "x": 143.10975660055612,
          "y": 96.0867763827
        },
        "width": 220,
        "height": 150
      }
    },
    {
      "c": "ht.Node",
      "i": 1218,
      "p": {
        "image": "symbols/sun/dashshape.json",
        "position": {
          "x": 395.7546374884859,
          "y": 94.60932093891093
        },
        "scale": {
          "x": -1,
          "y": 1
        },
        "width": 220,
        "height": 150
      },
      "s": {
        "flip.x": true
      }
    },
    {
      "c": "ht.Node",
      "i": 1219,
      "p": {
        "image": "symbols/sun/dashshape.json",
        "position": {
          "x": 391.42303844919405,
          "y": 284.0098954394478
        },
        "scale": {
          "x": 1,
          "y": -1
        },
        "width": 220,
        "height": 150
      },
      "s": {
        "flip.x": true,
        "flip.y": true
      }
    }
  ]
}