{
  "width": 512,
  "height": 512,
  "comps": [
    {
      "type": "shape",
      "background": "#727272",
      "points": [
        121.4,
        456.2,
        111,
        450.2,
        110.2,
        153.4,
        120.4,
        159.4,
        121.4,
        456.2,
        121.4,
        456.2
      ]
    },
    {
      "type": "shape",
      "background": "#a2a2a2",
      "points": [
        120.4,
        159.4,
        110.2,
        153.4,
        304.8,
        41,
        315,
        47,
        120.4,
        159.4,
        120.4,
        159.4
      ]
    },
    {
      "type": "shape",
      "background": "#f8f9fc",
      "points": [
        315,
        47,
        316,
        343.8,
        121.4,
        456.2,
        120.4,
        159.4,
        315,
        47,
        315,
        47
      ]
    },
    {
      "type": "shape",
      "background": "#9da0a3",
      "points": [
        144.2,
        474.4,
        133.8,
        468.2,
        133,
        171.6,
        143.4,
        177.6,
        144.2,
        474.4,
        144.2,
        474.4
      ]
    },
    {
      "type": "shape",
      "background": "#c1c6c9",
      "points": [
        143.4,
        177.6,
        133,
        171.6,
        327.6,
        59.2,
        338,
        65.2,
        143.4,
        177.6,
        143.4,
        177.6
      ]
    },
    {
      "type": "shape",
      "background": "#f8f9fc",
      "points": [
        338,
        65.2,
        338.8,
        362,
        144.2,
        474.4,
        143.4,
        177.6,
        338,
        65.2,
        338,
        65.2
      ]
    },
    {
      "type": "shape",
      "background": "#9cb5cc",
      "points": [
        326,
        225.6,
        326.2,
        243.4,
        156.2,
        341.4,
        156.2,
        323.6,
        326,
        225.6,
        326,
        225.6
      ]
    },
    {
      "type": "shape",
      "background": "#9cb5cc",
      "points": [
        325.8,
        149.6,
        326,
        167.4,
        156,
        265.4,
        156,
        247.6,
        325.8,
        149.6,
        325.8,
        149.6
      ]
    },
    {
      "type": "shape",
      "background": "#fa7564",
      "points": [
        270.8,
        143.4,
        270.8,
        161.2,
        155.8,
        227.4,
        155.8,
        209.6,
        270.8,
        143.4,
        270.8,
        143.4
      ]
    },
    {
      "type": "shape",
      "background": "#9cb5cc",
      "points": [
        326,
        187.6,
        326,
        205.4,
        156.2,
        303.6,
        156,
        285.6,
        326,
        187.6,
        326,
        187.6
      ]
    },
    {
      "type": "shape",
      "background": "#9cb5cc",
      "points": [
        326.4,
        301.6,
        326.4,
        319.4,
        156.4,
        417.6,
        156.4,
        399.8,
        326.4,
        301.6,
        326.4,
        301.6
      ]
    },
    {
      "type": "shape",
      "background": "#9cb5cc",
      "points": [
        326.2,
        263.6,
        326.2,
        281.4,
        156.4,
        379.6,
        156.2,
        361.6,
        326.2,
        263.6,
        326.2,
        263.6
      ]
    },
    {
      "type": "shape",
      "background": "#29d38d",
      "points": [
        319.4,
        243.4,
        335.2,
        225.8,
        348.8,
        201.8,
        349.6,
        200.6,
        351,
        438.6,
        347.6,
        438,
        282.2,
        425.2,
        281.8,
        359.6,
        281.2,
        276.8,
        281.2,
        276.8,
        281.4,
        276.6,
        281.8,
        276.4,
        285.2,
        274.6,
        299.2,
        265.8,
        319.4,
        243.4,
        319.4,
        243.4
      ],
      "segments": [
        1,
        4,
        2,
        4,
        2,
        4,
        4,
        2
      ]
    },
    {
      "type": "shape",
      "background": "#212121",
      "points": [
        428.2,
        179,
        428.4,
        191.2,
        429,
        274,
        429.4,
        345.2,
        359.8,
        441,
        356.8,
        445,
        351,
        452.8,
        345.2,
        451.6,
        342.2,
        451,
        271.8,
        436.6,
        271.4,
        365.4,
        270.8,
        273.2,
        270.8,
        270.4,
        281.6,
        264.8,
        284,
        263.4,
        296.6,
        255.6,
        315,
        235.2,
        328.8,
        220,
        341.8,
        196.8,
        342,
        196.6,
        349.4,
        183.6,
        356.8,
        188,
        357,
        188,
        370.2,
        195.8,
        384,
        195,
        402.6,
        193.8,
        415,
        187.2,
        417.4,
        185.8,
        428.2,
        179,
        428.2,
        179,
        418.6,
        279.8,
        418,
        197,
        418,
        197,
        417.8,
        197.2,
        417.4,
        197.4,
        414.2,
        199.2,
        400.2,
        206.8,
        379.8,
        208,
        364,
        209,
        349.4,
        200.4,
        349.4,
        200.4,
        348.6,
        201.6,
        335,
        225.8,
        319.2,
        243.2,
        299,
        265.6,
        285,
        274.4,
        281.8,
        276.2,
        281.4,
        276.4,
        281.2,
        276.6,
        281.2,
        276.6,
        281.8,
        359.4,
        282.2,
        425,
        347.6,
        437.8,
        351,
        438.4,
        351.2,
        438.2,
        411.4,
        356,
        418,
        291.6,
        418,
        291.2,
        418.2,
        290.6,
        418.2,
        290.2,
        418.4,
        288,
        418.6,
        286.2,
        418.6,
        284.4,
        418.6,
        282.8,
        418.6,
        281.4,
        418.6,
        279.8,
        418.6,
        279.8,
        418.6,
        279.8
      ],
      "segments": [
        1,
        2,
        2,
        4,
        2,
        2,
        4,
        2,
        2,
        2,
        4,
        4,
        2,
        2,
        4,
        4,
        2,
        2,
        1,
        2,
        4,
        4,
        4,
        4,
        4,
        4,
        2,
        4,
        4,
        4,
        4,
        4,
        2,
        2
      ]
    },
    {
      "type": "shape",
      "background": "#1ab56a",
      "points": [
        349.6,
        200.6,
        350.4,
        201,
        364.2,
        209.2,
        380,
        208.2,
        400.4,
        207,
        414.4,
        199.4,
        417.6,
        197.6,
        418,
        197.4,
        418.2,
        197.2,
        418.2,
        197.2,
        418.8,
        280,
        418.8,
        281.4,
        418.8,
        283,
        418.8,
        284.4,
        418.8,
        286.4,
        418.6,
        288.2,
        418.4,
        290,
        418.4,
        290.8,
        418.2,
        291.4,
        418.2,
        291.8,
        411.4,
        356.2,
        354.2,
        434.4,
        351.2,
        438.6,
        349.6,
        200.6,
        349.6,
        200.6
      ],
      "segments": [
        1,
        4,
        4,
        4,
        2,
        4,
        4,
        4,
        4,
        2,
        2
      ]
    }
  ]
}