{
  "width": 512,
  "height": 512,
  "comps": [
    {
      "type": "shape",
      "background": "#bababa",
      "points": [
        480,
        202.4,
        480,
        219.6,
        480,
        236.6,
        480,
        253.8,
        480,
        258.8,
        476.6,
        264,
        470,
        268,
        470,
        216.6,
        476.6,
        212.6,
        480,
        207.4,
        480,
        202.4,
        480,
        202.4
      ],
      "segments": [
        1,
        4,
        4,
        2,
        4,
        2
      ]
    },
    {
      "type": "shape",
      "background": "rgb(128,128,128)",
      "points": [
        32,
        308.8,
        32,
        291.8,
        32,
        274.6,
        32,
        257.6,
        32,
        262.8,
        35.4,
        268,
        42.2,
        271.8,
        42.2,
        323.2,
        35.4,
        319.2,
        32,
        314,
        32,
        308.8,
        32,
        308.8
      ],
      "segments": [
        1,
        4,
        4,
        2,
        4,
        2
      ]
    },
    {
      "type": "shape",
      "background": "#cecece",
      "points": [
        470,
        216.4,
        470,
        267.8,
        235.2,
        405.4,
        235.2,
        354,
        470,
        216.4,
        470,
        216.4
      ]
    },
    {
      "type": "shape",
      "background": "#121517",
      "points": [
        469.4,
        219.4,
        245.2,
        351.2,
        245.2,
        396.4,
        469.6,
        264.4,
        469.4,
        219.4,
        469.4,
        219.4
      ]
    },
    {
      "type": "shape",
      "background": "#909191",
      "points": [
        186.2,
        354.2,
        186.2,
        405.6,
        42.4,
        323,
        42.2,
        271.8,
        186.2,
        354.2,
        186.2,
        354.2
      ]
    },
    {
      "type": "shape",
      "background": "rgb(194,194,194)",
      "points": [
        235.2,
        354,
        235.2,
        405.4,
        221.8,
        413.2,
        199.8,
        413.4,
        186.2,
        405.6,
        186.2,
        354.2,
        199.8,
        362,
        221.6,
        361.8,
        235.2,
        354,
        235.2,
        354
      ],
      "segments": [
        1,
        2,
        4,
        2,
        4,
        2
      ]
    },
    {
      "type": "shape",
      "background": "#efefef",
      "points": [
        469.8,
        188.2,
        483.4,
        196,
        483.4,
        208.6,
        470,
        216.6,
        235.2,
        354,
        221.8,
        361.8,
        199.8,
        362,
        186.2,
        354.2,
        42.2,
        271.8,
        28.6,
        264,
        28.4,
        251.4,
        42,
        243.4,
        276.8,
        105.8,
        290.2,
        98,
        312.2,
        97.8,
        325.8,
        105.6,
        469.8,
        188.2,
        469.8,
        188.2
      ],
      "segments": [
        1,
        4,
        2,
        4,
        2,
        4,
        2,
        4,
        2,
        2
      ]
    },
    {
      "type": "shape",
      "background": "#b3b1be",
      "points": [
        301.8,
        333,
        301.8,
        327.6,
        298,
        325.4,
        293.2,
        328,
        288.4,
        330.8,
        284.6,
        337.4,
        284.6,
        343,
        284.6,
        346.2,
        284.6,
        355.6,
        284.6,
        358.8,
        284.6,
        364.2,
        288.4,
        366.4,
        293.2,
        363.8,
        298,
        361,
        301.8,
        354.4,
        301.8,
        348.8,
        301.8,
        345.6,
        301.8,
        336.2,
        301.8,
        333,
        301.8,
        333
      ],
      "segments": [
        1,
        4,
        4,
        4,
        4,
        4,
        4,
        2
      ]
    },
    {
      "type": "shape",
      "background": "#040216",
      "points": [
        298.8,
        334.8,
        298.8,
        331.2,
        296.2,
        329.8,
        293.2,
        331.6,
        290,
        333.4,
        287.6,
        337.8,
        287.6,
        341.4,
        287.6,
        345,
        290.2,
        346.4,
        293.2,
        344.6,
        296.4,
        342.8,
        298.8,
        338.4,
        298.8,
        334.8,
        298.8,
        334.8
      ],
      "segments": [
        1,
        4,
        4,
        4,
        4,
        2
      ]
    },
    {
      "type": "shape",
      "background": "#5fba00",
      "points": [
        296.2,
        336.2,
        296.2,
        334.2,
        294.8,
        333.4,
        293.2,
        334.4,
        291.6,
        335.4,
        290.2,
        337.8,
        290.2,
        339.6,
        290.2,
        341.6,
        291.6,
        342.2,
        293.2,
        341.4,
        295,
        340.6,
        296.2,
        338.2,
        296.2,
        336.2,
        296.2,
        336.2
      ],
      "segments": [
        1,
        4,
        4,
        4,
        4,
        2
      ]
    },
    {
      "type": "shape",
      "background": "#323236",
      "points": [
        293.2,
        355,
        292.8,
        355.2,
        292.4,
        355,
        292.4,
        354.6,
        292.4,
        348.2,
        292.4,
        347.8,
        292.8,
        347.2,
        293.2,
        347,
        293.6,
        346.8,
        294,
        347,
        294,
        347.4,
        294,
        353.8,
        294,
        354.2,
        293.6,
        354.8,
        293.2,
        355,
        293.2,
        355
      ],
      "segments": [
        1,
        4,
        2,
        4,
        4,
        2,
        4,
        2
      ]
    },
    {
      "type": "shape",
      "background": "#323236",
      "points": [
        293.4,
        360.6,
        290.2,
        362.4,
        287.6,
        361,
        287.6,
        357.2,
        287.6,
        354.8,
        288.6,
        352,
        290.4,
        349.8,
        290.8,
        349.4,
        291.2,
        349.2,
        291.4,
        349.6,
        291.6,
        349.8,
        291.4,
        350.4,
        291.2,
        350.8,
        289.8,
        352.6,
        289,
        354.6,
        289,
        356.4,
        289,
        359.2,
        291,
        360.4,
        293.4,
        359,
        295.8,
        357.6,
        297.8,
        354,
        297.8,
        351.2,
        297.8,
        349.4,
        297,
        348.2,
        295.6,
        348,
        295.2,
        348,
        295.2,
        347.6,
        295.4,
        347,
        295.6,
        346.4,
        296,
        346.2,
        296.4,
        346.2,
        298.2,
        346.4,
        299.2,
        348,
        299.2,
        350.4,
        299.2,
        354.2,
        296.6,
        358.8,
        293.4,
        360.6,
        293.4,
        360.6
      ],
      "segments": [
        1,
        4,
        4,
        4,
        4,
        4,
        4,
        4,
        4,
        4,
        4,
        4,
        4,
        2
      ]
    },
    {
      "type": "shape",
      "background": "#30363a",
      "points": [
        344.2,
        298.8,
        314,
        316,
        314.2,
        348.8,
        344.2,
        331.8,
        344.2,
        298.8,
        344.2,
        298.8
      ]
    },
    {
      "type": "shape",
      "background": "#ffda00",
      "points": [
        340.8,
        306.2,
        317.4,
        320,
        317.4,
        336.4,
        320.8,
        334.6,
        320.8,
        339.4,
        323.8,
        337.6,
        323.8,
        339.2,
        334.6,
        333,
        334.6,
        331.4,
        337.6,
        329.6,
        337.4,
        324.8,
        340.8,
        322.8,
        340.8,
        306.2,
        340.8,
        306.2
      ]
    },
    {
      "type": "shape",
      "background": "#30363a",
      "points": [
        372.2,
        282.8,
        342,
        300,
        342.2,
        332.8,
        372.2,
        315.8,
        372.2,
        282.8,
        372.2,
        282.8
      ]
    },
    {
      "type": "shape",
      "background": "#ffda00",
      "points": [
        368.8,
        290.2,
        345.4,
        304,
        345.4,
        320.4,
        348.8,
        318.6,
        348.8,
        323.4,
        351.8,
        321.6,
        351.8,
        323.2,
        362.6,
        317,
        362.6,
        315.4,
        365.6,
        313.6,
        365.4,
        308.8,
        368.8,
        306.8,
        368.8,
        290.2,
        368.8,
        290.2
      ]
    },
    {
      "type": "shape",
      "background": "#30363a",
      "points": [
        461.8,
        232,
        380.4,
        278.4,
        379.6,
        278.8,
        379.2,
        279.6,
        379.2,
        280.6,
        379.4,
        307.8,
        379.4,
        309.6,
        381.4,
        310.8,
        383,
        309.8,
        464.2,
        263.4,
        465,
        263,
        465.4,
        262.2,
        465.4,
        261.2,
        465.4,
        233.8,
        465.4,
        232.2,
        463.4,
        231,
        461.8,
        232,
        461.8,
        232
      ],
      "segments": [
        1,
        2,
        4,
        2,
        4,
        2,
        4,
        2,
        4,
        2
      ]
    },
    {
      "type": "shape",
      "background": "#ffda00",
      "points": [
        406,
        269.4,
        382.6,
        283,
        382.6,
        299.6,
        386,
        297.6,
        386,
        302.4,
        389,
        300.6,
        389,
        302.4,
        399.8,
        296,
        399.8,
        294.4,
        402.8,
        292.8,
        402.8,
        287.8,
        406.2,
        286,
        406,
        269.4,
        406,
        269.4
      ]
    },
    {
      "type": "shape",
      "background": "#ffda00",
      "points": [
        434,
        253.4,
        410.6,
        267,
        410.6,
        283.6,
        414,
        281.6,
        414,
        286.4,
        417,
        284.6,
        417,
        286.4,
        427.8,
        280,
        427.8,
        278.4,
        430.8,
        276.8,
        430.8,
        271.8,
        434.2,
        270,
        434,
        253.4,
        434,
        253.4
      ]
    },
    {
      "type": "shape",
      "background": "#ffda00",
      "points": [
        462,
        237.4,
        438.6,
        251,
        438.6,
        267.6,
        442,
        265.6,
        442,
        270.4,
        445,
        268.6,
        445,
        270.4,
        455.8,
        264,
        455.8,
        262.4,
        458.8,
        260.8,
        458.8,
        255.8,
        462.2,
        254,
        462,
        237.4,
        462,
        237.4
      ]
    },
    {
      "type": "shape",
      "background": "#6b6b6b",
      "points": [
        264.6,
        351.2,
        264.6,
        348.8,
        262.8,
        347.8,
        260.8,
        349,
        258.6,
        350.2,
        257,
        353.2,
        257,
        355.6,
        257,
        358,
        258.8,
        359,
        260.8,
        357.8,
        262.8,
        356.6,
        264.6,
        353.6,
        264.6,
        351.2,
        264.6,
        351.2
      ],
      "segments": [
        1,
        4,
        4,
        4,
        4,
        2
      ]
    },
    {
      "type": "shape",
      "background": "#040216",
      "points": [
        262.8,
        352,
        262.8,
        350.6,
        261.8,
        350,
        260.6,
        350.8,
        259.4,
        351.6,
        258.4,
        353.2,
        258.4,
        354.6,
        258.4,
        356,
        259.4,
        356.6,
        260.6,
        355.8,
        261.8,
        355.2,
        262.8,
        353.6,
        262.8,
        352,
        262.8,
        352
      ],
      "segments": [
        1,
        4,
        4,
        4,
        4,
        2
      ]
    },
    {
      "type": "shape",
      "background": "#6b6b6b",
      "points": [
        256.2,
        382.2,
        252.6,
        384.4,
        250.8,
        382.6,
        250.4,
        381.4,
        250,
        380.8,
        249.6,
        379.6,
        248.8,
        377.4,
        248.2,
        375.6,
        248.4,
        373.4,
        249.4,
        371.4,
        250.4,
        369.4,
        252,
        367.6,
        253.8,
        366.6,
        254.8,
        366,
        257.8,
        364.2,
        260.6,
        362.6,
        263.6,
        360.8,
        266.6,
        359.2,
        267.4,
        358.6,
        269.2,
        357.6,
        270.8,
        357.4,
        271.8,
        358.4,
        272.8,
        359.4,
        273,
        361.4,
        272.4,
        363.8,
        271.8,
        366.4,
        271,
        369.2,
        270.8,
        369.6,
        270.4,
        371.4,
        268.6,
        375,
        265,
        377,
        256.2,
        382.2,
        256.2,
        382.2
      ],
      "segments": [
        1,
        4,
        4,
        4,
        4,
        4,
        4,
        4,
        4,
        4,
        4,
        2,
        2
      ]
    },
    {
      "type": "shape",
      "background": "#fdfdfd",
      "points": [
        267.6,
        361.6,
        265.8,
        362.8,
        255.8,
        368.6,
        253.8,
        369.6,
        251.8,
        370.6,
        250.8,
        372.8,
        251.4,
        375,
        252.2,
        377,
        253,
        379,
        253,
        379,
        253,
        379,
        253.6,
        380.6,
        256.2,
        379.2,
        258.6,
        377.8,
        262.8,
        375.4,
        265.2,
        374,
        267.8,
        372.4,
        268.4,
        370.2,
        268.4,
        370.2,
        268.4,
        370.2,
        269.2,
        367.2,
        270,
        364.4,
        270.6,
        361.4,
        269.4,
        360.6,
        267.6,
        361.6,
        267.6,
        361.6
      ],
      "segments": [
        1,
        4,
        4,
        4,
        4,
        4,
        4,
        4,
        4,
        2
      ]
    },
    {
      "type": "shape",
      "background": "#04ba97",
      "fillRule": "evenodd",
      "points": [
        209,
        281,
        210.6,
        280,
        211.6,
        279.2,
        212.4,
        278.2,
        213.2,
        277.2,
        213.4,
        276.2,
        213.4,
        275,
        213.4,
        274,
        212.8,
        273,
        211.8,
        272,
        210.8,
        271,
        209.2,
        269.8,
        206.8,
        268.4,
        198.6,
        263.6,
        197.2,
        262.8,
        195.8,
        262.4,
        194.6,
        262.4,
        193.4,
        262.4,
        192,
        262.8,
        190.6,
        263.6,
        165.8,
        278.4,
        164.6,
        279.2,
        163.8,
        280,
        163.8,
        280.6,
        163.8,
        281.4,
        164.2,
        282,
        165.2,
        282.6,
        166.2,
        283.2,
        167.2,
        283.4,
        168.6,
        283.4,
        169.8,
        283.4,
        171.2,
        283,
        172.4,
        282.2,
        181.6,
        276.8,
        187.4,
        280.2,
        191.4,
        282.6,
        195.2,
        283.8,
        198.8,
        284,
        202.2,
        284,
        205.8,
        283,
        209,
        281,
        209,
        281,
        190.6,
        276.2,
        186.2,
        273.6,
        196,
        267.8,
        200.4,
        270.4,
        203.2,
        272.2,
        204.6,
        273.6,
        204.6,
        274.6,
        204.6,
        275.6,
        203.8,
        276.6,
        202.4,
        277.4,
        201.2,
        278.2,
        200,
        278.6,
        198.8,
        278.6,
        197.6,
        278.8,
        196.2,
        278.6,
        194.8,
        278.2,
        193.4,
        277.6,
        192,
        277,
        190.6,
        276.2,
        190.6,
        276.2,
        184.6,
        260.6,
        185,
        260.4,
        185.6,
        260.4,
        186,
        260.2,
        186.4,
        260,
        186.8,
        259.8,
        187.2,
        259.6,
        187.6,
        259.4,
        188,
        259,
        188.2,
        258.6,
        188.4,
        258.2,
        188.4,
        257.8,
        188.2,
        257.2,
        188,
        256.8,
        187.6,
        256.4,
        187,
        256,
        186.2,
        255.6,
        185.4,
        255.4,
        184.6,
        255.2,
        183.8,
        255.2,
        183,
        255.2,
        182.4,
        255.4,
        181.8,
        255.6,
        180.6,
        255.8,
        179.2,
        256.4,
        150.4,
        265,
        164.8,
        248,
        165.8,
        246.8,
        166.4,
        246,
        166.6,
        245.2,
        166.8,
        244.6,
        166.4,
        243.8,
        165.2,
        243.2,
        164.4,
        242.6,
        163.2,
        242.4,
        162,
        242.4,
        160.8,
        242.4,
        159.8,
        242.6,
        159,
        243,
        158.8,
        243.2,
        158.4,
        243.4,
        158,
        243.8,
        157.6,
        244.2,
        157.4,
        244.4,
        157.2,
        244.8,
        157,
        245,
        156.8,
        245.4,
        156.4,
        245.8,
        143,
        262.6,
        142.4,
        263.2,
        142,
        263.8,
        141.6,
        264.4,
        141.2,
        265,
        140.8,
        265.6,
        140.6,
        266.2,
        140.4,
        266.8,
        140.4,
        267.4,
        140.6,
        267.8,
        140.8,
        268.4,
        141.4,
        268.8,
        142.2,
        269.4,
        143,
        270,
        144,
        270.2,
        145,
        270.4,
        146,
        270.6,
        146.8,
        270.6,
        147.8,
        270.4,
        148.8,
        270.2,
        149.6,
        270,
        150.6,
        269.8,
        151.6,
        269.6,
        152.6,
        269.2,
        153.8,
        269,
        182.6,
        261,
        183.8,
        260.8,
        184.2,
        260.6,
        184.6,
        260.6,
        184.6,
        260.6,
        366,
        173.4,
        343.4,
        160,
        306.6,
        160,
        284,
        173.4,
        265.2,
        184.4,
        255.8,
        178.8,
        254.6,
        178,
        252.4,
        178,
        251.2,
        178.8,
        168,
        228,
        166.8,
        228.8,
        166.8,
        230,
        168,
        230.8,
        268.6,
        290.4,
        269.8,
        291.2,
        272,
        291.2,
        273.2,
        290.4,
        356.4,
        241.2,
        357.6,
        240.4,
        357.6,
        239.2,
        356.4,
        238.4,
        347,
        232.8,
        365.8,
        221.8,
        388.6,
        208.6,
        388.6,
        186.8,
        366,
        173.4,
        366,
        173.4,
        321.8,
        241.6,
        273.2,
        270.4,
        272,
        271.2,
        269.8,
        271.2,
        268.6,
        270.4,
        202.4,
        231.2,
        201.2,
        230.4,
        201.2,
        229.2,
        202.4,
        228.4,
        251,
        199.6,
        252.2,
        198.8,
        254.4,
        198.8,
        255.6,
        199.6,
        321.8,
        238.8,
        323.2,
        239.6,
        323.2,
        240.8,
        321.8,
        241.6,
        321.8,
        241.6,
        348.6,
        215.6,
        333.4,
        224.6,
        280.8,
        193.4,
        296,
        184.4,
        310.6,
        175.8,
        334.2,
        175.8,
        348.6,
        184.4,
        363,
        193.2,
        363,
        207,
        348.6,
        215.6,
        348.6,
        215.6,
        248.4,
        292.2,
        247.6,
        291.6,
        246.4,
        291.4,
        245.4,
        291.4,
        244.2,
        291.4,
        243,
        291.8,
        241.8,
        292.6,
        222.6,
        304,
        229.2,
        285.4,
        229.4,
        284.8,
        229.6,
        284.4,
        229.8,
        283.8,
        230,
        283.4,
        230,
        282.8,
        230.2,
        282.4,
        230.2,
        282,
        230.2,
        281.6,
        229.8,
        281.4,
        229.6,
        281,
        229.2,
        280.6,
        228.6,
        280.4,
        227.8,
        280,
        227,
        279.6,
        226,
        279.6,
        225,
        279.4,
        224,
        279.6,
        223,
        279.8,
        222.2,
        280,
        221.2,
        280.4,
        220.2,
        281,
        195.4,
        295.8,
        194.2,
        296.6,
        193.6,
        297.2,
        193.4,
        298,
        193.4,
        298.8,
        193.8,
        299.4,
        194.6,
        299.8,
        195.4,
        300.4,
        196.6,
        300.6,
        197.8,
        300.6,
        199,
        300.6,
        200.2,
        300.2,
        201.4,
        299.4,
        220.4,
        288.2,
        213.6,
        306.4,
        213.4,
        307,
        213.2,
        307.4,
        213.2,
        308,
        213,
        308.4,
        213,
        309,
        213,
        309.4,
        213,
        309.8,
        213.2,
        310.2,
        213.4,
        310.6,
        213.6,
        311,
        214.2,
        311.4,
        214.8,
        311.6,
        217.2,
        313,
        219.6,
        312.8,
        222.6,
        311.2,
        248,
        296.2,
        249.2,
        295.4,
        250,
        294.8,
        250,
        294,
        249.6,
        293.4,
        249.2,
        292.8,
        248.4,
        292.2,
        248.4,
        292.2,
        302.6,
        233.6,
        298.6,
        231.2,
        292,
        231.2,
        288,
        233.6,
        269.2,
        244.6,
        265.2,
        247,
        265.2,
        250.8,
        269.2,
        253.2,
        273.2,
        255.6,
        279.8,
        255.6,
        283.8,
        253.2,
        302.6,
        242.2,
        306.6,
        239.8,
        306.6,
        236,
        302.6,
        233.6,
        302.6,
        233.6
      ],
      "segments": [
        1,
        4,
        4,
        4,
        4,
        2,
        4,
        4,
        2,
        4,
        4,
        4,
        4,
        2,
        2,
        4,
        4,
        2,
        1,
        2,
        2,
        2,
        4,
        4,
        4,
        4,
        4,
        2,
        1,
        4,
        4,
        4,
        4,
        4,
        4,
        4,
        4,
        2,
        2,
        4,
        4,
        4,
        4,
        4,
        4,
        4,
        2,
        4,
        4,
        4,
        4,
        4,
        4,
        4,
        4,
        2,
        4,
        2,
        1,
        4,
        2,
        2,
        4,
        2,
        4,
        2,
        4,
        2,
        4,
        2,
        2,
        4,
        2,
        1,
        2,
        4,
        2,
        4,
        2,
        4,
        2,
        4,
        2,
        1,
        2,
        2,
        2,
        4,
        4,
        2,
        1,
        4,
        4,
        2,
        2,
        4,
        4,
        4,
        4,
        4,
        4,
        4,
        2,
        4,
        4,
        4,
        4,
        2,
        2,
        4,
        4,
        4,
        4,
        4,
        2,
        4,
        4,
        2,
        1,
        4,
        2,
        4,
        4,
        2,
        4,
        2
      ]
    }
  ]
}