{
  "width": 512,
  "height": 512,
  "comps": [
    {
      "type": "shape",
      "background": "#05c5a0",
      "points": [
        95.4,
        245.6,
        116.6,
        233.4,
        116.4,
        254,
        95.4,
        266.4,
        95.4,
        245.6,
        95.4,
        245.6
      ]
    },
    {
      "type": "shape",
      "background": "#05c5a0",
      "points": [
        95.6,
        186.6,
        116.6,
        174.4,
        116.6,
        195.4,
        95.4,
        207.8,
        95.6,
        186.6,
        95.6,
        186.6
      ]
    },
    {
      "type": "shape",
      "background": "#03856c",
      "points": [
        54,
        203.2,
        75.2,
        190.8,
        116.6,
        174.4,
        95.6,
        186.6,
        54,
        203.2,
        54,
        203.2
      ]
    },
    {
      "type": "shape",
      "background": "#03896f",
      "points": [
        95.6,
        186.6,
        95.4,
        207.8,
        173,
        252.4,
        172.8,
        290.4,
        95.4,
        245.6,
        95.4,
        266.4,
        54,
        203.2,
        95.6,
        186.6,
        95.6,
        186.6
      ]
    },
    {
      "type": "shape",
      "background": "#05dcb2",
      "points": [
        95.4,
        207.8,
        116.6,
        195.4,
        194,
        240.2,
        173,
        252.4,
        95.4,
        207.8,
        95.4,
        207.8
      ]
    },
    {
      "type": "shape",
      "background": "#05c5a0",
      "points": [
        173,
        252.4,
        194,
        240.2,
        194,
        278,
        172.8,
        290.4,
        173,
        252.4,
        173,
        252.4
      ]
    },
    {
      "type": "shape",
      "background": "#05c5a0",
      "points": [
        95.4,
        133.6,
        116.6,
        121.4,
        116.4,
        142,
        95.4,
        154.4,
        95.4,
        133.6,
        95.4,
        133.6
      ]
    },
    {
      "type": "shape",
      "background": "#05c5a0",
      "points": [
        95.6,
        74.6,
        116.6,
        62.4,
        116.6,
        83.4,
        95.4,
        95.8,
        95.6,
        74.6,
        95.6,
        74.6
      ]
    },
    {
      "type": "shape",
      "background": "#03856c",
      "points": [
        54,
        91.2,
        75.2,
        78.8,
        116.6,
        62.4,
        95.6,
        74.6,
        54,
        91.2,
        54,
        91.2
      ]
    },
    {
      "type": "shape",
      "background": "#03896f",
      "points": [
        95.6,
        74.6,
        95.4,
        95.8,
        173,
        140.4,
        172.8,
        178.4,
        95.4,
        133.6,
        95.4,
        154.4,
        54,
        91.2,
        95.6,
        74.6,
        95.6,
        74.6
      ]
    },
    {
      "type": "shape",
      "background": "#05dcb2",
      "points": [
        95.4,
        95.8,
        116.6,
        83.4,
        194,
        128.2,
        173,
        140.4,
        95.4,
        95.8,
        95.4,
        95.8
      ]
    },
    {
      "type": "shape",
      "background": "#05c5a0",
      "points": [
        173,
        140.4,
        194,
        128.2,
        194,
        166,
        172.8,
        178.4,
        173,
        140.4,
        173,
        140.4
      ]
    },
    {
      "type": "shape",
      "background": "#6d3838",
      "points": [
        169.6,
        481,
        130.6,
        458.4,
        129,
        196.8,
        168,
        219.4,
        169.6,
        481,
        169.6,
        481
      ]
    },
    {
      "type": "shape",
      "background": "#933535",
      "points": [
        168,
        219.4,
        129,
        196.8,
        386.2,
        47.2,
        425.2,
        69.6,
        168,
        219.4,
        168,
        219.4
      ]
    },
    {
      "type": "shape",
      "background": "#ff5245",
      "points": [
        425.2,
        69.6,
        426.8,
        331.2,
        169.6,
        481,
        168,
        219.4,
        425.2,
        69.6,
        425.2,
        69.6
      ]
    },
    {
      "type": "shape",
      "background": "#ffc8c7",
      "fillRule": "evenodd",
      "points": [
        425.6,
        73.6,
        425.6,
        68,
        334.8,
        121,
        294.8,
        97.4,
        294.8,
        103.4,
        329.8,
        124,
        213,
        192,
        213,
        191,
        173,
        167.4,
        173,
        173.4,
        208.8,
        194.6,
        167,
        219,
        127,
        195.4,
        127,
        201.4,
        165,
        223.8,
        165,
        287.8,
        127,
        265.4,
        127,
        271.4,
        165,
        293.8,
        165,
        359.8,
        127,
        337.4,
        127,
        343.4,
        165,
        365.8,
        165,
        429.8,
        127,
        407.4,
        127,
        413.4,
        165,
        435.8,
        165,
        481,
        169,
        483,
        169,
        437.8,
        273,
        377.2,
        273,
        421.2,
        277,
        419.2,
        277,
        375,
        393,
        307.4,
        393,
        353.4,
        397,
        351.4,
        397,
        305.4,
        393.6,
        307,
        423,
        289.8,
        423,
        335.2,
        427,
        333.2,
        427,
        73.2,
        425.6,
        73.6,
        425.6,
        73.6,
        169,
        223.8,
        213,
        198.2,
        213,
        262.2,
        169,
        287.8,
        169,
        223.8,
        169,
        223.8,
        333,
        192,
        217,
        259.6,
        217,
        195.6,
        333,
        128,
        333,
        192,
        333,
        192,
        169,
        293.8,
        277,
        230.8,
        277,
        296.8,
        169,
        359.8,
        169,
        293.8,
        169,
        293.8,
        333,
        270,
        333,
        336,
        217,
        403.6,
        217,
        337.6,
        333,
        270,
        333,
        270,
        281,
        294.4,
        281,
        228.4,
        393,
        163,
        393,
        229,
        281,
        294.4,
        281,
        294.4,
        397,
        160.8,
        423,
        145.6,
        423,
        211.6,
        397,
        226.8,
        397,
        160.8,
        397,
        160.8,
        337,
        189.8,
        337,
        125.8,
        423,
        75.6,
        423,
        139.6,
        337,
        189.8,
        337,
        189.8,
        169,
        365.8,
        213,
        340.2,
        213,
        406.2,
        169,
        431.8,
        169,
        365.8,
        169,
        365.8,
        337,
        333.8,
        337,
        267.8,
        423,
        217.6,
        423,
        283.6,
        337,
        333.8,
        337,
        333.8
      ],
      "segments": [
        1,
        2,
        2,
        2,
        2,
        2,
        2,
        2,
        2,
        2,
        2,
        2,
        2,
        2,
        2,
        2,
        2,
        2,
        2,
        2,
        2,
        2,
        2,
        2,
        2,
        2,
        2,
        2,
        2,
        2,
        2,
        2,
        2,
        2,
        2,
        2,
        2,
        2,
        2,
        2,
        2,
        2,
        2,
        2,
        2,
        1,
        2,
        2,
        2,
        2,
        2,
        1,
        2,
        2,
        2,
        2,
        2,
        1,
        2,
        2,
        2,
        2,
        2,
        1,
        2,
        2,
        2,
        2,
        2,
        1,
        2,
        2,
        2,
        2,
        2,
        1,
        2,
        2,
        2,
        2,
        2,
        1,
        2,
        2,
        2,
        2,
        2,
        1,
        2,
        2,
        2,
        2,
        2,
        1,
        2,
        2,
        2,
        2,
        2
      ]
    },
    {
      "type": "shape",
      "background": "#05dcb2",
      "points": [
        322.2,
        219.6,
        343.4,
        207.2,
        420.8,
        252,
        399.6,
        264.2,
        322.2,
        219.6,
        322.2,
        219.6
      ]
    },
    {
      "type": "shape",
      "background": "#03896f",
      "points": [
        399.8,
        243.6,
        441,
        306.8,
        399.4,
        323.2,
        399.6,
        302.2,
        322,
        257.4,
        322.2,
        219.6,
        399.6,
        264.2,
        399.8,
        243.6,
        399.8,
        243.6
      ]
    },
    {
      "type": "shape",
      "background": "#06fece",
      "points": [
        399.8,
        243.6,
        420.8,
        231.2,
        462,
        294.6,
        441,
        306.8,
        399.8,
        243.6,
        399.8,
        243.6
      ]
    },
    {
      "type": "shape",
      "background": "#05dcb2",
      "points": [
        322.2,
        331.6,
        343.4,
        319.2,
        420.8,
        364,
        399.6,
        376.2,
        322.2,
        331.6,
        322.2,
        331.6
      ]
    },
    {
      "type": "shape",
      "background": "#03896f",
      "points": [
        399.8,
        355.6,
        441,
        418.8,
        399.4,
        435.2,
        399.6,
        414.2,
        322,
        369.4,
        322.2,
        331.6,
        399.6,
        376.2,
        399.8,
        355.6,
        399.8,
        355.6
      ]
    },
    {
      "type": "shape",
      "background": "#06fece",
      "points": [
        399.8,
        355.6,
        420.8,
        343.2,
        462,
        406.6,
        441,
        418.8,
        399.8,
        355.6,
        399.8,
        355.6
      ]
    }
  ]
}