{
  "width": 512,
  "height": 512,
  "comps": [
    {
      "type": "shape",
      "background": "#efefef",
      "fillRule": "evenodd",
      "points": [
        32.6,
        257.2,
        300,
        99,
        457,
        192,
        188,
        351,
        32.4,
        259,
        31.8,
        258.6,
        31.8,
        257.6,
        32.6,
        257.2,
        32.6,
        257.2
      ],
      "segments": [
        1,
        2,
        2,
        2,
        2,
        4,
        2
      ]
    },
    {
      "type": "shape",
      "background": "#aaaaaa",
      "fillRule": "evenodd",
      "points": [
        33.6,
        257.4,
        188,
        349.6,
        188,
        423.2,
        188,
        424.2,
        186.8,
        425,
        186,
        424.4,
        32,
        332.4,
        32,
        258.2,
        32,
        257.4,
        32.8,
        257,
        33.6,
        257.4,
        33.6,
        257.4
      ],
      "segments": [
        1,
        2,
        2,
        4,
        2,
        2,
        4,
        2
      ]
    },
    {
      "type": "shape",
      "background": "#757575",
      "fillRule": "evenodd",
      "points": [
        155.6,
        356.2,
        471,
        169.2,
        474,
        167.4,
        480,
        169.6,
        480,
        173.2,
        480,
        252,
        480,
        253.2,
        477.4,
        254.2,
        476.4,
        255,
        159.2,
        443,
        157,
        444.4,
        154,
        442.8,
        154,
        440,
        154,
        359,
        154,
        358,
        154.6,
        356.8,
        155.6,
        356.2,
        155.6,
        356.2
      ],
      "segments": [
        1,
        2,
        4,
        2,
        4,
        2,
        4,
        2,
        4,
        2
      ]
    },
    {
      "type": "shape",
      "background": "#4c4c4c",
      "fillRule": "evenodd",
      "points": [
        160,
        448,
        160,
        448,
        156.6,
        448,
        154,
        445.2,
        154,
        442,
        154,
        360,
        154,
        356.8,
        160,
        362,
        160,
        362,
        160,
        362,
        166,
        356.8,
        166,
        360,
        166,
        442,
        166,
        445.2,
        163.4,
        448,
        160,
        448,
        160,
        448
      ],
      "segments": [
        1,
        2,
        4,
        2,
        4,
        4,
        2,
        4,
        2
      ]
    },
    {
      "type": "shape",
      "background": "#5e5e5e",
      "fillRule": "evenodd",
      "points": [
        159.6,
        360.2,
        475,
        173.2,
        478,
        171.4,
        482,
        173.6,
        482,
        177.2,
        482,
        256,
        482,
        257.2,
        481.4,
        258.2,
        480.4,
        259,
        163.2,
        447,
        161,
        448.4,
        158,
        446.8,
        158,
        444,
        158,
        363,
        158,
        362,
        158.6,
        360.8,
        159.6,
        360.2,
        159.6,
        360.2
      ],
      "segments": [
        1,
        2,
        4,
        2,
        4,
        2,
        4,
        2,
        4,
        2
      ]
    },
    {
      "type": "shape",
      "background": "#757777",
      "fillRule": "evenodd",
      "points": [
        187,
        350.6,
        455.4,
        191.4,
        456.2,
        191,
        457,
        191.4,
        457,
        192.4,
        457,
        264.6,
        187,
        424.8,
        187,
        350.6,
        187,
        350.6
      ],
      "segments": [
        1,
        2,
        4,
        2,
        2,
        2,
        2
      ]
    },
    {
      "type": "shape",
      "background": "#515454",
      "fillRule": "evenodd",
      "points": [
        200.4,
        356.2,
        227.2,
        340.2,
        227.2,
        340.2,
        227.4,
        340.2,
        227.4,
        340.2,
        227.4,
        347.4,
        200.4,
        363.4,
        200.4,
        356.2,
        200.4,
        356.2
      ],
      "segments": [
        1,
        2,
        4,
        2,
        2,
        2,
        2
      ]
    },
    {
      "type": "shape",
      "background": "#313333",
      "fillRule": "evenodd",
      "points": [
        356.4,
        262.4,
        450,
        206,
        450.2,
        205.8,
        450.4,
        206,
        450.4,
        206.2,
        450.4,
        255.4,
        356.4,
        312,
        356.4,
        262.4,
        356.4,
        262.4
      ],
      "segments": [
        1,
        2,
        4,
        2,
        2,
        2,
        2
      ]
    },
    {
      "type": "shape",
      "background": "#00e7ff",
      "fillRule": "evenodd",
      "points": [
        363.4,
        268.4,
        413.6,
        238.6,
        413.8,
        238.6,
        413.8,
        238.6,
        413.8,
        238.8,
        413.8,
        266.2,
        363.4,
        296.2,
        363.4,
        268.4,
        363.4,
        268.4
      ],
      "segments": [
        1,
        2,
        4,
        2,
        2,
        2,
        2
      ]
    },
    {
      "type": "shape",
      "background": "#000e0f",
      "points": [
        431.5512,
        233.126,
        433.27749,
        230.83079,
        435.75036,
        229.77752,
        437.07452,
        230.77346,
        438.39868,
        231.7694,
        438.07269,
        234.43739,
        436.3464,
        236.7326,
        434.62011,
        239.02781,
        432.14724,
        240.08108,
        430.82308,
        239.08514,
        429.49892,
        238.0892,
        429.82491,
        235.42121,
        431.5512,
        233.126,
        431.5512,
        233.126
      ],
      "segments": [
        1,
        4,
        4,
        4,
        4,
        2
      ]
    },
    {
      "type": "shape",
      "background": "#79ed14",
      "points": [
        432.51024,
        233.84732,
        433.50618,
        232.52316,
        434.95761,
        231.93414,
        435.7521,
        232.5317,
        436.54659,
        233.12926,
        436.3833,
        234.68712,
        435.38736,
        236.01128,
        434.39142,
        237.33544,
        432.93999,
        237.92446,
        432.1455,
        237.3269,
        431.35101,
        236.72934,
        431.5143,
        235.17148,
        432.51024,
        233.84732,
        432.51024,
        233.84732
      ],
      "segments": [
        1,
        4,
        4,
        4,
        4,
        2
      ]
    },
    {
      "type": "shape",
      "background": "#000e0f",
      "points": [
        431.60112,
        248.70136,
        433.32741,
        246.40615,
        435.80028,
        245.35288,
        437.12444,
        246.34882,
        438.4486,
        247.34476,
        438.12261,
        250.01275,
        436.39632,
        252.30796,
        434.67003,
        254.60317,
        432.19716,
        255.65644,
        430.873,
        254.6605,
        429.54884,
        253.66456,
        429.87483,
        250.99657,
        431.60112,
        248.70136,
        431.60112,
        248.70136
      ],
      "segments": [
        1,
        4,
        4,
        4,
        4,
        2
      ]
    },
    {
      "type": "shape",
      "background": "#79ed14",
      "points": [
        432.56016,
        249.42268,
        433.5561,
        248.09852,
        435.00753,
        247.5095,
        435.80202,
        248.10706,
        436.59651,
        248.70462,
        436.43322,
        250.26248,
        435.43728,
        251.58664,
        434.44134,
        252.9108,
        432.98991,
        253.49982,
        432.19542,
        252.90226,
        431.40093,
        252.3047,
        431.56422,
        250.74684,
        432.56016,
        249.42268,
        432.56016,
        249.42268
      ],
      "segments": [
        1,
        4,
        4,
        4,
        4,
        2
      ]
    },
    {
      "type": "shape",
      "background": "#000e0f",
      "points": [
        423.72026,
        245.37258,
        425.44655,
        243.07737,
        427.91942,
        242.0241,
        429.24358,
        243.02004,
        430.56774,
        244.01598,
        430.24175,
        246.68397,
        428.51546,
        248.97918,
        426.78917,
        251.27439,
        424.3163,
        252.32766,
        422.99214,
        251.33172,
        421.66798,
        250.33578,
        421.99397,
        247.66779,
        423.72026,
        245.37258,
        423.72026,
        245.37258
      ],
      "segments": [
        1,
        4,
        4,
        4,
        4,
        2
      ]
    },
    {
      "type": "shape",
      "background": "#79ed14",
      "points": [
        424.6793,
        246.0939,
        425.67524,
        244.76974,
        427.12667,
        244.18072,
        427.92116,
        244.77828,
        428.71565,
        245.37584,
        428.55236,
        246.9337,
        427.55642,
        248.25786,
        426.56048,
        249.58202,
        425.10905,
        250.17104,
        424.31456,
        249.57348,
        423.52007,
        248.97592,
        423.68336,
        247.41806,
        424.6793,
        246.0939,
        424.6793,
        246.0939
      ],
      "segments": [
        1,
        4,
        4,
        4,
        4,
        2
      ]
    },
    {
      "type": "shape",
      "background": "#000e0f",
      "points": [
        439.31184,
        236.61442,
        441.03813,
        234.31921,
        443.511,
        233.26594,
        444.83516,
        234.26188,
        446.15932,
        235.25782,
        445.83333,
        237.92581,
        444.10704,
        240.22102,
        442.38075,
        242.51623,
        439.90788,
        243.5695,
        438.58372,
        242.57356,
        437.25956,
        241.57762,
        437.58555,
        238.90963,
        439.31184,
        236.61442,
        439.31184,
        236.61442
      ],
      "segments": [
        1,
        4,
        4,
        4,
        4,
        2
      ]
    },
    {
      "type": "shape",
      "background": "#79ed14",
      "points": [
        440.27088,
        237.33574,
        441.26682,
        236.01158,
        442.71825,
        235.42256,
        443.51274,
        236.02012,
        444.30723,
        236.61768,
        444.14394,
        238.17554,
        443.148,
        239.4997,
        442.15206,
        240.82386,
        440.70063,
        241.41288,
        439.90614,
        240.81532,
        439.11165,
        240.21776,
        439.27494,
        238.6599,
        440.27088,
        237.33574,
        440.27088,
        237.33574
      ],
      "segments": [
        1,
        4,
        4,
        4,
        4,
        2
      ]
    },
    {
      "type": "shape",
      "background": "#dbdbdb",
      "points": [
        214,
        389.2,
        204,
        394.8,
        204,
        376.8,
        214,
        371.2,
        214,
        389.2,
        214,
        389.2
      ]
    },
    {
      "type": "shape",
      "background": "#32383a",
      "points": [
        213.2,
        388.6,
        204.8,
        393.4,
        204.8,
        377.4,
        213.2,
        372.6,
        213.2,
        388.6,
        213.2,
        388.6
      ]
    },
    {
      "type": "shape",
      "background": "#191919",
      "points": [
        209,
        389,
        206.2,
        390.6,
        206.2,
        378.6,
        209,
        377,
        209,
        389,
        209,
        389
      ]
    },
    {
      "type": "shape",
      "background": "#ffffff",
      "points": [
        211.8,
        387.4,
        209,
        389,
        209,
        377,
        211.8,
        375.4,
        211.8,
        387.4,
        211.8,
        387.4
      ]
    },
    {
      "type": "shape",
      "background": "#6b6b6b",
      "points": [
        232.2,
        380.2,
        228.6,
        382.4,
        226.8,
        380.6,
        226.4,
        379.4,
        226,
        378.8,
        225.6,
        377.6,
        224.8,
        375.4,
        224.2,
        373.6,
        224.4,
        371.4,
        225.4,
        369.4,
        226.4,
        367.4,
        228,
        365.6,
        229.8,
        364.6,
        230.8,
        364,
        233.8,
        362.2,
        236.6,
        360.6,
        239.6,
        358.8,
        242.6,
        357.2,
        243.4,
        356.6,
        245.2,
        355.6,
        246.8,
        355.4,
        247.8,
        356.4,
        248.8,
        357.4,
        249,
        359.4,
        248.4,
        361.8,
        247.8,
        364.4,
        247,
        367.2,
        246.8,
        367.6,
        246.4,
        369.4,
        244.6,
        373,
        241,
        375,
        232.2,
        380.2,
        232.2,
        380.2
      ],
      "segments": [
        1,
        4,
        4,
        4,
        4,
        4,
        4,
        4,
        4,
        4,
        4,
        2,
        2
      ]
    },
    {
      "type": "shape",
      "background": "#fdfdfd",
      "points": [
        243.6,
        359.6,
        241.8,
        360.8,
        231.8,
        366.6,
        229.8,
        367.6,
        227.8,
        368.6,
        226.8,
        370.8,
        227.4,
        373,
        228.2,
        375,
        229,
        377,
        229,
        377,
        229,
        377,
        229.6,
        378.6,
        232.2,
        377.2,
        234.6,
        375.8,
        238.8,
        373.4,
        241.2,
        372,
        243.8,
        370.4,
        244.4,
        368.2,
        244.4,
        368.2,
        244.4,
        368.2,
        245.2,
        365.2,
        246,
        362.4,
        246.6,
        359.4,
        245.4,
        358.6,
        243.6,
        359.6,
        243.6,
        359.6
      ],
      "segments": [
        1,
        4,
        4,
        4,
        4,
        4,
        4,
        4,
        4,
        2
      ]
    },
    {
      "type": "shape",
      "background": "#040216",
      "points": [
        230.6,
        370.8,
        230,
        371.2,
        229.6,
        370.8,
        229.6,
        370.4,
        229.6,
        369.8,
        230,
        369.2,
        230.6,
        368.8,
        231,
        368.6,
        231.4,
        368.8,
        231.4,
        369.4,
        231.6,
        369.8,
        231.2,
        370.6,
        230.6,
        370.8,
        230.6,
        370.8,
        234.4,
        367.6,
        234.4,
        367,
        234,
        366.8,
        233.4,
        367,
        233,
        367.2,
        232.6,
        368,
        232.6,
        368.6,
        232.6,
        369.2,
        233,
        369.4,
        233.6,
        369.2,
        234,
        369,
        234.4,
        368.2,
        234.4,
        367.6,
        234.4,
        367.6,
        237.2,
        366,
        237.2,
        365.4,
        236.8,
        365.2,
        236.2,
        365.4,
        235.8,
        365.6,
        235.4,
        366.4,
        235.4,
        367,
        235.4,
        367.6,
        235.8,
        367.8,
        236.2,
        367.6,
        236.8,
        367.4,
        237.2,
        366.6,
        237.2,
        366,
        237.2,
        366,
        240,
        364.4,
        240,
        363.8,
        239.6,
        363.6,
        239.2,
        363.8,
        238.6,
        364,
        238.2,
        364.8,
        238.2,
        365.4,
        238.2,
        366,
        238.6,
        366.2,
        239.2,
        366,
        239.6,
        365.6,
        240,
        365,
        240,
        364.4,
        240,
        364.4,
        242.8,
        362.8,
        242.8,
        362.2,
        242.4,
        362,
        241.8,
        362.2,
        241.4,
        362.4,
        241,
        363.2,
        241,
        363.8,
        241,
        364.4,
        241.4,
        364.6,
        241.8,
        364.4,
        242.4,
        364,
        242.8,
        363.4,
        242.8,
        362.8,
        242.8,
        362.8,
        231.6,
        374.4,
        231.6,
        373.8,
        231.2,
        373.6,
        230.8,
        373.8,
        230.2,
        374,
        229.8,
        374.8,
        229.8,
        375.4,
        229.8,
        376,
        230.2,
        376.2,
        230.8,
        376,
        231.2,
        375.8,
        231.6,
        375,
        231.6,
        374.4,
        231.6,
        374.4,
        234.4,
        372.8,
        234.4,
        372.2,
        234,
        372,
        233.4,
        372.2,
        233,
        372.4,
        232.6,
        373.2,
        232.6,
        373.8,
        232.6,
        374.4,
        233,
        374.6,
        233.6,
        374.4,
        234,
        374.2,
        234.4,
        373.4,
        234.4,
        372.8,
        234.4,
        372.8,
        237.2,
        371.2,
        237.2,
        370.6,
        236.8,
        370.4,
        236.2,
        370.8,
        235.8,
        371,
        235.4,
        371.8,
        235.4,
        372.4,
        235.4,
        373,
        235.8,
        373.2,
        236.2,
        373,
        236.8,
        372.4,
        237.2,
        371.8,
        237.2,
        371.2,
        237.2,
        371.2,
        240,
        369.6,
        240,
        369,
        239.6,
        368.8,
        239.2,
        369,
        238.6,
        369.2,
        238.2,
        370,
        238.2,
        370.6,
        238.2,
        371.2,
        238.6,
        371.4,
        239.2,
        371.2,
        239.6,
        370.8,
        240,
        370.2,
        240,
        369.6,
        240,
        369.6,
        242.8,
        367.8,
        242.8,
        367.2,
        242.4,
        367,
        241.8,
        367.2,
        241.4,
        367.4,
        241,
        368.2,
        241,
        368.8,
        241,
        369.4,
        241.4,
        369.6,
        242,
        369.4,
        242.4,
        369.2,
        242.8,
        368.4,
        242.8,
        367.8,
        242.8,
        367.8,
        233,
        371,
        233,
        370.4,
        232.6,
        370.2,
        232.2,
        370.4,
        231.6,
        370.6,
        231.2,
        371.4,
        231.2,
        372,
        231.2,
        372.6,
        231.6,
        372.8,
        232.2,
        372.6,
        232.6,
        372.2,
        233,
        371.6,
        233,
        371,
        233,
        371,
        235.8,
        369.4,
        235.8,
        368.8,
        235.4,
        368.6,
        235,
        368.8,
        234.6,
        369,
        234.2,
        369.8,
        234.2,
        370.4,
        234.2,
        371,
        234.6,
        371.2,
        235,
        371,
        235.4,
        370.6,
        235.8,
        370,
        235.8,
        369.4,
        235.8,
        369.4,
        238.6,
        367.8,
        238.6,
        367.2,
        238.2,
        367,
        237.6,
        367.2,
        237.2,
        367.4,
        236.8,
        368.2,
        236.8,
        368.8,
        236.8,
        369.4,
        237.2,
        369.6,
        237.6,
        369.4,
        238.2,
        369,
        238.6,
        368.2,
        238.6,
        367.8,
        238.6,
        367.8,
        241.4,
        366.2,
        241.4,
        365.6,
        241,
        365.4,
        240.6,
        365.6,
        240.2,
        365.8,
        239.6,
        366.6,
        239.6,
        367.2,
        239.6,
        367.8,
        240,
        368,
        240.6,
        367.8,
        241,
        367.4,
        241.4,
        366.6,
        241.4,
        366.2,
        241.4,
        366.2,
        244.2,
        364.4,
        244.2,
        363.8,
        243.8,
        363.6,
        243.4,
        363.8,
        243,
        364,
        242.4,
        364.8,
        242.4,
        365.4,
        242.4,
        366,
        242.8,
        366.2,
        243.4,
        366,
        243.8,
        365.8,
        244.2,
        365,
        244.2,
        364.4,
        244.2,
        364.4
      ],
      "segments": [
        1,
        4,
        4,
        4,
        4,
        2,
        1,
        4,
        4,
        4,
        4,
        2,
        1,
        4,
        4,
        4,
        4,
        2,
        1,
        4,
        4,
        4,
        4,
        2,
        1,
        4,
        4,
        4,
        4,
        2,
        1,
        4,
        4,
        4,
        4,
        2,
        1,
        4,
        4,
        4,
        4,
        2,
        1,
        4,
        4,
        4,
        4,
        2,
        1,
        4,
        4,
        4,
        4,
        2,
        1,
        4,
        4,
        4,
        4,
        2,
        1,
        4,
        4,
        4,
        4,
        2,
        1,
        4,
        4,
        4,
        4,
        2,
        1,
        4,
        4,
        4,
        4,
        2,
        1,
        4,
        4,
        4,
        4,
        2,
        1,
        4,
        4,
        4,
        4,
        2
      ]
    },
    {
      "type": "shape",
      "background": "#30363a",
      "points": [
        274,
        344,
        260,
        352.2,
        260.4,
        367.8,
        274.4,
        359.4,
        274,
        344,
        274,
        344
      ]
    },
    {
      "type": "shape",
      "background": "#ffda00",
      "points": [
        272.6,
        347.4,
        261.6,
        354,
        261.8,
        361.8,
        263.4,
        361,
        263.4,
        363.2,
        264.8,
        362.4,
        264.8,
        363.2,
        269.8,
        360,
        269.8,
        359.4,
        271.2,
        358.4,
        271.2,
        356.2,
        272.8,
        355.2,
        272.6,
        347.4,
        272.6,
        347.4
      ]
    },
    {
      "type": "shape",
      "background": "#30363a",
      "points": [
        287,
        336.2,
        273,
        344.6,
        273.4,
        360,
        287.4,
        351.6,
        287,
        336.2,
        287,
        336.2
      ]
    },
    {
      "type": "shape",
      "background": "#ffda00",
      "points": [
        285.6,
        339.6,
        274.6,
        346.4,
        274.8,
        354,
        276.4,
        353.2,
        276.4,
        355.4,
        277.8,
        354.6,
        277.8,
        355.4,
        282.8,
        352.2,
        282.8,
        351.6,
        284.2,
        350.6,
        284.2,
        348.4,
        285.8,
        347.4,
        285.6,
        339.6,
        285.6,
        339.6
      ]
    },
    {
      "type": "shape",
      "background": "#211b00",
      "points": [
        302.8,
        329.6,
        292,
        336.2,
        292.2,
        344,
        293.8,
        343,
        293.8,
        345.2,
        295.2,
        344.4,
        295.2,
        345.2,
        300.2,
        342.2,
        300.2,
        341.4,
        301.6,
        340.6,
        301.4,
        338.2,
        303,
        337.2,
        302.8,
        329.6,
        302.8,
        329.6
      ]
    },
    {
      "type": "shape",
      "background": "#211b00",
      "points": [
        317.8,
        319.8,
        307,
        326.4,
        307.2,
        334.2,
        308.8,
        333.2,
        308.8,
        335.4,
        310.2,
        334.6,
        310.2,
        335.4,
        315.2,
        332.4,
        315.2,
        331.6,
        316.6,
        330.8,
        316.4,
        328.4,
        318,
        327.6,
        317.8,
        319.8,
        317.8,
        319.8
      ]
    },
    {
      "type": "shape",
      "background": "#211b00",
      "points": [
        332.8,
        310,
        322,
        316.6,
        322.2,
        324.4,
        323.8,
        323.4,
        323.8,
        325.6,
        325.2,
        324.8,
        325.2,
        325.6,
        330.2,
        322.6,
        330.2,
        321.8,
        331.6,
        321,
        331.6,
        318.6,
        333,
        317.8,
        332.8,
        310,
        332.8,
        310
      ]
    },
    {
      "type": "shape",
      "background": "#211b00",
      "points": [
        348.8,
        300,
        338,
        306.6,
        338.2,
        314.4,
        339.8,
        313.4,
        339.8,
        315.6,
        341.2,
        314.8,
        341.2,
        315.6,
        346.2,
        312.6,
        346.2,
        311.8,
        347.6,
        311,
        347.6,
        308.6,
        349,
        307.8,
        348.8,
        300,
        348.8,
        300
      ]
    },
    {
      "type": "shape",
      "background": "#30363a",
      "points": [
        274,
        314,
        260,
        322.2,
        260.4,
        337.8,
        274.4,
        329.4,
        274,
        314,
        274,
        314
      ]
    },
    {
      "type": "shape",
      "background": "#ffda00",
      "points": [
        272.6,
        317.4,
        261.6,
        324,
        261.8,
        331.8,
        263.4,
        331,
        263.4,
        333.2,
        264.8,
        332.4,
        264.8,
        333.2,
        269.8,
        330,
        269.8,
        329.4,
        271.2,
        328.4,
        271.2,
        326.2,
        272.8,
        325.2,
        272.6,
        317.4,
        272.6,
        317.4
      ]
    },
    {
      "type": "shape",
      "background": "#30363a",
      "points": [
        287,
        306.2,
        273,
        314.6,
        273.4,
        330,
        287.4,
        321.6,
        287,
        306.2,
        287,
        306.2
      ]
    },
    {
      "type": "shape",
      "background": "#ffda00",
      "points": [
        285.6,
        309.6,
        274.6,
        316.4,
        274.8,
        324,
        276.4,
        323.2,
        276.4,
        325.4,
        277.8,
        324.6,
        277.8,
        325.4,
        282.8,
        322.2,
        282.8,
        321.6,
        284.2,
        320.6,
        284.2,
        318.4,
        285.8,
        317.4,
        285.6,
        309.6,
        285.6,
        309.6
      ]
    },
    {
      "type": "shape",
      "background": "#211b00",
      "points": [
        302.8,
        299.6,
        292,
        306.2,
        292.2,
        314,
        293.8,
        313,
        293.8,
        315.2,
        295.2,
        314.4,
        295.2,
        315.2,
        300.2,
        312.2,
        300.2,
        311.4,
        301.6,
        310.6,
        301.4,
        308.2,
        303,
        307.2,
        302.8,
        299.6,
        302.8,
        299.6
      ]
    },
    {
      "type": "shape",
      "background": "#211b00",
      "points": [
        317.8,
        289.8,
        307,
        296.4,
        307.2,
        304.2,
        308.8,
        303.2,
        308.8,
        305.4,
        310.2,
        304.6,
        310.2,
        305.4,
        315.2,
        302.4,
        315.2,
        301.6,
        316.6,
        300.8,
        316.4,
        298.4,
        318,
        297.6,
        317.8,
        289.8,
        317.8,
        289.8
      ]
    },
    {
      "type": "shape",
      "background": "#211b00",
      "points": [
        332.8,
        280,
        322,
        286.6,
        322.2,
        294.4,
        323.8,
        293.4,
        323.8,
        295.6,
        325.2,
        294.8,
        325.2,
        295.6,
        330.2,
        292.6,
        330.2,
        291.8,
        331.6,
        291,
        331.6,
        288.6,
        333,
        287.8,
        332.8,
        280,
        332.8,
        280
      ]
    },
    {
      "type": "shape",
      "background": "#211b00",
      "points": [
        348.8,
        270,
        338,
        276.6,
        338.2,
        284.4,
        339.8,
        283.4,
        339.8,
        285.6,
        341.2,
        284.8,
        341.2,
        285.6,
        346.2,
        282.6,
        346.2,
        281.8,
        347.6,
        281,
        347.6,
        278.6,
        349,
        277.8,
        348.8,
        270,
        348.8,
        270
      ]
    },
    {
      "type": "shape",
      "background": "#848484",
      "fillRule": "evenodd",
      "points": [
        171,
        411,
        171,
        411,
        168.4,
        412.6,
        166,
        411.6,
        166,
        408.8,
        166,
        383.4,
        166,
        380.6,
        168.2,
        377,
        171,
        375.4,
        171,
        375.4,
        173.6,
        373.8,
        176,
        374.8,
        176,
        377.6,
        176,
        403,
        176,
        406,
        173.8,
        409.4,
        171,
        411,
        171,
        411
      ],
      "segments": [
        1,
        2,
        4,
        2,
        4,
        2,
        4,
        2,
        4,
        2
      ]
    },
    {
      "type": "shape",
      "background": "#cccece",
      "fillRule": "evenodd",
      "points": [
        168.6,
        410,
        168,
        410.4,
        167.2,
        410.6,
        166.6,
        410.6,
        166.2,
        410.2,
        166.2,
        409.4,
        166.2,
        408.6,
        166.2,
        383.2,
        166.2,
        380.4,
        168.4,
        376.8,
        171.2,
        375.2,
        171.8,
        374.8,
        172.6,
        374.6,
        173.2,
        374.6,
        173.6,
        375,
        173.6,
        375.8,
        173.6,
        376.6,
        173.6,
        402,
        173.6,
        404.8,
        171.4,
        408.4,
        168.6,
        410,
        168.6,
        410
      ],
      "segments": [
        1,
        4,
        4,
        2,
        4,
        4,
        4,
        2,
        4,
        2
      ]
    },
    {
      "type": "shape",
      "background": "#848484",
      "fillRule": "evenodd",
      "points": [
        469,
        237,
        469,
        237,
        466.4,
        238.6,
        464.2,
        237.6,
        464.2,
        234.8,
        464.2,
        209.4,
        464.2,
        206.6,
        466.4,
        203,
        469,
        201.4,
        469,
        201.4,
        471.6,
        199.8,
        474,
        200.8,
        474,
        203.6,
        474,
        229,
        474,
        232,
        471.8,
        235.4,
        469,
        237,
        469,
        237
      ],
      "segments": [
        1,
        2,
        4,
        2,
        4,
        2,
        4,
        2,
        4,
        2
      ]
    },
    {
      "type": "shape",
      "background": "#cccece",
      "fillRule": "evenodd",
      "points": [
        466.6,
        236,
        466,
        236.4,
        465.2,
        236.6,
        464.6,
        236.6,
        464.2,
        236.2,
        464.2,
        235.4,
        464.2,
        234.6,
        464.2,
        209.2,
        464.2,
        206.4,
        466.4,
        202.8,
        469,
        201.2,
        469.6,
        200.8,
        470.4,
        200.6,
        471,
        200.6,
        471.4,
        201,
        471.4,
        201.8,
        471.4,
        202.6,
        471.4,
        228,
        471.6,
        230.8,
        469.4,
        234.4,
        466.6,
        236,
        466.6,
        236
      ],
      "segments": [
        1,
        4,
        4,
        2,
        4,
        4,
        4,
        2,
        4,
        2
      ]
    },
    {
      "type": "shape",
      "background": "#04ba97",
      "points": [
        334.8,
        205.2,
        325,
        199.4,
        309.8,
        199.4,
        300.2,
        205.2,
        298.2,
        206.4,
        296.6,
        207.8,
        295.4,
        209.2,
        237.4,
        199.6,
        237.8,
        195.6,
        235.4,
        191.4,
        230.2,
        188.4,
        220.4,
        182.6,
        205.2,
        182.6,
        195.6,
        188.4,
        185.8,
        194.2,
        185.8,
        203.2,
        195.6,
        209,
        200.8,
        212.2,
        207.8,
        213.6,
        214.6,
        213.2,
        230.8,
        247.6,
        228.4,
        248.4,
        226,
        249.2,
        224,
        250.4,
        214.2,
        256.2,
        214.2,
        265.2,
        224,
        271,
        233.8,
        276.8,
        249,
        276.8,
        258.6,
        271,
        267.2,
        266,
        268.2,
        258.4,
        261.8,
        252.6,
        303.8,
        227.8,
        301.8,
        227.4,
        301,
        227,
        299.6,
        226.2,
        298.2,
        225.4,
        298.2,
        224.6,
        296.8,
        223.8,
        254.8,
        248.6,
        250.2,
        246.8,
        244.8,
        246,
        239.6,
        246.2,
        224.2,
        211.6,
        226.4,
        211,
        228.4,
        210,
        230.2,
        209,
        232.2,
        207.8,
        233.8,
        206.4,
        235,
        205,
        293,
        215.2,
        292.8,
        219,
        295.2,
        223,
        300.2,
        226,
        310,
        231.8,
        325.2,
        231.8,
        334.8,
        226,
        344.4,
        220,
        344.4,
        211,
        334.8,
        205.2,
        334.8,
        205.2,
        258.4,
        250.4,
        259.4,
        251,
        260.4,
        251.6,
        261.2,
        252.4,
        260.4,
        251.8,
        259.4,
        251,
        258.4,
        250.4,
        257.8,
        250,
        257.2,
        249.8,
        256.6,
        249.4,
        257.2,
        249.8,
        257.8,
        250,
        258.4,
        250.4,
        258.4,
        250.4,
        251.4,
        254.6,
        257,
        257.8,
        257,
        263.6,
        251.4,
        267,
        245.8,
        270.2,
        236.8,
        270.8,
        230.6,
        267,
        224.4,
        263.2,
        225,
        258,
        230.6,
        254.6,
        236.2,
        251.4,
        246,
        251.4,
        251.4,
        254.6,
        251.4,
        254.6,
        223,
        204.8,
        217.4,
        208,
        207.8,
        208,
        202.2,
        204.8,
        196.6,
        201.6,
        196.6,
        195.8,
        202.2,
        192.4,
        207.8,
        189.2,
        217.4,
        189.2,
        223,
        192.4,
        228.6,
        195.8,
        228.6,
        201.4,
        223,
        204.8,
        223,
        204.8,
        327.8,
        221.6,
        322.2,
        224.8,
        313.2,
        225.4,
        307,
        221.6,
        300.8,
        217.8,
        301.4,
        212.6,
        307,
        209.2,
        312.6,
        206,
        322.2,
        206,
        327.8,
        209.2,
        333.4,
        212.6,
        333.4,
        218.4,
        327.8,
        221.6,
        327.8,
        221.6
      ],
      "segments": [
        1,
        4,
        4,
        2,
        4,
        4,
        4,
        4,
        2,
        4,
        4,
        4,
        4,
        2,
        4,
        4,
        2,
        4,
        2,
        4,
        4,
        2,
        4,
        4,
        4,
        2,
        1,
        4,
        4,
        4,
        4,
        2,
        1,
        4,
        4,
        4,
        4,
        2,
        1,
        4,
        4,
        4,
        4,
        2,
        1,
        4,
        4,
        4,
        4,
        2
      ]
    }
  ]
}