{
  "width": 512,
  "height": 512,
  "comps": [
    {
      "type": "shape",
      "background": "#bababa",
      "points": [
        480,
        204.4,
        480,
        221.6,
        480,
        238.6,
        480,
        255.8,
        480,
        260.8,
        476.6,
        266,
        470,
        270,
        470,
        218.6,
        476.6,
        214.6,
        480,
        209.4,
        480,
        204.4,
        480,
        204.4
      ],
      "segments": [
        1,
        4,
        4,
        2,
        4,
        2
      ]
    },
    {
      "type": "shape",
      "background": "rgb(168,168,168)",
      "points": [
        32,
        310.8,
        32,
        293.8,
        32,
        276.6,
        32,
        259.6,
        32,
        264.8,
        35.4,
        270,
        42.2,
        273.8,
        42.2,
        325.2,
        35.4,
        321.2,
        32,
        316,
        32,
        310.8,
        32,
        310.8
      ],
      "segments": [
        1,
        4,
        4,
        2,
        4,
        2
      ]
    },
    {
      "type": "shape",
      "background": "#cecece",
      "points": [
        470,
        218.4,
        470,
        269.8,
        235.2,
        407.4,
        235.2,
        356,
        470,
        218.4,
        470,
        218.4
      ]
    },
    {
      "type": "shape",
      "background": "#121517",
      "points": [
        469.4,
        221.4,
        245.2,
        353.2,
        245.2,
        398.4,
        469.6,
        266.4,
        469.4,
        221.4,
        469.4,
        221.4
      ]
    },
    {
      "type": "shape",
      "background": "#909191",
      "points": [
        186.2,
        356.2,
        186.2,
        407.6,
        42.4,
        325,
        42.2,
        273.8,
        186.2,
        356.2,
        186.2,
        356.2
      ]
    },
    {
      "type": "shape",
      "background": "rgb(168,168,168)",
      "points": [
        235.2,
        356,
        235.2,
        407.4,
        221.8,
        415.2,
        199.8,
        415.4,
        186.2,
        407.6,
        186.2,
        356.2,
        199.8,
        364,
        221.6,
        363.8,
        235.2,
        356,
        235.2,
        356
      ],
      "segments": [
        1,
        2,
        4,
        2,
        4,
        2
      ]
    },
    {
      "type": "shape",
      "background": "#efefef",
      "points": [
        469.8,
        190.2,
        483.4,
        198,
        483.4,
        210.6,
        470,
        218.6,
        235.2,
        356,
        221.8,
        363.8,
        199.8,
        364,
        186.2,
        356.2,
        42.2,
        273.8,
        28.6,
        266,
        28.4,
        253.4,
        42,
        245.4,
        276.8,
        107.8,
        290.2,
        100,
        312.2,
        99.8,
        325.8,
        107.6,
        469.8,
        190.2,
        469.8,
        190.2
      ],
      "segments": [
        1,
        4,
        2,
        4,
        2,
        4,
        2,
        4,
        2,
        2
      ]
    },
    {
      "type": "shape",
      "background": "#040216",
      "points": [
        142.2,
        372.4,
        142.2,
        371.2,
        143,
        370.8,
        144,
        371.4,
        145,
        372,
        145.8,
        373.4,
        145.8,
        374.6,
        145.8,
        375.8,
        145,
        376.2,
        144,
        375.6,
        143,
        375,
        142.2,
        373.6,
        142.2,
        372.4,
        142.2,
        372.4
      ],
      "segments": [
        1,
        4,
        4,
        4,
        4,
        2
      ]
    },
    {
      "type": "shape",
      "background": "#040216",
      "points": [
        132.4,
        366.6,
        132.4,
        365.4,
        133.2,
        365,
        134.2,
        365.6,
        135.2,
        366.2,
        136,
        367.6,
        136,
        368.8,
        136,
        370,
        135.2,
        370.4,
        134.2,
        369.8,
        133.2,
        369.2,
        132.4,
        367.8,
        132.4,
        366.6,
        132.4,
        366.6
      ],
      "segments": [
        1,
        4,
        4,
        4,
        4,
        2
      ]
    },
    {
      "type": "shape",
      "background": "#040216",
      "points": [
        122.6,
        361,
        122.6,
        359.8,
        123.4,
        359.4,
        124.4,
        360,
        125.4,
        360.6,
        126.2,
        362,
        126.2,
        363.2,
        126.2,
        364.4,
        125.4,
        364.8,
        124.4,
        364.2,
        123.4,
        363.6,
        122.6,
        362,
        122.6,
        361,
        122.6,
        361
      ],
      "segments": [
        1,
        4,
        4,
        4,
        4,
        2
      ]
    },
    {
      "type": "shape",
      "background": "#040216",
      "points": [
        112.6,
        355.2,
        112.6,
        354,
        113.4,
        353.6,
        114.4,
        354.2,
        115.4,
        354.8,
        116.2,
        356.2,
        116.2,
        357.4,
        116.2,
        358.6,
        115.4,
        359,
        114.4,
        358.4,
        113.4,
        357.8,
        112.6,
        356.4,
        112.6,
        355.2,
        112.6,
        355.2
      ],
      "segments": [
        1,
        4,
        4,
        4,
        4,
        2
      ]
    },
    {
      "type": "shape",
      "background": "#040216",
      "points": [
        102.8,
        349.4,
        102.8,
        348.2,
        103.6,
        347.8,
        104.6,
        348.4,
        105.6,
        349,
        106.4,
        350.4,
        106.4,
        351.6,
        106.4,
        352.8,
        105.6,
        353.2,
        104.6,
        352.6,
        103.6,
        352,
        102.8,
        350.6,
        102.8,
        349.4,
        102.8,
        349.4
      ],
      "segments": [
        1,
        4,
        4,
        4,
        4,
        2
      ]
    },
    {
      "type": "shape",
      "background": "#040216",
      "points": [
        93,
        343.8,
        93,
        342.6,
        93.8,
        342.2,
        94.8,
        342.8,
        95.8,
        343.4,
        96.6,
        344.8,
        96.6,
        346,
        96.6,
        347.2,
        95.8,
        347.6,
        94.8,
        347,
        93.8,
        346.4,
        93,
        344.8,
        93,
        343.8,
        93,
        343.8
      ],
      "segments": [
        1,
        4,
        4,
        4,
        4,
        2
      ]
    },
    {
      "type": "shape",
      "background": "#040216",
      "points": [
        83,
        338,
        83,
        336.8,
        83.8,
        336.4,
        84.8,
        337,
        85.8,
        337.6,
        86.6,
        339,
        86.6,
        340.2,
        86.6,
        341.4,
        85.8,
        341.8,
        84.8,
        341.2,
        83.8,
        340.6,
        83,
        339.2,
        83,
        338,
        83,
        338
      ],
      "segments": [
        1,
        4,
        4,
        4,
        4,
        2
      ]
    },
    {
      "type": "shape",
      "background": "#040216",
      "points": [
        73.2,
        332.2,
        73.2,
        331,
        74,
        330.6,
        75,
        331.2,
        76,
        331.8,
        76.8,
        333.2,
        76.8,
        334.4,
        76.8,
        335.6,
        76,
        336,
        75,
        335.4,
        74,
        334.8,
        73.2,
        333.4,
        73.2,
        332.2,
        73.2,
        332.2
      ],
      "segments": [
        1,
        4,
        4,
        4,
        4,
        2
      ]
    },
    {
      "type": "shape",
      "background": "#040216",
      "points": [
        137.2,
        363.6,
        137.2,
        362.4,
        138,
        362,
        139,
        362.6,
        140,
        363.2,
        140.8,
        364.6,
        140.8,
        365.8,
        140.8,
        367,
        140,
        367.4,
        139,
        366.8,
        138,
        366.2,
        137.2,
        364.6,
        137.2,
        363.6,
        137.2,
        363.6
      ],
      "segments": [
        1,
        4,
        4,
        4,
        4,
        2
      ]
    },
    {
      "type": "shape",
      "background": "#040216",
      "points": [
        127.4,
        357.8,
        127.4,
        356.6,
        128.2,
        356.2,
        129.2,
        356.8,
        130.2,
        357.4,
        131,
        358.8,
        131,
        360,
        131,
        361.2,
        130.2,
        361.6,
        129.2,
        361,
        128.2,
        360.4,
        127.4,
        359,
        127.4,
        357.8,
        127.4,
        357.8
      ],
      "segments": [
        1,
        4,
        4,
        4,
        4,
        2
      ]
    },
    {
      "type": "shape",
      "background": "#040216",
      "points": [
        117.6,
        352,
        117.6,
        350.8,
        118.4,
        350.4,
        119.4,
        351,
        120.4,
        351.6,
        121.2,
        353,
        121.2,
        354.2,
        121.2,
        355.4,
        120.4,
        355.8,
        119.4,
        355.2,
        118.4,
        354.6,
        117.6,
        353.2,
        117.6,
        352,
        117.6,
        352
      ],
      "segments": [
        1,
        4,
        4,
        4,
        4,
        2
      ]
    },
    {
      "type": "shape",
      "background": "#040216",
      "points": [
        107.6,
        346.4,
        107.6,
        345.2,
        108.4,
        344.8,
        109.4,
        345.4,
        110.4,
        346,
        111.2,
        347.4,
        111.2,
        348.6,
        111.2,
        349.8,
        110.4,
        350.2,
        109.4,
        349.6,
        108.6,
        348.8,
        107.6,
        347.4,
        107.6,
        346.4,
        107.6,
        346.4
      ],
      "segments": [
        1,
        4,
        4,
        4,
        4,
        2
      ]
    },
    {
      "type": "shape",
      "background": "#040216",
      "points": [
        97.8,
        340.6,
        97.8,
        339.4,
        98.6,
        339,
        99.6,
        339.6,
        100.6,
        340.2,
        101.4,
        341.6,
        101.4,
        342.8,
        101.4,
        344,
        100.6,
        344.4,
        99.6,
        343.8,
        98.6,
        343.2,
        97.8,
        341.8,
        97.8,
        340.6,
        97.8,
        340.6
      ],
      "segments": [
        1,
        4,
        4,
        4,
        4,
        2
      ]
    },
    {
      "type": "shape",
      "background": "#040216",
      "points": [
        88,
        334.8,
        88,
        333.6,
        88.8,
        333.2,
        89.8,
        333.8,
        90.8,
        334.4,
        91.6,
        335.8,
        91.6,
        337,
        91.6,
        338.2,
        90.8,
        338.6,
        89.8,
        338,
        88.8,
        337.4,
        88,
        336,
        88,
        334.8,
        88,
        334.8
      ],
      "segments": [
        1,
        4,
        4,
        4,
        4,
        2
      ]
    },
    {
      "type": "shape",
      "background": "#040216",
      "points": [
        78.2,
        329.2,
        78.2,
        328,
        79,
        327.6,
        80,
        328.2,
        81,
        328.8,
        81.8,
        330.2,
        81.8,
        331.4,
        81.8,
        332.6,
        81,
        333,
        80,
        332.4,
        79,
        331.6,
        78.2,
        330.2,
        78.2,
        329.2,
        78.2,
        329.2
      ],
      "segments": [
        1,
        4,
        4,
        4,
        4,
        2
      ]
    },
    {
      "type": "shape",
      "background": "#040216",
      "points": [
        142.2,
        360,
        142.2,
        358.8,
        143,
        358.4,
        144,
        359,
        145,
        359.6,
        145.8,
        361,
        145.8,
        362.2,
        145.8,
        363.4,
        145,
        363.8,
        144,
        363.2,
        143,
        362.6,
        142.2,
        361.2,
        142.2,
        360,
        142.2,
        360
      ],
      "segments": [
        1,
        4,
        4,
        4,
        4,
        2
      ]
    },
    {
      "type": "shape",
      "background": "#040216",
      "points": [
        132.4,
        354.2,
        132.4,
        353,
        133.2,
        352.6,
        134.2,
        353.2,
        135.2,
        353.8,
        136,
        355.2,
        136,
        356.4,
        136,
        357.6,
        135.2,
        358,
        134.2,
        357.4,
        133.2,
        356.8,
        132.4,
        355.4,
        132.4,
        354.2,
        132.4,
        354.2
      ],
      "segments": [
        1,
        4,
        4,
        4,
        4,
        2
      ]
    },
    {
      "type": "shape",
      "background": "#040216",
      "points": [
        122.6,
        348.6,
        122.6,
        347.4,
        123.4,
        347,
        124.4,
        347.6,
        125.4,
        348.2,
        126.2,
        349.6,
        126.2,
        350.8,
        126.2,
        352,
        125.4,
        352.4,
        124.4,
        351.8,
        123.4,
        351,
        122.6,
        349.6,
        122.6,
        348.6,
        122.6,
        348.6
      ],
      "segments": [
        1,
        4,
        4,
        4,
        4,
        2
      ]
    },
    {
      "type": "shape",
      "background": "#040216",
      "points": [
        112.8,
        342.8,
        112.8,
        341.6,
        113.6,
        341.2,
        114.6,
        341.8,
        115.6,
        342.4,
        116.4,
        343.8,
        116.4,
        345,
        116.4,
        346.2,
        115.6,
        346.6,
        114.6,
        346,
        113.6,
        345.4,
        112.8,
        344,
        112.8,
        342.8,
        112.8,
        342.8
      ],
      "segments": [
        1,
        4,
        4,
        4,
        4,
        2
      ]
    },
    {
      "type": "shape",
      "background": "#040216",
      "points": [
        102.8,
        337,
        102.8,
        335.8,
        103.6,
        335.4,
        104.6,
        336,
        105.6,
        336.6,
        106.4,
        338,
        106.4,
        339.2,
        106.4,
        340.4,
        105.6,
        340.8,
        104.6,
        340.2,
        103.6,
        339.6,
        102.8,
        338.2,
        102.8,
        337,
        102.8,
        337
      ],
      "segments": [
        1,
        4,
        4,
        4,
        4,
        2
      ]
    },
    {
      "type": "shape",
      "background": "#040216",
      "points": [
        93,
        331.4,
        93,
        330.2,
        93.8,
        329.8,
        94.8,
        330.4,
        95.8,
        331,
        96.6,
        332.4,
        96.6,
        333.6,
        96.6,
        334.8,
        95.8,
        335.2,
        94.8,
        334.6,
        93.8,
        333.8,
        93,
        332.4,
        93,
        331.4,
        93,
        331.4
      ],
      "segments": [
        1,
        4,
        4,
        4,
        4,
        2
      ]
    },
    {
      "type": "shape",
      "background": "#040216",
      "points": [
        83.2,
        325.6,
        83.2,
        324.4,
        84,
        324,
        85,
        324.6,
        86,
        325.2,
        86.8,
        326.6,
        86.8,
        327.8,
        86.8,
        329,
        86,
        329.4,
        85,
        328.8,
        84,
        328.2,
        83.2,
        326.8,
        83.2,
        325.6,
        83.2,
        325.6
      ],
      "segments": [
        1,
        4,
        4,
        4,
        4,
        2
      ]
    },
    {
      "type": "shape",
      "background": "#040216",
      "points": [
        73.2,
        319.8,
        73.2,
        318.6,
        74,
        318.2,
        75,
        318.8,
        76,
        319.4,
        76.8,
        320.8,
        76.8,
        322,
        76.8,
        323.2,
        76,
        323.6,
        75,
        323,
        74,
        322.4,
        73.2,
        321,
        73.2,
        319.8,
        73.2,
        319.8
      ],
      "segments": [
        1,
        4,
        4,
        4,
        4,
        2
      ]
    },
    {
      "type": "shape",
      "background": "#040216",
      "points": [
        137.4,
        351.2,
        137.4,
        350,
        138.2,
        349.6,
        139.2,
        350.2,
        140.2,
        350.8,
        141,
        352.2,
        141,
        353.4,
        141,
        354.6,
        140.2,
        355,
        139.2,
        354.4,
        138,
        353.6,
        137.2,
        352.2,
        137.4,
        351.2,
        137.4,
        351.2
      ],
      "segments": [
        1,
        4,
        4,
        4,
        4,
        2
      ]
    },
    {
      "type": "shape",
      "background": "#040216",
      "points": [
        127.4,
        345.4,
        127.4,
        344.2,
        128.2,
        343.8,
        129.2,
        344.4,
        130.2,
        345,
        131,
        346.4,
        131,
        347.6,
        131,
        348.8,
        130.2,
        349.2,
        129.2,
        348.6,
        128.2,
        348,
        127.4,
        346.6,
        127.4,
        345.4,
        127.4,
        345.4
      ],
      "segments": [
        1,
        4,
        4,
        4,
        4,
        2
      ]
    },
    {
      "type": "shape",
      "background": "#040216",
      "points": [
        117.6,
        339.6,
        117.6,
        338.4,
        118.4,
        338,
        119.4,
        338.6,
        120.4,
        339.2,
        121.2,
        340.6,
        121.2,
        341.8,
        121.2,
        343,
        120.4,
        343.4,
        119.4,
        342.8,
        118.4,
        342.2,
        117.6,
        340.8,
        117.6,
        339.6,
        117.6,
        339.6
      ],
      "segments": [
        1,
        4,
        4,
        4,
        4,
        2
      ]
    },
    {
      "type": "shape",
      "background": "#040216",
      "points": [
        107.8,
        334,
        107.8,
        332.8,
        108.6,
        332.4,
        109.6,
        333,
        110.6,
        333.6,
        111.4,
        335,
        111.4,
        336.2,
        111.4,
        337.4,
        110.6,
        337.8,
        109.6,
        337.2,
        108.6,
        336.4,
        107.8,
        335,
        107.8,
        334,
        107.8,
        334
      ],
      "segments": [
        1,
        4,
        4,
        4,
        4,
        2
      ]
    },
    {
      "type": "shape",
      "background": "#040216",
      "points": [
        97.8,
        328.2,
        97.8,
        327,
        98.6,
        326.6,
        99.6,
        327.2,
        100.6,
        327.8,
        101.4,
        329.2,
        101.4,
        330.4,
        101.4,
        331.6,
        100.6,
        332,
        99.6,
        331.4,
        98.6,
        330.8,
        97.8,
        329.4,
        97.8,
        328.2,
        97.8,
        328.2
      ],
      "segments": [
        1,
        4,
        4,
        4,
        4,
        2
      ]
    },
    {
      "type": "shape",
      "background": "#040216",
      "points": [
        88,
        322.4,
        88,
        321.2,
        88.8,
        320.8,
        89.8,
        321.4,
        90.8,
        322,
        91.6,
        323.4,
        91.6,
        324.6,
        91.6,
        325.8,
        90.8,
        326.2,
        89.8,
        325.6,
        88.8,
        325,
        88,
        323.6,
        88,
        322.4,
        88,
        322.4
      ],
      "segments": [
        1,
        4,
        4,
        4,
        4,
        2
      ]
    },
    {
      "type": "shape",
      "background": "#040216",
      "points": [
        78.2,
        316.8,
        78.2,
        315.6,
        79,
        315.2,
        80,
        315.8,
        81,
        316.4,
        81.8,
        317.8,
        81.8,
        319,
        81.8,
        320.2,
        81,
        320.6,
        80,
        320,
        79,
        319.2,
        78.2,
        317.8,
        78.2,
        316.8,
        78.2,
        316.8
      ],
      "segments": [
        1,
        4,
        4,
        4,
        4,
        2
      ]
    },
    {
      "type": "shape",
      "background": "#040216",
      "points": [
        142.4,
        347.6,
        142.4,
        346.4,
        143.2,
        346,
        144.2,
        346.6,
        145.2,
        347.2,
        146,
        348.6,
        146,
        349.8,
        146,
        351,
        145.2,
        351.4,
        144.2,
        350.8,
        143.2,
        350.2,
        142.4,
        348.8,
        142.4,
        347.6,
        142.4,
        347.6
      ],
      "segments": [
        1,
        4,
        4,
        4,
        4,
        2
      ]
    },
    {
      "type": "shape",
      "background": "#040216",
      "points": [
        132.4,
        341.8,
        132.4,
        340.6,
        133.2,
        340.2,
        134.2,
        340.8,
        135.2,
        341.4,
        136,
        342.8,
        136,
        344,
        136,
        345.2,
        135.2,
        345.6,
        134.2,
        345,
        133.2,
        344.4,
        132.4,
        343,
        132.4,
        341.8,
        132.4,
        341.8
      ],
      "segments": [
        1,
        4,
        4,
        4,
        4,
        2
      ]
    },
    {
      "type": "shape",
      "background": "#040216",
      "points": [
        122.6,
        336,
        122.6,
        334.8,
        123.4,
        334.4,
        124.4,
        335,
        125.4,
        335.6,
        126.2,
        337,
        126.2,
        338.2,
        126.2,
        339.4,
        125.4,
        339.8,
        124.4,
        339.2,
        123.4,
        338.6,
        122.6,
        337.2,
        122.6,
        336,
        122.6,
        336
      ],
      "segments": [
        1,
        4,
        4,
        4,
        4,
        2
      ]
    },
    {
      "type": "shape",
      "background": "#040216",
      "points": [
        112.8,
        330.4,
        112.8,
        329.2,
        113.6,
        328.8,
        114.6,
        329.4,
        115.6,
        330,
        116.4,
        331.4,
        116.4,
        332.6,
        116.4,
        333.8,
        115.6,
        334.2,
        114.6,
        333.6,
        113.6,
        333,
        112.8,
        331.6,
        112.8,
        330.4,
        112.8,
        330.4
      ],
      "segments": [
        1,
        4,
        4,
        4,
        4,
        2
      ]
    },
    {
      "type": "shape",
      "background": "#040216",
      "points": [
        102.8,
        324.6,
        102.8,
        323.4,
        103.6,
        323,
        104.6,
        323.6,
        105.6,
        324.2,
        106.4,
        325.6,
        106.4,
        326.8,
        106.4,
        328,
        105.6,
        328.4,
        104.6,
        327.8,
        103.8,
        327.2,
        102.8,
        325.8,
        102.8,
        324.6,
        102.8,
        324.6
      ],
      "segments": [
        1,
        4,
        4,
        4,
        4,
        2
      ]
    },
    {
      "type": "shape",
      "background": "#040216",
      "points": [
        93,
        319,
        93,
        317.8,
        93.8,
        317.4,
        94.8,
        318,
        95.8,
        318.6,
        96.6,
        320,
        96.6,
        321.2,
        96.6,
        322.4,
        95.8,
        322.8,
        94.8,
        322.2,
        93.8,
        321.4,
        93,
        320,
        93,
        319,
        93,
        319
      ],
      "segments": [
        1,
        4,
        4,
        4,
        4,
        2
      ]
    },
    {
      "type": "shape",
      "background": "#040216",
      "points": [
        83.2,
        313.2,
        83.2,
        312,
        84,
        311.6,
        85,
        312.2,
        86,
        312.8,
        86.8,
        314.2,
        86.8,
        315.4,
        86.8,
        316.6,
        86,
        317,
        85,
        316.4,
        84,
        315.8,
        83.2,
        314.2,
        83.2,
        313.2,
        83.2,
        313.2
      ],
      "segments": [
        1,
        4,
        4,
        4,
        4,
        2
      ]
    },
    {
      "type": "shape",
      "background": "#040216",
      "points": [
        73.4,
        307.4,
        73.4,
        306.2,
        74.2,
        305.8,
        75.2,
        306.4,
        76.2,
        307,
        77,
        308.4,
        77,
        309.6,
        77,
        310.8,
        76.2,
        311.2,
        75.2,
        310.6,
        74.2,
        310,
        73.4,
        308.6,
        73.4,
        307.4,
        73.4,
        307.4
      ],
      "segments": [
        1,
        4,
        4,
        4,
        4,
        2
      ]
    },
    {
      "type": "shape",
      "background": "#040216",
      "points": [
        137.4,
        338.6,
        137.4,
        337.4,
        138.2,
        337,
        139.2,
        337.6,
        140.2,
        338.2,
        141,
        339.6,
        141,
        340.8,
        141,
        342,
        140.2,
        342.4,
        139.2,
        341.8,
        138.2,
        341.2,
        137.4,
        339.8,
        137.4,
        338.6,
        137.4,
        338.6
      ],
      "segments": [
        1,
        4,
        4,
        4,
        4,
        2
      ]
    },
    {
      "type": "shape",
      "background": "#040216",
      "points": [
        127.4,
        333,
        127.4,
        331.8,
        128.2,
        331.4,
        129.2,
        332,
        130.2,
        332.6,
        131,
        334,
        131,
        335.2,
        131,
        336.4,
        130.2,
        336.8,
        129.2,
        336.2,
        128.4,
        335.6,
        127.4,
        334,
        127.4,
        333,
        127.4,
        333
      ],
      "segments": [
        1,
        4,
        4,
        4,
        4,
        2
      ]
    },
    {
      "type": "shape",
      "background": "#040216",
      "points": [
        117.6,
        327.2,
        117.6,
        326,
        118.4,
        325.6,
        119.4,
        326.2,
        120.4,
        326.8,
        121.2,
        328.2,
        121.2,
        329.4,
        121.2,
        330.6,
        120.4,
        331,
        119.4,
        330.4,
        118.4,
        329.8,
        117.6,
        328.4,
        117.6,
        327.2,
        117.6,
        327.2
      ],
      "segments": [
        1,
        4,
        4,
        4,
        4,
        2
      ]
    },
    {
      "type": "shape",
      "background": "#040216",
      "points": [
        107.8,
        321.4,
        107.8,
        320.2,
        108.6,
        319.8,
        109.6,
        320.4,
        110.6,
        321,
        111.4,
        322.4,
        111.4,
        323.6,
        111.4,
        324.8,
        110.6,
        325.2,
        109.6,
        324.6,
        108.6,
        324,
        107.8,
        322.6,
        107.8,
        321.4,
        107.8,
        321.4
      ],
      "segments": [
        1,
        4,
        4,
        4,
        4,
        2
      ]
    },
    {
      "type": "shape",
      "background": "#040216",
      "points": [
        98,
        315.8,
        98,
        314.6,
        98.8,
        314.2,
        99.8,
        314.8,
        100.8,
        315.4,
        101.6,
        316.8,
        101.6,
        318,
        101.6,
        319.2,
        100.8,
        319.6,
        99.8,
        319,
        98.8,
        318.2,
        98,
        316.8,
        98,
        315.8,
        98,
        315.8
      ],
      "segments": [
        1,
        4,
        4,
        4,
        4,
        2
      ]
    },
    {
      "type": "shape",
      "background": "#040216",
      "points": [
        88,
        310,
        88,
        308.8,
        88.8,
        308.4,
        89.8,
        309,
        90.8,
        309.6,
        91.6,
        311,
        91.6,
        312.2,
        91.6,
        313.4,
        90.8,
        313.8,
        89.8,
        313.2,
        88.8,
        312.6,
        88,
        311.2,
        88,
        310,
        88,
        310
      ],
      "segments": [
        1,
        4,
        4,
        4,
        4,
        2
      ]
    },
    {
      "type": "shape",
      "background": "#040216",
      "points": [
        78.2,
        304.2,
        78.2,
        303,
        79,
        302.6,
        80,
        303.2,
        81,
        303.8,
        81.8,
        305.2,
        81.8,
        306.4,
        81.8,
        307.6,
        81,
        308,
        80,
        307.4,
        79,
        306.8,
        78.2,
        305.4,
        78.2,
        304.2,
        78.2,
        304.2
      ],
      "segments": [
        1,
        4,
        4,
        4,
        4,
        2
      ]
    },
    {
      "type": "shape",
      "background": "#b3b1be",
      "points": [
        301.8,
        335,
        301.8,
        329.6,
        298,
        327.4,
        293.2,
        330,
        288.4,
        332.8,
        284.6,
        339.4,
        284.6,
        345,
        284.6,
        348.2,
        284.6,
        357.6,
        284.6,
        360.8,
        284.6,
        366.2,
        288.4,
        368.4,
        293.2,
        365.8,
        298,
        363,
        301.8,
        356.4,
        301.8,
        350.8,
        301.8,
        347.6,
        301.8,
        338.2,
        301.8,
        335,
        301.8,
        335
      ],
      "segments": [
        1,
        4,
        4,
        4,
        4,
        4,
        4,
        2
      ]
    },
    {
      "type": "shape",
      "background": "#040216",
      "points": [
        298.8,
        336.8,
        298.8,
        333.2,
        296.2,
        331.8,
        293.2,
        333.6,
        290,
        335.4,
        287.6,
        339.8,
        287.6,
        343.4,
        287.6,
        347,
        290.2,
        348.4,
        293.2,
        346.6,
        296.4,
        344.8,
        298.8,
        340.4,
        298.8,
        336.8,
        298.8,
        336.8
      ],
      "segments": [
        1,
        4,
        4,
        4,
        4,
        2
      ]
    },
    {
      "type": "shape",
      "background": "#5fba00",
      "points": [
        296.2,
        338.2,
        296.2,
        336.2,
        294.8,
        335.4,
        293.2,
        336.4,
        291.6,
        337.4,
        290.2,
        339.8,
        290.2,
        341.6,
        290.2,
        343.6,
        291.6,
        344.2,
        293.2,
        343.4,
        295,
        342.6,
        296.2,
        340.2,
        296.2,
        338.2,
        296.2,
        338.2
      ],
      "segments": [
        1,
        4,
        4,
        4,
        4,
        2
      ]
    },
    {
      "type": "shape",
      "background": "#323236",
      "points": [
        293.2,
        357,
        292.8,
        357.2,
        292.4,
        357,
        292.4,
        356.6,
        292.4,
        350.2,
        292.4,
        349.8,
        292.8,
        349.2,
        293.2,
        349,
        293.6,
        348.8,
        294,
        349,
        294,
        349.4,
        294,
        355.8,
        294,
        356.2,
        293.6,
        356.8,
        293.2,
        357,
        293.2,
        357
      ],
      "segments": [
        1,
        4,
        2,
        4,
        4,
        2,
        4,
        2
      ]
    },
    {
      "type": "shape",
      "background": "#323236",
      "points": [
        293.4,
        362.6,
        290.2,
        364.4,
        287.6,
        363,
        287.6,
        359.2,
        287.6,
        356.8,
        288.6,
        354,
        290.4,
        351.8,
        290.8,
        351.4,
        291.2,
        351.2,
        291.4,
        351.6,
        291.6,
        351.8,
        291.4,
        352.4,
        291.2,
        352.8,
        289.8,
        354.6,
        289,
        356.6,
        289,
        358.4,
        289,
        361.2,
        291,
        362.4,
        293.4,
        361,
        295.8,
        359.6,
        297.8,
        356,
        297.8,
        353.2,
        297.8,
        351.4,
        297,
        350.2,
        295.6,
        350,
        295.2,
        350,
        295.2,
        349.6,
        295.4,
        349,
        295.6,
        348.4,
        296,
        348.2,
        296.4,
        348.2,
        298.2,
        348.4,
        299.2,
        350,
        299.2,
        352.4,
        299.2,
        356.2,
        296.6,
        360.8,
        293.4,
        362.6,
        293.4,
        362.6
      ],
      "segments": [
        1,
        4,
        4,
        4,
        4,
        4,
        4,
        4,
        4,
        4,
        4,
        4,
        4,
        2
      ]
    },
    {
      "type": "shape",
      "background": "#30363a",
      "points": [
        344.2,
        300.8,
        314,
        318,
        314.2,
        350.8,
        344.2,
        333.8,
        344.2,
        300.8,
        344.2,
        300.8
      ]
    },
    {
      "type": "shape",
      "background": "#ffda00",
      "points": [
        340.8,
        308.2,
        317.4,
        322,
        317.4,
        338.4,
        320.8,
        336.6,
        320.8,
        341.4,
        323.8,
        339.6,
        323.8,
        341.2,
        334.6,
        335,
        334.6,
        333.4,
        337.6,
        331.6,
        337.4,
        326.8,
        340.8,
        324.8,
        340.8,
        308.2,
        340.8,
        308.2
      ]
    },
    {
      "type": "shape",
      "background": "#30363a",
      "points": [
        372.2,
        284.8,
        342,
        302,
        342.2,
        334.8,
        372.2,
        317.8,
        372.2,
        284.8,
        372.2,
        284.8
      ]
    },
    {
      "type": "shape",
      "background": "#ffda00",
      "points": [
        368.8,
        292.2,
        345.4,
        306,
        345.4,
        322.4,
        348.8,
        320.6,
        348.8,
        325.4,
        351.8,
        323.6,
        351.8,
        325.2,
        362.6,
        319,
        362.6,
        317.4,
        365.6,
        315.6,
        365.4,
        310.8,
        368.8,
        308.8,
        368.8,
        292.2,
        368.8,
        292.2
      ]
    },
    {
      "type": "shape",
      "background": "#30363a",
      "points": [
        461.8,
        234,
        380.4,
        280.4,
        379.6,
        280.8,
        379.2,
        281.6,
        379.2,
        282.6,
        379.4,
        309.8,
        379.4,
        311.6,
        381.4,
        312.8,
        383,
        311.8,
        464.2,
        265.4,
        465,
        265,
        465.4,
        264.2,
        465.4,
        263.2,
        465.4,
        235.8,
        465.4,
        234.2,
        463.4,
        233,
        461.8,
        234,
        461.8,
        234
      ],
      "segments": [
        1,
        2,
        4,
        2,
        4,
        2,
        4,
        2,
        4,
        2
      ]
    },
    {
      "type": "shape",
      "background": "#ffda00",
      "points": [
        406,
        271.4,
        382.6,
        285,
        382.6,
        301.6,
        386,
        299.6,
        386,
        304.4,
        389,
        302.6,
        389,
        304.4,
        399.8,
        298,
        399.8,
        296.4,
        402.8,
        294.8,
        402.8,
        289.8,
        406.2,
        288,
        406,
        271.4,
        406,
        271.4
      ]
    },
    {
      "type": "shape",
      "background": "#ffda00",
      "points": [
        434,
        255.4,
        410.6,
        269,
        410.6,
        285.6,
        414,
        283.6,
        414,
        288.4,
        417,
        286.6,
        417,
        288.4,
        427.8,
        282,
        427.8,
        280.4,
        430.8,
        278.8,
        430.8,
        273.8,
        434.2,
        272,
        434,
        255.4,
        434,
        255.4
      ]
    },
    {
      "type": "shape",
      "background": "#ffda00",
      "points": [
        462,
        239.4,
        438.6,
        253,
        438.6,
        269.6,
        442,
        267.6,
        442,
        272.4,
        445,
        270.6,
        445,
        272.4,
        455.8,
        266,
        455.8,
        264.4,
        458.8,
        262.8,
        458.8,
        257.8,
        462.2,
        256,
        462,
        239.4,
        462,
        239.4
      ]
    },
    {
      "type": "shape",
      "background": "#6b6b6b",
      "points": [
        264.6,
        353.2,
        264.6,
        350.8,
        262.8,
        349.8,
        260.8,
        351,
        258.6,
        352.2,
        257,
        355.2,
        257,
        357.6,
        257,
        360,
        258.8,
        361,
        260.8,
        359.8,
        262.8,
        358.6,
        264.6,
        355.6,
        264.6,
        353.2,
        264.6,
        353.2
      ],
      "segments": [
        1,
        4,
        4,
        4,
        4,
        2
      ]
    },
    {
      "type": "shape",
      "background": "#040216",
      "points": [
        262.8,
        354,
        262.8,
        352.6,
        261.8,
        352,
        260.6,
        352.8,
        259.4,
        353.6,
        258.4,
        355.2,
        258.4,
        356.6,
        258.4,
        358,
        259.4,
        358.6,
        260.6,
        357.8,
        261.8,
        357.2,
        262.8,
        355.6,
        262.8,
        354,
        262.8,
        354
      ],
      "segments": [
        1,
        4,
        4,
        4,
        4,
        2
      ]
    },
    {
      "type": "shape",
      "background": "#6b6b6b",
      "points": [
        256.2,
        384.2,
        252.6,
        386.4,
        250.8,
        384.6,
        250.4,
        383.4,
        250,
        382.8,
        249.6,
        381.6,
        248.8,
        379.4,
        248.2,
        377.6,
        248.4,
        375.4,
        249.4,
        373.4,
        250.4,
        371.4,
        252,
        369.6,
        253.8,
        368.6,
        254.8,
        368,
        257.8,
        366.2,
        260.6,
        364.6,
        263.6,
        362.8,
        266.6,
        361.2,
        267.4,
        360.6,
        269.2,
        359.6,
        270.8,
        359.4,
        271.8,
        360.4,
        272.8,
        361.4,
        273,
        363.4,
        272.4,
        365.8,
        271.8,
        368.4,
        271,
        371.2,
        270.8,
        371.6,
        270.4,
        373.4,
        268.6,
        377,
        265,
        379,
        256.2,
        384.2,
        256.2,
        384.2
      ],
      "segments": [
        1,
        4,
        4,
        4,
        4,
        4,
        4,
        4,
        4,
        4,
        4,
        2,
        2
      ]
    },
    {
      "type": "shape",
      "background": "#040216",
      "points": [
        256.2,
        382,
        253.2,
        383.8,
        252.4,
        381.8,
        252.4,
        381.6,
        252.4,
        381.6,
        252.4,
        381.6,
        251.6,
        379.6,
        250.8,
        377.6,
        250.4,
        376.4,
        250.4,
        375,
        251,
        373.8,
        251.6,
        372.6,
        252.6,
        371.6,
        253.6,
        371,
        254.6,
        370.4,
        257.6,
        368.8,
        260.4,
        367,
        263.4,
        365.2,
        266.4,
        363.6,
        267.2,
        363,
        268.4,
        362.4,
        269.4,
        362.2,
        269.8,
        362.8,
        270.4,
        363.4,
        270.6,
        364.6,
        270.2,
        366.2,
        269.4,
        369,
        268.6,
        372,
        268.6,
        372,
        268.6,
        372,
        267.8,
        375,
        264.8,
        376.8,
        256.2,
        382,
        256.2,
        382
      ],
      "segments": [
        1,
        4,
        2,
        4,
        4,
        4,
        4,
        4,
        4,
        4,
        4,
        4,
        2,
        2
      ]
    },
    {
      "type": "shape",
      "background": "#fdfdfd",
      "points": [
        267.6,
        363.6,
        265.8,
        364.8,
        255.8,
        370.6,
        253.8,
        371.6,
        251.8,
        372.6,
        250.8,
        374.8,
        251.4,
        377,
        252.2,
        379,
        253,
        381,
        253,
        381,
        253,
        381,
        253.6,
        382.6,
        256.2,
        381.2,
        258.6,
        379.8,
        262.8,
        377.4,
        265.2,
        376,
        267.8,
        374.4,
        268.4,
        372.2,
        268.4,
        372.2,
        268.4,
        372.2,
        269.2,
        369.2,
        270,
        366.4,
        270.6,
        363.4,
        269.4,
        362.6,
        267.6,
        363.6,
        267.6,
        363.6
      ],
      "segments": [
        1,
        4,
        4,
        4,
        4,
        4,
        4,
        4,
        4,
        2
      ]
    },
    {
      "type": "shape",
      "background": "#040216",
      "points": [
        254.6,
        374.8,
        254,
        375.2,
        253.6,
        374.8,
        253.6,
        374.4,
        253.6,
        373.8,
        254,
        373.2,
        254.6,
        372.8,
        255,
        372.6,
        255.4,
        372.8,
        255.4,
        373.4,
        255.6,
        373.8,
        255.2,
        374.6,
        254.6,
        374.8,
        254.6,
        374.8,
        258.4,
        371.6,
        258.4,
        371,
        258,
        370.8,
        257.4,
        371,
        257,
        371.2,
        256.6,
        372,
        256.6,
        372.6,
        256.6,
        373.2,
        257,
        373.4,
        257.6,
        373.2,
        258,
        373,
        258.4,
        372.2,
        258.4,
        371.6,
        258.4,
        371.6,
        261.2,
        370,
        261.2,
        369.4,
        260.8,
        369.2,
        260.2,
        369.4,
        259.8,
        369.6,
        259.4,
        370.4,
        259.4,
        371,
        259.4,
        371.6,
        259.8,
        371.8,
        260.2,
        371.6,
        260.8,
        371.4,
        261.2,
        370.6,
        261.2,
        370,
        261.2,
        370,
        264,
        368.4,
        264,
        367.8,
        263.6,
        367.6,
        263.2,
        367.8,
        262.6,
        368,
        262.2,
        368.8,
        262.2,
        369.4,
        262.2,
        370,
        262.6,
        370.2,
        263.2,
        370,
        263.6,
        369.6,
        264,
        369,
        264,
        368.4,
        264,
        368.4,
        266.8,
        366.8,
        266.8,
        366.2,
        266.4,
        366,
        265.8,
        366.2,
        265.4,
        366.4,
        265,
        367.2,
        265,
        367.8,
        265,
        368.4,
        265.4,
        368.6,
        265.8,
        368.4,
        266.4,
        368,
        266.8,
        367.4,
        266.8,
        366.8,
        266.8,
        366.8,
        255.6,
        378.4,
        255.6,
        377.8,
        255.2,
        377.6,
        254.8,
        377.8,
        254.2,
        378,
        253.8,
        378.8,
        253.8,
        379.4,
        253.8,
        380,
        254.2,
        380.2,
        254.8,
        380,
        255.2,
        379.8,
        255.6,
        379,
        255.6,
        378.4,
        255.6,
        378.4,
        258.4,
        376.8,
        258.4,
        376.2,
        258,
        376,
        257.4,
        376.2,
        257,
        376.4,
        256.6,
        377.2,
        256.6,
        377.8,
        256.6,
        378.4,
        257,
        378.6,
        257.6,
        378.4,
        258,
        378.2,
        258.4,
        377.4,
        258.4,
        376.8,
        258.4,
        376.8,
        261.2,
        375.2,
        261.2,
        374.6,
        260.8,
        374.4,
        260.2,
        374.8,
        259.8,
        375,
        259.4,
        375.8,
        259.4,
        376.4,
        259.4,
        377,
        259.8,
        377.2,
        260.2,
        377,
        260.8,
        376.4,
        261.2,
        375.8,
        261.2,
        375.2,
        261.2,
        375.2,
        264,
        373.6,
        264,
        373,
        263.6,
        372.8,
        263.2,
        373,
        262.6,
        373.2,
        262.2,
        374,
        262.2,
        374.6,
        262.2,
        375.2,
        262.6,
        375.4,
        263.2,
        375.2,
        263.6,
        374.8,
        264,
        374.2,
        264,
        373.6,
        264,
        373.6,
        266.8,
        371.8,
        266.8,
        371.2,
        266.4,
        371,
        265.8,
        371.2,
        265.4,
        371.4,
        265,
        372.2,
        265,
        372.8,
        265,
        373.4,
        265.4,
        373.6,
        266,
        373.4,
        266.4,
        373.2,
        266.8,
        372.4,
        266.8,
        371.8,
        266.8,
        371.8,
        257,
        375,
        257,
        374.4,
        256.6,
        374.2,
        256.2,
        374.4,
        255.6,
        374.6,
        255.2,
        375.4,
        255.2,
        376,
        255.2,
        376.6,
        255.6,
        376.8,
        256.2,
        376.6,
        256.6,
        376.2,
        257,
        375.6,
        257,
        375,
        257,
        375,
        259.8,
        373.4,
        259.8,
        372.8,
        259.4,
        372.6,
        259,
        372.8,
        258.6,
        373,
        258.2,
        373.8,
        258.2,
        374.4,
        258.2,
        375,
        258.6,
        375.2,
        259,
        375,
        259.4,
        374.6,
        259.8,
        374,
        259.8,
        373.4,
        259.8,
        373.4,
        262.6,
        371.8,
        262.6,
        371.2,
        262.2,
        371,
        261.6,
        371.2,
        261.2,
        371.4,
        260.8,
        372.2,
        260.8,
        372.8,
        260.8,
        373.4,
        261.2,
        373.6,
        261.6,
        373.4,
        262.2,
        373,
        262.6,
        372.2,
        262.6,
        371.8,
        262.6,
        371.8,
        265.4,
        370.2,
        265.4,
        369.6,
        265,
        369.4,
        264.6,
        369.6,
        264.2,
        369.8,
        263.6,
        370.6,
        263.6,
        371.2,
        263.6,
        371.8,
        264,
        372,
        264.6,
        371.8,
        265,
        371.4,
        265.4,
        370.6,
        265.4,
        370.2,
        265.4,
        370.2,
        268.2,
        368.4,
        268.2,
        367.8,
        267.8,
        367.6,
        267.4,
        367.8,
        267,
        368,
        266.4,
        368.8,
        266.4,
        369.4,
        266.4,
        370,
        266.8,
        370.2,
        267.4,
        370,
        267.8,
        369.8,
        268.2,
        369,
        268.2,
        368.4,
        268.2,
        368.4
      ],
      "segments": [
        1,
        4,
        4,
        4,
        4,
        2,
        1,
        4,
        4,
        4,
        4,
        2,
        1,
        4,
        4,
        4,
        4,
        2,
        1,
        4,
        4,
        4,
        4,
        2,
        1,
        4,
        4,
        4,
        4,
        2,
        1,
        4,
        4,
        4,
        4,
        2,
        1,
        4,
        4,
        4,
        4,
        2,
        1,
        4,
        4,
        4,
        4,
        2,
        1,
        4,
        4,
        4,
        4,
        2,
        1,
        4,
        4,
        4,
        4,
        2,
        1,
        4,
        4,
        4,
        4,
        2,
        1,
        4,
        4,
        4,
        4,
        2,
        1,
        4,
        4,
        4,
        4,
        2,
        1,
        4,
        4,
        4,
        4,
        2,
        1,
        4,
        4,
        4,
        4,
        2
      ]
    },
    {
      "type": "shape",
      "background": "#04ba97",
      "fillRule": "evenodd",
      "points": [
        107.8,
        248.8,
        95.6,
        241.6,
        95.2,
        241.4,
        94.4,
        241.4,
        93.8,
        241.6,
        91.2,
        243.2,
        90.8,
        243.4,
        90.8,
        244,
        91.2,
        244.2,
        103.4,
        251.4,
        103.8,
        251.6,
        104.6,
        251.6,
        105.2,
        251.4,
        107.8,
        249.8,
        108.2,
        249.6,
        108.2,
        249,
        107.8,
        248.8,
        107.8,
        248.8,
        202,
        185,
        168.8,
        185,
        168.4,
        185,
        168,
        185.2,
        167.8,
        185.4,
        178.4,
        191.6,
        103,
        236.2,
        102.6,
        236.4,
        102.6,
        237,
        103,
        237.2,
        115.2,
        244.4,
        115.6,
        244.6,
        116.4,
        244.6,
        117,
        244.4,
        192.4,
        199.8,
        202.8,
        206,
        203.2,
        205.8,
        203.4,
        205.6,
        203.4,
        205.4,
        203.4,
        185.8,
        203.2,
        185.2,
        202.6,
        185,
        202,
        185,
        202,
        185,
        442,
        192.2,
        442,
        191.8,
        441.4,
        191.4,
        440.8,
        191.4,
        407.6,
        191.4,
        407.2,
        191.4,
        406.8,
        191.6,
        406.6,
        191.8,
        417.2,
        198,
        341.8,
        242.6,
        341.4,
        242.8,
        341.4,
        243.4,
        341.8,
        243.6,
        354,
        250.8,
        354.4,
        251,
        355.2,
        251,
        355.8,
        250.8,
        431.2,
        206.2,
        441.6,
        212.4,
        442,
        212.2,
        442.2,
        212,
        442.2,
        211.8,
        442,
        192.2,
        442,
        192.2,
        272.6,
        232.4,
        268.8,
        230.2,
        269,
        230,
        269.4,
        230,
        269.6,
        229.8,
        324.8,
        197.2,
        327.2,
        195.8,
        327.2,
        193.4,
        324.8,
        192,
        322.4,
        190.6,
        318.4,
        190.6,
        316,
        192,
        308.8,
        196.2,
        308.6,
        196,
        308.4,
        196,
        308.2,
        195.8,
        291.8,
        186.2,
        289.2,
        184.6,
        284.8,
        184.6,
        282,
        186.2,
        279.4,
        187.8,
        279.4,
        190.4,
        282,
        192,
        298.4,
        201.6,
        298.6,
        201.8,
        298.8,
        201.8,
        299,
        202,
        289.8,
        207.4,
        280.2,
        201.8,
        278.2,
        200.6,
        274.8,
        200.6,
        272.6,
        201.8,
        270.6,
        203,
        270.6,
        205,
        272.6,
        206.2,
        282.2,
        211.8,
        260.6,
        224.6,
        260.4,
        224.8,
        260.2,
        225,
        260,
        225,
        256.2,
        222.8,
        245.8,
        216.6,
        228.8,
        216.6,
        218.2,
        222.8,
        207.8,
        229,
        207.8,
        239,
        218.2,
        245.2,
        234.6,
        254.8,
        245,
        261,
        262,
        261,
        272.6,
        254.8,
        283.2,
        248.6,
        283.2,
        238.6,
        272.6,
        232.4,
        272.6,
        232.4,
        264.6,
        250.2,
        258,
        254,
        247.4,
        254,
        241,
        250.2,
        226.2,
        241.4,
        219.6,
        237.6,
        219.6,
        231.4,
        226.2,
        227.4,
        232.8,
        223.6,
        243.4,
        223.6,
        249.8,
        227.4,
        264.6,
        236.2,
        271.2,
        240,
        271.2,
        246.4,
        264.6,
        250.2,
        264.6,
        250.2,
        96,
        255.6,
        83.8,
        248.4,
        83.4,
        248.2,
        82.6,
        248.2,
        82,
        248.4,
        79.4,
        250,
        79,
        250.2,
        79,
        250.8,
        79.4,
        251,
        91.6,
        258.2,
        92,
        258.4,
        92.8,
        258.4,
        93.4,
        258.2,
        96,
        256.6,
        96.4,
        256.4,
        96.4,
        256,
        96,
        255.6,
        96,
        255.6,
        346.6,
        255.2,
        334.4,
        248,
        334,
        247.8,
        333.2,
        247.8,
        332.6,
        248,
        330,
        249.6,
        329.6,
        249.8,
        329.6,
        250.4,
        330,
        250.6,
        342.2,
        257.8,
        342.6,
        258,
        343.4,
        258,
        344,
        257.8,
        346.6,
        256.2,
        347,
        256,
        347,
        255.6,
        346.6,
        255.2,
        346.6,
        255.2,
        334.8,
        262.2,
        322.6,
        255,
        322.2,
        254.8,
        321.4,
        254.8,
        320.8,
        255,
        318.2,
        256.6,
        317.8,
        256.8,
        317.8,
        257.4,
        318.2,
        257.6,
        330.4,
        264.8,
        330.8,
        265,
        331.6,
        265,
        332.2,
        264.8,
        334.8,
        263.2,
        335.2,
        263,
        335.2,
        262.4,
        334.8,
        262.2,
        334.8,
        262.2
      ],
      "segments": [
        1,
        2,
        4,
        2,
        4,
        2,
        4,
        2,
        4,
        2,
        1,
        2,
        4,
        2,
        2,
        4,
        2,
        4,
        2,
        2,
        4,
        2,
        4,
        2,
        1,
        4,
        2,
        4,
        2,
        2,
        4,
        2,
        4,
        2,
        2,
        4,
        2,
        2,
        1,
        2,
        4,
        2,
        4,
        4,
        2,
        4,
        2,
        4,
        4,
        2,
        4,
        2,
        2,
        4,
        4,
        2,
        2,
        4,
        2,
        4,
        4,
        2,
        4,
        4,
        2,
        1,
        4,
        2,
        4,
        4,
        2,
        4,
        2,
        1,
        2,
        4,
        2,
        4,
        2,
        4,
        2,
        4,
        2,
        1,
        2,
        4,
        2,
        4,
        2,
        4,
        2,
        4,
        2,
        1,
        2,
        4,
        2,
        4,
        2,
        4,
        2,
        4,
        2
      ]
    }
  ]
}