{
  "width": 512,
  "height": 512,
  "comps": [
    {
      "type": "shape",
      "gradientPack": [
        "L",
        245.1759,
        132.0998,
        252.3672,
        132.0998,
        2,
        0,
        0,
        2,
        -410.7256,
        0,
        0.1301,
        "#13161A",
        0.1368,
        "#232D39",
        0.4693,
        "#232D39",
        0.4756,
        "#2D3C48",
        0.8756,
        "#2D3C48",
        0.8788,
        "#232D39"
      ],
      "points": [
        94,
        242,
        94,
        282.4,
        94,
        282.6,
        94,
        282.8,
        94,
        282.8,
        93.6,
        284.8,
        90.6,
        286.4,
        86.8,
        286.4,
        86,
        286.4,
        85.2,
        286.4,
        84.6,
        286.2,
        82,
        285.8,
        80,
        284.4,
        79.8,
        282.8,
        79.8,
        282.6,
        79.8,
        282.4,
        79.8,
        282.4,
        79.8,
        243.4,
        79.8,
        242,
        81.6,
        242,
        84.8,
        242,
        92.4,
        242,
        94,
        242,
        94,
        242
      ],
      "segments": [
        1,
        2,
        4,
        4,
        4,
        4,
        4,
        2,
        2,
        2,
        2,
        2,
        2,
        2
      ]
    },
    {
      "type": "shape",
      "background": "#43566c",
      "points": [
        94,
        242,
        94,
        242.4,
        94,
        242.8,
        93.8,
        243,
        93.4,
        244,
        92.2,
        244.8,
        90.8,
        245.4,
        89.6,
        245.8,
        88.4,
        246,
        86.8,
        246,
        86,
        246,
        85.2,
        246,
        84.6,
        245.8,
        84,
        245.6,
        83.4,
        245.6,
        82.8,
        245.4,
        81.4,
        244.8,
        80.2,
        244,
        79.8,
        243,
        79.6,
        242.6,
        79.6,
        242.4,
        79.6,
        242,
        79.6,
        240.2,
        81.6,
        238.6,
        84.6,
        238.2,
        85.4,
        238,
        86,
        238,
        86.8,
        238,
        90.8,
        238,
        94,
        239.8,
        94,
        242,
        94,
        242
      ],
      "segments": [
        1,
        4,
        4,
        4,
        4,
        4,
        4,
        4,
        4,
        4,
        4,
        2
      ]
    },
    {
      "type": "shape",
      "gradientPack": [
        "L",
        245.5176,
        120.8073,
        252.0255,
        120.8073,
        2,
        0,
        0,
        2,
        -410.7256,
        0,
        0.1301,
        "#13161A",
        0.1368,
        "#181E27",
        0.4693,
        "#181E27",
        0.4756,
        "#212D36",
        0.8756,
        "#212D36",
        0.8788,
        "#181E27"
      ],
      "points": [
        93.4,
        238,
        93.4,
        241.6,
        93.4,
        241.8,
        93.4,
        241.8,
        93.4,
        242,
        93,
        243.8,
        90.2,
        245.2,
        87,
        245.2,
        86.2,
        245.2,
        85.6,
        245.2,
        85,
        245,
        82.6,
        244.6,
        80.8,
        243.4,
        80.6,
        242,
        80.6,
        241.8,
        80.6,
        241.8,
        80.6,
        241.6,
        80.6,
        239,
        80.6,
        238,
        82,
        238,
        84.8,
        238,
        91.8,
        238,
        93.4,
        238,
        93.4,
        238
      ],
      "segments": [
        1,
        2,
        4,
        4,
        4,
        4,
        4,
        2,
        2,
        2,
        2,
        2,
        2,
        2
      ]
    },
    {
      "type": "shape",
      "background": "#38475a",
      "points": [
        93.4,
        238,
        93.4,
        238.4,
        93.4,
        238.6,
        93.2,
        239,
        92.8,
        239.8,
        91.8,
        240.6,
        90.4,
        241.2,
        89.4,
        241.6,
        88.2,
        241.8,
        86.8,
        241.8,
        86,
        241.8,
        85.4,
        241.8,
        84.8,
        241.6,
        84.2,
        241.6,
        83.8,
        241.4,
        83.2,
        241.2,
        81.8,
        240.8,
        80.8,
        240,
        80.4,
        239,
        80.2,
        238.8,
        80.2,
        238.4,
        80.2,
        238,
        80.2,
        236.4,
        82,
        235,
        84.6,
        234.4,
        85.2,
        234.2,
        86,
        234.2,
        86.6,
        234.2,
        90.4,
        234.2,
        93.4,
        236,
        93.4,
        238,
        93.4,
        238
      ],
      "segments": [
        1,
        4,
        4,
        4,
        4,
        4,
        4,
        4,
        4,
        4,
        4,
        2
      ]
    },
    {
      "type": "shape",
      "gradientPack": [
        "L",
        245.1759,
        112.41,
        252.3672,
        112.41,
        2,
        0,
        0,
        2,
        -410.7256,
        0,
        0.1301,
        "#13161A",
        0.1368,
        "#232D39",
        0.4693,
        "#232D39",
        0.4756,
        "#2D3C48",
        0.8756,
        "#2D3C48",
        0.8788,
        "#232D39"
      ],
      "points": [
        94,
        207.6,
        94,
        238,
        94,
        238.2,
        94,
        238.4,
        94,
        238.4,
        93.6,
        240.4,
        90.6,
        242,
        86.8,
        242,
        86,
        242,
        85.2,
        242,
        84.6,
        241.8,
        82,
        241.4,
        80,
        240,
        79.8,
        238.4,
        79.8,
        238.2,
        79.8,
        238,
        79.8,
        238,
        79.8,
        209,
        79.8,
        207.8,
        81.6,
        207.8,
        84.8,
        207.8,
        92.4,
        207.8,
        94,
        207.8,
        94,
        207.6
      ],
      "segments": [
        1,
        2,
        4,
        4,
        4,
        4,
        4,
        2,
        2,
        2,
        2,
        2,
        2,
        2
      ]
    },
    {
      "type": "shape",
      "background": "#43566c",
      "points": [
        94,
        207.6,
        94,
        208,
        94,
        208.4,
        93.8,
        208.6,
        93.4,
        209.6,
        92.2,
        210.4,
        90.8,
        211,
        89.6,
        211.4,
        88.4,
        211.6,
        86.8,
        211.6,
        86,
        211.6,
        85.2,
        211.6,
        84.6,
        211.4,
        84,
        211.2,
        83.4,
        211.2,
        82.8,
        211,
        81.4,
        210.4,
        80.2,
        209.6,
        79.8,
        208.6,
        79.6,
        208.2,
        79.6,
        208,
        79.6,
        207.6,
        79.6,
        205.8,
        81.6,
        204.2,
        84.6,
        203.8,
        85.4,
        203.6,
        86,
        203.6,
        86.8,
        203.6,
        90.8,
        203.6,
        94,
        205.4,
        94,
        207.6,
        94,
        207.6
      ],
      "segments": [
        1,
        4,
        4,
        4,
        4,
        4,
        4,
        4,
        4,
        4,
        4,
        2
      ]
    },
    {
      "type": "shape",
      "gradientPack": [
        "L",
        245.5176,
        103.4966,
        252.0255,
        103.4966,
        2,
        0,
        0,
        2,
        -410.7256,
        0,
        0.1301,
        "#13161A",
        0.1368,
        "#181E27",
        0.4693,
        "#181E27",
        0.4756,
        "#212D36",
        0.8756,
        "#212D36",
        0.8788,
        "#181E27"
      ],
      "points": [
        93.4,
        203.4,
        93.4,
        207,
        93.4,
        207.2,
        93.4,
        207.2,
        93.4,
        207.4,
        93,
        209.2,
        90.2,
        210.6,
        87,
        210.6,
        86.2,
        210.6,
        85.6,
        210.6,
        85,
        210.4,
        82.6,
        210,
        80.8,
        208.8,
        80.6,
        207.4,
        80.6,
        207.2,
        80.6,
        207.2,
        80.6,
        207,
        80.6,
        204.4,
        80.6,
        203.2,
        82,
        203.2,
        84.8,
        203.2,
        91.8,
        203.2,
        93.4,
        203.2,
        93.4,
        203.4
      ],
      "segments": [
        1,
        2,
        4,
        4,
        4,
        4,
        4,
        2,
        2,
        2,
        2,
        2,
        2,
        2
      ]
    },
    {
      "type": "shape",
      "background": "#38475a",
      "points": [
        93.4,
        203.4,
        93.4,
        203.8,
        93.4,
        204,
        93.2,
        204.4,
        92.8,
        205.2,
        91.8,
        206,
        90.4,
        206.6,
        89.4,
        207,
        88.2,
        207.2,
        86.8,
        207.2,
        86,
        207.2,
        85.4,
        207.2,
        84.8,
        207,
        84.2,
        207,
        83.8,
        206.8,
        83.2,
        206.6,
        81.8,
        206.2,
        80.8,
        205.4,
        80.4,
        204.4,
        80.2,
        204.2,
        80.2,
        203.8,
        80.2,
        203.4,
        80.2,
        201.8,
        82,
        200.4,
        84.6,
        199.8,
        85.2,
        199.6,
        86,
        199.6,
        86.6,
        199.6,
        90.4,
        199.6,
        93.4,
        201.2,
        93.4,
        203.4,
        93.4,
        203.4
      ],
      "segments": [
        1,
        4,
        4,
        4,
        4,
        4,
        4,
        4,
        4,
        4,
        4,
        2
      ]
    },
    {
      "type": "shape",
      "gradientPack": [
        "L",
        246.3087,
        89.7038,
        251.2344,
        89.7038,
        2,
        0,
        0,
        2,
        -410.7256,
        0,
        0.1301,
        "#13161A",
        0.1368,
        "#232D39",
        0.4693,
        "#232D39",
        0.4756,
        "#2D3C48",
        0.8756,
        "#2D3C48",
        0.8788,
        "#232D39"
      ],
      "points": [
        91.8,
        153.6,
        91.8,
        202.6,
        91.8,
        202.8,
        91.8,
        202.8,
        91.8,
        203,
        91.6,
        204.4,
        89.4,
        205.4,
        87,
        205.4,
        86.4,
        205.4,
        86,
        205.4,
        85.4,
        205.2,
        83.6,
        204.8,
        82.2,
        204,
        82,
        202.8,
        82,
        202.6,
        82,
        202.6,
        82,
        202.4,
        82,
        154.2,
        82,
        153.4,
        83.2,
        153.4,
        85.4,
        153.4,
        90.6,
        153.4,
        91.8,
        153.4,
        91.8,
        153.6
      ],
      "segments": [
        1,
        2,
        4,
        4,
        4,
        4,
        4,
        2,
        2,
        2,
        2,
        2,
        2,
        2
      ]
    },
    {
      "type": "shape",
      "background": "#43566c",
      "points": [
        91.8,
        153.6,
        91.8,
        153.8,
        91.8,
        154,
        91.6,
        154.4,
        91.2,
        155,
        90.6,
        155.6,
        89.6,
        156,
        88.8,
        156.2,
        87.8,
        156.4,
        86.8,
        156.4,
        86.2,
        156.4,
        85.8,
        156.4,
        85.2,
        156.2,
        84.8,
        156.2,
        84.4,
        156,
        84,
        155.8,
        83,
        155.4,
        82.2,
        154.8,
        82,
        154.2,
        81.8,
        154,
        81.8,
        153.8,
        81.8,
        153.4,
        81.8,
        152.2,
        83.2,
        151.2,
        85.2,
        150.8,
        85.6,
        150.8,
        86.2,
        150.6,
        86.8,
        150.6,
        89.6,
        150.8,
        91.8,
        152,
        91.8,
        153.6,
        91.8,
        153.6
      ],
      "segments": [
        1,
        4,
        4,
        4,
        4,
        4,
        4,
        4,
        4,
        4,
        4,
        2
      ]
    },
    {
      "type": "shape",
      "gradientPack": [
        "L",
        308.1196,
        205.9551,
        322.1736,
        205.9551,
        2,
        0,
        0,
        2,
        -410.7256,
        0,
        0.1301,
        "#13161A",
        0.1368,
        "#232D39",
        0.4693,
        "#232D39",
        0.4756,
        "#2D3C48",
        0.8756,
        "#2D3C48",
        0.8788,
        "#232D39"
      ],
      "points": [
        233.6,
        405.2,
        233.6,
        410.4,
        233.6,
        410.6,
        233.6,
        411,
        233.6,
        411.2,
        232.8,
        415.2,
        226.8,
        418.2,
        219.6,
        418.2,
        218,
        418.2,
        216.6,
        418,
        215.2,
        417.8,
        210,
        416.8,
        206.2,
        414.4,
        205.6,
        411.2,
        205.6,
        411,
        205.6,
        410.6,
        205.6,
        410.2,
        205.6,
        407.4,
        205.6,
        405,
        209,
        405,
        215.2,
        405,
        230.2,
        405,
        233.6,
        405,
        233.6,
        405.2
      ],
      "segments": [
        1,
        2,
        4,
        4,
        4,
        4,
        4,
        2,
        2,
        2,
        2,
        2,
        2,
        2
      ]
    },
    {
      "type": "shape",
      "background": "#43566c",
      "points": [
        233.6,
        405.2,
        233.6,
        406,
        233.4,
        406.6,
        233.2,
        407.2,
        232.4,
        409.2,
        230.2,
        410.8,
        227.4,
        411.8,
        225.2,
        412.6,
        222.6,
        413.2,
        219.6,
        413.2,
        218,
        413.2,
        216.6,
        413,
        215.2,
        412.8,
        214,
        412.6,
        212.8,
        412.2,
        211.8,
        411.8,
        209,
        410.8,
        206.8,
        409.2,
        206,
        407.2,
        205.6,
        406.6,
        205.6,
        405.8,
        205.6,
        405.2,
        205.6,
        401.6,
        209.6,
        398.6,
        215.2,
        397.6,
        216.6,
        397.4,
        218,
        397.2,
        219.6,
        397.2,
        227.4,
        397.4,
        233.6,
        401,
        233.6,
        405.2,
        233.6,
        405.2
      ],
      "segments": [
        1,
        4,
        4,
        4,
        4,
        4,
        4,
        4,
        4,
        4,
        4,
        2
      ]
    },
    {
      "type": "shape",
      "gradientPack": [
        "L",
        416.7349,
        144.6774,
        430.7888,
        144.6774,
        2,
        0,
        0,
        2,
        -410.7256,
        0,
        0.1301,
        "#13161A",
        0.1368,
        "#232D39",
        0.4693,
        "#232D39",
        0.4756,
        "#2D3C48",
        0.8756,
        "#2D3C48",
        0.8788,
        "#232D39"
      ],
      "points": [
        450.8,
        282.8,
        450.8,
        288,
        450.8,
        288.2,
        450.8,
        288.6,
        450.8,
        288.8,
        450,
        292.8,
        444,
        295.8,
        436.8,
        295.8,
        435.2,
        295.8,
        433.8,
        295.6,
        432.4,
        295.4,
        427.2,
        294.4,
        423.4,
        292,
        422.8,
        288.8,
        422.8,
        288.6,
        422.8,
        288.2,
        422.8,
        287.8,
        422.8,
        285,
        422.8,
        282.6,
        426.2,
        282.6,
        432.4,
        282.6,
        447.4,
        282.6,
        450.8,
        282.6,
        450.8,
        282.8
      ],
      "segments": [
        1,
        2,
        4,
        4,
        4,
        4,
        4,
        2,
        2,
        2,
        2,
        2,
        2,
        2
      ]
    },
    {
      "type": "shape",
      "background": "#43566c",
      "points": [
        450.8,
        282.8,
        450.8,
        283.6,
        450.6,
        284.2,
        450.4,
        284.8,
        449.6,
        286.8,
        447.4,
        288.4,
        444.6,
        289.4,
        442.4,
        290.2,
        439.8,
        290.8,
        436.8,
        290.8,
        435.2,
        290.8,
        433.8,
        290.6,
        432.4,
        290.4,
        431.2,
        290.2,
        430,
        289.8,
        429,
        289.4,
        426.2,
        288.4,
        424,
        286.8,
        423.2,
        284.8,
        422.8,
        284.2,
        422.8,
        283.4,
        422.8,
        282.8,
        422.8,
        279.2,
        426.8,
        276.2,
        432.4,
        275.2,
        433.8,
        275,
        435.2,
        274.8,
        436.8,
        274.8,
        444.6,
        274.8,
        450.8,
        278.4,
        450.8,
        282.8,
        450.8,
        282.8
      ],
      "segments": [
        1,
        4,
        4,
        4,
        4,
        4,
        4,
        4,
        4,
        4,
        4,
        2
      ]
    },
    {
      "type": "shape",
      "gradientPack": [
        "L",
        241.5656,
        169.0073,
        255.6193,
        169.0073,
        2,
        0,
        0,
        2,
        -410.7256,
        0,
        0.1301,
        "#13161A",
        0.1368,
        "#232D39",
        0.4693,
        "#232D39",
        0.4756,
        "#2D3C48",
        0.8756,
        "#2D3C48",
        0.8788,
        "#232D39"
      ],
      "points": [
        100.6,
        331.4,
        100.6,
        336.6,
        100.6,
        336.8,
        100.6,
        337.2,
        100.6,
        337.4,
        99.8,
        341.4,
        93.8,
        344.4,
        86.6,
        344.4,
        85,
        344.4,
        83.6,
        344.2,
        82.2,
        344,
        77,
        343,
        73.2,
        340.6,
        72.6,
        337.4,
        72.6,
        337.2,
        72.6,
        336.8,
        72.6,
        336.4,
        72.6,
        333.6,
        72.6,
        331.2,
        76,
        331.2,
        82.2,
        331.2,
        97.2,
        331.2,
        100.6,
        331.2,
        100.6,
        331.4
      ],
      "segments": [
        1,
        2,
        4,
        4,
        4,
        4,
        4,
        2,
        2,
        2,
        2,
        2,
        2,
        2
      ]
    },
    {
      "type": "shape",
      "background": "#43566c",
      "points": [
        100.6,
        331.4,
        100.6,
        332.2,
        100.4,
        332.8,
        100.2,
        333.4,
        99.4,
        335.4,
        97.2,
        337,
        94.4,
        338,
        92.2,
        338.8,
        89.6,
        339.4,
        86.6,
        339.4,
        85,
        339.4,
        83.6,
        339.2,
        82.2,
        339,
        81,
        338.8,
        79.8,
        338.4,
        78.8,
        338,
        76,
        337,
        73.8,
        335.4,
        73,
        333.4,
        72.6,
        332.8,
        72.6,
        332,
        72.6,
        331.4,
        72.6,
        327.8,
        76.6,
        324.8,
        82.2,
        323.8,
        83.6,
        323.6,
        85,
        323.4,
        86.6,
        323.4,
        94.2,
        323.4,
        100.6,
        327,
        100.6,
        331.4,
        100.6,
        331.4
      ],
      "segments": [
        1,
        4,
        4,
        4,
        4,
        4,
        4,
        4,
        4,
        4,
        4,
        2
      ]
    },
    {
      "type": "shape",
      "background": "#bababa",
      "points": [
        451.8,
        234,
        451.8,
        281.2,
        451.4,
        284.6,
        449.2,
        287.6,
        445,
        290,
        445,
        245.2,
        451.8,
        234,
        451.8,
        234
      ],
      "segments": [
        1,
        2,
        4,
        2,
        2,
        2
      ]
    },
    {
      "type": "shape",
      "background": "#909191",
      "points": [
        237.6,
        364.2,
        237.6,
        409,
        227.4,
        414.8,
        209.8,
        414.2,
        198,
        407.4,
        198,
        362.6,
        237.6,
        364.2,
        237.6,
        364.2
      ],
      "segments": [
        1,
        2,
        4,
        2,
        2,
        2
      ]
    },
    {
      "type": "shape",
      "background": "#999999",
      "points": [
        79.2,
        294,
        79.2,
        338.8,
        72.2,
        334.8,
        68.8,
        329.4,
        69.6,
        324.4,
        69.6,
        324.2,
        69.4,
        280.8,
        79.2,
        294,
        79.2,
        294
      ],
      "segments": [
        1,
        2,
        4,
        2,
        2,
        2,
        2
      ]
    },
    {
      "type": "shape",
      "background": "#ebebeb",
      "points": [
        448,
        242.8,
        447.2,
        243.6,
        446.2,
        244.4,
        445,
        245,
        417.8,
        260.6,
        337.6,
        306.8,
        306,
        325,
        257.6,
        352.8,
        237.6,
        364.2,
        227.4,
        370,
        209.8,
        369.4,
        198,
        362.6,
        135.2,
        326.4,
        79.2,
        294,
        69.4,
        288.4,
        67,
        280.4,
        72.2,
        274.4,
        73.2,
        273.2,
        74.6,
        272.2,
        76.4,
        271.2,
        102.8,
        256,
        183,
        210,
        213.8,
        192.4,
        262.2,
        164.6,
        283.8,
        152.2,
        294,
        146.4,
        311.6,
        147,
        323.4,
        153.8,
        389.8,
        192,
        442.2,
        222.2,
        452.6,
        228.2,
        454.6,
        236.8,
        448,
        242.8,
        448,
        242.8
      ],
      "segments": [
        1,
        4,
        2,
        2,
        2,
        2,
        2,
        4,
        2,
        2,
        4,
        4,
        2,
        2,
        2,
        2,
        2,
        4,
        2,
        2,
        4,
        2
      ]
    },
    {
      "type": "shape",
      "background": "#bababa",
      "points": [
        445,
        245,
        445,
        289.8,
        237.6,
        409,
        237.6,
        364.2,
        445,
        245,
        445,
        245
      ]
    },
    {
      "type": "shape",
      "background": "#909191",
      "points": [
        198,
        362.6,
        198,
        407.4,
        79.2,
        338.8,
        79.2,
        294,
        198,
        362.6,
        198,
        362.6
      ]
    },
    {
      "type": "shape",
      "background": "#121517",
      "points": [
        253,
        361,
        253,
        401,
        437.4,
        294.8,
        437.2,
        254.6,
        253,
        361,
        253,
        361
      ]
    },
    {
      "type": "shape",
      "background": "#364557",
      "points": [
        435.2,
        253.4,
        437.2,
        254.6,
        253,
        361,
        250.8,
        359.8,
        435.2,
        253.4,
        435.2,
        253.4
      ]
    },
    {
      "type": "shape",
      "background": "#161c24",
      "points": [
        250.8,
        399.8,
        253,
        401,
        253,
        361,
        250.8,
        359.8,
        250.8,
        399.8,
        250.8,
        399.8
      ]
    },
    {
      "type": "shape",
      "background": "#080a0d",
      "points": [
        191.6,
        367,
        191.6,
        372,
        80.4,
        307.8,
        80.4,
        302.6,
        191.6,
        367,
        191.6,
        367
      ]
    },
    {
      "type": "shape",
      "background": "#080a0d",
      "points": [
        191.6,
        374.2,
        191.6,
        379.4,
        80.4,
        315,
        80.4,
        310,
        191.6,
        374.2,
        191.6,
        374.2
      ]
    },
    {
      "type": "shape",
      "background": "#080a0d",
      "points": [
        191.6,
        381.4,
        191.6,
        386.6,
        80.4,
        322.4,
        80.4,
        317.2,
        191.6,
        381.4,
        191.6,
        381.4
      ]
    },
    {
      "type": "shape",
      "background": "#080a0d",
      "points": [
        191.6,
        388.6,
        191.6,
        393.8,
        80.4,
        329.6,
        80.4,
        324.4,
        191.6,
        388.6,
        191.6,
        388.6
      ]
    },
    {
      "type": "shape",
      "background": "#080a0d",
      "points": [
        191.6,
        396,
        191.6,
        401,
        80.4,
        336.8,
        80.4,
        331.8,
        191.6,
        396,
        191.6,
        396
      ]
    },
    {
      "type": "shape",
      "background": "#7fb50a",
      "points": [
        277.6,
        374.4,
        418.6,
        293.4,
        420.4,
        292.4,
        421.6,
        289.2,
        421.4,
        286.6,
        421.2,
        283.6,
        421,
        280.8,
        419.4,
        279.4,
        417.6,
        280.4,
        276.6,
        361.4,
        274.8,
        362.4,
        273.6,
        365.6,
        273.8,
        368.2,
        274,
        371.2,
        274.2,
        374,
        275.8,
        375.6,
        277.6,
        374.4,
        277.6,
        374.4
      ],
      "segments": [
        1,
        2,
        4,
        2,
        4,
        2,
        4,
        2,
        4,
        2
      ]
    },
    {
      "type": "shape",
      "background": "#495d75",
      "points": [
        421.6,
        286.4,
        421.4,
        283.4,
        421.2,
        280.6,
        419.6,
        279.2,
        417.8,
        280.2,
        416.6,
        280.8,
        416.6,
        280.8,
        416.6,
        280.8,
        416.6,
        280.8,
        416.8,
        283.8,
        417,
        286.6,
        415.8,
        289.6,
        414,
        290.6,
        274,
        371.4,
        274.2,
        374.2,
        275.8,
        375.6,
        277.6,
        374.4,
        418.6,
        293.4,
        420.4,
        292.4,
        421.8,
        289.2,
        421.6,
        286.4,
        421.6,
        286.4
      ],
      "segments": [
        1,
        2,
        4,
        2,
        4,
        2,
        4,
        2,
        4,
        2,
        4,
        2
      ]
    },
    {
      "type": "shape",
      "gradientPack": [
        "R",
        26.839,
        180.3665,
        0,
        27.4608,
        180.3523,
        1.7239,
        -2,
        0,
        0,
        2,
        337.356,
        0,
        0,
        "#FFF70E",
        1,
        "#B5AF0A"
      ],
      "points": [
        280.6,
        366.2,
        281.4,
        366.2,
        282.8,
        365.4,
        283.8,
        363.6,
        285,
        361.6,
        284.8,
        359.8,
        284,
        359.2,
        283.8,
        359.2,
        283.6,
        359,
        283.6,
        359,
        282.8,
        359,
        281.4,
        359.8,
        280.4,
        361.6,
        279.2,
        363.6,
        279.4,
        365.4,
        280.2,
        366,
        280.2,
        366,
        280.4,
        366.2,
        280.6,
        366.2,
        280.6,
        366.2
      ],
      "segments": [
        1,
        4,
        4,
        4,
        4,
        4,
        4,
        2
      ]
    },
    {
      "type": "shape",
      "gradientPack": [
        "R",
        22.1134,
        177.5848,
        0,
        22.7352,
        177.5707,
        1.724,
        -2,
        0,
        0,
        2,
        337.356,
        0,
        0,
        "#FFF70E",
        1,
        "#B5AF0A"
      ],
      "points": [
        290,
        360.6,
        290.8,
        360.6,
        292.2,
        359.8,
        293.2,
        358,
        294.4,
        356,
        294.2,
        354.2,
        293.4,
        353.6,
        293.2,
        353.6,
        293,
        353.4,
        293,
        353.4,
        292.2,
        353.4,
        290.8,
        354.2,
        289.8,
        356,
        288.6,
        358,
        288.8,
        359.8,
        289.6,
        360.4,
        289.8,
        360.6,
        289.8,
        360.6,
        290,
        360.6,
        290,
        360.6
      ],
      "segments": [
        1,
        4,
        4,
        4,
        4,
        4,
        4,
        2
      ]
    },
    {
      "type": "shape",
      "gradientPack": [
        "R",
        17.3878,
        174.8031,
        0,
        18.0097,
        174.789,
        1.724,
        -2,
        0,
        0,
        2,
        337.356,
        0,
        0,
        "#FFF70E",
        1,
        "#B5AF0A"
      ],
      "points": [
        299.6,
        355,
        300.4,
        355,
        301.8,
        354.2,
        302.8,
        352.4,
        304,
        350.4,
        303.8,
        348.6,
        303,
        348,
        302.8,
        348,
        302.6,
        347.8,
        302.6,
        347.8,
        301.8,
        347.8,
        300.4,
        348.6,
        299.4,
        350.4,
        298.2,
        352.4,
        298.4,
        354.2,
        299.2,
        354.8,
        299.2,
        355,
        299.4,
        355,
        299.6,
        355,
        299.6,
        355
      ],
      "segments": [
        1,
        4,
        4,
        4,
        4,
        4,
        4,
        2
      ]
    },
    {
      "type": "shape",
      "gradientPack": [
        "R",
        13.1203,
        172.4125,
        0,
        13.7422,
        172.3983,
        1.7239,
        -2,
        0,
        0,
        2,
        337.356,
        0,
        0,
        "#FFF70E",
        1,
        "#B5AF0A"
      ],
      "points": [
        308,
        350.2,
        308.8,
        350.2,
        310.2,
        349.4,
        311.2,
        347.6,
        312.4,
        345.6,
        312.2,
        343.8,
        311.4,
        343.2,
        311.2,
        343.2,
        311,
        343,
        311,
        343,
        310.2,
        343,
        308.8,
        343.8,
        307.8,
        345.6,
        306.6,
        347.6,
        306.8,
        349.4,
        307.6,
        350,
        307.6,
        350.2,
        307.8,
        350.2,
        308,
        350.2,
        308,
        350.2
      ],
      "segments": [
        1,
        4,
        4,
        4,
        4,
        4,
        4,
        2
      ]
    },
    {
      "type": "shape",
      "gradientPack": [
        "R",
        8.3948,
        169.6308,
        0,
        9.0166,
        169.6166,
        1.7239,
        -2,
        0,
        0,
        2,
        337.356,
        0,
        0,
        "#FFF70E",
        1,
        "#B5AF0A"
      ],
      "points": [
        317.4,
        344.6,
        318.2,
        344.6,
        319.6,
        343.8,
        320.6,
        342,
        321.8,
        340,
        321.6,
        338.2,
        320.8,
        337.6,
        320.6,
        337.6,
        320.4,
        337.4,
        320.4,
        337.4,
        319.6,
        337.4,
        318.2,
        338.2,
        317.2,
        340,
        316,
        342,
        316.2,
        343.8,
        317,
        344.4,
        317.2,
        344.6,
        317.4,
        344.6,
        317.4,
        344.6,
        317.4,
        344.6
      ],
      "segments": [
        1,
        4,
        4,
        4,
        4,
        4,
        4,
        2
      ]
    },
    {
      "type": "shape",
      "gradientPack": [
        "R",
        3.6692,
        166.849,
        0,
        4.2911,
        166.8349,
        1.7239,
        -2,
        0,
        0,
        2,
        337.356,
        0,
        0,
        "#FFF70E",
        1,
        "#B5AF0A"
      ],
      "points": [
        327,
        339,
        327.8,
        339,
        329.2,
        338.2,
        330.2,
        336.4,
        331.4,
        334.4,
        331.2,
        332.6,
        330.4,
        332,
        330.2,
        332,
        330,
        331.8,
        330,
        331.8,
        329.2,
        331.8,
        327.8,
        332.6,
        326.8,
        334.4,
        325.6,
        336.4,
        325.8,
        338.2,
        326.6,
        338.8,
        326.6,
        339,
        326.8,
        339,
        327,
        339,
        327,
        339
      ],
      "segments": [
        1,
        4,
        4,
        4,
        4,
        4,
        4,
        2
      ]
    },
    {
      "type": "shape",
      "gradientPack": [
        "R",
        -0.5089,
        164.5924,
        0,
        0.1129,
        164.5783,
        1.7239,
        -2,
        0,
        0,
        2,
        337.356,
        0,
        0,
        "#FFF70E",
        1,
        "#B5AF0A"
      ],
      "points": [
        335.4,
        334.6,
        336.2,
        334.6,
        337.6,
        333.8,
        338.6,
        332,
        339.8,
        330,
        339.6,
        328.2,
        338.8,
        327.6,
        338.6,
        327.6,
        338.4,
        327.4,
        338.4,
        327.4,
        337.6,
        327.4,
        336.2,
        328.2,
        335.2,
        330,
        334,
        332,
        334.2,
        333.8,
        335,
        334.4,
        335,
        334.6,
        335.2,
        334.6,
        335.4,
        334.6,
        335.4,
        334.6
      ],
      "segments": [
        1,
        4,
        4,
        4,
        4,
        4,
        4,
        2
      ]
    },
    {
      "type": "shape",
      "gradientPack": [
        "R",
        -5.2345,
        161.8107,
        0,
        -4.6126,
        161.7966,
        1.7239,
        -2,
        0,
        0,
        2,
        337.356,
        0,
        0,
        "#FFF70E",
        1,
        "#B5AF0A"
      ],
      "points": [
        344.8,
        329,
        345.6,
        329,
        347,
        328.2,
        348,
        326.4,
        349.2,
        324.4,
        349,
        322.6,
        348.2,
        322,
        348,
        322,
        347.8,
        321.8,
        347.8,
        321.8,
        347,
        321.8,
        345.6,
        322.6,
        344.6,
        324.4,
        343.4,
        326.4,
        343.6,
        328.2,
        344.4,
        328.8,
        344.4,
        329,
        344.6,
        329,
        344.8,
        329,
        344.8,
        329
      ],
      "segments": [
        1,
        4,
        4,
        4,
        4,
        4,
        4,
        2
      ]
    },
    {
      "type": "shape",
      "gradientPack": [
        "R",
        -9.96,
        159.029,
        0,
        -9.3382,
        159.0148,
        1.7239,
        -2,
        0,
        0,
        2,
        337.356,
        0,
        0,
        "#FFF70E",
        1,
        "#B5AF0A"
      ],
      "points": [
        354.2,
        323.4,
        355,
        323.4,
        356.4,
        322.6,
        357.4,
        320.8,
        358.6,
        318.8,
        358.4,
        317,
        357.6,
        316.4,
        357.4,
        316.4,
        357.2,
        316.2,
        357.2,
        316.2,
        356.4,
        316.2,
        355,
        317,
        354,
        318.8,
        352.8,
        320.8,
        353,
        322.6,
        353.8,
        323.2,
        353.8,
        323.4,
        354,
        323.4,
        354.2,
        323.4,
        354.2,
        323.4
      ],
      "segments": [
        1,
        4,
        4,
        4,
        4,
        4,
        4,
        2
      ]
    },
    {
      "type": "shape",
      "gradientPack": [
        "R",
        -14.3839,
        156.6831,
        0,
        -13.762,
        156.6689,
        1.7239,
        -2,
        0,
        0,
        2,
        337.356,
        0,
        0,
        "#FFF70E",
        1,
        "#B5AF0A"
      ],
      "points": [
        363,
        318.8,
        363.8,
        318.8,
        365.2,
        318,
        366.2,
        316.2,
        367.4,
        314.2,
        367.2,
        312.4,
        366.4,
        311.8,
        366.2,
        311.8,
        366,
        311.6,
        366,
        311.6,
        365.2,
        311.6,
        363.8,
        312.4,
        362.8,
        314.2,
        361.6,
        316.2,
        361.8,
        318,
        362.6,
        318.6,
        362.8,
        318.8,
        362.8,
        318.8,
        363,
        318.8,
        363,
        318.8
      ],
      "segments": [
        1,
        4,
        4,
        4,
        4,
        4,
        4,
        2
      ]
    },
    {
      "type": "shape",
      "gradientPack": [
        "R",
        -19.1094,
        153.9013,
        0,
        -18.4876,
        153.8872,
        1.7239,
        -2,
        0,
        0,
        2,
        337.356,
        0,
        0,
        "#FFF70E",
        1,
        "#B5AF0A"
      ],
      "points": [
        372.6,
        313.2,
        373.4,
        313.2,
        374.8,
        312.4,
        375.8,
        310.6,
        377,
        308.6,
        376.8,
        306.8,
        376,
        306.2,
        375.8,
        306.2,
        375.6,
        306,
        375.6,
        306,
        374.8,
        306,
        373.4,
        306.8,
        372.4,
        308.6,
        371.2,
        310.6,
        371.4,
        312.4,
        372.2,
        313,
        372.2,
        313.2,
        372.4,
        313.2,
        372.6,
        313.2,
        372.6,
        313.2
      ],
      "segments": [
        1,
        4,
        4,
        4,
        4,
        4,
        4,
        2
      ]
    },
    {
      "type": "shape",
      "gradientPack": [
        "R",
        -23.835,
        151.1196,
        0,
        -23.2132,
        151.1055,
        1.7239,
        -2,
        0,
        0,
        2,
        337.356,
        0,
        0,
        "#FFF70E",
        1,
        "#B5AF0A"
      ],
      "points": [
        382,
        307.6,
        382.8,
        307.6,
        384.2,
        306.8,
        385.2,
        305,
        386.4,
        303,
        386.2,
        301.2,
        385.4,
        300.6,
        385.2,
        300.6,
        385,
        300.4,
        385,
        300.4,
        384.2,
        300.4,
        382.8,
        301.2,
        381.8,
        303,
        380.6,
        305,
        380.8,
        306.8,
        381.6,
        307.4,
        381.6,
        307.6,
        381.8,
        307.6,
        382,
        307.6,
        382,
        307.6
      ],
      "segments": [
        1,
        4,
        4,
        4,
        4,
        4,
        4,
        2
      ]
    },
    {
      "type": "shape",
      "gradientPack": [
        "R",
        -28.2589,
        148.6395,
        0,
        -27.6371,
        148.6254,
        1.7239,
        -2,
        0,
        0,
        2,
        337.356,
        0,
        0,
        "#FFF70E",
        1,
        "#B5AF0A"
      ],
      "points": [
        390.8,
        302.6,
        391.6,
        302.6,
        393,
        301.8,
        394,
        300,
        395.2,
        298,
        395,
        296.2,
        394.2,
        295.6,
        394,
        295.6,
        393.8,
        295.4,
        393.8,
        295.4,
        393,
        295.4,
        391.6,
        296.2,
        390.6,
        298,
        389.4,
        300,
        389.6,
        301.8,
        390.4,
        302.4,
        390.4,
        302.6,
        390.6,
        302.6,
        390.8,
        302.6,
        390.8,
        302.6
      ],
      "segments": [
        1,
        4,
        4,
        4,
        4,
        4,
        4,
        2
      ]
    },
    {
      "type": "shape",
      "gradientPack": [
        "R",
        -32.9845,
        145.8578,
        0,
        -32.3627,
        145.8436,
        1.7239,
        -2,
        0,
        0,
        2,
        337.356,
        0,
        0,
        "#FFF70E",
        1,
        "#B5AF0A"
      ],
      "points": [
        400.2,
        297,
        401,
        297,
        402.4,
        296.2,
        403.4,
        294.4,
        404.6,
        292.4,
        404.4,
        290.6,
        403.6,
        290,
        403.4,
        290,
        403.2,
        289.8,
        403.2,
        289.8,
        402.4,
        289.8,
        401,
        290.6,
        400,
        292.4,
        398.8,
        294.4,
        399,
        296.2,
        399.8,
        296.8,
        400,
        297,
        400,
        297,
        400.2,
        297,
        400.2,
        297
      ],
      "segments": [
        1,
        4,
        4,
        4,
        4,
        4,
        4,
        2
      ]
    },
    {
      "type": "shape",
      "gradientPack": [
        "R",
        -37.71,
        143.0761,
        0,
        -37.0882,
        143.0619,
        1.7239,
        -2,
        0,
        0,
        2,
        337.356,
        0,
        0,
        "#FFF70E",
        1,
        "#B5AF0A"
      ],
      "points": [
        409.8,
        291.6,
        410.6,
        291.6,
        412,
        290.8,
        413,
        289,
        414.2,
        287,
        414,
        285.2,
        413.2,
        284.6,
        413,
        284.6,
        412.8,
        284.4,
        412.8,
        284.4,
        412,
        284.4,
        410.6,
        285.2,
        409.6,
        287,
        408.4,
        289,
        408.6,
        290.8,
        409.4,
        291.4,
        409.4,
        291.4,
        409.6,
        291.6,
        409.8,
        291.6,
        409.8,
        291.6
      ],
      "segments": [
        1,
        4,
        4,
        4,
        4,
        4,
        4,
        2
      ]
    },
    {
      "type": "shape",
      "background": "#04ba97",
      "fillRule": "evenodd",
      "points": [
        226.2,
        212.4,
        239.4,
        205.4,
        256.2,
        213.4,
        256.2,
        213.4,
        256.2,
        213.4,
        256.2,
        213.4,
        268.8,
        219.6,
        263,
        222.6,
        251.4,
        228.8,
        262.4,
        234,
        287.8,
        220.4,
        291,
        218.6,
        291,
        216,
        287.6,
        214.4,
        268.4,
        205.2,
        253.2,
        197.8,
        266.2,
        190.8,
        266,
        190.6,
        265.6,
        190.4,
        265.2,
        190.6,
        235.2,
        195.6,
        234.6,
        195.6,
        234,
        196,
        234,
        196.2,
        225.6,
        211.6,
        225.6,
        212,
        225.8,
        212.2,
        226.2,
        212.4,
        226.2,
        212.4,
        375.2,
        253.6,
        362,
        260.6,
        345.2,
        252.6,
        345.2,
        252.6,
        345.2,
        252.6,
        345.2,
        252.6,
        332.6,
        246.4,
        338.4,
        243.4,
        350,
        237.2,
        339,
        232,
        313.6,
        245.6,
        310.4,
        247.4,
        310.4,
        250,
        313.8,
        251.6,
        333,
        260.8,
        348.2,
        268.2,
        335.2,
        275.2,
        335.4,
        275.4,
        335.8,
        275.6,
        336.2,
        275.4,
        366.2,
        270.4,
        366.8,
        270.4,
        367.4,
        270,
        367.4,
        269.8,
        375.8,
        254.4,
        375.8,
        254,
        375.6,
        253.8,
        375.2,
        253.6,
        375.2,
        253.6,
        375.8,
        198.6,
        375.8,
        198.2,
        375.2,
        198,
        374.6,
        198,
        344.4,
        194.2,
        344,
        194.2,
        343.6,
        194.4,
        343.4,
        194.6,
        357,
        201.2,
        340.6,
        210,
        340.6,
        210,
        340.6,
        210,
        340.6,
        210,
        328.2,
        216.6,
        322.4,
        213.8,
        310.6,
        208,
        300,
        213.6,
        326,
        226.2,
        329.2,
        227.8,
        334.4,
        227.6,
        337.6,
        226,
        356.4,
        216,
        371.4,
        208,
        384.8,
        214.4,
        385.2,
        214.2,
        385.4,
        214,
        385.4,
        213.8,
        375.8,
        198.6,
        375.8,
        198.6,
        264,
        240,
        245.2,
        250,
        230.2,
        258,
        216.8,
        251.6,
        216.4,
        251.8,
        216.2,
        252,
        216.2,
        252.2,
        225.2,
        267.2,
        225.2,
        267.6,
        225.8,
        267.8,
        226.4,
        267.8,
        256.6,
        271.6,
        257,
        271.6,
        257.4,
        271.4,
        257.6,
        271.2,
        244,
        264.6,
        260.4,
        255.8,
        260.4,
        255.8,
        260.4,
        255.8,
        260.4,
        255.8,
        272.8,
        249.2,
        278.6,
        252,
        290.4,
        257.8,
        301,
        252.2,
        275,
        239.6,
        272.4,
        238.2,
        267.2,
        238.4,
        264,
        240,
        264,
        240
      ],
      "segments": [
        1,
        2,
        2,
        4,
        2,
        2,
        2,
        2,
        2,
        4,
        2,
        2,
        2,
        4,
        2,
        4,
        2,
        4,
        2,
        1,
        2,
        2,
        4,
        2,
        2,
        2,
        2,
        2,
        4,
        2,
        2,
        2,
        4,
        2,
        4,
        2,
        4,
        2,
        1,
        4,
        2,
        4,
        2,
        2,
        4,
        2,
        2,
        2,
        2,
        2,
        4,
        2,
        2,
        2,
        4,
        2,
        2,
        1,
        2,
        2,
        2,
        4,
        2,
        4,
        2,
        4,
        2,
        2,
        4,
        2,
        2,
        2,
        2,
        2,
        4,
        2
      ]
    },
    {
      "type": "shape",
      "background": "#04ba97",
      "points": [
        93.8,
        283,
        89.4,
        285.4,
        118.8,
        304.2,
        123.2,
        301.6,
        93.8,
        283
      ]
    },
    {
      "type": "shape",
      "background": "#04ba97",
      "points": [
        120,
        285,
        109.4,
        278.2,
        118,
        273.4,
        120,
        272.2,
        121.4,
        271.6,
        122.4,
        271.2,
        123.8,
        270.8,
        125.4,
        270.6,
        127,
        270.8,
        128.6,
        271,
        130,
        271.4,
        131.2,
        272.2,
        133,
        273.2,
        133.6,
        274.4,
        133.4,
        275.8,
        133.2,
        277.2,
        131.6,
        278.6,
        128.6,
        280.2,
        120,
        285,
        114.2,
        271.4,
        101.6,
        278.4,
        131,
        297.2,
        135.4,
        294.8,
        123.4,
        287.2,
        132,
        282.4,
        136.8,
        279.8,
        139.2,
        277.4,
        139.2,
        275.2,
        139.2,
        273,
        138,
        271.2,
        135.6,
        269.6,
        134.2,
        268.6,
        132.4,
        268,
        130.6,
        267.6,
        128.6,
        267.2,
        126.8,
        267.2,
        125,
        267.2,
        123.2,
        267.4,
        121.4,
        267.8,
        119.4,
        268.6,
        118.4,
        269.2,
        116.6,
        270.2,
        114.2,
        271.4
      ],
      "segments": [
        1,
        2,
        2,
        4,
        4,
        4,
        4,
        4,
        2,
        1,
        2,
        2,
        2,
        2,
        2,
        4,
        4,
        4,
        4,
        4,
        4
      ]
    },
    {
      "type": "shape",
      "background": "#04ba97",
      "points": [
        160.2,
        255.4,
        156,
        257.8,
        163.6,
        269.2,
        164.6,
        270.6,
        165.4,
        271.8,
        166.2,
        272.6,
        164.2,
        272,
        162.2,
        271.2,
        160.4,
        270.8,
        142.4,
        265.6,
        138,
        268,
        168.6,
        276.4,
        172.4,
        274.2,
        160.2,
        255.4
      ],
      "segments": [
        1,
        2,
        2,
        4,
        4,
        2,
        2,
        2,
        2,
        2
      ]
    },
    {
      "type": "shape",
      "background": "#04ba97",
      "points": [
        193,
        259.6,
        191.8,
        260.2,
        190.4,
        260.8,
        188.8,
        261,
        187.2,
        261.2,
        185.4,
        261.2,
        183.6,
        260.8,
        181.8,
        260.4,
        180.4,
        259.8,
        179.2,
        259,
        177.4,
        257.8,
        176.4,
        256.4,
        176.6,
        255,
        176.8,
        253.6,
        177.8,
        252.2,
        179.6,
        251.2,
        181.4,
        250.2,
        183.6,
        249.6,
        186,
        249.8,
        188.4,
        249.8,
        190.6,
        250.6,
        192.6,
        251.8,
        194.8,
        253.2,
        195.8,
        254.6,
        195.8,
        256,
        195.6,
        257.4,
        194.8,
        258.6,
        193,
        259.6,
        166.4,
        242,
        162.8,
        244,
        161.2,
        246.2,
        161.4,
        248.8,
        161.6,
        251.8,
        164.6,
        255,
        170.2,
        258.8,
        175.2,
        262,
        180,
        263.8,
        184.4,
        264,
        188.8,
        264.2,
        192.6,
        263.4,
        196.2,
        261.4,
        198.2,
        260.2,
        199.6,
        259,
        200.4,
        257.6,
        201.2,
        256.2,
        201.2,
        254.6,
        200.4,
        253.2,
        199.8,
        251.6,
        198.4,
        250.4,
        196.6,
        249.2,
        193.8,
        247.4,
        190.6,
        246.4,
        186.8,
        246.4,
        183,
        246.4,
        179.8,
        247,
        177.2,
        248.6,
        175.6,
        249.4,
        174.4,
        250.6,
        173.6,
        251.8,
        172.8,
        253,
        172.6,
        254.4,
        173,
        255.8,
        170,
        254,
        168.2,
        252.2,
        167.4,
        250.8,
        166.6,
        249.4,
        166.4,
        248,
        166.8,
        246.8,
        167.2,
        245.8,
        168,
        245,
        169.2,
        244.2,
        170.8,
        243.2,
        172.8,
        242.8,
        174.8,
        242.8,
        176.2,
        242.8,
        177.6,
        243.2,
        179.4,
        244,
        183.2,
        241.6,
        180.6,
        240.4,
        177.8,
        239.8,
        174.8,
        239.8,
        171.8,
        239.8,
        169,
        240.6,
        166.4,
        242
      ],
      "segments": [
        1,
        4,
        4,
        4,
        4,
        4,
        4,
        4,
        4,
        4,
        1,
        4,
        4,
        4,
        4,
        4,
        4,
        4,
        4,
        4,
        4,
        4,
        4,
        4,
        4,
        4,
        4,
        2,
        4,
        4
      ]
    }
  ]
}