{
  "width": 512,
  "height": 512,
  "comps": [
    {
      "type": "shape",
      "background": "#9b9b9b",
      "points": [
        247.6,
        309.2,
        51.2,
        195,
        50.8,
        336,
        247.2,
        450,
        247.6,
        309.2,
        247.6,
        309.2
      ]
    },
    {
      "type": "shape",
      "background": "#efefef",
      "points": [
        460,
        188.2,
        263.6,
        74,
        51.2,
        195,
        247.6,
        309.2,
        460,
        188.2,
        460,
        188.2
      ]
    },
    {
      "type": "shape",
      "background": "#dae0e0",
      "points": [
        439.6,
        188.6,
        262.8,
        85.8,
        71.6,
        194.6,
        248.4,
        297.4,
        439.6,
        188.6,
        439.6,
        188.6
      ]
    },
    {
      "type": "shape",
      "background": "#515454",
      "points": [
        247.6,
        309.2,
        247.2,
        450,
        459.6,
        329,
        460,
        188.2,
        247.6,
        309.2,
        247.6,
        309.2
      ]
    },
    {
      "type": "shape",
      "background": "#262828",
      "points": [
        255.4,
        405.4,
        255.4,
        434,
        451.4,
        322.4,
        451.6,
        293.8,
        255.4,
        405.4,
        255.4,
        405.4
      ]
    },
    {
      "type": "shape",
      "background": "#0d0f0f",
      "points": [
        328.6,
        368.8,
        328.6,
        386,
        446.2,
        319,
        446.4,
        301.8,
        328.6,
        368.8,
        328.6,
        368.8
      ]
    },
    {
      "type": "shape",
      "background": "#181c1e",
      "points": [
        319,
        311.4,
        256,
        347.6,
        256,
        323.6,
        319.2,
        287.4,
        319,
        311.4,
        319,
        311.4
      ]
    },
    {
      "type": "shape",
      "background": "#dcf4f4",
      "points": [
        289.2,
        314.2,
        258.6,
        331.6,
        258.6,
        326,
        289.2,
        308.6,
        289.2,
        314.2,
        289.2,
        314.2
      ]
    },
    {
      "type": "shape",
      "background": "#979797",
      "points": [
        308.6,
        313.4,
        292.2,
        322.8,
        292.2,
        306.8,
        308.6,
        297.4,
        308.6,
        313.4,
        308.6,
        313.4
      ]
    },
    {
      "type": "shape",
      "background": "#00e7ff",
      "points": [
        316,
        309.2,
        311.4,
        311.8,
        311.6,
        295.8,
        316,
        293.2,
        316,
        309.2,
        316,
        309.2
      ]
    },
    {
      "type": "shape",
      "background": "#dcf4f4",
      "points": [
        289.2,
        324.6,
        258.6,
        342,
        258.6,
        336.4,
        289.2,
        318.8,
        289.2,
        324.6,
        289.2,
        324.6
      ]
    },
    {
      "type": "shape",
      "background": "#181c1e",
      "points": [
        385,
        273.6,
        322,
        309.8,
        322,
        285.8,
        385.2,
        249.6,
        385,
        273.6,
        385,
        273.6
      ]
    },
    {
      "type": "shape",
      "background": "#dcf4f4",
      "points": [
        355.2,
        276.4,
        324.6,
        293.8,
        324.6,
        288.2,
        355.2,
        270.8,
        355.2,
        276.4,
        355.2,
        276.4
      ]
    },
    {
      "type": "shape",
      "background": "#979797",
      "points": [
        374.6,
        275.6,
        358.2,
        285,
        358.2,
        269,
        374.6,
        259.6,
        374.6,
        275.6,
        374.6,
        275.6
      ]
    },
    {
      "type": "shape",
      "background": "#79ed14",
      "points": [
        382,
        271.4,
        377.4,
        274,
        377.6,
        258,
        382,
        255.4,
        382,
        271.4,
        382,
        271.4
      ]
    },
    {
      "type": "shape",
      "background": "#dcf4f4",
      "points": [
        355.2,
        286.8,
        324.6,
        304.2,
        324.6,
        298.6,
        355.2,
        281.2,
        355.2,
        286.8,
        355.2,
        286.8
      ]
    },
    {
      "type": "shape",
      "background": "#181c1e",
      "points": [
        451.8,
        235.4,
        388.6,
        271.6,
        388.8,
        247.6,
        451.8,
        211.4,
        451.8,
        235.4,
        451.8,
        235.4
      ]
    },
    {
      "type": "shape",
      "background": "#dcf4f4",
      "points": [
        422,
        238.2,
        391.4,
        255.6,
        391.4,
        250,
        422,
        232.6,
        422,
        238.2,
        422,
        238.2
      ]
    },
    {
      "type": "shape",
      "background": "#979797",
      "points": [
        441.2,
        237.4,
        425,
        246.8,
        425,
        230.8,
        441.4,
        221.4,
        441.2,
        237.4,
        441.2,
        237.4
      ]
    },
    {
      "type": "shape",
      "background": "#00e7ff",
      "points": [
        448.8,
        233.2,
        444.2,
        235.8,
        444.4,
        219.8,
        448.8,
        217.2,
        448.8,
        233.2,
        448.8,
        233.2
      ]
    },
    {
      "type": "shape",
      "background": "#dcf4f4",
      "points": [
        422,
        248.4,
        391.4,
        266,
        391.4,
        260.4,
        422,
        242.8,
        422,
        248.4,
        422,
        248.4
      ]
    },
    {
      "type": "shape",
      "background": "#181c1e",
      "points": [
        319,
        338.8,
        255.8,
        375,
        256,
        351,
        319,
        315,
        319,
        338.8,
        319,
        338.8
      ]
    },
    {
      "type": "shape",
      "background": "#dcf4f4",
      "points": [
        289.2,
        341.6,
        258.6,
        359.2,
        258.6,
        353.6,
        289.2,
        336,
        289.2,
        341.6,
        289.2,
        341.6
      ]
    },
    {
      "type": "shape",
      "background": "#979797",
      "points": [
        308.4,
        341,
        292.2,
        350.2,
        292.2,
        334.2,
        308.4,
        325,
        308.4,
        341,
        308.4,
        341
      ]
    },
    {
      "type": "shape",
      "background": "#79ed14",
      "points": [
        316,
        336.6,
        311.4,
        339.2,
        311.4,
        323.2,
        316,
        320.6,
        316,
        336.6,
        316,
        336.6
      ]
    },
    {
      "type": "shape",
      "background": "#dcf4f4",
      "points": [
        289,
        352,
        258.6,
        369.4,
        258.6,
        363.8,
        289,
        346.4,
        289,
        352,
        289,
        352
      ]
    },
    {
      "type": "shape",
      "background": "#181c1e",
      "points": [
        385,
        301,
        321.8,
        337.2,
        322,
        313.2,
        385,
        277.2,
        385,
        301,
        385,
        301
      ]
    },
    {
      "type": "shape",
      "background": "#dcf4f4",
      "points": [
        355,
        303.8,
        324.6,
        321.4,
        324.6,
        315.8,
        355.2,
        298.2,
        355,
        303.8,
        355,
        303.8
      ]
    },
    {
      "type": "shape",
      "background": "#979797",
      "points": [
        374.4,
        303.2,
        358,
        312.4,
        358.2,
        296.4,
        374.4,
        287.2,
        374.4,
        303.2,
        374.4,
        303.2
      ]
    },
    {
      "type": "shape",
      "background": "#00e7ff",
      "points": [
        382,
        298.8,
        377.4,
        301.4,
        377.4,
        285.4,
        382,
        282.8,
        382,
        298.8,
        382,
        298.8
      ]
    },
    {
      "type": "shape",
      "background": "#dcf4f4",
      "points": [
        355,
        314.2,
        324.6,
        331.6,
        324.6,
        326,
        355,
        308.6,
        355,
        314.2,
        355,
        314.2
      ]
    },
    {
      "type": "shape",
      "background": "#181c1e",
      "points": [
        451.6,
        262.8,
        388.6,
        299,
        388.6,
        275,
        451.8,
        238.8,
        451.6,
        262.8,
        451.6,
        262.8
      ]
    },
    {
      "type": "shape",
      "background": "#dcf4f4",
      "points": [
        421.8,
        265.6,
        391.4,
        283,
        391.4,
        277.4,
        421.8,
        260,
        421.8,
        265.6,
        421.8,
        265.6
      ]
    },
    {
      "type": "shape",
      "background": "#979797",
      "points": [
        441.2,
        264.8,
        424.8,
        274.2,
        425,
        258.2,
        441.2,
        248.8,
        441.2,
        264.8,
        441.2,
        264.8
      ]
    },
    {
      "type": "shape",
      "background": "#79ed14",
      "points": [
        448.6,
        260.6,
        444.2,
        263.2,
        444.2,
        247.2,
        448.8,
        244.6,
        448.6,
        260.6,
        448.6,
        260.6
      ]
    },
    {
      "type": "shape",
      "background": "#dcf4f4",
      "points": [
        421.8,
        276,
        391.2,
        293.4,
        391.4,
        287.8,
        421.8,
        270.4,
        421.8,
        276,
        421.8,
        276
      ]
    },
    {
      "type": "shape",
      "background": "#181c1e",
      "points": [
        318.8,
        366.2,
        255.8,
        402.4,
        255.8,
        378.4,
        319,
        342.2,
        318.8,
        366.2,
        318.8,
        366.2
      ]
    },
    {
      "type": "shape",
      "background": "#dcf4f4",
      "points": [
        289,
        369,
        258.4,
        386.4,
        258.4,
        380.8,
        289,
        363.4,
        289,
        369,
        289,
        369
      ]
    },
    {
      "type": "shape",
      "background": "#979797",
      "points": [
        308.4,
        368.2,
        292,
        377.6,
        292,
        361.6,
        308.4,
        352.2,
        308.4,
        368.2,
        308.4,
        368.2
      ]
    },
    {
      "type": "shape",
      "background": "#00e7ff",
      "points": [
        315.8,
        364,
        311.4,
        366.6,
        311.4,
        350.6,
        315.8,
        348,
        315.8,
        364,
        315.8,
        364
      ]
    },
    {
      "type": "shape",
      "background": "#dcf4f4",
      "points": [
        289,
        379.4,
        258.4,
        396.8,
        258.4,
        391.2,
        289,
        373.6,
        289,
        379.4,
        289,
        379.4
      ]
    },
    {
      "type": "shape",
      "background": "#181c1e",
      "points": [
        384.8,
        328.4,
        321.8,
        364.6,
        321.8,
        340.6,
        385,
        304.4,
        384.8,
        328.4,
        384.8,
        328.4
      ]
    },
    {
      "type": "shape",
      "background": "#dcf4f4",
      "points": [
        355,
        331.2,
        324.4,
        348.6,
        324.4,
        343,
        355,
        325.6,
        355,
        331.2,
        355,
        331.2
      ]
    },
    {
      "type": "shape",
      "background": "#979797",
      "points": [
        374.4,
        330.4,
        358,
        339.8,
        358,
        323.8,
        374.4,
        314.4,
        374.4,
        330.4,
        374.4,
        330.4
      ]
    },
    {
      "type": "shape",
      "background": "#79ed14",
      "points": [
        381.8,
        326.2,
        377.2,
        328.8,
        377.4,
        312.8,
        381.8,
        310.2,
        381.8,
        326.2,
        381.8,
        326.2
      ]
    },
    {
      "type": "shape",
      "background": "#dcf4f4",
      "points": [
        355,
        341.6,
        324.4,
        359,
        324.4,
        353.4,
        355,
        335.8,
        355,
        341.6,
        355,
        341.6
      ]
    },
    {
      "type": "shape",
      "background": "#181c1e",
      "points": [
        451.6,
        290.2,
        388.6,
        326.2,
        388.6,
        302.4,
        451.6,
        266.2,
        451.6,
        290.2,
        451.6,
        290.2
      ]
    },
    {
      "type": "shape",
      "background": "#dcf4f4",
      "points": [
        421.8,
        293,
        391.2,
        310.4,
        391.2,
        304.8,
        421.8,
        287.2,
        421.8,
        293,
        421.8,
        293
      ]
    },
    {
      "type": "shape",
      "background": "#979797",
      "points": [
        441,
        292.2,
        424.8,
        301.6,
        424.8,
        285.6,
        441.2,
        276.2,
        441,
        292.2,
        441,
        292.2
      ]
    },
    {
      "type": "shape",
      "background": "#00e7ff",
      "points": [
        448.6,
        287.8,
        444,
        290.4,
        444.2,
        274.6,
        448.6,
        272,
        448.6,
        287.8,
        448.6,
        287.8
      ]
    },
    {
      "type": "shape",
      "background": "#dcf4f4",
      "points": [
        421.8,
        303.2,
        391.2,
        320.8,
        391.2,
        315.2,
        421.8,
        297.6,
        421.8,
        303.2,
        421.8,
        303.2
      ]
    },
    {
      "type": "shape",
      "background": "#5fba00",
      "points": [
        303.8,
        389.4,
        305.2,
        388.6,
        306.2,
        389.2,
        306.2,
        390.8,
        306.2,
        392.4,
        305,
        394.2,
        303.8,
        395,
        302.4,
        395.8,
        301.4,
        395.2,
        301.4,
        393.6,
        301.2,
        392,
        302.4,
        390.2,
        303.8,
        389.4,
        303.8,
        389.4
      ],
      "segments": [
        1,
        4,
        4,
        4,
        4,
        2
      ]
    },
    {
      "type": "shape",
      "background": "#5fba00",
      "points": [
        294.4,
        394.8,
        295.8,
        394,
        296.8,
        394.6,
        296.8,
        396.2,
        296.8,
        397.8,
        295.6,
        399.6,
        294.4,
        400.4,
        293,
        401.2,
        292,
        400.6,
        292,
        399,
        292,
        397.4,
        293,
        395.6,
        294.4,
        394.8,
        294.4,
        394.8
      ],
      "segments": [
        1,
        4,
        4,
        4,
        4,
        2
      ]
    },
    {
      "type": "shape",
      "background": "#5fba00",
      "points": [
        285.2,
        400,
        286.6,
        399.2,
        287.6,
        399.8,
        287.6,
        401.4,
        287.6,
        403,
        286.4,
        404.8,
        285.2,
        405.6,
        283.8,
        406.4,
        282.8,
        405.8,
        282.8,
        404.2,
        282.8,
        402.6,
        283.8,
        400.8,
        285.2,
        400,
        285.2,
        400
      ],
      "segments": [
        1,
        4,
        4,
        4,
        4,
        2
      ]
    },
    {
      "type": "shape",
      "background": "#5fba00",
      "points": [
        276,
        405.4,
        277.4,
        404.6,
        278.4,
        405.2,
        278.4,
        406.8,
        278.4,
        408.4,
        277.2,
        410.4,
        276,
        411,
        274.6,
        411.8,
        273.6,
        411.2,
        273.6,
        409.6,
        273.4,
        408,
        274.6,
        406,
        276,
        405.4,
        276,
        405.4
      ],
      "segments": [
        1,
        4,
        4,
        4,
        4,
        2
      ]
    },
    {
      "type": "shape",
      "background": "#989898",
      "points": [
        253,
        122,
        145.4,
        184.8,
        138,
        180.6,
        245.8,
        117.8,
        253,
        122,
        253,
        122
      ]
    },
    {
      "type": "shape",
      "background": "#989898",
      "points": [
        265,
        128.8,
        157.2,
        191.6,
        150,
        187.4,
        257.6,
        124.6,
        265,
        128.8,
        265,
        128.8
      ]
    },
    {
      "type": "shape",
      "background": "#989898",
      "points": [
        276.8,
        135.6,
        169.2,
        198.4,
        161.8,
        194.2,
        269.6,
        131.4,
        276.8,
        135.6,
        276.8,
        135.6
      ]
    },
    {
      "type": "shape",
      "background": "#989898",
      "points": [
        288.8,
        142.4,
        181,
        205.2,
        173.8,
        201,
        281.4,
        138.2,
        288.8,
        142.4,
        288.8,
        142.4
      ]
    },
    {
      "type": "shape",
      "background": "#989898",
      "points": [
        300.8,
        149.2,
        193,
        212,
        185.6,
        207.8,
        293.4,
        145,
        300.8,
        149.2,
        300.8,
        149.2
      ]
    }
  ]
}