{
  "width": 512,
  "height": 512,
  "comps": [
    {
      "type": "shape",
      "background": "#bababa",
      "points": [
        480,
        202.4,
        480,
        219.6,
        480,
        236.6,
        480,
        253.8,
        480,
        258.8,
        476.6,
        264,
        470,
        268,
        470,
        216.6,
        476.6,
        212.6,
        480,
        207.4,
        480,
        202.4,
        480,
        202.4
      ],
      "segments": [
        1,
        4,
        4,
        2,
        4,
        2
      ]
    },
    {
      "type": "shape",
      "background": "rgb(128,128,128)",
      "points": [
        32,
        308.8,
        32,
        291.8,
        32,
        274.6,
        32,
        257.6,
        32,
        262.8,
        35.4,
        268,
        42.2,
        271.8,
        42.2,
        323.2,
        35.4,
        319.2,
        32,
        314,
        32,
        308.8,
        32,
        308.8
      ],
      "segments": [
        1,
        4,
        4,
        2,
        4,
        2
      ]
    },
    {
      "type": "shape",
      "background": "#cecece",
      "points": [
        470,
        216.4,
        470,
        267.8,
        235.2,
        405.4,
        235.2,
        354,
        470,
        216.4,
        470,
        216.4
      ]
    },
    {
      "type": "shape",
      "background": "#121517",
      "points": [
        469.4,
        219.4,
        245.2,
        351.2,
        245.2,
        396.4,
        469.6,
        264.4,
        469.4,
        219.4,
        469.4,
        219.4
      ]
    },
    {
      "type": "shape",
      "background": "#909191",
      "points": [
        186.2,
        354.2,
        186.2,
        405.6,
        42.4,
        323,
        42.2,
        271.8,
        186.2,
        354.2,
        186.2,
        354.2
      ]
    },
    {
      "type": "shape",
      "background": "rgb(194,194,194)",
      "points": [
        235.2,
        354,
        235.2,
        405.4,
        221.8,
        413.2,
        199.8,
        413.4,
        186.2,
        405.6,
        186.2,
        354.2,
        199.8,
        362,
        221.6,
        361.8,
        235.2,
        354,
        235.2,
        354
      ],
      "segments": [
        1,
        2,
        4,
        2,
        4,
        2
      ]
    },
    {
      "type": "shape",
      "background": "#efefef",
      "points": [
        469.8,
        188.2,
        483.4,
        196,
        483.4,
        208.6,
        470,
        216.6,
        235.2,
        354,
        221.8,
        361.8,
        199.8,
        362,
        186.2,
        354.2,
        42.2,
        271.8,
        28.6,
        264,
        28.4,
        251.4,
        42,
        243.4,
        276.8,
        105.8,
        290.2,
        98,
        312.2,
        97.8,
        325.8,
        105.6,
        469.8,
        188.2,
        469.8,
        188.2
      ],
      "segments": [
        1,
        4,
        2,
        4,
        2,
        4,
        2,
        4,
        2,
        2
      ]
    },
    {
      "type": "shape",
      "background": "#b3b1be",
      "points": [
        301.8,
        333,
        301.8,
        327.6,
        298,
        325.4,
        293.2,
        328,
        288.4,
        330.8,
        284.6,
        337.4,
        284.6,
        343,
        284.6,
        346.2,
        284.6,
        355.6,
        284.6,
        358.8,
        284.6,
        364.2,
        288.4,
        366.4,
        293.2,
        363.8,
        298,
        361,
        301.8,
        354.4,
        301.8,
        348.8,
        301.8,
        345.6,
        301.8,
        336.2,
        301.8,
        333,
        301.8,
        333
      ],
      "segments": [
        1,
        4,
        4,
        4,
        4,
        4,
        4,
        2
      ]
    },
    {
      "type": "shape",
      "background": "#040216",
      "points": [
        298.8,
        334.8,
        298.8,
        331.2,
        296.2,
        329.8,
        293.2,
        331.6,
        290,
        333.4,
        287.6,
        337.8,
        287.6,
        341.4,
        287.6,
        345,
        290.2,
        346.4,
        293.2,
        344.6,
        296.4,
        342.8,
        298.8,
        338.4,
        298.8,
        334.8,
        298.8,
        334.8
      ],
      "segments": [
        1,
        4,
        4,
        4,
        4,
        2
      ]
    },
    {
      "type": "shape",
      "background": "#5fba00",
      "points": [
        296.2,
        336.2,
        296.2,
        334.2,
        294.8,
        333.4,
        293.2,
        334.4,
        291.6,
        335.4,
        290.2,
        337.8,
        290.2,
        339.6,
        290.2,
        341.6,
        291.6,
        342.2,
        293.2,
        341.4,
        295,
        340.6,
        296.2,
        338.2,
        296.2,
        336.2,
        296.2,
        336.2
      ],
      "segments": [
        1,
        4,
        4,
        4,
        4,
        2
      ]
    },
    {
      "type": "shape",
      "background": "#323236",
      "points": [
        293.2,
        355,
        292.8,
        355.2,
        292.4,
        355,
        292.4,
        354.6,
        292.4,
        348.2,
        292.4,
        347.8,
        292.8,
        347.2,
        293.2,
        347,
        293.6,
        346.8,
        294,
        347,
        294,
        347.4,
        294,
        353.8,
        294,
        354.2,
        293.6,
        354.8,
        293.2,
        355,
        293.2,
        355
      ],
      "segments": [
        1,
        4,
        2,
        4,
        4,
        2,
        4,
        2
      ]
    },
    {
      "type": "shape",
      "background": "#323236",
      "points": [
        293.4,
        360.6,
        290.2,
        362.4,
        287.6,
        361,
        287.6,
        357.2,
        287.6,
        354.8,
        288.6,
        352,
        290.4,
        349.8,
        290.8,
        349.4,
        291.2,
        349.2,
        291.4,
        349.6,
        291.6,
        349.8,
        291.4,
        350.4,
        291.2,
        350.8,
        289.8,
        352.6,
        289,
        354.6,
        289,
        356.4,
        289,
        359.2,
        291,
        360.4,
        293.4,
        359,
        295.8,
        357.6,
        297.8,
        354,
        297.8,
        351.2,
        297.8,
        349.4,
        297,
        348.2,
        295.6,
        348,
        295.2,
        348,
        295.2,
        347.6,
        295.4,
        347,
        295.6,
        346.4,
        296,
        346.2,
        296.4,
        346.2,
        298.2,
        346.4,
        299.2,
        348,
        299.2,
        350.4,
        299.2,
        354.2,
        296.6,
        358.8,
        293.4,
        360.6,
        293.4,
        360.6
      ],
      "segments": [
        1,
        4,
        4,
        4,
        4,
        4,
        4,
        4,
        4,
        4,
        4,
        4,
        4,
        2
      ]
    },
    {
      "type": "shape",
      "background": "#30363a",
      "points": [
        344.2,
        298.8,
        314,
        316,
        314.2,
        348.8,
        344.2,
        331.8,
        344.2,
        298.8,
        344.2,
        298.8
      ]
    },
    {
      "type": "shape",
      "background": "#ffda00",
      "points": [
        340.8,
        306.2,
        317.4,
        320,
        317.4,
        336.4,
        320.8,
        334.6,
        320.8,
        339.4,
        323.8,
        337.6,
        323.8,
        339.2,
        334.6,
        333,
        334.6,
        331.4,
        337.6,
        329.6,
        337.4,
        324.8,
        340.8,
        322.8,
        340.8,
        306.2,
        340.8,
        306.2
      ]
    },
    {
      "type": "shape",
      "background": "#30363a",
      "points": [
        372.2,
        282.8,
        342,
        300,
        342.2,
        332.8,
        372.2,
        315.8,
        372.2,
        282.8,
        372.2,
        282.8
      ]
    },
    {
      "type": "shape",
      "background": "#ffda00",
      "points": [
        368.8,
        290.2,
        345.4,
        304,
        345.4,
        320.4,
        348.8,
        318.6,
        348.8,
        323.4,
        351.8,
        321.6,
        351.8,
        323.2,
        362.6,
        317,
        362.6,
        315.4,
        365.6,
        313.6,
        365.4,
        308.8,
        368.8,
        306.8,
        368.8,
        290.2,
        368.8,
        290.2
      ]
    },
    {
      "type": "shape",
      "background": "#30363a",
      "points": [
        461.8,
        232,
        380.4,
        278.4,
        379.6,
        278.8,
        379.2,
        279.6,
        379.2,
        280.6,
        379.4,
        307.8,
        379.4,
        309.6,
        381.4,
        310.8,
        383,
        309.8,
        464.2,
        263.4,
        465,
        263,
        465.4,
        262.2,
        465.4,
        261.2,
        465.4,
        233.8,
        465.4,
        232.2,
        463.4,
        231,
        461.8,
        232,
        461.8,
        232
      ],
      "segments": [
        1,
        2,
        4,
        2,
        4,
        2,
        4,
        2,
        4,
        2
      ]
    },
    {
      "type": "shape",
      "background": "#ffda00",
      "points": [
        406,
        269.4,
        382.6,
        283,
        382.6,
        299.6,
        386,
        297.6,
        386,
        302.4,
        389,
        300.6,
        389,
        302.4,
        399.8,
        296,
        399.8,
        294.4,
        402.8,
        292.8,
        402.8,
        287.8,
        406.2,
        286,
        406,
        269.4,
        406,
        269.4
      ]
    },
    {
      "type": "shape",
      "background": "#ffda00",
      "points": [
        434,
        253.4,
        410.6,
        267,
        410.6,
        283.6,
        414,
        281.6,
        414,
        286.4,
        417,
        284.6,
        417,
        286.4,
        427.8,
        280,
        427.8,
        278.4,
        430.8,
        276.8,
        430.8,
        271.8,
        434.2,
        270,
        434,
        253.4,
        434,
        253.4
      ]
    },
    {
      "type": "shape",
      "background": "#ffda00",
      "points": [
        462,
        237.4,
        438.6,
        251,
        438.6,
        267.6,
        442,
        265.6,
        442,
        270.4,
        445,
        268.6,
        445,
        270.4,
        455.8,
        264,
        455.8,
        262.4,
        458.8,
        260.8,
        458.8,
        255.8,
        462.2,
        254,
        462,
        237.4,
        462,
        237.4
      ]
    },
    {
      "type": "shape",
      "background": "#6b6b6b",
      "points": [
        264.6,
        351.2,
        264.6,
        348.8,
        262.8,
        347.8,
        260.8,
        349,
        258.6,
        350.2,
        257,
        353.2,
        257,
        355.6,
        257,
        358,
        258.8,
        359,
        260.8,
        357.8,
        262.8,
        356.6,
        264.6,
        353.6,
        264.6,
        351.2,
        264.6,
        351.2
      ],
      "segments": [
        1,
        4,
        4,
        4,
        4,
        2
      ]
    },
    {
      "type": "shape",
      "background": "#040216",
      "points": [
        262.8,
        352,
        262.8,
        350.6,
        261.8,
        350,
        260.6,
        350.8,
        259.4,
        351.6,
        258.4,
        353.2,
        258.4,
        354.6,
        258.4,
        356,
        259.4,
        356.6,
        260.6,
        355.8,
        261.8,
        355.2,
        262.8,
        353.6,
        262.8,
        352,
        262.8,
        352
      ],
      "segments": [
        1,
        4,
        4,
        4,
        4,
        2
      ]
    },
    {
      "type": "shape",
      "background": "#6b6b6b",
      "points": [
        256.2,
        382.2,
        252.6,
        384.4,
        250.8,
        382.6,
        250.4,
        381.4,
        250,
        380.8,
        249.6,
        379.6,
        248.8,
        377.4,
        248.2,
        375.6,
        248.4,
        373.4,
        249.4,
        371.4,
        250.4,
        369.4,
        252,
        367.6,
        253.8,
        366.6,
        254.8,
        366,
        257.8,
        364.2,
        260.6,
        362.6,
        263.6,
        360.8,
        266.6,
        359.2,
        267.4,
        358.6,
        269.2,
        357.6,
        270.8,
        357.4,
        271.8,
        358.4,
        272.8,
        359.4,
        273,
        361.4,
        272.4,
        363.8,
        271.8,
        366.4,
        271,
        369.2,
        270.8,
        369.6,
        270.4,
        371.4,
        268.6,
        375,
        265,
        377,
        256.2,
        382.2,
        256.2,
        382.2
      ],
      "segments": [
        1,
        4,
        4,
        4,
        4,
        4,
        4,
        4,
        4,
        4,
        4,
        2,
        2
      ]
    },
    {
      "type": "shape",
      "background": "#fdfdfd",
      "points": [
        267.6,
        361.6,
        265.8,
        362.8,
        255.8,
        368.6,
        253.8,
        369.6,
        251.8,
        370.6,
        250.8,
        372.8,
        251.4,
        375,
        252.2,
        377,
        253,
        379,
        253,
        379,
        253,
        379,
        253.6,
        380.6,
        256.2,
        379.2,
        258.6,
        377.8,
        262.8,
        375.4,
        265.2,
        374,
        267.8,
        372.4,
        268.4,
        370.2,
        268.4,
        370.2,
        268.4,
        370.2,
        269.2,
        367.2,
        270,
        364.4,
        270.6,
        361.4,
        269.4,
        360.6,
        267.6,
        361.6,
        267.6,
        361.6
      ],
      "segments": [
        1,
        4,
        4,
        4,
        4,
        4,
        4,
        4,
        4,
        2
      ]
    },
    {
      "type": "shape",
      "background": "#040216",
      "points": [
        254.6,
        372.8,
        254,
        373.2,
        253.6,
        372.8,
        253.6,
        372.4,
        253.6,
        371.8,
        254,
        371.2,
        254.6,
        370.8,
        255,
        370.6,
        255.4,
        370.8,
        255.4,
        371.4,
        255.6,
        371.8,
        255.2,
        372.6,
        254.6,
        372.8,
        254.6,
        372.8,
        258.4,
        369.6,
        258.4,
        369,
        258,
        368.8,
        257.4,
        369,
        257,
        369.2,
        256.6,
        370,
        256.6,
        370.6,
        256.6,
        371.2,
        257,
        371.4,
        257.6,
        371.2,
        258,
        371,
        258.4,
        370.2,
        258.4,
        369.6,
        258.4,
        369.6,
        261.2,
        368,
        261.2,
        367.4,
        260.8,
        367.2,
        260.2,
        367.4,
        259.8,
        367.6,
        259.4,
        368.4,
        259.4,
        369,
        259.4,
        369.6,
        259.8,
        369.8,
        260.2,
        369.6,
        260.8,
        369.4,
        261.2,
        368.6,
        261.2,
        368,
        261.2,
        368,
        264,
        366.4,
        264,
        365.8,
        263.6,
        365.6,
        263.2,
        365.8,
        262.6,
        366,
        262.2,
        366.8,
        262.2,
        367.4,
        262.2,
        368,
        262.6,
        368.2,
        263.2,
        368,
        263.6,
        367.6,
        264,
        367,
        264,
        366.4,
        264,
        366.4,
        266.8,
        364.8,
        266.8,
        364.2,
        266.4,
        364,
        265.8,
        364.2,
        265.4,
        364.4,
        265,
        365.2,
        265,
        365.8,
        265,
        366.4,
        265.4,
        366.6,
        265.8,
        366.4,
        266.4,
        366,
        266.8,
        365.4,
        266.8,
        364.8,
        266.8,
        364.8,
        255.6,
        376.4,
        255.6,
        375.8,
        255.2,
        375.6,
        254.8,
        375.8,
        254.2,
        376,
        253.8,
        376.8,
        253.8,
        377.4,
        253.8,
        378,
        254.2,
        378.2,
        254.8,
        378,
        255.2,
        377.8,
        255.6,
        377,
        255.6,
        376.4,
        255.6,
        376.4,
        258.4,
        374.8,
        258.4,
        374.2,
        258,
        374,
        257.4,
        374.2,
        257,
        374.4,
        256.6,
        375.2,
        256.6,
        375.8,
        256.6,
        376.4,
        257,
        376.6,
        257.6,
        376.4,
        258,
        376.2,
        258.4,
        375.4,
        258.4,
        374.8,
        258.4,
        374.8,
        261.2,
        373.2,
        261.2,
        372.6,
        260.8,
        372.4,
        260.2,
        372.8,
        259.8,
        373,
        259.4,
        373.8,
        259.4,
        374.4,
        259.4,
        375,
        259.8,
        375.2,
        260.2,
        375,
        260.8,
        374.4,
        261.2,
        373.8,
        261.2,
        373.2,
        261.2,
        373.2,
        264,
        371.6,
        264,
        371,
        263.6,
        370.8,
        263.2,
        371,
        262.6,
        371.2,
        262.2,
        372,
        262.2,
        372.6,
        262.2,
        373.2,
        262.6,
        373.4,
        263.2,
        373.2,
        263.6,
        372.8,
        264,
        372.2,
        264,
        371.6,
        264,
        371.6,
        266.8,
        369.8,
        266.8,
        369.2,
        266.4,
        369,
        265.8,
        369.2,
        265.4,
        369.4,
        265,
        370.2,
        265,
        370.8,
        265,
        371.4,
        265.4,
        371.6,
        266,
        371.4,
        266.4,
        371.2,
        266.8,
        370.4,
        266.8,
        369.8,
        266.8,
        369.8,
        257,
        373,
        257,
        372.4,
        256.6,
        372.2,
        256.2,
        372.4,
        255.6,
        372.6,
        255.2,
        373.4,
        255.2,
        374,
        255.2,
        374.6,
        255.6,
        374.8,
        256.2,
        374.6,
        256.6,
        374.2,
        257,
        373.6,
        257,
        373,
        257,
        373,
        259.8,
        371.4,
        259.8,
        370.8,
        259.4,
        370.6,
        259,
        370.8,
        258.6,
        371,
        258.2,
        371.8,
        258.2,
        372.4,
        258.2,
        373,
        258.6,
        373.2,
        259,
        373,
        259.4,
        372.6,
        259.8,
        372,
        259.8,
        371.4,
        259.8,
        371.4,
        262.6,
        369.8,
        262.6,
        369.2,
        262.2,
        369,
        261.6,
        369.2,
        261.2,
        369.4,
        260.8,
        370.2,
        260.8,
        370.8,
        260.8,
        371.4,
        261.2,
        371.6,
        261.6,
        371.4,
        262.2,
        371,
        262.6,
        370.2,
        262.6,
        369.8,
        262.6,
        369.8,
        265.4,
        368.2,
        265.4,
        367.6,
        265,
        367.4,
        264.6,
        367.6,
        264.2,
        367.8,
        263.6,
        368.6,
        263.6,
        369.2,
        263.6,
        369.8,
        264,
        370,
        264.6,
        369.8,
        265,
        369.4,
        265.4,
        368.6,
        265.4,
        368.2,
        265.4,
        368.2,
        268.2,
        366.4,
        268.2,
        365.8,
        267.8,
        365.6,
        267.4,
        365.8,
        267,
        366,
        266.4,
        366.8,
        266.4,
        367.4,
        266.4,
        368,
        266.8,
        368.2,
        267.4,
        368,
        267.8,
        367.8,
        268.2,
        367,
        268.2,
        366.4,
        268.2,
        366.4
      ],
      "segments": [
        1,
        4,
        4,
        4,
        4,
        2,
        1,
        4,
        4,
        4,
        4,
        2,
        1,
        4,
        4,
        4,
        4,
        2,
        1,
        4,
        4,
        4,
        4,
        2,
        1,
        4,
        4,
        4,
        4,
        2,
        1,
        4,
        4,
        4,
        4,
        2,
        1,
        4,
        4,
        4,
        4,
        2,
        1,
        4,
        4,
        4,
        4,
        2,
        1,
        4,
        4,
        4,
        4,
        2,
        1,
        4,
        4,
        4,
        4,
        2,
        1,
        4,
        4,
        4,
        4,
        2,
        1,
        4,
        4,
        4,
        4,
        2,
        1,
        4,
        4,
        4,
        4,
        2,
        1,
        4,
        4,
        4,
        4,
        2,
        1,
        4,
        4,
        4,
        4,
        2
      ]
    },
    {
      "type": "shape",
      "background": "#04ba97",
      "fillRule": "evenodd",
      "points": [
        107.8,
        248.8,
        95.6,
        241.6,
        95.2,
        241.4,
        94.4,
        241.4,
        93.8,
        241.6,
        91.2,
        243.2,
        90.8,
        243.4,
        90.8,
        244,
        91.2,
        244.2,
        103.4,
        251.4,
        103.8,
        251.6,
        104.6,
        251.6,
        105.2,
        251.4,
        107.8,
        249.8,
        108.2,
        249.6,
        108.2,
        249,
        107.8,
        248.8,
        107.8,
        248.8,
        202,
        185,
        168.8,
        185,
        168.4,
        185,
        168,
        185.2,
        167.8,
        185.4,
        178.4,
        191.6,
        103,
        236.2,
        102.6,
        236.4,
        102.6,
        237,
        103,
        237.2,
        115.2,
        244.4,
        115.6,
        244.6,
        116.4,
        244.6,
        117,
        244.4,
        192.4,
        199.8,
        202.8,
        206,
        203.2,
        205.8,
        203.4,
        205.6,
        203.4,
        205.4,
        203.4,
        185.8,
        203.2,
        185.2,
        202.6,
        185,
        202,
        185,
        202,
        185,
        96,
        255.6,
        83.8,
        248.4,
        83.4,
        248.2,
        82.6,
        248.2,
        82,
        248.4,
        79.4,
        250,
        79,
        250.2,
        79,
        250.8,
        79.4,
        251,
        91.6,
        258.2,
        92,
        258.4,
        92.8,
        258.4,
        93.4,
        258.2,
        96,
        256.6,
        96.4,
        256.4,
        96.4,
        256,
        96,
        255.6,
        96,
        255.6,
        346.6,
        255.2,
        334.4,
        248,
        334,
        247.8,
        333.2,
        247.8,
        332.6,
        248,
        330,
        249.6,
        329.6,
        249.8,
        329.6,
        250.4,
        330,
        250.6,
        342.2,
        257.8,
        342.6,
        258,
        343.4,
        258,
        344,
        257.8,
        346.6,
        256.2,
        347,
        256,
        347,
        255.6,
        346.6,
        255.2,
        346.6,
        255.2,
        442,
        192.2,
        442,
        191.8,
        441.4,
        191.4,
        440.8,
        191.4,
        407.6,
        191.4,
        407.2,
        191.4,
        406.8,
        191.6,
        406.6,
        191.8,
        417.2,
        198,
        341.8,
        242.6,
        341.4,
        242.8,
        341.4,
        243.4,
        341.8,
        243.6,
        354,
        250.8,
        354.4,
        251,
        355.2,
        251,
        355.8,
        250.8,
        431.2,
        206.2,
        441.6,
        212.4,
        442,
        212.2,
        442.2,
        212,
        442.2,
        211.8,
        442,
        192.2,
        442,
        192.2,
        334.8,
        262.2,
        322.6,
        255,
        322.2,
        254.8,
        321.4,
        254.8,
        320.8,
        255,
        318.2,
        256.6,
        317.8,
        256.8,
        317.8,
        257.4,
        318.2,
        257.6,
        330.4,
        264.8,
        330.8,
        265,
        331.6,
        265,
        332.2,
        264.8,
        334.8,
        263.2,
        335.2,
        263,
        335.2,
        262.4,
        334.8,
        262.2,
        334.8,
        262.2
      ],
      "segments": [
        1,
        2,
        4,
        2,
        4,
        2,
        4,
        2,
        4,
        2,
        1,
        2,
        4,
        2,
        2,
        4,
        2,
        4,
        2,
        2,
        4,
        2,
        4,
        2,
        1,
        2,
        4,
        2,
        4,
        2,
        4,
        2,
        4,
        2,
        1,
        2,
        4,
        2,
        4,
        2,
        4,
        2,
        4,
        2,
        1,
        4,
        2,
        4,
        2,
        2,
        4,
        2,
        4,
        2,
        2,
        4,
        2,
        2,
        1,
        2,
        4,
        2,
        4,
        2,
        4,
        2,
        4,
        2
      ]
    },
    {
      "type": "shape",
      "background": "#04ba97",
      "fillRule": "evenodd",
      "points": [
        298,
        199.2,
        291,
        195.6,
        275,
        184,
        275,
        184,
        271.4,
        192,
        226.6,
        196,
        226.6,
        196,
        226.6,
        196,
        219.8,
        222.4,
        206.2,
        224.4,
        206.2,
        224.4,
        225,
        234.4,
        232,
        237.8,
        267,
        261.4,
        299.6,
        246,
        309.4,
        244.4,
        311.8,
        238.8,
        338,
        219.8,
        298,
        199.2,
        298,
        199.2,
        302,
        240.4,
        294,
        241.6,
        267.4,
        254.2,
        238.6,
        234.8,
        232.8,
        232,
        217.4,
        223.8,
        217.4,
        223.8,
        228.6,
        222,
        234,
        200.6,
        234,
        200.6,
        234,
        200.6,
        270.8,
        197.4,
        273.6,
        190.8,
        273.6,
        190.8,
        286.6,
        200.2,
        292.4,
        203.2,
        325.4,
        220.2,
        304,
        235.8,
        302,
        240.4,
        302,
        240.4,
        278.6,
        203.8,
        272.8,
        203.8,
        272,
        203.8,
        271.4,
        204.4,
        271.4,
        205.2,
        271.4,
        226.8,
        252.2,
        226.8,
        251.4,
        226.8,
        250.8,
        227.2,
        250.8,
        227.6,
        250.8,
        231,
        250.8,
        231.4,
        251.4,
        231.8,
        252.2,
        231.8,
        278.6,
        231.8,
        279.4,
        231.8,
        280,
        231.2,
        280,
        230.4,
        280,
        205.2,
        280,
        204.4,
        279.4,
        203.8,
        278.6,
        203.8,
        278.6,
        203.8
      ],
      "segments": [
        1,
        4,
        4,
        4,
        4,
        4,
        4,
        2,
        1,
        4,
        4,
        4,
        4,
        4,
        4,
        2,
        1,
        2,
        4,
        2,
        2,
        4,
        2,
        4,
        2,
        4,
        2,
        4,
        2
      ]
    }
  ]
}