{
  "width": 512,
  "height": 512,
  "comps": [
    {
      "type": "shape",
      "background": "#efefef",
      "points": [
        256,
        366.2,
        482,
        235.6,
        257.4,
        106,
        31.4,
        236.4,
        256,
        366.2,
        256,
        366.2
      ]
    },
    {
      "type": "shape",
      "background": "#515454",
      "points": [
        256,
        366.2,
        482,
        235.6,
        482,
        314,
        256,
        444.4,
        256,
        444.4,
        256,
        444.4,
        256,
        366.2,
        256,
        366.2
      ]
    },
    {
      "type": "shape",
      "background": "#adadad",
      "points": [
        256,
        366.2,
        256,
        444.2,
        31.4,
        314.6,
        31.4,
        236.4,
        256,
        366.2,
        256,
        366.2
      ]
    },
    {
      "type": "shape",
      "background": "#131717",
      "points": [
        232,
        420.2,
        55,
        317.8,
        55,
        264,
        231.8,
        366,
        232,
        420.2,
        232,
        420.2
      ]
    },
    {
      "type": "shape",
      "background": "#00f2eb",
      "points": [
        77,
        318.8,
        77,
        321,
        75.4,
        322,
        73.4,
        320.8,
        73.4,
        320.8,
        71.4,
        319.6,
        69.8,
        316.8,
        69.8,
        314.6,
        69.8,
        280.8,
        69.8,
        278.6,
        71.4,
        277.6,
        73.4,
        278.8,
        73.4,
        278.8,
        75.4,
        280,
        77,
        282.8,
        77,
        285,
        77,
        318.8,
        77,
        318.8
      ],
      "segments": [
        1,
        4,
        2,
        4,
        2,
        4,
        2,
        4,
        2,
        2
      ]
    },
    {
      "type": "shape",
      "background": "#00f2eb",
      "points": [
        95.4,
        330.8,
        95.4,
        333,
        93.8,
        334,
        91.8,
        332.8,
        91.8,
        332.8,
        89.8,
        331.6,
        88.2,
        328.8,
        88.2,
        326.6,
        88.2,
        293,
        88.2,
        290.8,
        89.8,
        289.8,
        91.8,
        291,
        91.8,
        291,
        93.8,
        292.2,
        95.4,
        295,
        95.4,
        297.2,
        95.4,
        330.8,
        95.4,
        330.8
      ],
      "segments": [
        1,
        4,
        2,
        4,
        2,
        4,
        2,
        4,
        2,
        2
      ]
    },
    {
      "type": "shape",
      "background": "#00f2eb",
      "points": [
        113.4,
        340.8,
        113.4,
        343,
        111.8,
        344,
        109.8,
        342.8,
        109.8,
        342.8,
        107.8,
        341.6,
        106.2,
        338.8,
        106.2,
        336.6,
        106.2,
        303,
        106.2,
        300.8,
        107.8,
        299.8,
        109.8,
        301,
        109.8,
        301,
        111.8,
        302.2,
        113.4,
        305,
        113.4,
        307.2,
        113.4,
        340.8,
        113.4,
        340.8
      ],
      "segments": [
        1,
        4,
        2,
        4,
        2,
        4,
        2,
        4,
        2,
        2
      ]
    },
    {
      "type": "shape",
      "background": "#00f2eb",
      "points": [
        133.4,
        352.8,
        133.4,
        355,
        131.8,
        356,
        129.8,
        354.8,
        129.8,
        354.8,
        127.8,
        353.6,
        126.2,
        350.8,
        126.2,
        348.6,
        126.2,
        315,
        126.2,
        312.8,
        127.8,
        311.8,
        129.8,
        313,
        129.8,
        313,
        131.8,
        314.2,
        133.4,
        317,
        133.4,
        319.2,
        133.4,
        352.8,
        133.4,
        352.8
      ],
      "segments": [
        1,
        4,
        2,
        4,
        2,
        4,
        2,
        4,
        2,
        2
      ]
    },
    {
      "type": "shape",
      "background": "#00f2eb",
      "points": [
        153.4,
        364.8,
        153.4,
        367,
        151.8,
        368,
        149.8,
        366.8,
        149.8,
        366.8,
        147.8,
        365.6,
        146.2,
        362.8,
        146.2,
        360.6,
        146.2,
        327,
        146.2,
        324.8,
        147.8,
        323.8,
        149.8,
        325,
        149.8,
        325,
        151.8,
        326.2,
        153.4,
        329,
        153.4,
        331.2,
        153.4,
        364.8,
        153.4,
        364.8
      ],
      "segments": [
        1,
        4,
        2,
        4,
        2,
        4,
        2,
        4,
        2,
        2
      ]
    },
    {
      "type": "shape",
      "background": "#00f2eb",
      "points": [
        175.4,
        376.8,
        175.4,
        379,
        173.8,
        380,
        171.8,
        378.8,
        171.8,
        378.8,
        169.8,
        377.6,
        168.2,
        374.8,
        168.2,
        372.6,
        168.2,
        339,
        168.2,
        336.8,
        169.8,
        335.8,
        171.8,
        337,
        171.8,
        337,
        173.8,
        338.2,
        175.4,
        341,
        175.4,
        343.2,
        175.4,
        376.8,
        175.4,
        376.8
      ],
      "segments": [
        1,
        4,
        2,
        4,
        2,
        4,
        2,
        4,
        2,
        2
      ]
    },
    {
      "type": "shape",
      "background": "#00f2eb",
      "points": [
        195.4,
        388.8,
        195.4,
        391,
        193.8,
        392,
        191.8,
        390.8,
        191.8,
        390.8,
        189.8,
        389.6,
        188.2,
        386.8,
        188.2,
        384.6,
        188.2,
        351,
        188.2,
        348.8,
        189.8,
        347.8,
        191.8,
        349,
        191.8,
        349,
        193.8,
        350.2,
        195.4,
        353,
        195.4,
        355.2,
        195.4,
        388.8,
        195.4,
        388.8
      ],
      "segments": [
        1,
        4,
        2,
        4,
        2,
        4,
        2,
        4,
        2,
        2
      ]
    },
    {
      "type": "shape",
      "background": "#00f2eb",
      "points": [
        215.4,
        398.8,
        215.4,
        401,
        213.8,
        402,
        211.8,
        400.8,
        211.8,
        400.8,
        209.8,
        399.6,
        208.2,
        396.8,
        208.2,
        394.6,
        208.2,
        361,
        208.2,
        358.8,
        209.8,
        357.8,
        211.8,
        359,
        211.8,
        359,
        213.8,
        360.2,
        215.4,
        363,
        215.4,
        365.2,
        215.4,
        398.8,
        215.4,
        398.8
      ],
      "segments": [
        1,
        4,
        2,
        4,
        2,
        4,
        2,
        4,
        2,
        2
      ]
    },
    {
      "type": "shape",
      "background": "#0ae2c3",
      "points": [
        283.4,
        374.8,
        283.4,
        408.2,
        326.2,
        383.6,
        326.2,
        350.4,
        283.4,
        374.8,
        283.4,
        374.8
      ]
    },
    {
      "type": "shape",
      "background": "#2d2d2d",
      "points": [
        288.2,
        377.6,
        288.2,
        400.6,
        321.2,
        381.8,
        321.4,
        358.6,
        288.2,
        377.6,
        288.2,
        377.6
      ]
    },
    {
      "type": "shape",
      "background": "#dddddd",
      "points": [
        290.4,
        378.8,
        290.4,
        387.8,
        319.2,
        371.4,
        319.2,
        362.4,
        290.4,
        378.8,
        290.4,
        378.8
      ]
    },
    {
      "type": "shape",
      "background": "#2d2d2d",
      "points": [
        290.4,
        387.8,
        290.4,
        396.8,
        319.2,
        380.4,
        319,
        371.4,
        290.4,
        387.8,
        290.4,
        387.8
      ]
    },
    {
      "type": "shape",
      "background": "rgb(124,145,155)",
      "points": [
        369.4,
        326.8,
        369.4,
        360.2,
        412.2,
        335.6,
        412.2,
        302.4,
        369.4,
        326.8,
        369.4,
        326.8
      ]
    },
    {
      "type": "shape",
      "background": "#2d2d2d",
      "points": [
        374.2,
        329.6,
        374.2,
        352.6,
        407.2,
        333.8,
        407.4,
        310.6,
        374.2,
        329.6,
        374.2,
        329.6
      ]
    },
    {
      "type": "shape",
      "background": "#dddddd",
      "points": [
        376.4,
        330.8,
        376.4,
        339.8,
        405.2,
        323.4,
        405.2,
        314.4,
        376.4,
        330.8,
        376.4,
        330.8
      ]
    },
    {
      "type": "shape",
      "background": "#2d2d2d",
      "points": [
        376.4,
        339.8,
        376.4,
        348.8,
        405.2,
        332.4,
        405,
        323.4,
        376.4,
        339.8,
        376.4,
        339.8
      ]
    },
    {
      "type": "shape",
      "background": "rgb(124,145,155)",
      "points": [
        419.4,
        298.8,
        419.4,
        332.2,
        462.2,
        307.6,
        462.2,
        274.4,
        419.4,
        298.8,
        419.4,
        298.8
      ]
    },
    {
      "type": "shape",
      "background": "#2d2d2d",
      "points": [
        424.2,
        301.6,
        424.2,
        324.6,
        457.2,
        305.8,
        457.4,
        282.6,
        424.2,
        301.6,
        424.2,
        301.6
      ]
    },
    {
      "type": "shape",
      "background": "#e0e0e0",
      "points": [
        426.4,
        302.8,
        426.4,
        311.8,
        455.2,
        295.4,
        455.2,
        286.4,
        426.4,
        302.8,
        426.4,
        302.8
      ]
    },
    {
      "type": "shape",
      "background": "#2d2d2d",
      "points": [
        426.4,
        311.8,
        426.4,
        320.8,
        455.2,
        304.4,
        455,
        295.4,
        426.4,
        311.8,
        426.4,
        311.8
      ]
    },
    {
      "type": "shape",
      "background": "#04ba97",
      "points": [
        161.6,
        254.4,
        173.6,
        247.4,
        179,
        244.4,
        179,
        236.6,
        173.6,
        233.4,
        161.6,
        226.6,
        159.2,
        225.2,
        156,
        225.2,
        153.6,
        226.6,
        141.6,
        233.6,
        136.2,
        236.6,
        136.2,
        244.4,
        141.6,
        247.6,
        153.6,
        254.4,
        156,
        256,
        159,
        256,
        161.6,
        254.4,
        161.6,
        254.4
      ],
      "segments": [
        1,
        2,
        4,
        2,
        4,
        2,
        4,
        2,
        4,
        2
      ]
    },
    {
      "type": "shape",
      "background": "#04ba97",
      "points": [
        205.2,
        281.8,
        217.2,
        274.8,
        222.6,
        271.8,
        222.6,
        264,
        217.2,
        260.8,
        205.2,
        254,
        202.8,
        252.6,
        199.6,
        252.6,
        197.2,
        254,
        185.2,
        261,
        179.8,
        264,
        179.8,
        271.8,
        185.2,
        275,
        197.2,
        281.8,
        199.8,
        283.2,
        202.8,
        283.2,
        205.2,
        281.8,
        205.2,
        281.8
      ],
      "segments": [
        1,
        2,
        4,
        2,
        4,
        2,
        4,
        2,
        4,
        2
      ]
    },
    {
      "type": "shape",
      "background": "#04ba97",
      "points": [
        254.4,
        309.2,
        266.4,
        302.2,
        271.8,
        299.2,
        271.8,
        291.4,
        266.4,
        288.2,
        254.4,
        281.4,
        252,
        280,
        248.8,
        280,
        246.4,
        281.4,
        234.4,
        288.4,
        229,
        291.4,
        229,
        299.2,
        234.4,
        302.4,
        246.4,
        309.2,
        248.8,
        310.6,
        252,
        310.6,
        254.4,
        309.2,
        254.4,
        309.2
      ],
      "segments": [
        1,
        2,
        4,
        2,
        4,
        2,
        4,
        2,
        4,
        2
      ]
    },
    {
      "type": "shape",
      "background": "#04ba97",
      "points": [
        301,
        232.8,
        332,
        215,
        338.6,
        211.2,
        338.6,
        201.6,
        332,
        197.8,
        301.4,
        180,
        298.4,
        178.2,
        294.6,
        178.2,
        291.4,
        180,
        260.6,
        198,
        254,
        201.8,
        254,
        211.4,
        260.6,
        215.2,
        291.2,
        232.8,
        294.2,
        234.6,
        298,
        234.6,
        301,
        232.8,
        301,
        232.8
      ],
      "segments": [
        1,
        2,
        4,
        2,
        4,
        2,
        4,
        2,
        4,
        2
      ]
    },
    {
      "type": "shape",
      "background": "#04ba97",
      "fillRule": "evenodd",
      "points": [
        294,
        260.6,
        255.2,
        238.2,
        279.2,
        224.4,
        280.8,
        223.6,
        280.8,
        222,
        279.2,
        221.2,
        277.6,
        220.4,
        275.2,
        220.4,
        273.6,
        221.2,
        249.6,
        235,
        212.4,
        213.4,
        211.4,
        212.8,
        210.9,
        212.25358,
        209,
        212.35358,
        207.1,
        212.45358,
        205.8,
        213.2,
        204.8,
        213.8,
        168.2,
        235,
        173.8,
        238.2,
        210.4,
        217,
        245.6,
        237.4,
        209,
        258.6,
        214.6,
        261.8,
        251.2,
        240.6,
        287.8,
        261.8,
        287.8,
        261.8,
        251.2,
        283,
        256.8,
        286.2,
        293.4,
        265,
        294.4,
        264.4,
        294.8,
        263.6,
        294.4,
        262.8,
        295.2,
        262.2,
        295.2,
        261.2,
        294,
        260.6,
        294,
        260.6
      ],
      "segments": [
        1,
        2,
        2,
        4,
        4,
        2,
        2,
        4,
        4,
        2,
        2,
        2,
        2,
        2,
        2,
        2,
        2,
        2,
        2,
        2,
        2,
        4,
        4,
        2
      ]
    }
  ]
}