{
  "width": 512,
  "height": 512,
  "comps": [
    {
      "type": "shape",
      "background": "#000000",
      "opacity": 0.3,
      "points": [
        463.6,
        270,
        466.2,
        270,
        468.8,
        269.4,
        471,
        268.2,
        473.8,
        266.6,
        475.2,
        264.2,
        475.4,
        261.6,
        475.4,
        259,
        473.8,
        256.6,
        471.2,
        255,
        469.2,
        253.8,
        466.6,
        253.2,
        463.8,
        253.2,
        461.2,
        253.2,
        458.6,
        253.8,
        456.4,
        255,
        453.6,
        256.6,
        452.2,
        259,
        452.2,
        261.6,
        452.2,
        264.2,
        453.8,
        266.6,
        456.4,
        268.2,
        458.2,
        269.4,
        460.8,
        270,
        463.6,
        270,
        463.6,
        270
      ],
      "segments": [
        1,
        4,
        4,
        4,
        4,
        4,
        4,
        4,
        4,
        2
      ]
    },
    {
      "type": "shape",
      "background": "#000000",
      "points": [
        456,
        247.6,
        456,
        262.6,
        456,
        263.6,
        456.8,
        264.8,
        458.2,
        265.6,
        461,
        267.2,
        465.8,
        267.4,
        468.8,
        265.6,
        470.2,
        264.8,
        471,
        263.6,
        471,
        262.6,
        471,
        247.6,
        471,
        248.8,
        470.2,
        249.8,
        468.8,
        250.6,
        465.8,
        252.2,
        461.2,
        252.2,
        458.2,
        250.6,
        456.8,
        249.8,
        456,
        248.6,
        456,
        247.6,
        456,
        247.6
      ],
      "segments": [
        1,
        2,
        4,
        4,
        4,
        2,
        4,
        4,
        4,
        2
      ]
    },
    {
      "type": "shape",
      "background": "#000000",
      "points": [
        458.2,
        244.4,
        455.2,
        246,
        455.2,
        248.8,
        458.2,
        250.6,
        461,
        252.2,
        465.8,
        252.4,
        468.8,
        250.6,
        471.8,
        249,
        471.8,
        246.2,
        468.8,
        244.4,
        466,
        242.8,
        461.2,
        242.8,
        458.2,
        244.4,
        458.2,
        244.4
      ],
      "segments": [
        1,
        4,
        4,
        4,
        4,
        2
      ]
    },
    {
      "type": "shape",
      "background": "#000000",
      "opacity": 0.3,
      "points": [
        221.8,
        407.4,
        224.4,
        407.4,
        227,
        406.8,
        229.2,
        405.6,
        232,
        404,
        233.4,
        401.6,
        233.6,
        399,
        233.6,
        396.4,
        232,
        394,
        229.4,
        392.4,
        227.4,
        391.2,
        224.8,
        390.6,
        222,
        390.6,
        219.4,
        390.6,
        216.8,
        391.2,
        214.6,
        392.4,
        211.8,
        394,
        210.4,
        396.4,
        210.2,
        399,
        210.2,
        401.6,
        211.8,
        404,
        214.4,
        405.6,
        216.6,
        406.8,
        219.2,
        407.4,
        221.8,
        407.4,
        221.8,
        407.4
      ],
      "segments": [
        1,
        4,
        4,
        4,
        4,
        4,
        4,
        4,
        4,
        2
      ]
    },
    {
      "type": "shape",
      "background": "#000000",
      "points": [
        214.4,
        385,
        214.4,
        400,
        214.4,
        401,
        215.2,
        402.2,
        216.6,
        403,
        219.4,
        404.6,
        224.2,
        404.8,
        227.2,
        403,
        228.6,
        402.2,
        229.4,
        401,
        229.4,
        400,
        229.4,
        385,
        229.4,
        386.2,
        228.6,
        387.2,
        227.2,
        388,
        224.2,
        389.6,
        219.6,
        389.6,
        216.6,
        388,
        215.2,
        387.2,
        214.4,
        386,
        214.4,
        385,
        214.4,
        385
      ],
      "segments": [
        1,
        2,
        4,
        4,
        4,
        2,
        4,
        4,
        4,
        2
      ]
    },
    {
      "type": "shape",
      "background": "#000000",
      "points": [
        216.6,
        381.8,
        213.6,
        383.4,
        213.6,
        386.2,
        216.6,
        388,
        219.4,
        389.6,
        224.2,
        389.8,
        227.2,
        388,
        230.2,
        386.4,
        230.2,
        383.6,
        227.2,
        381.8,
        224.2,
        380.2,
        219.6,
        380.2,
        216.6,
        381.8,
        216.6,
        381.8
      ],
      "segments": [
        1,
        4,
        4,
        4,
        4,
        2
      ]
    },
    {
      "type": "shape",
      "background": "#000000",
      "opacity": 0.3,
      "points": [
        55.2,
        311.6,
        57.8,
        311.6,
        60.4,
        311,
        62.6,
        309.8,
        65.4,
        308.2,
        66.8,
        305.8,
        67,
        303.2,
        67,
        300.6,
        65.4,
        298.2,
        62.8,
        296.6,
        60.8,
        295.4,
        58.2,
        294.8,
        55.4,
        294.8,
        52.8,
        294.8,
        50.2,
        295.4,
        48,
        296.6,
        45.2,
        298.2,
        43.8,
        300.6,
        43.8,
        303.2,
        43.8,
        305.8,
        45.4,
        308.2,
        48,
        309.8,
        49.8,
        311,
        52.4,
        311.6,
        55.2,
        311.6,
        55.2,
        311.6
      ],
      "segments": [
        1,
        4,
        4,
        4,
        4,
        4,
        4,
        4,
        4,
        2
      ]
    },
    {
      "type": "shape",
      "background": "#000000",
      "points": [
        47.8,
        289.2,
        47.8,
        304.2,
        47.8,
        305.2,
        48.6,
        306.4,
        50,
        307.2,
        52.8,
        308.8,
        57.6,
        309,
        60.6,
        307.2,
        62,
        306.4,
        62.8,
        305.2,
        62.8,
        304.2,
        62.8,
        289.2,
        62.8,
        290.4,
        62,
        291.4,
        60.6,
        292.2,
        57.6,
        293.8,
        53,
        293.8,
        50,
        292.2,
        48.4,
        291.4,
        47.8,
        290.2,
        47.8,
        289.2,
        47.8,
        289.2
      ],
      "segments": [
        1,
        2,
        4,
        4,
        4,
        2,
        4,
        4,
        4,
        2
      ]
    },
    {
      "type": "shape",
      "background": "#000000",
      "points": [
        50,
        286,
        47,
        287.6,
        47,
        290.4,
        50,
        292.2,
        52.8,
        293.8,
        57.6,
        294,
        60.6,
        292.2,
        63.6,
        290.6,
        63.6,
        287.8,
        60.6,
        286,
        57.6,
        284.4,
        52.8,
        284.4,
        50,
        286,
        50,
        286
      ],
      "segments": [
        1,
        4,
        4,
        4,
        4,
        2
      ]
    },
    {
      "type": "shape",
      "background": "#121517",
      "points": [
        230.4,
        369.8,
        489.6,
        218.2,
        489.6,
        248.2,
        230.4,
        399.8,
        230.4,
        369.8,
        230.4,
        369.8
      ]
    },
    {
      "type": "shape",
      "background": "#efefef",
      "points": [
        32.8,
        256.6,
        290.4,
        106,
        291.4,
        105.4,
        292.6,
        105.4,
        293.6,
        106,
        489.4,
        218.4,
        230.2,
        370,
        32.8,
        256.6,
        32.8,
        256.6
      ],
      "segments": [
        1,
        2,
        4,
        2,
        2,
        2,
        2
      ]
    },
    {
      "type": "shape",
      "background": "#9b9b9b",
      "points": [
        230.4,
        369.8,
        230.4,
        399.8,
        32.8,
        286.6,
        32.8,
        256.6,
        230.4,
        369.8,
        230.4,
        369.8
      ]
    },
    {
      "type": "shape",
      "background": "#000000",
      "points": [
        39.2,
        268.6,
        39.2,
        280.2,
        39.2,
        280.8,
        39.6,
        281.6,
        40.2,
        281.8,
        40.8,
        282.2,
        41.2,
        282,
        41.2,
        281.4,
        41.2,
        269.8,
        41.2,
        269.2,
        40.8,
        268.4,
        40.2,
        268.2,
        39.6,
        267.8,
        39.2,
        268,
        39.2,
        268.6,
        39.2,
        268.6,
        63,
        282.4,
        63,
        294,
        63,
        294.6,
        63.4,
        295.4,
        64,
        295.6,
        64.6,
        296,
        65,
        295.8,
        65,
        295.2,
        65,
        283.6,
        65,
        283,
        64.6,
        282.2,
        64,
        282,
        63.6,
        281.6,
        63,
        281.8,
        63,
        282.4,
        63,
        282.4,
        55,
        277.8,
        55,
        289.4,
        55,
        290,
        55.4,
        290.8,
        56,
        291,
        56.6,
        291.4,
        57,
        291.2,
        57,
        290.6,
        57,
        279,
        57,
        278.4,
        56.6,
        277.6,
        56,
        277.4,
        55.4,
        277.2,
        55,
        277.2,
        55,
        277.8,
        55,
        277.8,
        67,
        284.6,
        67,
        296.2,
        67,
        296.8,
        67.4,
        297.6,
        68,
        297.8,
        68.6,
        298.2,
        69,
        298,
        69,
        297.4,
        69,
        285.8,
        69,
        285.2,
        68.6,
        284.4,
        68,
        284.2,
        67.4,
        283.8,
        67,
        284,
        67,
        284.6,
        67,
        284.6,
        59,
        280,
        59,
        291.6,
        59,
        292.2,
        59.4,
        293,
        60,
        293.2,
        60.6,
        293.6,
        61,
        293.4,
        61,
        292.8,
        61,
        281.2,
        61,
        280.6,
        60.6,
        279.8,
        60,
        279.6,
        59.6,
        279.2,
        59,
        279.4,
        59,
        280,
        59,
        280,
        43.2,
        270.8,
        43.2,
        282.4,
        43.2,
        283,
        43.6,
        283.8,
        44.2,
        284,
        44.8,
        284.4,
        45.2,
        284.2,
        45.2,
        283.6,
        45.2,
        272,
        45.2,
        271.4,
        44.8,
        270.6,
        44.2,
        270.4,
        43.6,
        270.2,
        43.2,
        270.2,
        43.2,
        270.8,
        43.2,
        270.8,
        51.2,
        275.4,
        51.2,
        287,
        51.2,
        287.6,
        51.6,
        288.4,
        52.2,
        288.6,
        52.8,
        289,
        53.2,
        288.8,
        53.2,
        288.2,
        53.2,
        276.6,
        53.2,
        276,
        52.8,
        275.2,
        52.2,
        275,
        51.6,
        274.6,
        51.2,
        274.8,
        51.2,
        275.4,
        51.2,
        275.4,
        47.2,
        273.2,
        47.2,
        284.8,
        47.2,
        285.4,
        47.6,
        286.2,
        48.2,
        286.4,
        48.8,
        286.8,
        49.2,
        286.6,
        49.2,
        286,
        49.2,
        274.4,
        49.2,
        273.8,
        48.8,
        273,
        48.2,
        272.8,
        47.6,
        272.4,
        47.2,
        272.6,
        47.2,
        273.2,
        47.2,
        273.2
      ],
      "segments": [
        1,
        2,
        4,
        4,
        2,
        4,
        4,
        2,
        1,
        2,
        4,
        4,
        2,
        4,
        4,
        2,
        1,
        2,
        4,
        4,
        2,
        4,
        4,
        2,
        1,
        2,
        4,
        4,
        2,
        4,
        4,
        2,
        1,
        2,
        4,
        4,
        2,
        4,
        4,
        2,
        1,
        2,
        4,
        4,
        2,
        4,
        4,
        2,
        1,
        2,
        4,
        4,
        2,
        4,
        4,
        2,
        1,
        2,
        4,
        4,
        2,
        4,
        4,
        2
      ]
    },
    {
      "type": "shape",
      "background": "#231f20",
      "opacity": 0.4,
      "points": [
        457.2,
        243,
        457.2,
        243,
        457.4,
        242.8,
        457.4,
        242.8,
        466.6,
        237.4,
        466.8,
        237.2,
        467,
        237.2,
        467.2,
        237.2,
        467.4,
        237.2,
        467.6,
        237.2,
        467.8,
        237.4,
        468.2,
        237.6,
        468.4,
        238.2,
        468.4,
        238.6,
        468.4,
        249.4,
        468.4,
        249.4,
        468.4,
        249.4,
        468.4,
        249.4,
        468.4,
        249.4,
        468.4,
        249.8,
        468.2,
        250.4,
        467.8,
        250.6,
        458.4,
        256,
        458.2,
        256.2,
        458,
        256.2,
        457.8,
        256.2,
        457.6,
        256.2,
        457.4,
        256.2,
        457.2,
        256,
        456.8,
        255.8,
        456.6,
        255.2,
        456.6,
        254.8,
        456.6,
        244,
        456.8,
        243.6,
        457,
        243.4,
        457.2,
        243,
        457.2,
        243
      ],
      "segments": [
        1,
        4,
        2,
        4,
        4,
        4,
        2,
        2,
        4,
        4,
        2,
        4,
        4,
        4,
        2,
        4,
        2
      ]
    },
    {
      "type": "shape",
      "background": "#e8d023",
      "points": [
        467.4,
        249.4,
        467.4,
        249.4,
        458,
        254.8,
        458,
        244,
        458.2,
        244,
        467.4,
        249.4,
        467.4,
        249.4
      ]
    },
    {
      "type": "shape",
      "background": "#e8d023",
      "points": [
        467.4,
        238.6,
        467.4,
        249.4,
        458.2,
        244,
        467.4,
        238.6,
        467.4,
        238.6
      ]
    },
    {
      "type": "shape",
      "background": "#ffffff",
      "points": [
        462.9204,
        256.4339,
        463.45157,
        255.72768,
        464.16841,
        255.37048,
        464.52152,
        255.63606,
        464.87463,
        255.90164,
        464.73029,
        256.68944,
        464.19912,
        257.39566,
        463.66795,
        258.10188,
        462.95111,
        258.45908,
        462.598,
        258.1935,
        462.24489,
        257.92792,
        462.38923,
        257.14012,
        462.9204,
        256.4339,
        462.9204,
        256.4339
      ],
      "segments": [
        1,
        4,
        4,
        4,
        4,
        2
      ]
    },
    {
      "type": "shape",
      "background": "#231f20",
      "opacity": 0.4,
      "points": [
        438.2,
        254.2,
        438.2,
        254.2,
        438.4,
        254,
        438.4,
        254,
        447.6,
        248.6,
        447.8,
        248.4,
        448,
        248.4,
        448.2,
        248.4,
        448.4,
        248.4,
        448.6,
        248.4,
        448.8,
        248.6,
        449.2,
        248.8,
        449.4,
        249.4,
        449.4,
        249.8,
        449.4,
        260.6,
        449.4,
        260.6,
        449.4,
        260.6,
        449.4,
        260.6,
        449.4,
        260.6,
        449.4,
        261,
        449.2,
        261.6,
        448.8,
        261.8,
        439.4,
        267.2,
        439.2,
        267.4,
        439,
        267.4,
        438.8,
        267.4,
        438.6,
        267.4,
        438.4,
        267.4,
        438.2,
        267.2,
        437.8,
        267,
        437.6,
        266.4,
        437.6,
        266,
        437.6,
        255.2,
        437.8,
        254.8,
        438,
        254.4,
        438.2,
        254.2,
        438.2,
        254.2
      ],
      "segments": [
        1,
        4,
        2,
        4,
        4,
        4,
        2,
        2,
        4,
        4,
        2,
        4,
        4,
        4,
        2,
        4,
        2
      ]
    },
    {
      "type": "shape",
      "background": "#e8d023",
      "points": [
        448.4,
        260.4,
        448.4,
        260.4,
        439.2,
        265.8,
        439.2,
        255.2,
        439.2,
        255,
        448.4,
        260.4,
        448.4,
        260.4
      ]
    },
    {
      "type": "shape",
      "background": "#e8d023",
      "points": [
        448.4,
        249.8,
        448.4,
        260.4,
        439.2,
        255,
        448.4,
        249.8,
        448.4,
        249.8
      ]
    },
    {
      "type": "shape",
      "background": "#ffffff",
      "points": [
        443.8967,
        267.4752,
        444.42787,
        266.76898,
        445.14471,
        266.41178,
        445.49782,
        266.67736,
        445.85093,
        266.94294,
        445.70659,
        267.73074,
        445.17542,
        268.43696,
        444.64425,
        269.14318,
        443.92741,
        269.50038,
        443.5743,
        269.2348,
        443.22119,
        268.96922,
        443.36553,
        268.18142,
        443.8967,
        267.4752,
        443.8967,
        267.4752
      ],
      "segments": [
        1,
        4,
        4,
        4,
        4,
        2
      ]
    },
    {
      "type": "shape",
      "background": "#231f20",
      "opacity": 0.4,
      "points": [
        418.2,
        265.8,
        418.2,
        265.8,
        418.4,
        265.6,
        418.4,
        265.6,
        427.6,
        260.2,
        427.8,
        260,
        428,
        260,
        428.2,
        260,
        428.4,
        260,
        428.6,
        260,
        428.8,
        260.2,
        429.2,
        260.4,
        429.4,
        261,
        429.4,
        261.4,
        429.4,
        272.2,
        429.4,
        272.2,
        429.4,
        272.2,
        429.4,
        272.2,
        429.4,
        272.2,
        429.4,
        272.6,
        429.2,
        273.2,
        428.8,
        273.4,
        419.4,
        278.8,
        419.2,
        279,
        419,
        279,
        418.8,
        279,
        418.6,
        279,
        418.4,
        279,
        418.2,
        278.8,
        417.8,
        278.6,
        417.6,
        278,
        417.6,
        277.6,
        417.6,
        266.8,
        417.6,
        266.4,
        417.8,
        266.2,
        418.2,
        265.8,
        418.2,
        265.8
      ],
      "segments": [
        1,
        4,
        2,
        4,
        4,
        4,
        2,
        4,
        2,
        4,
        2,
        4,
        4,
        4,
        2,
        4,
        2
      ]
    },
    {
      "type": "shape",
      "background": "#e8d023",
      "points": [
        428.4,
        272.2,
        428.4,
        272.2,
        419,
        277.6,
        419,
        266.8,
        419.2,
        266.8,
        428.4,
        272.2,
        428.4,
        272.2
      ]
    },
    {
      "type": "shape",
      "background": "#e8d023",
      "points": [
        428.4,
        261.4,
        428.4,
        272.2,
        419.2,
        266.8,
        428.4,
        261.4,
        428.4,
        261.4
      ]
    },
    {
      "type": "shape",
      "background": "#ffffff",
      "points": [
        423.83804,
        279.35402,
        424.36921,
        278.6478,
        425.08605,
        278.2906,
        425.43916,
        278.55618,
        425.79227,
        278.82176,
        425.64793,
        279.60956,
        425.11676,
        280.31578,
        424.58559,
        281.022,
        423.86875,
        281.3792,
        423.51564,
        281.11362,
        423.16253,
        280.84804,
        423.30687,
        280.06024,
        423.83804,
        279.35402,
        423.83804,
        279.35402
      ],
      "segments": [
        1,
        4,
        4,
        4,
        4,
        2
      ]
    },
    {
      "type": "shape",
      "background": "#231f20",
      "opacity": 0.4,
      "points": [
        399.2,
        276.8,
        399.2,
        276.8,
        399.4,
        276.6,
        399.4,
        276.6,
        408.6,
        271.2,
        408.8,
        271,
        409,
        271,
        409.2,
        271,
        409.4,
        271,
        409.6,
        271,
        409.8,
        271.2,
        410.2,
        271.4,
        410.4,
        272,
        410.4,
        272.4,
        410.4,
        283.2,
        410.4,
        283.2,
        410.4,
        283.2,
        410.4,
        283.2,
        410.4,
        283.2,
        410.4,
        283.2,
        410.4,
        283.2,
        410.4,
        283.6,
        410.2,
        284.2,
        409.8,
        284.4,
        400.4,
        289.8,
        400.2,
        290,
        400,
        290,
        399.8,
        290,
        399.6,
        290,
        399.4,
        290,
        399.2,
        289.8,
        398.8,
        289.6,
        398.6,
        289,
        398.6,
        288.6,
        398.6,
        277.8,
        398.8,
        277.4,
        399,
        277.2,
        399.2,
        276.8,
        399.2,
        276.8
      ],
      "segments": [
        1,
        4,
        2,
        4,
        4,
        4,
        2,
        4,
        4,
        4,
        2,
        4,
        4,
        4,
        2,
        4,
        2
      ]
    },
    {
      "type": "shape",
      "background": "#e8d023",
      "points": [
        409.4,
        283.2,
        409.4,
        283.2,
        400.2,
        288.6,
        400.2,
        277.8,
        400.2,
        277.8,
        409.4,
        283.2,
        409.4,
        283.2
      ]
    },
    {
      "type": "shape",
      "background": "#e8d023",
      "points": [
        409.4,
        272.4,
        409.4,
        283.2,
        400.2,
        277.8,
        409.4,
        272.4,
        409.4,
        272.4
      ]
    },
    {
      "type": "shape",
      "background": "#ffffff",
      "points": [
        404.93456,
        290.23548,
        405.46573,
        289.52926,
        406.18257,
        289.17206,
        406.53568,
        289.43764,
        406.88879,
        289.70322,
        406.74445,
        290.49102,
        406.21328,
        291.19724,
        405.68211,
        291.90346,
        404.96527,
        292.26066,
        404.61216,
        291.99508,
        404.25905,
        291.7295,
        404.40339,
        290.9417,
        404.93456,
        290.23548,
        404.93456,
        290.23548
      ],
      "segments": [
        1,
        4,
        4,
        4,
        4,
        2
      ]
    },
    {
      "type": "shape",
      "background": "#231f20",
      "opacity": 0.4,
      "points": [
        380.4,
        288.2,
        380.4,
        288.2,
        380.6,
        288,
        380.6,
        288,
        389.8,
        282.6,
        390,
        282.4,
        390.2,
        282.4,
        390.4,
        282.4,
        390.6,
        282.4,
        390.8,
        282.4,
        391,
        282.6,
        391.4,
        282.8,
        391.6,
        283.4,
        391.6,
        283.8,
        391.6,
        294.6,
        391.6,
        294.6,
        391.6,
        294.6,
        391.6,
        294.6,
        391.6,
        294.6,
        391.6,
        295,
        391.4,
        295.6,
        391,
        295.8,
        381.6,
        301.2,
        381.4,
        301.4,
        381.2,
        301.4,
        381,
        301.4,
        380.8,
        301.4,
        380.6,
        301.4,
        380.4,
        301.2,
        380,
        301,
        379.8,
        300.4,
        379.8,
        300,
        379.8,
        289.2,
        379.8,
        288.8,
        380,
        288.4,
        380.4,
        288.2,
        380.4,
        288.2
      ],
      "segments": [
        1,
        4,
        2,
        4,
        4,
        4,
        2,
        4,
        2,
        4,
        2,
        4,
        4,
        4,
        2,
        4,
        2
      ]
    },
    {
      "type": "shape",
      "background": "#e8d023",
      "points": [
        390.6,
        294.6,
        390.6,
        294.6,
        381.2,
        300,
        381.2,
        289.2,
        381.4,
        289.2,
        390.6,
        294.6,
        390.6,
        294.6
      ]
    },
    {
      "type": "shape",
      "background": "#e8d023",
      "points": [
        390.6,
        283.8,
        390.6,
        294.6,
        381.4,
        289.2,
        390.6,
        283.8,
        390.6,
        283.8
      ]
    },
    {
      "type": "shape",
      "background": "#ffffff",
      "points": [
        385.6,
        302.8,
        385.6,
        303.4,
        386.2,
        303.6,
        386.8,
        303.2,
        387.4,
        302.8,
        388,
        302,
        388,
        301.4,
        388,
        300.8,
        387.4,
        300.6,
        386.8,
        301,
        386,
        301.4,
        385.6,
        302.2,
        385.6,
        302.8,
        385.6,
        302.8
      ],
      "segments": [
        1,
        4,
        4,
        4,
        4,
        2
      ]
    },
    {
      "type": "shape",
      "background": "#231f20",
      "opacity": 0.4,
      "points": [
        361.4,
        299.2,
        361.4,
        299.2,
        361.6,
        299,
        361.6,
        299,
        370.8,
        293.6,
        371,
        293.4,
        371.2,
        293.4,
        371.4,
        293.4,
        371.6,
        293.4,
        371.8,
        293.4,
        372,
        293.6,
        372.4,
        293.8,
        372.6,
        294.4,
        372.6,
        294.8,
        372.6,
        305.6,
        372.6,
        305.6,
        372.6,
        305.6,
        372.6,
        305.6,
        372.6,
        305.6,
        372.6,
        305.6,
        372.6,
        305.6,
        372.6,
        306,
        372.4,
        306.6,
        372,
        306.8,
        362.6,
        312.2,
        362.4,
        312.4,
        362.2,
        312.4,
        362,
        312.4,
        361.8,
        312.4,
        361.6,
        312.4,
        361.4,
        312.2,
        361,
        312,
        360.8,
        311.4,
        360.8,
        311,
        360.8,
        300.2,
        361,
        299.8,
        361.2,
        299.6,
        361.4,
        299.2,
        361.4,
        299.2
      ],
      "segments": [
        1,
        4,
        2,
        4,
        4,
        4,
        2,
        4,
        4,
        4,
        2,
        4,
        4,
        4,
        2,
        4,
        2
      ]
    },
    {
      "type": "shape",
      "background": "#e8d023",
      "points": [
        371.6,
        305.6,
        371.6,
        305.6,
        362.4,
        311,
        362.4,
        300.2,
        362.4,
        300.2,
        371.6,
        305.6,
        371.6,
        305.6
      ]
    },
    {
      "type": "shape",
      "background": "#e8d023",
      "points": [
        371.6,
        294.8,
        371.6,
        305.6,
        362.4,
        300.2,
        371.6,
        294.8,
        371.6,
        294.8
      ]
    },
    {
      "type": "shape",
      "background": "#ffffff",
      "points": [
        366.6,
        313.8,
        366.6,
        314.4,
        367.2,
        314.6,
        367.8,
        314.2,
        368.4,
        313.8,
        369,
        313,
        369,
        312.4,
        369,
        311.8,
        368.4,
        311.6,
        367.8,
        312,
        367,
        312.4,
        366.6,
        313.2,
        366.6,
        313.8,
        366.6,
        313.8
      ],
      "segments": [
        1,
        4,
        4,
        4,
        4,
        2
      ]
    },
    {
      "type": "shape",
      "background": "#231f20",
      "opacity": 0.4,
      "points": [
        341.4,
        311,
        341.4,
        311,
        341.6,
        310.8,
        341.6,
        310.8,
        350.8,
        305.4,
        351,
        305.2,
        351.2,
        305.2,
        351.4,
        305.2,
        351.6,
        305.2,
        351.8,
        305.2,
        352,
        305.4,
        352.4,
        305.6,
        352.6,
        306.2,
        352.6,
        306.6,
        352.6,
        317.4,
        352.6,
        317.4,
        352.6,
        317.4,
        352.6,
        317.8,
        352.4,
        318.4,
        352,
        318.6,
        342.6,
        324,
        342.4,
        324.2,
        342.2,
        324.2,
        342,
        324.2,
        341.8,
        324.2,
        341.6,
        324.2,
        341.4,
        324,
        341,
        323.8,
        340.8,
        323.2,
        340.8,
        322.8,
        340.8,
        312,
        340.8,
        311.6,
        341,
        311.2,
        341.4,
        311,
        341.4,
        311
      ],
      "segments": [
        1,
        4,
        2,
        4,
        4,
        4,
        2,
        2,
        2,
        4,
        2,
        4,
        4,
        4,
        2,
        4,
        2
      ]
    },
    {
      "type": "shape",
      "background": "#e8d023",
      "points": [
        351.6,
        317.2,
        351.6,
        317.2,
        342.2,
        322.6,
        342.2,
        312,
        342.2,
        312,
        351.6,
        317.2,
        351.6,
        317.2
      ]
    },
    {
      "type": "shape",
      "background": "#e8d023",
      "points": [
        351.6,
        306.6,
        351.6,
        317.2,
        342.2,
        312,
        351.6,
        306.6,
        351.6,
        306.6
      ]
    },
    {
      "type": "shape",
      "background": "#ffffff",
      "points": [
        346.6,
        325.6,
        346.6,
        326.2,
        347.2,
        326.4,
        347.8,
        326,
        348.4,
        325.6,
        349,
        324.8,
        349,
        324.2,
        349,
        323.6,
        348.4,
        323.4,
        347.8,
        323.8,
        347,
        324,
        346.6,
        325,
        346.6,
        325.6,
        346.6,
        325.6
      ],
      "segments": [
        1,
        4,
        4,
        4,
        4,
        2
      ]
    },
    {
      "type": "shape",
      "background": "#231f20",
      "opacity": 0.4,
      "points": [
        322.4,
        322,
        322.4,
        322,
        322.6,
        321.8,
        322.6,
        321.8,
        331.8,
        316.4,
        332,
        316.2,
        332.2,
        316.2,
        332.4,
        316.2,
        332.6,
        316.2,
        332.8,
        316.2,
        333,
        316.4,
        333.4,
        316.6,
        333.6,
        317.2,
        333.6,
        317.6,
        333.6,
        328.4,
        333.6,
        328.4,
        333.6,
        328.4,
        333.6,
        328.4,
        333.6,
        328.4,
        333.6,
        328.8,
        333.4,
        329.4,
        333,
        329.6,
        323.6,
        335,
        323.4,
        335.2,
        323.2,
        335.2,
        323,
        335.2,
        322.8,
        335.2,
        322.6,
        335.2,
        322.4,
        335,
        322,
        334.8,
        321.8,
        334.2,
        321.8,
        333.8,
        321.8,
        323,
        321.8,
        322.6,
        322.2,
        322.2,
        322.4,
        322,
        322.4,
        322
      ],
      "segments": [
        1,
        4,
        2,
        4,
        4,
        4,
        2,
        4,
        2,
        4,
        2,
        4,
        4,
        4,
        2,
        4,
        2
      ]
    },
    {
      "type": "shape",
      "background": "#e8d023",
      "points": [
        332.6,
        328.4,
        332.6,
        328.4,
        323.2,
        333.8,
        323.2,
        323,
        323.4,
        323,
        332.6,
        328.4,
        332.6,
        328.4
      ]
    },
    {
      "type": "shape",
      "background": "#e8d023",
      "points": [
        332.6,
        317.6,
        332.6,
        328.4,
        323.4,
        323,
        332.6,
        317.6,
        332.6,
        317.6
      ]
    },
    {
      "type": "shape",
      "background": "#ffffff",
      "points": [
        327.6,
        336.6,
        327.6,
        337.2,
        328.2,
        337.4,
        328.8,
        337,
        329.4,
        336.6,
        330,
        335.8,
        330,
        335.2,
        330,
        334.6,
        329.4,
        334.4,
        328.8,
        334.8,
        328,
        335.2,
        327.6,
        336,
        327.6,
        336.6,
        327.6,
        336.6
      ],
      "segments": [
        1,
        4,
        4,
        4,
        4,
        2
      ]
    },
    {
      "type": "shape",
      "background": "#00e7ff",
      "points": [
        241.8,
        380.6,
        306,
        343.6,
        306.4,
        343.4,
        306.8,
        342.8,
        306.8,
        342.2,
        306.8,
        338.8,
        306.8,
        338.4,
        306.4,
        338.2,
        306,
        338.4,
        241.8,
        375.4,
        241.4,
        375.6,
        241,
        376.2,
        241,
        376.8,
        241,
        380.2,
        241,
        380.8,
        241.4,
        381,
        241.8,
        380.6,
        241.8,
        380.6
      ],
      "segments": [
        1,
        2,
        4,
        2,
        4,
        2,
        4,
        2,
        4,
        2
      ]
    },
    {
      "type": "shape",
      "background": "#04ba97",
      "fillRule": "evenodd",
      "points": [
        264.6,
        195.8,
        265.6,
        196.4,
        267,
        196.4,
        268,
        195.8,
        278.8,
        189.4,
        279.8,
        188.8,
        279.8,
        188,
        278.8,
        187.4,
        277.8,
        186.8,
        276.4,
        186.8,
        275.4,
        187.4,
        268.6,
        191.4,
        268.6,
        171.4,
        268.6,
        170.6,
        267.6,
        170.2,
        266.4,
        170.2,
        265.2,
        170.2,
        264.2,
        170.8,
        264.2,
        171.4,
        264.2,
        191.6,
        257.2,
        187.4,
        256.2,
        186.8,
        254.8,
        186.8,
        253.8,
        187.4,
        252.8,
        188,
        252.8,
        188.8,
        253.8,
        189.4,
        264.6,
        195.8,
        264.6,
        195.8,
        359.4,
        224.4,
        325.4,
        224.4,
        332.4,
        220.2,
        333.4,
        219.6,
        333.4,
        218.8,
        332.4,
        218.2,
        331.4,
        217.6,
        330,
        217.6,
        329,
        218.2,
        318.2,
        224.6,
        317.2,
        225.2,
        317.2,
        226,
        318.2,
        226.6,
        329,
        233,
        330,
        233.6,
        331.4,
        233.6,
        332.4,
        233,
        333.4,
        232.4,
        333.4,
        231.6,
        332.4,
        231,
        325.6,
        227,
        359.6,
        227,
        360.8,
        227,
        361.8,
        226.4,
        361.8,
        225.8,
        361.6,
        225,
        360.6,
        224.4,
        359.4,
        224.4,
        359.4,
        224.4,
        280,
        262.8,
        269.2,
        256.4,
        268.2,
        255.8,
        266.8,
        255.8,
        265.8,
        256.4,
        255,
        262.8,
        254,
        263.4,
        254,
        264.2,
        255,
        264.8,
        256,
        265.4,
        257.4,
        265.4,
        258.4,
        264.8,
        265.2,
        260.8,
        265.2,
        280.8,
        265.2,
        281.6,
        266.2,
        282,
        267.4,
        282,
        268.6,
        282,
        269.6,
        281.4,
        269.6,
        280.8,
        269.6,
        260.6,
        276.6,
        264.8,
        277.6,
        265.4,
        279,
        265.4,
        280,
        264.8,
        281,
        264.2,
        281,
        263.2,
        280,
        262.8,
        280,
        262.8,
        201.2,
        231.8,
        200.2,
        232.4,
        200.2,
        233.2,
        201.2,
        233.8,
        202.2,
        234.4,
        203.6,
        234.4,
        204.6,
        233.8,
        215.4,
        227.4,
        216.4,
        226.8,
        216.4,
        226,
        215.4,
        225.4,
        204.6,
        219,
        203.6,
        218.4,
        202.2,
        218.4,
        201.2,
        219,
        200.2,
        219.6,
        200.2,
        220.4,
        201.2,
        221,
        208,
        225,
        174,
        225,
        172.8,
        225,
        171.8,
        225.6,
        171.8,
        226.2,
        171.8,
        227,
        172.8,
        227.4,
        174,
        227.4,
        208,
        227.4,
        201.2,
        231.8,
        201.2,
        231.8,
        257.2,
        231.2,
        262.2,
        234.2,
        270.2,
        234.2,
        275.2,
        231.2,
        280.2,
        228.2,
        280.2,
        223.4,
        275.2,
        220.6,
        270.2,
        217.6,
        262.2,
        217.6,
        257.2,
        220.6,
        252.2,
        223.4,
        252.2,
        228.2,
        257.2,
        231.2,
        257.2,
        231.2,
        327.2,
        252.8,
        309.6,
        242.4,
        317.4,
        237.8,
        317.2,
        237.6,
        316.8,
        237.4,
        316.2,
        237.4,
        287.2,
        237.4,
        286.4,
        237.4,
        285.8,
        237.8,
        285.8,
        238.2,
        285.8,
        255.4,
        285.8,
        255.6,
        286,
        256,
        286.4,
        256,
        294.4,
        251.2,
        312,
        261.6,
        312.6,
        262,
        313.4,
        262,
        313.8,
        261.6,
        326.8,
        254,
        327.8,
        253.6,
        327.8,
        253,
        327.2,
        252.8,
        327.2,
        252.8,
        333.4,
        256.4,
        330.6,
        254.8,
        330,
        254.4,
        329.2,
        254.4,
        328.8,
        254.8,
        315.8,
        262.4,
        315.2,
        262.8,
        315.2,
        263.2,
        315.8,
        263.6,
        318.6,
        265.2,
        319.2,
        265.6,
        320,
        265.6,
        320.4,
        265.2,
        333.4,
        257.6,
        333.8,
        257.2,
        333.8,
        256.6,
        333.4,
        256.4,
        333.4,
        256.4,
        339.8,
        260,
        337,
        258.4,
        336.4,
        258,
        335.6,
        258,
        335.2,
        258.4,
        322.2,
        266,
        321.6,
        266.4,
        321.6,
        266.8,
        322.2,
        267.2,
        325,
        268.8,
        325.6,
        269.2,
        326.4,
        269.2,
        326.8,
        268.8,
        339.8,
        261.2,
        340.2,
        261,
        340.2,
        260.4,
        339.8,
        260,
        339.8,
        260,
        199.2,
        195,
        202,
        196.6,
        202.6,
        197,
        203.4,
        197,
        203.8,
        196.6,
        216.8,
        189,
        217.4,
        188.6,
        217.4,
        188.2,
        216.8,
        187.8,
        214,
        186.2,
        213.4,
        185.8,
        212.6,
        185.8,
        212.2,
        186.2,
        199.2,
        193.8,
        198.6,
        194.2,
        198.6,
        194.6,
        199.2,
        195,
        199.2,
        195,
        192.8,
        191.2,
        195.6,
        192.8,
        196.2,
        193.2,
        197,
        193.2,
        197.4,
        192.8,
        210.4,
        185.2,
        211,
        184.8,
        211,
        184.4,
        210.4,
        184,
        207.6,
        182.4,
        207,
        182,
        206.2,
        182,
        205.8,
        182.4,
        192.8,
        190,
        192.2,
        190.4,
        192.2,
        190.8,
        192.8,
        191.2,
        192.8,
        191.2,
        245.8,
        195.4,
        237.8,
        200.2,
        220.2,
        189.8,
        219.6,
        189.4,
        218.8,
        189.4,
        218.4,
        189.8,
        205.4,
        197.4,
        204.8,
        197.8,
        204.8,
        198.2,
        205.4,
        198.6,
        223,
        209,
        215.2,
        213.6,
        215.4,
        213.8,
        215.8,
        214,
        216.4,
        214,
        245.4,
        214,
        246.2,
        214,
        246.8,
        213.6,
        246.8,
        213.2,
        246.8,
        196,
        246.6,
        195.8,
        246.2,
        195.6,
        245.8,
        195.4,
        245.8,
        195.4,
        287.2,
        214,
        316.2,
        214,
        316.6,
        214,
        317.2,
        213.8,
        317.4,
        213.6,
        309.4,
        208.8,
        327,
        198.4,
        327.6,
        198,
        327.6,
        197.6,
        327,
        197.2,
        314,
        189.6,
        313.4,
        189.2,
        312.6,
        189.2,
        312.2,
        189.6,
        294.6,
        200,
        286.8,
        195.4,
        286.4,
        195.6,
        286.2,
        195.8,
        286.2,
        196,
        286.2,
        213.2,
        286,
        213.6,
        286.6,
        214,
        287.2,
        214,
        287.2,
        214,
        315.4,
        188.8,
        328.4,
        196.4,
        329,
        196.8,
        329.8,
        196.8,
        330.2,
        196.4,
        333,
        194.8,
        333.6,
        194.4,
        333.6,
        194,
        333,
        193.6,
        320,
        186,
        319.4,
        185.6,
        318.6,
        185.6,
        318.2,
        186,
        315.4,
        187.6,
        314.8,
        188,
        314.8,
        188.4,
        315.4,
        188.8,
        315.4,
        188.8,
        321.8,
        185,
        334.8,
        192.6,
        335.4,
        193,
        336.2,
        193,
        336.6,
        192.6,
        339.4,
        191,
        340,
        190.6,
        340,
        190.2,
        339.4,
        189.8,
        326.4,
        182.2,
        325.8,
        181.8,
        325,
        181.8,
        324.6,
        182.2,
        321.8,
        183.8,
        321.2,
        184.2,
        321.2,
        184.6,
        321.8,
        185,
        321.8,
        185,
        217,
        262.4,
        204,
        254.8,
        203.4,
        254.4,
        202.6,
        254.4,
        202.2,
        254.8,
        199.4,
        256.4,
        198.8,
        256.8,
        198.8,
        257.2,
        199.4,
        257.6,
        212.4,
        265.2,
        213,
        265.6,
        213.8,
        265.6,
        214.2,
        265.2,
        217,
        263.6,
        217.6,
        263.4,
        217.6,
        262.8,
        217,
        262.4,
        217,
        262.4,
        245.2,
        237.2,
        216.2,
        237.2,
        215.8,
        237.2,
        215.2,
        237.4,
        215,
        237.6,
        223,
        242.4,
        205.4,
        252.8,
        204.8,
        253.2,
        204.8,
        253.6,
        205.4,
        254,
        218.4,
        261.6,
        219,
        262,
        219.8,
        262,
        220.2,
        261.6,
        237.8,
        251.2,
        245.6,
        255.8,
        246,
        255.6,
        246.2,
        255.4,
        246.2,
        255.2,
        246.2,
        238,
        246.6,
        237.6,
        246,
        237.2,
        245.2,
        237.2,
        245.2,
        237.2,
        210.6,
        266.2,
        197.6,
        258.6,
        197,
        258.2,
        196.2,
        258.2,
        195.8,
        258.6,
        193,
        260.2,
        192.4,
        260.6,
        192.4,
        261,
        193,
        261.4,
        206,
        269,
        206.6,
        269.4,
        207.4,
        269.4,
        207.8,
        269,
        210.6,
        267.4,
        211.2,
        267,
        211.2,
        266.6,
        210.6,
        266.2,
        210.6,
        266.2
      ],
      "segments": [
        1,
        4,
        2,
        4,
        4,
        2,
        2,
        4,
        4,
        2,
        2,
        4,
        4,
        2,
        2,
        1,
        2,
        2,
        4,
        4,
        2,
        4,
        2,
        4,
        4,
        2,
        2,
        4,
        4,
        2,
        1,
        2,
        4,
        2,
        4,
        4,
        2,
        2,
        4,
        4,
        2,
        2,
        4,
        4,
        2,
        1,
        4,
        4,
        2,
        4,
        2,
        4,
        4,
        2,
        2,
        4,
        4,
        2,
        2,
        2,
        1,
        4,
        4,
        4,
        4,
        2,
        1,
        2,
        2,
        4,
        2,
        4,
        2,
        4,
        2,
        2,
        4,
        2,
        4,
        2,
        1,
        2,
        4,
        2,
        4,
        2,
        4,
        2,
        4,
        2,
        1,
        2,
        4,
        2,
        4,
        2,
        4,
        2,
        4,
        2,
        1,
        2,
        4,
        2,
        4,
        2,
        4,
        2,
        4,
        2,
        1,
        2,
        4,
        2,
        4,
        2,
        4,
        2,
        4,
        2,
        1,
        2,
        2,
        4,
        2,
        4,
        2,
        2,
        4,
        2,
        4,
        2,
        4,
        2,
        1,
        2,
        4,
        2,
        2,
        4,
        2,
        4,
        2,
        2,
        4,
        2,
        4,
        2,
        1,
        2,
        4,
        2,
        4,
        2,
        4,
        2,
        4,
        2,
        1,
        2,
        4,
        2,
        4,
        2,
        4,
        2,
        4,
        2,
        1,
        2,
        4,
        2,
        4,
        2,
        4,
        2,
        4,
        2,
        1,
        2,
        4,
        2,
        2,
        4,
        2,
        4,
        2,
        2,
        4,
        2,
        4,
        2,
        1,
        2,
        4,
        2,
        4,
        2,
        4,
        2,
        4,
        2
      ]
    }
  ]
}