{
  "width": 47,
  "height": 52,
  "comps": [
    {
      "type": "oval",
      "background": "rgba(0,0,0,0.12)",
      "borderColor": "rgb(97,174,250)",
      "rect": [
        1.31141,
        32.4974,
        44.37718,
        18.1513
      ]
    },
    {
      "type": "shape",
      "background": "rgb(98,200,240)",
      "borderColor": "rgb(4,104,204)",
      "gradient": "spread.east",
      "gradientColor": "rgb(16,147,199)",
      "points": [
        2.20762,
        28.71564,
        2.20762,
        28.71564,
        2.20762,
        32.89992,
        2.20762,
        37.74054,
        2.20762,
        40.33645,
        8.82611,
        47.45247,
        23.51422,
        47.45247,
        38.20233,
        47.45247,
        44.79239,
        40.61653,
        44.79239,
        37.74054,
        44.79239,
        35.15988,
        44.79239,
        28.71564,
        44.79239,
        28.71564
      ],
      "segments": [
        1,
        4,
        4,
        4,
        4
      ]
    },
    {
      "type": "oval",
      "background": "rgb(26,139,184)",
      "borderColor": "rgb(97,174,250)",
      "rect": [
        2.20763,
        16.90408,
        42.58476,
        24.18028
      ]
    },
    {
      "type": "shape",
      "background": "rgb(98,200,240)",
      "borderColor": "rgb(4,104,204)",
      "gradient": "spread.east",
      "gradientColor": "rgb(16,147,199)",
      "points": [
        2.20762,
        21.32948,
        2.20762,
        21.32948,
        2.20762,
        25.51376,
        2.20762,
        30.35438,
        2.20762,
        32.95028,
        8.82611,
        40.06631,
        23.51421,
        40.06631,
        38.20233,
        40.06631,
        44.79239,
        33.23037,
        44.79239,
        30.35438,
        44.79239,
        27.77372,
        44.79239,
        21.32948,
        44.79239,
        21.32948
      ],
      "segments": [
        1,
        4,
        4,
        4,
        4
      ]
    },
    {
      "type": "oval",
      "background": "rgb(26,139,184)",
      "borderColor": "rgb(97,174,250)",
      "rect": [
        2.20763,
        9.51792,
        42.58476,
        24.18028
      ]
    },
    {
      "type": "shape",
      "background": "rgb(98,200,240)",
      "borderColor": "rgb(4,104,204)",
      "gradient": "spread.east",
      "gradientColor": "rgb(16,147,199)",
      "points": [
        2.20762,
        13.44144,
        2.20762,
        13.44144,
        2.20762,
        17.62573,
        2.20762,
        22.46634,
        2.20762,
        25.06225,
        8.82611,
        32.17828,
        23.51422,
        32.17828,
        38.20234,
        32.17828,
        44.79239,
        25.34234,
        44.79239,
        22.46634,
        44.79239,
        19.88568,
        44.79239,
        13.44144,
        44.79239,
        13.44144
      ],
      "segments": [
        1,
        4,
        4,
        4,
        4
      ]
    },
    {
      "type": "roundRect",
      "background": "rgb(26,139,184)",
      "borderColor": "#979797",
      "rect": [
        19.95593,
        24.97161,
        6.65556,
        2.40161
      ]
    },
    {
      "type": "roundRect",
      "background": "rgb(26,139,184)",
      "borderColor": "#979797",
      "rect": [
        17.28073,
        24.58352,
        1.79722,
        1.21447
      ]
    },
    {
      "type": "roundRect",
      "background": "rgb(26,139,184)",
      "borderColor": "#979797",
      "rect": [
        27.41046,
        24.58352,
        1.79722,
        1.21447
      ]
    },
    {
      "type": "oval",
      "background": "rgb(26,139,184)",
      "borderColor": "rgb(97,174,250)",
      "gradient": "linear.north",
      "gradientColor": "rgba(255,255,255,0.00)",
      "rect": [
        2.20762,
        1.3513,
        42.58476,
        24.18028
      ]
    },
    {
      "type": "oval",
      "background": "rgb(98,200,240)",
      "borderColor": "rgb(97,174,250)",
      "rect": [
        2.20763,
        1.62988,
        42.58476,
        22.95364
      ]
    },
    {
      "type": "roundRect",
      "background": "rgb(26,139,184)",
      "borderColor": "#979797",
      "rect": [
        19.95593,
        32.51106,
        6.65556,
        2.40161
      ]
    },
    {
      "type": "roundRect",
      "background": "rgb(26,139,184)",
      "borderColor": "#979797",
      "rect": [
        19.95593,
        40.39181,
        6.65556,
        2.40161
      ]
    },
    {
      "type": "roundRect",
      "background": "rgb(26,139,184)",
      "borderColor": "#979797",
      "rect": [
        17.28073,
        32.4974,
        1.79722,
        1.21447
      ]
    },
    {
      "type": "roundRect",
      "background": "rgb(26,139,184)",
      "borderColor": "#979797",
      "rect": [
        27.41046,
        32.4974,
        1.79722,
        1.21447
      ]
    },
    {
      "type": "roundRect",
      "background": "rgb(26,139,184)",
      "borderColor": "#979797",
      "rect": [
        17.28073,
        40.37814,
        1.79722,
        1.21447
      ]
    },
    {
      "type": "roundRect",
      "background": "rgb(26,139,184)",
      "borderColor": "#979797",
      "rect": [
        27.41046,
        40.37814,
        1.79722,
        1.21447
      ]
    }
  ]
}