{
  "width": 512,
  "height": 512,
  "comps": [
    {
      "type": "shape",
      "background": "#9b9b9b",
      "points": [
        327,
        190.2,
        126.6,
        75.8,
        128.2,
        361.6,
        328.6,
        476,
        327,
        190.2,
        327,
        190.2
      ]
    },
    {
      "type": "shape",
      "background": "#efefef",
      "points": [
        423,
        134.4,
        222.4,
        20,
        126.6,
        75.8,
        327,
        190.2,
        423,
        134.4,
        423,
        134.4
      ]
    },
    {
      "type": "shape",
      "background": "#515454",
      "points": [
        327,
        190.2,
        328.6,
        476,
        424.6,
        420.2,
        423,
        134.4,
        327,
        190.2,
        327,
        190.2
      ]
    },
    {
      "type": "shape",
      "background": "#79ed14",
      "points": [
        415,
        350.4,
        415,
        362,
        405,
        368,
        404.8,
        356.4,
        415,
        350.4,
        415,
        350.4
      ]
    },
    {
      "type": "shape",
      "background": "#79ed14",
      "points": [
        403.2,
        357.4,
        403.4,
        369,
        393.2,
        374.8,
        393.2,
        363.2,
        403.2,
        357.4,
        403.2,
        357.4
      ]
    },
    {
      "type": "shape",
      "background": "#79ed14",
      "points": [
        391.6,
        364.2,
        391.6,
        375.8,
        381.6,
        381.6,
        381.4,
        370,
        391.6,
        364.2,
        391.6,
        364.2
      ]
    },
    {
      "type": "shape",
      "background": "#79ed14",
      "points": [
        403.2,
        343.8,
        403.2,
        355.4,
        393.2,
        361.2,
        393,
        349.6,
        403.2,
        343.8,
        403.2,
        343.8
      ]
    },
    {
      "type": "shape",
      "background": "#79ed14",
      "points": [
        379.8,
        371,
        379.8,
        382.6,
        369.8,
        388.4,
        369.8,
        376.8,
        379.8,
        371,
        379.8,
        371
      ]
    },
    {
      "type": "shape",
      "background": "#79ed14",
      "points": [
        391.4,
        350.6,
        391.6,
        362.2,
        381.4,
        368,
        381.4,
        356.4,
        391.4,
        350.6,
        391.4,
        350.6
      ]
    },
    {
      "type": "shape",
      "background": "#79ed14",
      "points": [
        368,
        377.8,
        368.2,
        389.4,
        358,
        395.2,
        358,
        383.6,
        368,
        377.8,
        368,
        377.8
      ]
    },
    {
      "type": "shape",
      "background": "#79ed14",
      "points": [
        379.8,
        357.4,
        379.8,
        369,
        369.6,
        374.8,
        369.6,
        363.2,
        379.8,
        357.4,
        379.8,
        357.4
      ]
    },
    {
      "type": "shape",
      "background": "#79ed14",
      "points": [
        368,
        364.2,
        368,
        375.8,
        358,
        381.6,
        358,
        370,
        368,
        364.2,
        368,
        364.2
      ]
    },
    {
      "type": "shape",
      "background": "#1b2022",
      "points": [
        345.6,
        376.6,
        348.2,
        375,
        350.2,
        376.2,
        350.4,
        379.2,
        350.4,
        382.2,
        348.4,
        385.8,
        345.8,
        387.4,
        343.2,
        388.8,
        341,
        387.6,
        341,
        384.8,
        341,
        381.8,
        343,
        378.2,
        345.6,
        376.6,
        345.6,
        376.6
      ],
      "segments": [
        1,
        4,
        4,
        4,
        4,
        2
      ]
    },
    {
      "type": "shape",
      "background": "#32383a",
      "points": [
        419.4,
        329.6,
        334.6,
        379,
        334.8,
        413.2,
        419.6,
        363.8,
        419.4,
        329.6,
        419.4,
        329.6,
        358,
        370,
        368,
        364.2,
        368,
        375.8,
        357.8,
        381.6,
        358,
        370,
        358,
        370,
        358,
        395.2,
        358,
        383.6,
        368,
        377.8,
        368,
        389.4,
        358,
        395.2,
        358,
        395.2,
        369.6,
        363.2,
        379.6,
        357.4,
        379.6,
        369,
        369.4,
        374.8,
        369.6,
        363.2,
        369.6,
        363.2,
        369.8,
        388.4,
        369.8,
        376.8,
        379.8,
        371,
        379.8,
        382.6,
        369.8,
        388.4,
        369.8,
        388.4,
        381.4,
        356.4,
        391.4,
        350.6,
        391.4,
        362.2,
        381.4,
        368,
        381.4,
        356.4,
        381.4,
        356.4,
        381.6,
        381.6,
        381.6,
        370,
        391.6,
        364.2,
        391.6,
        375.8,
        381.6,
        381.6,
        381.6,
        381.6,
        393,
        349.6,
        403,
        343.8,
        403,
        355.4,
        393,
        361.2,
        393,
        349.6,
        393,
        349.6,
        393.2,
        374.8,
        393.2,
        363.2,
        403.2,
        357.4,
        403.2,
        369,
        393.2,
        374.8,
        393.2,
        374.8,
        404.8,
        342.8,
        414.8,
        337,
        414.8,
        348.6,
        404.8,
        354.4,
        404.8,
        342.8,
        404.8,
        342.8,
        404.8,
        356.4,
        415,
        350.6,
        415,
        362.2,
        405,
        368,
        404.8,
        356.4,
        404.8,
        356.4
      ],
      "segments": [
        1,
        2,
        2,
        2,
        2,
        2,
        1,
        2,
        2,
        2,
        2,
        2,
        1,
        2,
        2,
        2,
        2,
        2,
        1,
        2,
        2,
        2,
        2,
        2,
        1,
        2,
        2,
        2,
        2,
        2,
        1,
        2,
        2,
        2,
        2,
        2,
        1,
        2,
        2,
        2,
        2,
        2,
        1,
        2,
        2,
        2,
        2,
        2,
        1,
        2,
        2,
        2,
        2,
        2,
        1,
        2,
        2,
        2,
        2,
        2,
        1,
        2,
        2,
        2,
        2,
        2
      ]
    },
    {
      "type": "shape",
      "background": "#79ed14",
      "points": [
        415,
        336.8,
        415,
        348.6,
        404.8,
        354.4,
        404.8,
        342.8,
        415,
        336.8,
        415,
        336.8
      ]
    },
    {
      "type": "shape",
      "background": "#121517",
      "points": [
        345.8,
        403.6,
        342,
        405.8,
        338.8,
        404,
        338.8,
        399.6,
        338.8,
        387.8,
        338.8,
        383.4,
        341.8,
        378,
        345.8,
        375.8,
        349.6,
        373.6,
        352.8,
        375.4,
        352.8,
        379.8,
        352.8,
        391.6,
        352.6,
        396,
        349.6,
        401.4,
        345.8,
        403.6,
        345.8,
        403.6
      ],
      "segments": [
        1,
        4,
        2,
        4,
        4,
        2,
        4,
        2
      ]
    },
    {
      "type": "shape",
      "background": "#040216",
      "points": [
        349.8,
        381.4,
        349.8,
        378.8,
        348,
        377.6,
        345.6,
        379,
        343.2,
        380.4,
        341.4,
        383.6,
        341.4,
        386.2,
        341.4,
        388.8,
        343.2,
        390,
        345.6,
        388.6,
        348,
        387.4,
        350,
        384,
        349.8,
        381.4,
        349.8,
        381.4
      ],
      "segments": [
        1,
        4,
        4,
        4,
        4,
        2
      ]
    },
    {
      "type": "shape",
      "background": "#5fba00",
      "points": [
        348,
        382.6,
        348,
        381.2,
        347,
        380.6,
        345.8,
        381.2,
        344.6,
        382,
        343.6,
        383.6,
        343.6,
        385.2,
        343.6,
        386.6,
        344.6,
        387.2,
        345.8,
        386.4,
        347,
        385.8,
        348,
        384,
        348,
        382.6,
        348,
        382.6
      ],
      "segments": [
        1,
        4,
        4,
        4,
        4,
        2
      ]
    },
    {
      "type": "shape",
      "background": "#323236",
      "points": [
        345.8,
        396.4,
        345.6,
        396.6,
        345.2,
        396.4,
        345.2,
        396,
        345.2,
        391.2,
        345.2,
        390.8,
        345.4,
        390.4,
        345.8,
        390.2,
        346,
        390,
        346.4,
        390.2,
        346.4,
        390.6,
        346.4,
        395.4,
        346.2,
        395.8,
        346,
        396.2,
        345.8,
        396.4,
        345.8,
        396.4
      ],
      "segments": [
        1,
        4,
        2,
        4,
        4,
        2,
        4,
        2
      ]
    },
    {
      "type": "shape",
      "background": "#323236",
      "points": [
        345.8,
        400.6,
        343.4,
        402,
        341.4,
        400.8,
        341.4,
        398,
        341.4,
        396.2,
        342.2,
        394.2,
        343.4,
        392.6,
        343.6,
        392.2,
        344,
        392.2,
        344.2,
        392.4,
        344.4,
        392.6,
        344.2,
        393,
        344,
        393.4,
        343,
        394.6,
        342.4,
        396.2,
        342.4,
        397.6,
        342.4,
        399.8,
        343.8,
        400.6,
        345.6,
        399.6,
        347.4,
        398.6,
        349,
        396,
        349,
        393.8,
        349,
        392.4,
        348.4,
        391.6,
        347.4,
        391.6,
        347.2,
        391.6,
        347,
        391.2,
        347.2,
        390.8,
        347.4,
        390.4,
        347.6,
        390.2,
        348,
        390.2,
        349.4,
        390.4,
        350.2,
        391.6,
        350.2,
        393.2,
        350.2,
        395.8,
        348.2,
        399.2,
        345.8,
        400.6,
        345.8,
        400.6
      ],
      "segments": [
        1,
        4,
        4,
        4,
        4,
        4,
        4,
        4,
        4,
        4,
        4,
        4,
        4,
        2
      ]
    },
    {
      "type": "shape",
      "background": "#32383a",
      "selectable": false,
      "points": [
        421,
        218.4,
        335.2,
        268.2,
        335.4,
        366,
        421.2,
        316,
        421,
        218.4,
        421,
        218.4
      ]
    },
    {
      "type": "shape",
      "background": "#121517",
      "points": [
        415.2,
        231,
        341,
        274.2,
        341,
        310.2,
        415.4,
        267,
        415.2,
        231,
        415.2,
        231
      ]
    },
    {
      "type": "shape",
      "background": "#00e7ff",
      "points": [
        375.6,
        262.6,
        375.6,
        278.6,
        347,
        295.2,
        347,
        279.2,
        375.6,
        262.6,
        375.6,
        262.6
      ]
    },
    {
      "type": "shape",
      "background": "#32383a",
      "points": [
        333.8,
        209,
        419.8,
        159,
        419.8,
        189.8,
        333.8,
        239.8,
        333.8,
        209,
        333.8,
        209
      ]
    },
    {
      "type": "shape",
      "background": "#121517",
      "points": [
        355.4,
        223.6,
        417,
        187.6,
        417,
        165,
        355.4,
        200.8,
        355.4,
        223.6,
        355.4,
        223.6
      ]
    },
    {
      "type": "shape",
      "background": "#00e7ff",
      "points": [
        407.8,
        187.2,
        411.4,
        185.2,
        411.2,
        174,
        407.8,
        176,
        407.8,
        187.2,
        407.8,
        187.2
      ]
    },
    {
      "type": "shape",
      "background": "#00e7ff",
      "points": [
        402.8,
        190.4,
        406,
        188.6,
        406,
        176.8,
        402.6,
        178.8,
        402.8,
        190.4,
        402.8,
        190.4
      ]
    },
    {
      "type": "shape",
      "background": "#040216",
      "points": [
        351.2,
        213.4,
        352.2,
        212.8,
        353,
        211.4,
        353,
        210.4,
        353,
        204.4,
        353,
        203.2,
        352.2,
        202.8,
        351.2,
        203.4,
        338.6,
        210.8,
        337.6,
        211.4,
        336.8,
        212.8,
        336.8,
        213.8,
        336.8,
        219.8,
        336.8,
        221,
        337.6,
        221.4,
        338.6,
        220.8,
        351.2,
        213.4,
        351.2,
        213.4
      ],
      "segments": [
        1,
        4,
        2,
        4,
        2,
        4,
        2,
        4,
        2,
        2
      ]
    },
    {
      "type": "shape",
      "background": "#b2b2b2",
      "points": [
        339.2,
        216.4,
        339.2,
        217,
        339.6,
        217.2,
        340.2,
        217,
        349.8,
        211.4,
        350.4,
        211.2,
        350.8,
        210.4,
        350.8,
        209.8,
        350.8,
        209.8,
        350.8,
        209.2,
        350.4,
        209,
        349.8,
        209.2,
        340.2,
        214.8,
        339.6,
        215,
        339.2,
        215.8,
        339.2,
        216.4,
        339.2,
        216.4,
        339.2,
        216.4
      ],
      "segments": [
        1,
        4,
        2,
        4,
        2,
        4,
        2,
        4,
        2,
        2
      ]
    },
    {
      "type": "shape",
      "background": "#040216",
      "points": [
        351.4,
        225.8,
        352.4,
        225.2,
        353.2,
        223.8,
        353.2,
        222.8,
        353.2,
        216.8,
        353.2,
        215.6,
        352.4,
        215.2,
        351.4,
        215.8,
        338.8,
        223.2,
        337.8,
        223.8,
        337,
        225,
        337,
        226.2,
        337,
        232.2,
        337,
        233.4,
        337.8,
        233.8,
        338.8,
        233.2,
        351.4,
        225.8,
        351.4,
        225.8
      ],
      "segments": [
        1,
        4,
        2,
        4,
        2,
        4,
        2,
        4,
        2,
        2
      ]
    },
    {
      "type": "shape",
      "background": "#b2b2b2",
      "points": [
        339.2,
        228.8,
        339.2,
        229.4,
        339.6,
        229.6,
        340.2,
        229.4,
        349.8,
        223.8,
        350.4,
        223.4,
        350.8,
        222.8,
        350.8,
        222.2,
        350.8,
        222.2,
        350.8,
        221.6,
        350.4,
        221.4,
        349.8,
        221.6,
        340.2,
        227.2,
        339.6,
        227.6,
        339.2,
        228.2,
        339.2,
        228.8,
        339.2,
        228.8,
        339.2,
        228.8
      ],
      "segments": [
        1,
        4,
        2,
        4,
        2,
        4,
        2,
        4,
        2,
        2
      ]
    }
  ]
}