{
  "width": 512,
  "height": 512,
  "comps": [
    {
      "type": "shape",
      "background": "rgb(214,214,214)",
      "points": [
        269,
        191.4,
        109.6,
        98,
        109.4,
        402,
        268.8,
        495.4,
        269,
        191.4,
        269,
        191.4
      ]
    },
    {
      "type": "shape",
      "background": "#e5e5e5",
      "points": [
        404,
        114,
        244.6,
        20.8,
        109.6,
        98,
        269,
        191.4,
        404,
        114,
        404,
        114
      ]
    },
    {
      "type": "shape",
      "background": "rgb(122,122,122)",
      "points": [
        269,
        191.4,
        268.8,
        495.4,
        403.8,
        418.2,
        404,
        114,
        269,
        191.4,
        269,
        191.4
      ]
    },
    {
      "type": "shape",
      "background": "#262d30",
      "points": [
        282,
        301.6,
        392.8,
        238.2,
        392.8,
        244.2,
        282,
        307.6,
        282,
        301.6,
        282,
        301.6
      ]
    },
    {
      "type": "shape",
      "background": "#262d30",
      "points": [
        282,
        276.6,
        393,
        213.2,
        392.8,
        246.8,
        282,
        310.2,
        282,
        276.6,
        282,
        276.6
      ]
    },
    {
      "type": "shape",
      "background": "#121517",
      "points": [
        284.6,
        281.4,
        284.6,
        280,
        285.6,
        278,
        287,
        277.4,
        288.2,
        276.6,
        289.4,
        277.2,
        289.4,
        278.8,
        289.4,
        280.2,
        288.4,
        282.2,
        287,
        282.8,
        285.6,
        283.4,
        284.6,
        282.8,
        284.6,
        281.4,
        284.6,
        281.4
      ],
      "segments": [
        1,
        4,
        4,
        4,
        4,
        2
      ]
    },
    {
      "type": "shape",
      "background": "#121517",
      "points": [
        385.8,
        223.4,
        385.8,
        222,
        386.8,
        220.2,
        388.2,
        219.4,
        389.4,
        218.6,
        390.6,
        219.2,
        390.6,
        220.8,
        390.6,
        222.2,
        389.6,
        224.2,
        388.2,
        224.8,
        386.8,
        225.4,
        385.8,
        224.8,
        385.8,
        223.4,
        385.8,
        223.4
      ],
      "segments": [
        1,
        4,
        4,
        4,
        4,
        2
      ]
    },
    {
      "type": "shape",
      "background": "#121517",
      "points": [
        284.6,
        304,
        284.6,
        302.6,
        285.6,
        300.6,
        287,
        300,
        288.2,
        299.2,
        289.4,
        299.8,
        289.4,
        301.4,
        289.4,
        302.8,
        288.4,
        304.8,
        287,
        305.4,
        285.6,
        306,
        284.6,
        305.4,
        284.6,
        304,
        284.6,
        304
      ],
      "segments": [
        1,
        4,
        4,
        4,
        4,
        2
      ]
    },
    {
      "type": "shape",
      "background": "#121517",
      "points": [
        385.6,
        246,
        385.6,
        244.6,
        386.6,
        242.6,
        388,
        242,
        389.2,
        241.2,
        390.4,
        241.8,
        390.4,
        243.4,
        390.4,
        244.8,
        389.4,
        246.8,
        388,
        247.4,
        386.8,
        248.2,
        385.6,
        247.6,
        385.6,
        246,
        385.6,
        246
      ],
      "segments": [
        1,
        4,
        4,
        4,
        4,
        2
      ]
    },
    {
      "type": "shape",
      "background": "#dcf4f4",
      "points": [
        282,
        291,
        392.8,
        227.6,
        392.8,
        233.6,
        282,
        297,
        282,
        291,
        282,
        291
      ]
    },
    {
      "type": "shape",
      "background": "#dcf4f4",
      "points": [
        312,
        269,
        362.8,
        240,
        369.2,
        244.4,
        362.8,
        255.4,
        312,
        284.4,
        304.6,
        280.8,
        312,
        269,
        312,
        269
      ]
    },
    {
      "type": "shape",
      "background": "#262d30",
      "points": [
        281.8,
        318,
        392.8,
        254.6,
        392.6,
        288.2,
        281.8,
        351.6,
        281.8,
        318,
        281.8,
        318
      ]
    },
    {
      "type": "shape",
      "background": "#121517",
      "points": [
        284.4,
        322.6,
        284.4,
        321.2,
        285.4,
        319.2,
        286.8,
        318.6,
        288,
        317.8,
        289.2,
        318.4,
        289.2,
        320,
        289.2,
        321.4,
        288.2,
        323.4,
        286.8,
        324,
        285.4,
        324.8,
        284.4,
        324.2,
        284.4,
        322.6,
        284.4,
        322.6
      ],
      "segments": [
        1,
        4,
        4,
        4,
        4,
        2
      ]
    },
    {
      "type": "shape",
      "background": "#121517",
      "points": [
        385.6,
        264.8,
        385.6,
        263.4,
        386.6,
        261.6,
        388,
        260.8,
        389.2,
        260,
        390.4,
        260.6,
        390.4,
        262.2,
        390.4,
        263.6,
        389.4,
        265.6,
        388,
        266.2,
        386.6,
        266.8,
        385.6,
        266.2,
        385.6,
        264.8,
        385.6,
        264.8
      ],
      "segments": [
        1,
        4,
        4,
        4,
        4,
        2
      ]
    },
    {
      "type": "shape",
      "background": "#121517",
      "points": [
        284.4,
        345.4,
        284.4,
        344,
        285.4,
        342.2,
        286.8,
        341.4,
        288,
        340.6,
        289.2,
        341.2,
        289.2,
        342.8,
        289.2,
        344.2,
        288.2,
        346.2,
        286.8,
        346.8,
        285.4,
        347.4,
        284.4,
        346.8,
        284.4,
        345.4,
        284.4,
        345.4
      ],
      "segments": [
        1,
        4,
        4,
        4,
        4,
        2
      ]
    },
    {
      "type": "shape",
      "background": "#121517",
      "points": [
        385.6,
        287.4,
        385.6,
        285.8,
        386.6,
        284,
        388,
        283.4,
        389.2,
        282.6,
        390.4,
        283.2,
        390.4,
        284.8,
        390.4,
        286.2,
        389.4,
        288.2,
        388,
        288.8,
        386.6,
        289.6,
        385.6,
        289,
        385.6,
        287.4,
        385.6,
        287.4
      ],
      "segments": [
        1,
        4,
        4,
        4,
        4,
        2
      ]
    },
    {
      "type": "shape",
      "background": "#dcf4f4",
      "points": [
        281.8,
        331.8,
        392.8,
        268.4,
        392.8,
        274.4,
        281.8,
        337.8,
        281.8,
        331.8,
        281.8,
        331.8
      ]
    },
    {
      "type": "shape",
      "background": "#dcf4f4",
      "points": [
        312,
        309.8,
        362.6,
        280.8,
        369,
        285.2,
        362.6,
        296.2,
        311.8,
        325.2,
        304.6,
        321.6,
        312,
        309.8,
        312,
        309.8
      ]
    },
    {
      "type": "shape",
      "background": "#262d30",
      "points": [
        281.8,
        359.4,
        392.6,
        295.8,
        392.6,
        329.4,
        281.6,
        393,
        281.8,
        359.4,
        281.8,
        359.4
      ]
    },
    {
      "type": "shape",
      "background": "#121517",
      "points": [
        284.4,
        364,
        284.4,
        362.4,
        285.4,
        360.8,
        286.8,
        360,
        288,
        359.2,
        289.2,
        359.8,
        289.2,
        361.4,
        289.2,
        362.8,
        288.2,
        364.6,
        286.8,
        365.4,
        285.4,
        366.2,
        284.2,
        365.6,
        284.4,
        364,
        284.4,
        364
      ],
      "segments": [
        1,
        4,
        4,
        4,
        4,
        2
      ]
    },
    {
      "type": "shape",
      "background": "#121517",
      "points": [
        385.4,
        306,
        385.4,
        304.6,
        386.4,
        302.6,
        387.8,
        302,
        389,
        301.2,
        390.2,
        301.8,
        390.2,
        303.4,
        390.2,
        304.8,
        389.2,
        306.8,
        387.8,
        307.4,
        386.6,
        308.2,
        385.4,
        307.6,
        385.4,
        306,
        385.4,
        306
      ],
      "segments": [
        1,
        4,
        4,
        4,
        4,
        2
      ]
    },
    {
      "type": "shape",
      "background": "#121517",
      "points": [
        284.2,
        386.6,
        284.2,
        385,
        285.2,
        383.2,
        286.6,
        382.6,
        287.8,
        381.8,
        289,
        382.4,
        289,
        384,
        289,
        385.4,
        288,
        387.4,
        286.6,
        388,
        285.2,
        388.8,
        284.2,
        388.2,
        284.2,
        386.6,
        284.2,
        386.6
      ],
      "segments": [
        1,
        4,
        4,
        4,
        4,
        2
      ]
    },
    {
      "type": "shape",
      "background": "#121517",
      "points": [
        385.4,
        328.8,
        385.4,
        327.4,
        386.4,
        325.6,
        387.8,
        324.8,
        389,
        324,
        390.2,
        324.6,
        390.2,
        326.2,
        390.2,
        327.6,
        389.2,
        329.4,
        387.8,
        330.2,
        386.4,
        330.8,
        385.4,
        330.2,
        385.4,
        328.8,
        385.4,
        328.8
      ],
      "segments": [
        1,
        4,
        4,
        4,
        4,
        2
      ]
    },
    {
      "type": "shape",
      "background": "#dcf4f4",
      "points": [
        281.8,
        373.2,
        392.6,
        309.6,
        392.6,
        315.6,
        281.6,
        379.2,
        281.8,
        373.2,
        281.8,
        373.2
      ]
    },
    {
      "type": "shape",
      "background": "#dcf4f4",
      "points": [
        311.8,
        351.2,
        362.6,
        322.2,
        368.8,
        326.6,
        362.4,
        337.6,
        311.8,
        366.6,
        304.4,
        363,
        311.8,
        351.2,
        311.8,
        351.2
      ]
    },
    {
      "type": "shape",
      "background": "#262d30",
      "points": [
        281.6,
        400.6,
        392.4,
        337.2,
        392.4,
        370.8,
        281.6,
        434.4,
        281.6,
        400.6,
        281.6,
        400.6
      ]
    },
    {
      "type": "shape",
      "background": "#121517",
      "points": [
        284.2,
        405.4,
        284.2,
        404,
        285.2,
        402.2,
        286.6,
        401.4,
        287.8,
        400.6,
        289,
        401.2,
        289,
        402.8,
        289,
        404.2,
        288,
        406.2,
        286.6,
        406.8,
        285.2,
        407.4,
        284.2,
        406.8,
        284.2,
        405.4,
        284.2,
        405.4
      ],
      "segments": [
        1,
        4,
        4,
        4,
        4,
        2
      ]
    },
    {
      "type": "shape",
      "background": "#121517",
      "points": [
        385.4,
        347.4,
        385.4,
        346,
        386.4,
        344.2,
        387.8,
        343.4,
        389,
        342.6,
        390.2,
        343.2,
        390.2,
        344.8,
        390.2,
        346.2,
        389.2,
        348,
        387.8,
        348.8,
        386.4,
        349.6,
        385.4,
        349,
        385.4,
        347.4,
        385.4,
        347.4
      ],
      "segments": [
        1,
        4,
        4,
        4,
        4,
        2
      ]
    },
    {
      "type": "shape",
      "background": "#121517",
      "points": [
        284,
        428,
        284,
        426.6,
        285,
        424.8,
        286.4,
        424,
        287.6,
        423.2,
        288.8,
        423.8,
        288.8,
        425.4,
        288.8,
        426.8,
        287.8,
        428.6,
        286.4,
        429.4,
        285.2,
        430.2,
        284,
        429.6,
        284,
        428,
        284,
        428
      ],
      "segments": [
        1,
        4,
        4,
        4,
        4,
        2
      ]
    },
    {
      "type": "shape",
      "background": "#121517",
      "points": [
        385.2,
        370.2,
        385.2,
        368.8,
        386.2,
        367,
        387.6,
        366.2,
        388.8,
        365.4,
        390,
        366,
        390,
        367.6,
        390,
        369,
        389,
        371,
        387.6,
        371.6,
        386.2,
        372.2,
        385.2,
        371.6,
        385.2,
        370.2,
        385.2,
        370.2
      ],
      "segments": [
        1,
        4,
        4,
        4,
        4,
        2
      ]
    },
    {
      "type": "shape",
      "background": "#dcf4f4",
      "points": [
        281.6,
        414.4,
        392.4,
        351,
        392.4,
        357,
        281.6,
        420.6,
        281.6,
        414.4,
        281.6,
        414.4
      ]
    },
    {
      "type": "shape",
      "background": "#dcf4f4",
      "points": [
        311.6,
        392.6,
        362.4,
        363.6,
        368.8,
        367.8,
        362.4,
        379,
        311.6,
        408,
        304.2,
        404.2,
        311.6,
        392.6,
        311.6,
        392.6
      ]
    },
    {
      "type": "shape",
      "background": "#262d30",
      "points": [
        282.4,
        194,
        393.2,
        130.4,
        393,
        164,
        282.2,
        227.6,
        282.4,
        194,
        282.4,
        194
      ]
    },
    {
      "type": "shape",
      "background": "#121517",
      "points": [
        380,
        153.8,
        388.4,
        149,
        388.4,
        139.4,
        380,
        144.2,
        380,
        153.8,
        380,
        153.8
      ]
    },
    {
      "type": "shape",
      "background": "#121517",
      "points": [
        368.8,
        160.2,
        377.2,
        155.4,
        377.2,
        145.8,
        368.8,
        150.6,
        368.8,
        160.2,
        368.8,
        160.2
      ]
    },
    {
      "type": "shape",
      "background": "#121517",
      "points": [
        357.6,
        166.6,
        366,
        161.8,
        366,
        152.2,
        357.8,
        157,
        357.6,
        166.6,
        357.6,
        166.6
      ]
    },
    {
      "type": "shape",
      "background": "#121517",
      "points": [
        346.6,
        173,
        355,
        168.2,
        355,
        158.6,
        346.6,
        163.4,
        346.6,
        173,
        346.6,
        173
      ]
    },
    {
      "type": "shape",
      "background": "#121517",
      "points": [
        335.4,
        179.4,
        343.8,
        174.6,
        343.8,
        165,
        335.4,
        169.8,
        335.4,
        179.4,
        335.4,
        179.4
      ]
    },
    {
      "type": "shape",
      "background": "#121517",
      "points": [
        324.2,
        185.8,
        332.6,
        181,
        332.6,
        171.4,
        324.4,
        176,
        324.2,
        185.8,
        324.2,
        185.8
      ]
    },
    {
      "type": "shape",
      "background": "#121517",
      "points": [
        313.2,
        192.2,
        321.6,
        187.4,
        321.6,
        177.6,
        313.2,
        182.4,
        313.2,
        192.2,
        313.2,
        192.2
      ]
    },
    {
      "type": "shape",
      "background": "#121517",
      "points": [
        302,
        198.6,
        310.4,
        193.8,
        310.4,
        184,
        302,
        188.8,
        302,
        198.6,
        302,
        198.6
      ]
    },
    {
      "type": "shape",
      "background": "#121517",
      "points": [
        380,
        166.2,
        388.2,
        161.4,
        388.4,
        151.8,
        380,
        156.6,
        380,
        166.2,
        380,
        166.2
      ]
    },
    {
      "type": "shape",
      "background": "#121517",
      "points": [
        368.8,
        172.6,
        377.2,
        167.8,
        377.2,
        158.2,
        368.8,
        163,
        368.8,
        172.6,
        368.8,
        172.6
      ]
    },
    {
      "type": "shape",
      "background": "#121517",
      "points": [
        357.6,
        179,
        366,
        174.2,
        366,
        164.6,
        357.6,
        169.4,
        357.6,
        179,
        357.6,
        179
      ]
    },
    {
      "type": "shape",
      "background": "#121517",
      "points": [
        346.4,
        185.4,
        354.8,
        180.6,
        355,
        171,
        346.6,
        175.8,
        346.4,
        185.4,
        346.4,
        185.4
      ]
    },
    {
      "type": "shape",
      "background": "#121517",
      "points": [
        335.4,
        191.8,
        343.8,
        187,
        343.8,
        177.4,
        335.4,
        182.2,
        335.4,
        191.8,
        335.4,
        191.8
      ]
    },
    {
      "type": "shape",
      "background": "#121517",
      "points": [
        324.2,
        198.2,
        332.6,
        193.4,
        332.6,
        183.8,
        324.2,
        188.6,
        324.2,
        198.2,
        324.2,
        198.2
      ]
    },
    {
      "type": "shape",
      "background": "#121517",
      "points": [
        313,
        204.6,
        321.4,
        199.8,
        321.4,
        190,
        313.2,
        195,
        313,
        204.6,
        313,
        204.6
      ]
    },
    {
      "type": "shape",
      "background": "#121517",
      "points": [
        302,
        211,
        310.4,
        206.2,
        310.4,
        196.4,
        302,
        201.2,
        302,
        211,
        302,
        211
      ]
    },
    {
      "type": "shape",
      "background": "#1764ff",
      "points": [
        289,
        198,
        289,
        197,
        289.6,
        195.8,
        290.6,
        195.4,
        291.4,
        195,
        292.2,
        195.4,
        292.2,
        196.2,
        292.2,
        197.2,
        291.4,
        198.4,
        290.6,
        198.8,
        289.8,
        199.4,
        289,
        199,
        289,
        198,
        289,
        198
      ],
      "segments": [
        1,
        4,
        4,
        4,
        4,
        2
      ]
    },
    {
      "type": "shape",
      "background": "#e81515",
      "points": [
        289,
        212.4,
        289,
        211.4,
        289.6,
        210.2,
        290.6,
        209.8,
        291.4,
        209.4,
        292.2,
        209.8,
        292.2,
        210.6,
        292.2,
        211.6,
        291.4,
        212.8,
        290.6,
        213.2,
        289.6,
        213.6,
        289,
        213.2,
        289,
        212.4,
        289,
        212.4
      ],
      "segments": [
        1,
        4,
        4,
        4,
        4,
        2
      ]
    },
    {
      "type": "shape",
      "background": "#262d30",
      "points": [
        282.2,
        235.2,
        393,
        171.8,
        393,
        205.4,
        282,
        269,
        282.2,
        235.2,
        282.2,
        235.2
      ]
    },
    {
      "type": "shape",
      "background": "#121517",
      "points": [
        379.8,
        195.2,
        388.2,
        190.4,
        388.2,
        180.8,
        379.8,
        185.6,
        379.8,
        195.2,
        379.8,
        195.2
      ]
    },
    {
      "type": "shape",
      "background": "#121517",
      "points": [
        368.6,
        201.6,
        377,
        196.8,
        377,
        187.2,
        368.8,
        192,
        368.6,
        201.6,
        368.6,
        201.6
      ]
    },
    {
      "type": "shape",
      "background": "#121517",
      "points": [
        357.6,
        208,
        366,
        203.2,
        366,
        193.6,
        357.6,
        198.4,
        357.6,
        208,
        357.6,
        208
      ]
    },
    {
      "type": "shape",
      "background": "#121517",
      "points": [
        346.4,
        214.4,
        354.8,
        209.6,
        354.8,
        199.8,
        346.4,
        204.6,
        346.4,
        214.4,
        346.4,
        214.4
      ]
    },
    {
      "type": "shape",
      "background": "#121517",
      "points": [
        335.2,
        220.8,
        343.6,
        216,
        343.6,
        206.2,
        335.2,
        211,
        335.2,
        220.8,
        335.2,
        220.8
      ]
    },
    {
      "type": "shape",
      "background": "#121517",
      "points": [
        324.2,
        227.2,
        332.4,
        222.4,
        332.6,
        212.6,
        324.2,
        217.4,
        324.2,
        227.2,
        324.2,
        227.2
      ]
    },
    {
      "type": "shape",
      "background": "#121517",
      "points": [
        313,
        233.4,
        321.4,
        228.6,
        321.4,
        219,
        313,
        223.8,
        313,
        233.4,
        313,
        233.4
      ]
    },
    {
      "type": "shape",
      "background": "#121517",
      "points": [
        301.8,
        239.8,
        310.2,
        235,
        310.2,
        225.4,
        301.8,
        230.2,
        301.8,
        239.8,
        301.8,
        239.8
      ]
    },
    {
      "type": "shape",
      "background": "#121517",
      "points": [
        379.8,
        207.6,
        388.2,
        202.8,
        388.2,
        193.2,
        379.8,
        198,
        379.8,
        207.6,
        379.8,
        207.6
      ]
    },
    {
      "type": "shape",
      "background": "#121517",
      "points": [
        368.6,
        214,
        377,
        209.2,
        377,
        199.6,
        368.6,
        204.4,
        368.6,
        214,
        368.6,
        214
      ]
    },
    {
      "type": "shape",
      "background": "#121517",
      "points": [
        357.4,
        220.4,
        365.8,
        215.6,
        366,
        206,
        357.6,
        210.8,
        357.4,
        220.4,
        357.4,
        220.4
      ]
    },
    {
      "type": "shape",
      "background": "#121517",
      "points": [
        346.4,
        226.8,
        354.8,
        222,
        354.8,
        212.2,
        346.4,
        217.2,
        346.4,
        226.8,
        346.4,
        226.8
      ]
    },
    {
      "type": "shape",
      "background": "#121517",
      "points": [
        335.2,
        233.2,
        343.6,
        228.4,
        343.6,
        218.6,
        335.2,
        223.4,
        335.2,
        233.2,
        335.2,
        233.2
      ]
    },
    {
      "type": "shape",
      "background": "#121517",
      "points": [
        324,
        239.6,
        332.4,
        234.8,
        332.4,
        225,
        324.2,
        229.8,
        324,
        239.6,
        324,
        239.6
      ]
    },
    {
      "type": "shape",
      "background": "#121517",
      "points": [
        313,
        245.8,
        321.4,
        241.2,
        321.4,
        231.4,
        313,
        236.2,
        313,
        245.8,
        313,
        245.8
      ]
    },
    {
      "type": "shape",
      "background": "#121517",
      "points": [
        301.8,
        252.2,
        310.2,
        247.4,
        310.2,
        237.8,
        301.8,
        242.6,
        301.8,
        252.2,
        301.8,
        252.2
      ]
    },
    {
      "type": "shape",
      "background": "#1764ff",
      "points": [
        288.8,
        241.2,
        288.8,
        240.2,
        289.4,
        239,
        290.4,
        238.6,
        291.2,
        238.2,
        292,
        238.6,
        292,
        239.4,
        292,
        240.4,
        291.2,
        241.6,
        290.4,
        242,
        289.6,
        242.6,
        288.8,
        242.2,
        288.8,
        241.2,
        288.8,
        241.2
      ],
      "segments": [
        1,
        4,
        4,
        4,
        4,
        2
      ]
    },
    {
      "type": "shape",
      "background": "#e81515",
      "points": [
        288.8,
        255.4,
        288.8,
        254.4,
        289.4,
        253.2,
        290.4,
        252.8,
        291.2,
        252.4,
        292,
        252.8,
        292,
        253.6,
        292,
        254.6,
        291.2,
        255.8,
        290.4,
        256.2,
        289.6,
        256.8,
        288.8,
        256.4,
        288.8,
        255.4,
        288.8,
        255.4
      ],
      "segments": [
        1,
        4,
        4,
        4,
        4,
        2
      ]
    },
    {
      "type": "shape",
      "background": "#262d30",
      "points": [
        281.4,
        442,
        392.4,
        378.6,
        392.2,
        412.2,
        281.4,
        475.6,
        281.4,
        442,
        281.4,
        442
      ]
    },
    {
      "type": "shape",
      "background": "#101314",
      "points": [
        289.8,
        441.2,
        299.2,
        435.8,
        299.2,
        461.6,
        289.8,
        467,
        289.8,
        441.2,
        289.8,
        441.2
      ]
    },
    {
      "type": "shape",
      "background": "#101314",
      "points": [
        322,
        423.6,
        341.2,
        412.8,
        341,
        436.6,
        322,
        447.4,
        322,
        423.6,
        322,
        423.6
      ]
    },
    {
      "type": "shape",
      "background": "#22d0ff",
      "points": [
        386,
        414,
        388.8,
        412.2,
        389,
        383,
        386,
        384.6,
        386,
        414,
        386,
        414
      ]
    },
    {
      "type": "shape",
      "background": "#22d0ff",
      "points": [
        380.2,
        417.2,
        383,
        415.6,
        383.2,
        386.4,
        380.2,
        388,
        380.2,
        417.2,
        380.2,
        417.2
      ]
    },
    {
      "type": "shape",
      "background": "#22d0ff",
      "points": [
        374.2,
        420.6,
        377.2,
        419,
        377.2,
        389.8,
        374.4,
        391.4,
        374.2,
        420.6,
        374.2,
        420.6
      ]
    },
    {
      "type": "shape",
      "background": "#22d0ff",
      "points": [
        368.4,
        424,
        371.4,
        422.4,
        371.4,
        393,
        368.6,
        394.8,
        368.4,
        424,
        368.4,
        424
      ]
    },
    {
      "type": "shape",
      "background": "#22d0ff",
      "points": [
        362.6,
        427.4,
        365.4,
        425.6,
        365.6,
        396.4,
        362.6,
        398,
        362.6,
        427.4,
        362.6,
        427.4
      ]
    },
    {
      "type": "shape",
      "background": "#22d0ff",
      "points": [
        356.8,
        430.6,
        359.6,
        429,
        359.8,
        399.8,
        356.8,
        401.4,
        356.8,
        430.6,
        356.8,
        430.6
      ]
    },
    {
      "type": "shape",
      "background": "#22d0ff",
      "points": [
        351,
        434,
        353.8,
        432.4,
        353.8,
        403.2,
        351,
        404.8,
        351,
        434,
        351,
        434
      ]
    },
    {
      "type": "shape",
      "background": "#22d0ff",
      "points": [
        345,
        437.4,
        348,
        435.6,
        348,
        406.4,
        345.2,
        408.2,
        345,
        437.4,
        345,
        437.4
      ]
    },
    {
      "type": "shape",
      "background": "#1764ff",
      "points": [
        310.2,
        434.8,
        310.2,
        433.8,
        311,
        432.6,
        311.8,
        432.2,
        312.6,
        431.8,
        313.4,
        432.2,
        313.4,
        433,
        313.4,
        434,
        312.8,
        435.2,
        311.8,
        435.6,
        311,
        436.2,
        310.2,
        435.8,
        310.2,
        434.8,
        310.2,
        434.8
      ],
      "segments": [
        1,
        4,
        4,
        4,
        4,
        2
      ]
    },
    {
      "type": "shape",
      "background": "#e81515",
      "points": [
        310.2,
        449,
        310.2,
        448,
        310.8,
        446.8,
        311.8,
        446.4,
        312.6,
        446,
        313.4,
        446.4,
        313.4,
        447.2,
        313.4,
        448.2,
        312.8,
        449.4,
        311.8,
        449.8,
        311,
        450.4,
        310.2,
        450,
        310.2,
        449,
        310.2,
        449
      ],
      "segments": [
        1,
        4,
        4,
        4,
        4,
        2
      ]
    },
    {
      "type": "shape",
      "background": "#efefef",
      "points": [
        129,
        92.8,
        271,
        174.8,
        384,
        109.6,
        243.6,
        28.4,
        129,
        92.8,
        129,
        92.8
      ]
    },
    {
      "type": "shape",
      "background": "#9b9b9b",
      "points": [
        384,
        109.6,
        384,
        116,
        271,
        181.4,
        271,
        174.8,
        384,
        109.6,
        384,
        109.6
      ]
    },
    {
      "type": "shape",
      "background": "#9b9b9b",
      "points": [
        129,
        92.8,
        129,
        99.4,
        271,
        181.4,
        271,
        174.8,
        129,
        92.8,
        129,
        92.8
      ]
    },
    {
      "type": "shape",
      "background": "#2d2d2d",
      "points": [
        187,
        69.6,
        190.4,
        71.6,
        153.4,
        92.4,
        150,
        90.4,
        187,
        69.6,
        187,
        69.6
      ]
    },
    {
      "type": "shape",
      "background": "#2d2d2d",
      "points": [
        192.4,
        72.8,
        195.6,
        74.6,
        158.8,
        95.4,
        155.4,
        93.6,
        192.4,
        72.8,
        192.4,
        72.8
      ]
    },
    {
      "type": "shape",
      "background": "#2d2d2d",
      "points": [
        197.8,
        75.8,
        201,
        77.8,
        164,
        98.6,
        160.8,
        96.6,
        197.8,
        75.8,
        197.8,
        75.8
      ]
    },
    {
      "type": "shape",
      "background": "#2d2d2d",
      "points": [
        203,
        79,
        206.4,
        80.8,
        169.4,
        101.6,
        166,
        99.8,
        203,
        79,
        203,
        79
      ]
    },
    {
      "type": "shape",
      "background": "#2d2d2d",
      "points": [
        208.4,
        82,
        211.8,
        83.8,
        174.8,
        104.8,
        171.4,
        102.8,
        208.4,
        82,
        208.4,
        82
      ]
    },
    {
      "type": "shape",
      "background": "#2d2d2d",
      "points": [
        213.8,
        85,
        217,
        87,
        180.2,
        107.8,
        176.8,
        105.8,
        213.8,
        85,
        213.8,
        85
      ]
    },
    {
      "type": "shape",
      "background": "#2d2d2d",
      "points": [
        241,
        39.6,
        244.4,
        41.6,
        207.4,
        62.4,
        204,
        60.4,
        241,
        39.6,
        241,
        39.6
      ]
    },
    {
      "type": "shape",
      "background": "#2d2d2d",
      "points": [
        246.4,
        42.8,
        249.6,
        44.6,
        212.8,
        65.4,
        209.4,
        63.6,
        246.4,
        42.8,
        246.4,
        42.8
      ]
    },
    {
      "type": "shape",
      "background": "#2d2d2d",
      "points": [
        251.8,
        45.8,
        255,
        47.8,
        218,
        68.6,
        214.8,
        66.6,
        251.8,
        45.8,
        251.8,
        45.8
      ]
    },
    {
      "type": "shape",
      "background": "#2d2d2d",
      "points": [
        257,
        49,
        260.4,
        50.8,
        223.4,
        71.6,
        220,
        69.8,
        257,
        49,
        257,
        49
      ]
    },
    {
      "type": "shape",
      "background": "#2d2d2d",
      "points": [
        262.4,
        52,
        265.8,
        53.8,
        228.8,
        74.8,
        225.4,
        72.8,
        262.4,
        52,
        262.4,
        52
      ]
    },
    {
      "type": "shape",
      "background": "#2d2d2d",
      "points": [
        267.8,
        55,
        271,
        57,
        234.2,
        77.8,
        230.8,
        75.8,
        267.8,
        55,
        267.8,
        55
      ]
    },
    {
      "type": "shape",
      "background": "#626363",
      "points": [
        137.6,
        266,
        137.6,
        263.2,
        135.6,
        259.8,
        133.2,
        258.4,
        130.8,
        257,
        128.8,
        258.2,
        128.8,
        260.8,
        128.8,
        263.6,
        130.8,
        267,
        133.2,
        268.4,
        135.6,
        269.8,
        137.6,
        268.8,
        137.6,
        266,
        137.6,
        266
      ],
      "segments": [
        1,
        4,
        4,
        4,
        4,
        2
      ]
    },
    {
      "type": "shape",
      "background": "#626363",
      "points": [
        151,
        273.8,
        151,
        271,
        149,
        267.6,
        146.6,
        266.2,
        144.2,
        264.8,
        142.2,
        266,
        142.2,
        268.8,
        142.2,
        271.6,
        144.2,
        275,
        146.6,
        276.4,
        149,
        277.6,
        151,
        276.6,
        151,
        273.8,
        151,
        273.8
      ],
      "segments": [
        1,
        4,
        4,
        4,
        4,
        2
      ]
    },
    {
      "type": "shape",
      "background": "#626363",
      "points": [
        164.4,
        281.6,
        164.4,
        278.8,
        162.4,
        275.4,
        160,
        274,
        157.6,
        272.6,
        155.6,
        273.8,
        155.6,
        276.6,
        155.6,
        279.4,
        157.6,
        282.8,
        160,
        284.2,
        162.6,
        285.6,
        164.4,
        284.4,
        164.4,
        281.6,
        164.4,
        281.6
      ],
      "segments": [
        1,
        4,
        4,
        4,
        4,
        2
      ]
    },
    {
      "type": "shape",
      "background": "#626363",
      "points": [
        178,
        289.4,
        178,
        286.6,
        176,
        283.2,
        173.6,
        281.8,
        171.2,
        280.4,
        169.2,
        281.6,
        169.2,
        284.4,
        169.2,
        287.2,
        171.2,
        290.6,
        173.6,
        292,
        176,
        293.4,
        178,
        292.2,
        178,
        289.4,
        178,
        289.4
      ],
      "segments": [
        1,
        4,
        4,
        4,
        4,
        2
      ]
    },
    {
      "type": "shape",
      "background": "#626363",
      "points": [
        191.4,
        297.2,
        191.4,
        294.4,
        189.4,
        291,
        187,
        289.6,
        184.6,
        288.2,
        182.6,
        289.4,
        182.6,
        292.2,
        182.6,
        295,
        184.6,
        298.4,
        187,
        299.8,
        189.4,
        301.2,
        191.4,
        300,
        191.4,
        297.2,
        191.4,
        297.2
      ],
      "segments": [
        1,
        4,
        4,
        4,
        4,
        2
      ]
    },
    {
      "type": "shape",
      "background": "#626363",
      "points": [
        204.8,
        305,
        204.8,
        302.2,
        202.8,
        298.8,
        200.4,
        297.4,
        198,
        296,
        196,
        297.2,
        196,
        300,
        196,
        302.8,
        198,
        306.2,
        200.4,
        307.6,
        203,
        309,
        204.8,
        307.8,
        204.8,
        305,
        204.8,
        305
      ],
      "segments": [
        1,
        4,
        4,
        4,
        4,
        2
      ]
    },
    {
      "type": "shape",
      "background": "#626363",
      "points": [
        218.4,
        313,
        218.4,
        310.2,
        216.4,
        306.8,
        214,
        305.4,
        211.6,
        304,
        209.6,
        305.2,
        209.6,
        308,
        209.6,
        310.8,
        211.6,
        314.2,
        214,
        315.6,
        216.4,
        316.8,
        218.4,
        315.8,
        218.4,
        313,
        218.4,
        313
      ],
      "segments": [
        1,
        4,
        4,
        4,
        4,
        2
      ]
    },
    {
      "type": "shape",
      "background": "#626363",
      "points": [
        231.8,
        320.8,
        231.8,
        318,
        229.8,
        314.6,
        227.4,
        313.2,
        225,
        311.8,
        223,
        313,
        223,
        315.8,
        223,
        318.6,
        225,
        322,
        227.4,
        323.4,
        229.8,
        324.6,
        231.8,
        323.6,
        231.8,
        320.8,
        231.8,
        320.8
      ],
      "segments": [
        1,
        4,
        4,
        4,
        4,
        2
      ]
    },
    {
      "type": "shape",
      "background": "#626363",
      "points": [
        245.2,
        328.6,
        245.2,
        325.8,
        243.2,
        322.4,
        240.8,
        321,
        238.4,
        319.6,
        236.4,
        320.8,
        236.4,
        323.6,
        236.4,
        326.4,
        238.4,
        329.8,
        240.8,
        331.2,
        243.4,
        332.6,
        245.2,
        331.4,
        245.2,
        328.6,
        245.2,
        328.6
      ],
      "segments": [
        1,
        4,
        4,
        4,
        4,
        2
      ]
    },
    {
      "type": "shape",
      "background": "#626363",
      "points": [
        137.6,
        282.4,
        137.6,
        279.6,
        135.6,
        276.2,
        133.2,
        274.8,
        130.8,
        273.4,
        128.8,
        274.4,
        128.8,
        277.2,
        128.8,
        280,
        130.8,
        283.4,
        133.2,
        284.8,
        135.6,
        286.4,
        137.4,
        285.2,
        137.6,
        282.4,
        137.6,
        282.4
      ],
      "segments": [
        1,
        4,
        4,
        4,
        4,
        2
      ]
    },
    {
      "type": "shape",
      "background": "#626363",
      "points": [
        151,
        290.2,
        151,
        287.4,
        149,
        284,
        146.6,
        282.6,
        144.2,
        281.2,
        142.2,
        282.4,
        142.2,
        285.2,
        142.2,
        288,
        144.2,
        291.4,
        146.6,
        292.8,
        149,
        294.2,
        151,
        293,
        151,
        290.2,
        151,
        290.2
      ],
      "segments": [
        1,
        4,
        4,
        4,
        4,
        2
      ]
    },
    {
      "type": "shape",
      "background": "#626363",
      "points": [
        164.4,
        298,
        164.4,
        295.2,
        162.4,
        291.8,
        160,
        290.4,
        157.6,
        289,
        155.6,
        290.2,
        155.6,
        293,
        155.6,
        295.8,
        157.6,
        299.2,
        160,
        300.6,
        162.4,
        302,
        164.4,
        300.8,
        164.4,
        298,
        164.4,
        298
      ],
      "segments": [
        1,
        4,
        4,
        4,
        4,
        2
      ]
    },
    {
      "type": "shape",
      "background": "#626363",
      "points": [
        177.8,
        306,
        177.8,
        303.2,
        175.8,
        299.8,
        173.4,
        298.4,
        171,
        297,
        169,
        298.2,
        169,
        301,
        169,
        303.8,
        171,
        307.2,
        173.4,
        308.6,
        176,
        309.8,
        177.8,
        308.8,
        177.8,
        306,
        177.8,
        306
      ],
      "segments": [
        1,
        4,
        4,
        4,
        4,
        2
      ]
    },
    {
      "type": "shape",
      "background": "#626363",
      "points": [
        191.4,
        313.8,
        191.4,
        311,
        189.4,
        307.6,
        187,
        306.2,
        184.6,
        304.8,
        182.6,
        306,
        182.6,
        308.8,
        182.6,
        311.6,
        184.6,
        315,
        187,
        316.4,
        189.4,
        317.8,
        191.4,
        316.6,
        191.4,
        313.8,
        191.4,
        313.8
      ],
      "segments": [
        1,
        4,
        4,
        4,
        4,
        2
      ]
    },
    {
      "type": "shape",
      "background": "#626363",
      "points": [
        204.8,
        321.6,
        204.8,
        318.8,
        202.8,
        315.4,
        200.4,
        314,
        198,
        312.6,
        196,
        313.8,
        196,
        316.6,
        196,
        319.4,
        198,
        322.8,
        200.4,
        324.2,
        202.8,
        325.6,
        204.8,
        324.4,
        204.8,
        321.6,
        204.8,
        321.6
      ],
      "segments": [
        1,
        4,
        4,
        4,
        4,
        2
      ]
    },
    {
      "type": "shape",
      "background": "#626363",
      "points": [
        218.4,
        329.4,
        218.4,
        326.6,
        216.4,
        323.2,
        214,
        321.8,
        211.6,
        320.4,
        209.6,
        321.6,
        209.6,
        324.4,
        209.6,
        327.2,
        211.6,
        330.6,
        214,
        332,
        216.4,
        333.4,
        218.2,
        332.2,
        218.4,
        329.4,
        218.4,
        329.4
      ],
      "segments": [
        1,
        4,
        4,
        4,
        4,
        2
      ]
    },
    {
      "type": "shape",
      "background": "#626363",
      "points": [
        231.8,
        337.2,
        231.8,
        334.4,
        229.8,
        331,
        227.4,
        329.6,
        225,
        328.2,
        223,
        329.4,
        223,
        332.2,
        223,
        335,
        225,
        338.4,
        227.4,
        339.8,
        229.8,
        341.2,
        231.8,
        340,
        231.8,
        337.2,
        231.8,
        337.2
      ],
      "segments": [
        1,
        4,
        4,
        4,
        4,
        2
      ]
    },
    {
      "type": "shape",
      "background": "#626363",
      "points": [
        245.2,
        345.2,
        245.2,
        342.4,
        243.2,
        339,
        240.8,
        337.6,
        238.4,
        336.2,
        236.4,
        337.4,
        236.4,
        340.2,
        236.4,
        343,
        238.4,
        346.4,
        240.8,
        347.8,
        243.2,
        349,
        245.2,
        348,
        245.2,
        345.2,
        245.2,
        345.2
      ],
      "segments": [
        1,
        4,
        4,
        4,
        4,
        2
      ]
    },
    {
      "type": "shape",
      "background": "#626363",
      "points": [
        137.4,
        299,
        137.4,
        296.2,
        135.4,
        292.8,
        133,
        291.4,
        130.6,
        290,
        128.6,
        291.2,
        128.6,
        294,
        128.6,
        296.8,
        130.6,
        300.2,
        133,
        301.6,
        135.4,
        302.8,
        137.4,
        301.8,
        137.4,
        299,
        137.4,
        299
      ],
      "segments": [
        1,
        4,
        4,
        4,
        4,
        2
      ]
    },
    {
      "type": "shape",
      "background": "#626363",
      "points": [
        151,
        306.8,
        151,
        304,
        149,
        300.6,
        146.6,
        299.2,
        144.2,
        297.8,
        142.2,
        299,
        142.2,
        301.8,
        142.2,
        304.6,
        144.2,
        308,
        146.6,
        309.4,
        149,
        310.8,
        151,
        309.6,
        151,
        306.8,
        151,
        306.8
      ],
      "segments": [
        1,
        4,
        4,
        4,
        4,
        2
      ]
    },
    {
      "type": "shape",
      "background": "#626363",
      "points": [
        164.4,
        314.6,
        164.4,
        311.8,
        162.4,
        308.4,
        160,
        307,
        157.6,
        305.6,
        155.6,
        306.8,
        155.6,
        309.6,
        155.6,
        312.4,
        157.6,
        315.8,
        160,
        317.2,
        162.4,
        318.6,
        164.4,
        317.4,
        164.4,
        314.6,
        164.4,
        314.6
      ],
      "segments": [
        1,
        4,
        4,
        4,
        4,
        2
      ]
    },
    {
      "type": "shape",
      "background": "#626363",
      "points": [
        177.8,
        322.4,
        177.8,
        319.6,
        175.8,
        316.2,
        173.4,
        314.8,
        171,
        313.4,
        169,
        314.6,
        169,
        317.4,
        169,
        320.2,
        171,
        323.6,
        173.4,
        325,
        175.8,
        326.4,
        177.8,
        325.2,
        177.8,
        322.4,
        177.8,
        322.4
      ],
      "segments": [
        1,
        4,
        4,
        4,
        4,
        2
      ]
    },
    {
      "type": "shape",
      "background": "#626363",
      "points": [
        191.4,
        330.2,
        191.4,
        327.4,
        189.4,
        324,
        187,
        322.6,
        184.6,
        321.2,
        182.6,
        322.4,
        182.6,
        325.2,
        182.6,
        328,
        184.6,
        331.4,
        187,
        332.8,
        189.4,
        334.2,
        191.4,
        333,
        191.4,
        330.2,
        191.4,
        330.2
      ],
      "segments": [
        1,
        4,
        4,
        4,
        4,
        2
      ]
    },
    {
      "type": "shape",
      "background": "#626363",
      "points": [
        204.8,
        338.2,
        204.8,
        335.4,
        202.8,
        332,
        200.4,
        330.6,
        198,
        329.2,
        196,
        330.4,
        196,
        333.2,
        196,
        336,
        198,
        339.4,
        200.4,
        340.8,
        202.8,
        342,
        204.8,
        341,
        204.8,
        338.2,
        204.8,
        338.2
      ],
      "segments": [
        1,
        4,
        4,
        4,
        4,
        2
      ]
    },
    {
      "type": "shape",
      "background": "#626363",
      "points": [
        218.2,
        346,
        218.2,
        343.2,
        216.2,
        339.8,
        213.8,
        338.4,
        211.4,
        337,
        209.4,
        338.2,
        209.4,
        341,
        209.4,
        343.8,
        211.4,
        347.2,
        213.8,
        348.6,
        216.2,
        349.8,
        218.2,
        348.8,
        218.2,
        346,
        218.2,
        346
      ],
      "segments": [
        1,
        4,
        4,
        4,
        4,
        2
      ]
    },
    {
      "type": "shape",
      "background": "#626363",
      "points": [
        231.8,
        353.8,
        231.8,
        351,
        229.8,
        347.6,
        227.4,
        346.2,
        225,
        344.8,
        223,
        346,
        223,
        348.8,
        223,
        351.6,
        225,
        355,
        227.4,
        356.4,
        229.8,
        357.8,
        231.8,
        356.6,
        231.8,
        353.8,
        231.8,
        353.8
      ],
      "segments": [
        1,
        4,
        4,
        4,
        4,
        2
      ]
    },
    {
      "type": "shape",
      "background": "#626363",
      "points": [
        245.2,
        361.6,
        245.2,
        358.8,
        243.2,
        355.4,
        240.8,
        354,
        238.4,
        352.6,
        236.4,
        353.8,
        236.4,
        356.6,
        236.4,
        359.4,
        238.4,
        362.8,
        240.8,
        364.2,
        243.2,
        365.6,
        245.2,
        364.4,
        245.2,
        361.6,
        245.2,
        361.6
      ],
      "segments": [
        1,
        4,
        4,
        4,
        4,
        2
      ]
    },
    {
      "type": "shape",
      "background": "#626363",
      "points": [
        137.4,
        315.4,
        137.4,
        312.6,
        135.4,
        309.2,
        133,
        307.8,
        130.6,
        306.4,
        128.6,
        307.6,
        128.6,
        310.4,
        128.6,
        313.2,
        130.6,
        316.6,
        133,
        318,
        135.4,
        319.4,
        137.4,
        318.2,
        137.4,
        315.4,
        137.4,
        315.4
      ],
      "segments": [
        1,
        4,
        4,
        4,
        4,
        2
      ]
    },
    {
      "type": "shape",
      "background": "#626363",
      "points": [
        150.8,
        323.4,
        150.8,
        320.6,
        148.8,
        317.2,
        146.4,
        315.8,
        144,
        314.4,
        142,
        315.6,
        142,
        318.4,
        142,
        321.2,
        144,
        324.6,
        146.4,
        326,
        148.8,
        327.2,
        150.8,
        326.2,
        150.8,
        323.4,
        150.8,
        323.4
      ],
      "segments": [
        1,
        4,
        4,
        4,
        4,
        2
      ]
    },
    {
      "type": "shape",
      "background": "#626363",
      "points": [
        164.4,
        331.2,
        164.4,
        328.4,
        162.4,
        325,
        160,
        323.6,
        157.6,
        322.2,
        155.6,
        323.4,
        155.6,
        326.2,
        155.6,
        329,
        157.6,
        332.4,
        160,
        333.8,
        162.4,
        335,
        164.4,
        334,
        164.4,
        331.2,
        164.4,
        331.2
      ],
      "segments": [
        1,
        4,
        4,
        4,
        4,
        2
      ]
    },
    {
      "type": "shape",
      "background": "#626363",
      "points": [
        177.8,
        339,
        177.8,
        336.2,
        175.8,
        332.8,
        173.4,
        331.4,
        171,
        330,
        169,
        331.2,
        169,
        334,
        169,
        336.8,
        171,
        340.2,
        173.4,
        341.6,
        175.8,
        343,
        177.8,
        341.8,
        177.8,
        339,
        177.8,
        339
      ],
      "segments": [
        1,
        4,
        4,
        4,
        4,
        2
      ]
    },
    {
      "type": "shape",
      "background": "#626363",
      "points": [
        191.2,
        346.8,
        191.2,
        344,
        189.2,
        340.6,
        186.8,
        339.2,
        184.4,
        337.8,
        182.4,
        339,
        182.4,
        341.8,
        182.4,
        344.6,
        184.4,
        348,
        186.8,
        349.4,
        189.2,
        350.8,
        191.2,
        349.6,
        191.2,
        346.8,
        191.2,
        346.8
      ],
      "segments": [
        1,
        4,
        4,
        4,
        4,
        2
      ]
    },
    {
      "type": "shape",
      "background": "#626363",
      "points": [
        204.8,
        354.6,
        204.8,
        351.8,
        202.8,
        348.4,
        200.4,
        347,
        198,
        345.6,
        196,
        346.8,
        196,
        349.6,
        196,
        352.4,
        198,
        355.8,
        200.4,
        357.2,
        202.8,
        358.6,
        204.8,
        357.4,
        204.8,
        354.6,
        204.8,
        354.6
      ],
      "segments": [
        1,
        4,
        4,
        4,
        4,
        2
      ]
    },
    {
      "type": "shape",
      "background": "#626363",
      "points": [
        218.2,
        362.4,
        218.2,
        359.6,
        216.2,
        356.2,
        213.8,
        354.8,
        211.4,
        353.4,
        209.4,
        354.6,
        209.4,
        357.4,
        209.4,
        360.2,
        211.4,
        363.6,
        213.8,
        365,
        216.2,
        366.4,
        218.2,
        365.2,
        218.2,
        362.4,
        218.2,
        362.4
      ],
      "segments": [
        1,
        4,
        4,
        4,
        4,
        2
      ]
    },
    {
      "type": "shape",
      "background": "#626363",
      "points": [
        231.6,
        370.4,
        231.6,
        367.6,
        229.6,
        364.2,
        227.2,
        362.8,
        224.8,
        361.4,
        222.8,
        362.6,
        222.8,
        365.4,
        222.8,
        368.2,
        224.8,
        371.6,
        227.2,
        373,
        229.6,
        374.2,
        231.6,
        373.2,
        231.6,
        370.4,
        231.6,
        370.4
      ],
      "segments": [
        1,
        4,
        4,
        4,
        4,
        2
      ]
    },
    {
      "type": "shape",
      "background": "#626363",
      "points": [
        245.2,
        378.2,
        245.2,
        375.4,
        243.2,
        372,
        240.8,
        370.6,
        238.4,
        369.2,
        236.4,
        370.4,
        236.4,
        373.2,
        236.4,
        376,
        238.4,
        379.4,
        240.8,
        380.8,
        243.2,
        382,
        245.2,
        381,
        245.2,
        378.2,
        245.2,
        378.2
      ],
      "segments": [
        1,
        4,
        4,
        4,
        4,
        2
      ]
    },
    {
      "type": "shape",
      "background": "#626363",
      "points": [
        137.4,
        332,
        137.4,
        329.2,
        135.4,
        325.8,
        133,
        324.4,
        130.6,
        323,
        128.6,
        324.2,
        128.6,
        327,
        128.6,
        329.8,
        130.6,
        333.2,
        133,
        334.6,
        135.4,
        336,
        137.4,
        334.8,
        137.4,
        332,
        137.4,
        332
      ],
      "segments": [
        1,
        4,
        4,
        4,
        4,
        2
      ]
    },
    {
      "type": "shape",
      "background": "#626363",
      "points": [
        150.8,
        339.8,
        150.8,
        337,
        148.8,
        333.6,
        146.4,
        332.2,
        144,
        330.8,
        142,
        332,
        142,
        334.8,
        142,
        337.6,
        144,
        341,
        146.4,
        342.4,
        148.8,
        343.8,
        150.8,
        342.6,
        150.8,
        339.8,
        150.8,
        339.8
      ],
      "segments": [
        1,
        4,
        4,
        4,
        4,
        2
      ]
    },
    {
      "type": "shape",
      "background": "#626363",
      "points": [
        164.2,
        347.6,
        164.2,
        344.8,
        162.2,
        341.4,
        159.8,
        340,
        157.4,
        338.6,
        155.4,
        339.8,
        155.4,
        342.6,
        155.4,
        345.4,
        157.4,
        348.8,
        159.8,
        350.2,
        162.2,
        351.6,
        164.2,
        350.4,
        164.2,
        347.6,
        164.2,
        347.6
      ],
      "segments": [
        1,
        4,
        4,
        4,
        4,
        2
      ]
    },
    {
      "type": "shape",
      "background": "#626363",
      "points": [
        177.8,
        355.4,
        177.8,
        352.6,
        175.8,
        349.2,
        173.4,
        347.8,
        171,
        346.4,
        169,
        347.6,
        169,
        350.4,
        169,
        353.2,
        171,
        356.6,
        173.4,
        358,
        175.8,
        359.4,
        177.8,
        358.4,
        177.8,
        355.4,
        177.8,
        355.4
      ],
      "segments": [
        1,
        4,
        4,
        4,
        4,
        2
      ]
    },
    {
      "type": "shape",
      "background": "#626363",
      "points": [
        191.2,
        363.4,
        191.2,
        360.6,
        189.2,
        357.2,
        186.8,
        355.8,
        184.4,
        354.4,
        182.4,
        355.6,
        182.4,
        358.4,
        182.4,
        361.2,
        184.4,
        364.6,
        186.8,
        366,
        189.2,
        367.2,
        191.2,
        366.2,
        191.2,
        363.4,
        191.2,
        363.4
      ],
      "segments": [
        1,
        4,
        4,
        4,
        4,
        2
      ]
    },
    {
      "type": "shape",
      "background": "#626363",
      "points": [
        204.6,
        371.2,
        204.6,
        368.4,
        202.6,
        365,
        200.2,
        363.6,
        197.8,
        362.2,
        195.8,
        363.4,
        195.8,
        366.2,
        195.8,
        369,
        197.8,
        372.4,
        200.2,
        373.8,
        202.6,
        375.2,
        204.6,
        374,
        204.6,
        371.2,
        204.6,
        371.2
      ],
      "segments": [
        1,
        4,
        4,
        4,
        4,
        2
      ]
    },
    {
      "type": "shape",
      "background": "#626363",
      "points": [
        218.2,
        379,
        218.2,
        376.2,
        216.2,
        372.8,
        213.8,
        371.4,
        211.4,
        370,
        209.4,
        371.2,
        209.4,
        374,
        209.4,
        376.8,
        211.4,
        380.2,
        213.8,
        381.6,
        216.2,
        383,
        218.2,
        381.8,
        218.2,
        379,
        218.2,
        379
      ],
      "segments": [
        1,
        4,
        4,
        4,
        4,
        2
      ]
    },
    {
      "type": "shape",
      "background": "#626363",
      "points": [
        231.6,
        386.8,
        231.6,
        384,
        229.6,
        380.6,
        227.2,
        379.2,
        224.8,
        377.8,
        222.8,
        379,
        222.8,
        381.8,
        222.8,
        384.6,
        224.8,
        388,
        227.2,
        389.4,
        229.6,
        390.8,
        231.6,
        389.6,
        231.6,
        386.8,
        231.6,
        386.8
      ],
      "segments": [
        1,
        4,
        4,
        4,
        4,
        2
      ]
    },
    {
      "type": "shape",
      "background": "#626363",
      "points": [
        245,
        394.6,
        245,
        391.8,
        243,
        388.4,
        240.6,
        387,
        238.2,
        385.6,
        236.2,
        386.8,
        236.2,
        389.6,
        236.2,
        392.4,
        238.2,
        395.8,
        240.6,
        397.2,
        243,
        398.6,
        245,
        397.4,
        245,
        394.6,
        245,
        394.6
      ],
      "segments": [
        1,
        4,
        4,
        4,
        4,
        2
      ]
    },
    {
      "type": "shape",
      "background": "#626363",
      "points": [
        137.2,
        348.6,
        137.2,
        345.8,
        135.2,
        342.4,
        132.8,
        341,
        130.4,
        339.6,
        128.4,
        340.8,
        128.4,
        343.6,
        128.4,
        346.4,
        130.4,
        349.8,
        132.8,
        351.2,
        135.4,
        352.4,
        137.2,
        351.4,
        137.2,
        348.6,
        137.2,
        348.6
      ],
      "segments": [
        1,
        4,
        4,
        4,
        4,
        2
      ]
    },
    {
      "type": "shape",
      "background": "#626363",
      "points": [
        150.8,
        356.4,
        150.8,
        353.6,
        148.8,
        350.2,
        146.4,
        348.8,
        144,
        347.4,
        142,
        348.6,
        142,
        351.4,
        142,
        354.2,
        144,
        357.6,
        146.4,
        359,
        148.8,
        360.2,
        150.8,
        359.2,
        150.8,
        356.4,
        150.8,
        356.4
      ],
      "segments": [
        1,
        4,
        4,
        4,
        4,
        2
      ]
    },
    {
      "type": "shape",
      "background": "#626363",
      "points": [
        164.2,
        364.2,
        164.2,
        361.4,
        162.2,
        358,
        159.8,
        356.6,
        157.4,
        355.2,
        155.4,
        356.4,
        155.4,
        359.2,
        155.4,
        362,
        157.4,
        365.4,
        159.8,
        366.8,
        162.2,
        368.2,
        164.2,
        367,
        164.2,
        364.2,
        164.2,
        364.2
      ],
      "segments": [
        1,
        4,
        4,
        4,
        4,
        2
      ]
    },
    {
      "type": "shape",
      "background": "#626363",
      "points": [
        177.6,
        372,
        177.6,
        369.2,
        175.6,
        365.8,
        173.2,
        364.4,
        170.8,
        363,
        168.8,
        364.2,
        168.8,
        367,
        168.8,
        369.8,
        170.8,
        373.2,
        173.2,
        374.6,
        175.6,
        376,
        177.6,
        374.8,
        177.6,
        372,
        177.6,
        372
      ],
      "segments": [
        1,
        4,
        4,
        4,
        4,
        2
      ]
    },
    {
      "type": "shape",
      "background": "#626363",
      "points": [
        191.2,
        379.8,
        191.2,
        377,
        189.2,
        373.6,
        186.8,
        372.2,
        184.4,
        370.8,
        182.4,
        372,
        182.4,
        374.8,
        182.4,
        377.6,
        184.4,
        381,
        186.8,
        382.4,
        189.2,
        383.8,
        191.2,
        382.6,
        191.2,
        379.8,
        191.2,
        379.8
      ],
      "segments": [
        1,
        4,
        4,
        4,
        4,
        2
      ]
    },
    {
      "type": "shape",
      "background": "#626363",
      "points": [
        204.6,
        387.8,
        204.6,
        385,
        202.6,
        381.6,
        200.2,
        380.2,
        197.8,
        378.8,
        195.8,
        380,
        195.8,
        382.8,
        195.8,
        385.6,
        197.8,
        389,
        200.2,
        390.4,
        202.6,
        391.6,
        204.6,
        390.4,
        204.6,
        387.8,
        204.6,
        387.8
      ],
      "segments": [
        1,
        4,
        4,
        4,
        4,
        2
      ]
    },
    {
      "type": "shape",
      "background": "#626363",
      "points": [
        218,
        395.6,
        218,
        392.8,
        216,
        389.4,
        213.6,
        388,
        211.2,
        386.6,
        209.2,
        387.8,
        209.2,
        390.6,
        209.2,
        393.4,
        211.2,
        396.8,
        213.6,
        398.2,
        216,
        399.4,
        218,
        398.4,
        218,
        395.6,
        218,
        395.6
      ],
      "segments": [
        1,
        4,
        4,
        4,
        4,
        2
      ]
    },
    {
      "type": "shape",
      "background": "#626363",
      "points": [
        231.6,
        403.4,
        231.6,
        400.6,
        229.6,
        397.2,
        227.2,
        395.8,
        224.8,
        394.4,
        222.8,
        395.6,
        222.8,
        398.4,
        222.8,
        401.2,
        224.8,
        404.6,
        227.2,
        406,
        229.6,
        407.2,
        231.6,
        406.2,
        231.6,
        403.4,
        231.6,
        403.4
      ],
      "segments": [
        1,
        4,
        4,
        4,
        4,
        2
      ]
    },
    {
      "type": "shape",
      "background": "#626363",
      "points": [
        245,
        411.2,
        245,
        408.4,
        243,
        405,
        240.6,
        403.6,
        238.2,
        402.2,
        236.2,
        403.4,
        236.2,
        406.2,
        236.2,
        409,
        238.2,
        412.4,
        240.6,
        413.8,
        243,
        415.2,
        245,
        414,
        245,
        411.2,
        245,
        411.2
      ],
      "segments": [
        1,
        4,
        4,
        4,
        4,
        2
      ]
    },
    {
      "type": "shape",
      "background": "#626363",
      "points": [
        137.2,
        365,
        137.2,
        362.2,
        135.2,
        358.8,
        132.8,
        357.4,
        130.4,
        356,
        128.4,
        357.2,
        128.4,
        360,
        128.4,
        362.8,
        130.4,
        366.2,
        132.8,
        367.6,
        135.2,
        369,
        137.2,
        367.8,
        137.2,
        365,
        137.2,
        365
      ],
      "segments": [
        1,
        4,
        4,
        4,
        4,
        2
      ]
    },
    {
      "type": "shape",
      "background": "#626363",
      "points": [
        150.6,
        372.8,
        150.6,
        370,
        148.6,
        366.6,
        146.2,
        365.2,
        143.8,
        363.8,
        141.8,
        365,
        141.8,
        367.8,
        141.8,
        370.6,
        143.8,
        374,
        146.2,
        375.4,
        148.8,
        376.8,
        150.6,
        375.6,
        150.6,
        372.8,
        150.6,
        372.8
      ],
      "segments": [
        1,
        4,
        4,
        4,
        4,
        2
      ]
    },
    {
      "type": "shape",
      "background": "#626363",
      "points": [
        164.2,
        380.8,
        164.2,
        378,
        162.2,
        374.6,
        159.8,
        373.2,
        157.4,
        371.8,
        155.4,
        373,
        155.4,
        375.8,
        155.4,
        378.6,
        157.4,
        382,
        159.8,
        383.4,
        162.2,
        384.6,
        164.2,
        383.6,
        164.2,
        380.8,
        164.2,
        380.8
      ],
      "segments": [
        1,
        4,
        4,
        4,
        4,
        2
      ]
    },
    {
      "type": "shape",
      "background": "#626363",
      "points": [
        177.6,
        388.6,
        177.6,
        385.8,
        175.6,
        382.4,
        173.2,
        381,
        170.8,
        379.6,
        168.8,
        380.8,
        168.8,
        383.6,
        168.8,
        386.4,
        170.8,
        389.8,
        173.2,
        391.2,
        175.6,
        392.4,
        177.6,
        391.4,
        177.6,
        388.6,
        177.6,
        388.6
      ],
      "segments": [
        1,
        4,
        4,
        4,
        4,
        2
      ]
    },
    {
      "type": "shape",
      "background": "#626363",
      "points": [
        191,
        396.4,
        191,
        393.6,
        189,
        390.2,
        186.6,
        388.8,
        184.2,
        387.4,
        182.2,
        388.6,
        182.2,
        391.4,
        182.2,
        394.2,
        184.2,
        397.6,
        186.6,
        399,
        189.2,
        400.4,
        191,
        399.2,
        191,
        396.4,
        191,
        396.4
      ],
      "segments": [
        1,
        4,
        4,
        4,
        4,
        2
      ]
    },
    {
      "type": "shape",
      "background": "#626363",
      "points": [
        204.6,
        404.2,
        204.6,
        401.4,
        202.6,
        398,
        200.2,
        396.6,
        197.8,
        395.2,
        195.8,
        396.4,
        195.8,
        399.2,
        195.8,
        402,
        197.8,
        405.4,
        200.2,
        406.8,
        202.6,
        408.2,
        204.6,
        407,
        204.6,
        404.2,
        204.6,
        404.2
      ],
      "segments": [
        1,
        4,
        4,
        4,
        4,
        2
      ]
    },
    {
      "type": "shape",
      "background": "#626363",
      "points": [
        218,
        412,
        218,
        409.2,
        216,
        405.8,
        213.6,
        404.4,
        211.2,
        403,
        209.2,
        404.2,
        209.2,
        407,
        209.2,
        409.8,
        211.2,
        413.2,
        213.6,
        414.6,
        216,
        416,
        218,
        414.8,
        218,
        412,
        218,
        412
      ],
      "segments": [
        1,
        4,
        4,
        4,
        4,
        2
      ]
    },
    {
      "type": "shape",
      "background": "#626363",
      "points": [
        231.4,
        419.8,
        231.4,
        417,
        229.4,
        413.6,
        227,
        412.2,
        224.6,
        410.8,
        222.6,
        412,
        222.6,
        414.8,
        222.6,
        417.6,
        224.6,
        421,
        227,
        422.4,
        229.6,
        423.8,
        231.4,
        422.6,
        231.4,
        419.8,
        231.4,
        419.8
      ],
      "segments": [
        1,
        4,
        4,
        4,
        4,
        2
      ]
    },
    {
      "type": "shape",
      "background": "#626363",
      "points": [
        245,
        427.8,
        245,
        425,
        243,
        421.6,
        240.6,
        420.2,
        238.2,
        418.8,
        236.2,
        420,
        236.2,
        422.8,
        236.2,
        425.6,
        238.2,
        429,
        240.6,
        430.4,
        243,
        431.6,
        245,
        430.6,
        245,
        427.8,
        245,
        427.8
      ],
      "segments": [
        1,
        4,
        4,
        4,
        4,
        2
      ]
    },
    {
      "type": "shape",
      "background": "#626363",
      "points": [
        137.2,
        381.6,
        137.2,
        378.8,
        135.2,
        375.4,
        132.8,
        374,
        130.4,
        372.6,
        128.4,
        373.8,
        128.4,
        376.4,
        128.4,
        379.2,
        130.4,
        382.6,
        132.8,
        384,
        135.2,
        385.4,
        137.2,
        384.4,
        137.2,
        381.6,
        137.2,
        381.6
      ],
      "segments": [
        1,
        4,
        4,
        4,
        4,
        2
      ]
    },
    {
      "type": "shape",
      "background": "#626363",
      "points": [
        150.6,
        389.4,
        150.6,
        386.6,
        148.6,
        383.2,
        146.2,
        381.8,
        143.8,
        380.4,
        141.8,
        381.6,
        141.8,
        384.4,
        141.8,
        387.2,
        143.8,
        390.6,
        146.2,
        392,
        148.6,
        393.4,
        150.6,
        392.2,
        150.6,
        389.4,
        150.6,
        389.4
      ],
      "segments": [
        1,
        4,
        4,
        4,
        4,
        2
      ]
    },
    {
      "type": "shape",
      "background": "#626363",
      "points": [
        164,
        397.2,
        164,
        394.4,
        162,
        391,
        159.6,
        389.6,
        157.2,
        388.2,
        155.2,
        389.4,
        155.2,
        392.2,
        155.2,
        395,
        157.2,
        398.4,
        159.6,
        399.8,
        162.2,
        401.2,
        164,
        400,
        164,
        397.2,
        164,
        397.2
      ],
      "segments": [
        1,
        4,
        4,
        4,
        4,
        2
      ]
    },
    {
      "type": "shape",
      "background": "#626363",
      "points": [
        177.6,
        405,
        177.6,
        402.2,
        175.6,
        398.8,
        173.2,
        397.4,
        170.8,
        396,
        168.8,
        397.2,
        168.8,
        400,
        168.8,
        402.8,
        170.8,
        406.2,
        173.2,
        407.6,
        175.6,
        409,
        177.6,
        407.8,
        177.6,
        405,
        177.6,
        405
      ],
      "segments": [
        1,
        4,
        4,
        4,
        4,
        2
      ]
    },
    {
      "type": "shape",
      "background": "#626363",
      "points": [
        191,
        413,
        191,
        410.2,
        189,
        406.8,
        186.6,
        405.4,
        184.2,
        404,
        182.2,
        405.2,
        182.2,
        408,
        182.2,
        410.8,
        184.2,
        414.2,
        186.6,
        415.6,
        189,
        416.8,
        191,
        415.6,
        191,
        413,
        191,
        413
      ],
      "segments": [
        1,
        4,
        4,
        4,
        4,
        2
      ]
    },
    {
      "type": "shape",
      "background": "#626363",
      "points": [
        204.4,
        420.8,
        204.4,
        418,
        202.4,
        414.6,
        200,
        413.2,
        197.6,
        411.8,
        195.6,
        413,
        195.6,
        415.8,
        195.6,
        418.6,
        197.6,
        422,
        200,
        423.4,
        202.6,
        424.6,
        204.4,
        423.6,
        204.4,
        420.8,
        204.4,
        420.8
      ],
      "segments": [
        1,
        4,
        4,
        4,
        4,
        2
      ]
    },
    {
      "type": "shape",
      "background": "#626363",
      "points": [
        218,
        428.6,
        218,
        425.8,
        216,
        422.4,
        213.6,
        421,
        211.2,
        419.6,
        209.2,
        420.8,
        209.2,
        423.6,
        209.2,
        426.4,
        211.2,
        429.8,
        213.6,
        431.2,
        216,
        432.4,
        218,
        431.4,
        218,
        428.6,
        218,
        428.6
      ],
      "segments": [
        1,
        4,
        4,
        4,
        4,
        2
      ]
    },
    {
      "type": "shape",
      "background": "#626363",
      "points": [
        231.4,
        436.4,
        231.4,
        433.6,
        229.4,
        430.2,
        227,
        428.8,
        224.6,
        427.4,
        222.6,
        428.6,
        222.6,
        431.4,
        222.6,
        434.2,
        224.6,
        437.6,
        227,
        439,
        229.4,
        440.4,
        231.4,
        439.2,
        231.4,
        436.4,
        231.4,
        436.4
      ],
      "segments": [
        1,
        4,
        4,
        4,
        4,
        2
      ]
    },
    {
      "type": "shape",
      "background": "#626363",
      "points": [
        244.8,
        444.2,
        244.8,
        441.4,
        242.8,
        438,
        240.4,
        436.6,
        238,
        435.2,
        236,
        436.4,
        236,
        439,
        236,
        441.8,
        238,
        445.2,
        240.4,
        446.6,
        243,
        448.2,
        244.8,
        447,
        244.8,
        444.2,
        244.8,
        444.2
      ],
      "segments": [
        1,
        4,
        4,
        4,
        4,
        2
      ]
    }
  ]
}