{
  "v": "6.2.1",
  "p": {
    "background": "rgb(247,247,247)",
    "autoAdjustIndex": true,
    "hierarchicalRendering": true
  },
  "a": {},
  "d": [
    {
      "c": "ht.Block",
      "i": 3976,
      "p": {
        "position": {
          "x": 327.84666,
          "y": 319.84342
        },
        "width": 463.75044,
        "height": 267.58964,
        "clickThroughEnabled": true
      }
    },
    {
      "c": "ht.Node",
      "i": 3977,
      "p": {
        "displayName": "pieChart",
        "parent": {
          "__i": 3976
        },
        "image": "symbols/ht/chart/pieChart.json",
        "position": {
          "x": 246.08566,
          "y": 286.0486
        },
        "width": 200,
        "height": 200
      },
      "a": {
        "chart.values": [
          14,
          3,
          5,
          18,
          4,
          1,
          10
        ],
        "chart.colors": [
          "rgb(51,153,255)",
          "#60ACFC",
          "#32D3EB",
          "rgb(93,217,174)",
          "rgb(125,195,125)",
          "rgb(255,235,195)",
          "#FEB64D"
        ],
        "chart.hollow": true,
        "chart.label.visible": true,
        "chart.label.font": "9px arial, sans-serif",
        "chart.label.color": "rgb(247,247,247)"
      }
    },
    {
      "c": "ht.Text",
      "i": 3978,
      "p": {
        "parent": {
          "__i": 3976
        },
        "position": {
          "x": 327.84666,
          "y": 427.47758
        },
        "scale": {
          "x": 2,
          "y": 2
        },
        "width": 231.87522,
        "height": 26.16066
      },
      "s": {
        "text": "2017 Space Launch Market Competition",
        "text.align": "center",
        "text.color": "rgb(124,145,155)"
      }
    },
    {
      "c": "ht.Block",
      "i": 3979,
      "p": {
        "parent": {
          "__i": 3976
        },
        "position": {
          "x": 448.29665,
          "y": 212.94407
        },
        "width": 115.05018,
        "height": 19.36784
      }
    },
    {
      "c": "ht.Node",
      "i": 3980,
      "p": {
        "parent": {
          "__i": 3979
        },
        "position": {
          "x": 395.77156,
          "y": 212.94407
        },
        "width": 10,
        "height": 10
      },
      "s": {
        "shape": "oval",
        "shape.background": "rgb(51,153,255)",
        "shape.border.color": "#979797"
      }
    },
    {
      "c": "ht.Text",
      "i": 3981,
      "p": {
        "parent": {
          "__i": 3979
        },
        "position": {
          "x": 458.85853,
          "y": 212.94407
        },
        "width": 93.92643,
        "height": 19.36784
      },
      "s": {
        "text": "Ariane 5",
        "text.color": "rgb(124,145,155)"
      }
    },
    {
      "c": "ht.Block",
      "i": 3982,
      "p": {
        "parent": {
          "__i": 3976
        },
        "position": {
          "x": 448.29665,
          "y": 237.31225
        },
        "width": 115.05018,
        "height": 19.36784
      }
    },
    {
      "c": "ht.Node",
      "i": 3983,
      "p": {
        "parent": {
          "__i": 3982
        },
        "position": {
          "x": 395.77156,
          "y": 237.31225
        },
        "width": 10,
        "height": 10
      },
      "s": {
        "shape": "oval",
        "shape.background": "#60ACFC",
        "shape.border.color": "#979797"
      }
    },
    {
      "c": "ht.Text",
      "i": 3984,
      "p": {
        "parent": {
          "__i": 3982
        },
        "position": {
          "x": 458.85853,
          "y": 237.31225
        },
        "width": 93.92643,
        "height": 19.36784
      },
      "s": {
        "text": "Proton-M",
        "text.color": "rgb(124,145,155)"
      }
    },
    {
      "c": "ht.Block",
      "i": 3985,
      "p": {
        "parent": {
          "__i": 3976
        },
        "position": {
          "x": 448.29665,
          "y": 261.68042
        },
        "width": 115.05018,
        "height": 19.36784
      }
    },
    {
      "c": "ht.Node",
      "i": 3986,
      "p": {
        "parent": {
          "__i": 3985
        },
        "position": {
          "x": 395.77156,
          "y": 261.68042
        },
        "width": 10,
        "height": 10
      },
      "s": {
        "shape": "oval",
        "shape.background": "#32D3EB",
        "shape.border.color": "#979797"
      }
    },
    {
      "c": "ht.Text",
      "i": 3987,
      "p": {
        "parent": {
          "__i": 3985
        },
        "position": {
          "x": 458.85853,
          "y": 261.68042
        },
        "width": 93.92643,
        "height": 19.36784
      },
      "s": {
        "text": "Soyuz-2",
        "text.color": "rgb(124,145,155)"
      }
    },
    {
      "c": "ht.Block",
      "i": 3988,
      "p": {
        "parent": {
          "__i": 3976
        },
        "position": {
          "x": 448.29665,
          "y": 286.0486
        },
        "width": 115.05018,
        "height": 19.36784
      }
    },
    {
      "c": "ht.Node",
      "i": 3989,
      "p": {
        "parent": {
          "__i": 3988
        },
        "position": {
          "x": 395.77156,
          "y": 286.0486
        },
        "width": 10,
        "height": 10
      },
      "s": {
        "shape": "oval",
        "shape.background": "rgb(93,217,174)",
        "shape.border.color": "#979797"
      }
    },
    {
      "c": "ht.Text",
      "i": 3990,
      "p": {
        "parent": {
          "__i": 3988
        },
        "position": {
          "x": 458.85853,
          "y": 286.0486
        },
        "width": 93.92643,
        "height": 19.36784
      },
      "s": {
        "text": "Falcon 9",
        "text.color": "rgb(124,145,155)"
      }
    },
    {
      "c": "ht.Block",
      "i": 3991,
      "p": {
        "parent": {
          "__i": 3976
        },
        "position": {
          "x": 448.29665,
          "y": 310.41678
        },
        "width": 115.05018,
        "height": 19.36784
      }
    },
    {
      "c": "ht.Node",
      "i": 3992,
      "p": {
        "parent": {
          "__i": 3991
        },
        "position": {
          "x": 395.77156,
          "y": 310.41678
        },
        "width": 10,
        "height": 10
      },
      "s": {
        "shape": "oval",
        "shape.background": "rgb(125,195,125)",
        "shape.border.color": "#979797"
      }
    },
    {
      "c": "ht.Text",
      "i": 3993,
      "p": {
        "parent": {
          "__i": 3991
        },
        "position": {
          "x": 458.85853,
          "y": 310.41678
        },
        "width": 93.92643,
        "height": 19.36784
      },
      "s": {
        "text": "Vega",
        "text.color": "rgb(124,145,155)"
      }
    },
    {
      "c": "ht.Block",
      "i": 3994,
      "p": {
        "parent": {
          "__i": 3976
        },
        "position": {
          "x": 448.29665,
          "y": 334.78496
        },
        "width": 115.05018,
        "height": 19.36784
      }
    },
    {
      "c": "ht.Node",
      "i": 3995,
      "p": {
        "parent": {
          "__i": 3994
        },
        "position": {
          "x": 395.77156,
          "y": 334.78496
        },
        "width": 10,
        "height": 10
      },
      "s": {
        "shape": "oval",
        "shape.background": "rgb(255,235,195)",
        "shape.border.color": "#979797"
      }
    },
    {
      "c": "ht.Text",
      "i": 3996,
      "p": {
        "parent": {
          "__i": 3994
        },
        "position": {
          "x": 458.85853,
          "y": 334.78496
        },
        "width": 93.92643,
        "height": 19.36784
      },
      "s": {
        "text": "Antares",
        "text.color": "rgb(124,145,155)"
      }
    },
    {
      "c": "ht.Block",
      "i": 3997,
      "p": {
        "parent": {
          "__i": 3976
        },
        "position": {
          "x": 448.29665,
          "y": 359.15314
        },
        "width": 115.05018,
        "height": 19.36784
      }
    },
    {
      "c": "ht.Node",
      "i": 3998,
      "p": {
        "parent": {
          "__i": 3997
        },
        "position": {
          "x": 395.77156,
          "y": 359.15314
        },
        "width": 10,
        "height": 10
      },
      "s": {
        "shape": "oval",
        "shape.background": "#FEB64D",
        "shape.border.color": "#979797"
      }
    },
    {
      "c": "ht.Text",
      "i": 3999,
      "p": {
        "parent": {
          "__i": 3997
        },
        "position": {
          "x": 458.85853,
          "y": 359.15314
        },
        "width": 93.92643,
        "height": 19.36784
      },
      "s": {
        "text": "Others",
        "text.color": "rgb(124,145,155)"
      }
    },
    {
      "c": "ht.Block",
      "i": 4000,
      "p": {
        "position": {
          "x": 840.44578,
          "y": 320.34342
        },
        "width": 463.75044,
        "height": 268.58964,
        "clickThroughEnabled": true
      }
    },
    {
      "c": "ht.Node",
      "i": 4001,
      "p": {
        "displayName": "columnChart",
        "parent": {
          "__i": 4000
        },
        "image": "symbols/ht/chart/columnChart.json",
        "position": {
          "x": 740.44578,
          "y": 286.0486
        },
        "width": 200,
        "height": 200
      },
      "a": {
        "chart.values": [
          14,
          3,
          5,
          18,
          4,
          1,
          10
        ],
        "chart.colors": [
          "#FF7C7C",
          "rgb(241,125,164)",
          "rgb(204,104,166)",
          "rgb(135,144,204)",
          "rgb(145,115,205)",
          "rgb(242,83,75)",
          "rgb(124,145,155)"
        ],
        "chart.label.visible": true,
        "chart.label.font": "9px arial, sans-serif",
        "chart.label.color": "rgb(124,145,155)"
      }
    },
    {
      "c": "ht.Text",
      "i": 4002,
      "p": {
        "parent": {
          "__i": 4000
        },
        "position": {
          "x": 840.44578,
          "y": 428.47758
        },
        "scale": {
          "x": 2,
          "y": 2
        },
        "width": 231.87522,
        "height": 26.16066
      },
      "s": {
        "text": "2017 Space Launch Market Competition",
        "text.align": "center",
        "text.color": "rgb(124,145,155)"
      }
    },
    {
      "c": "ht.Block",
      "i": 4003,
      "p": {
        "parent": {
          "__i": 4000
        },
        "position": {
          "x": 960.89577,
          "y": 212.94407
        },
        "width": 115.05018,
        "height": 19.36784
      }
    },
    {
      "c": "ht.Node",
      "i": 4004,
      "p": {
        "parent": {
          "__i": 4003
        },
        "position": {
          "x": 908.37068,
          "y": 212.94407
        },
        "width": 10,
        "height": 10
      },
      "s": {
        "shape": "rect",
        "shape.background": "#FF7C7C",
        "shape.border.color": "#979797"
      }
    },
    {
      "c": "ht.Text",
      "i": 4005,
      "p": {
        "parent": {
          "__i": 4003
        },
        "position": {
          "x": 971.45765,
          "y": 212.94407
        },
        "width": 93.92643,
        "height": 19.36784
      },
      "s": {
        "text": "Ariane 5",
        "text.color": "rgb(124,145,155)"
      }
    },
    {
      "c": "ht.Block",
      "i": 4006,
      "p": {
        "parent": {
          "__i": 4000
        },
        "position": {
          "x": 960.89577,
          "y": 237.31225
        },
        "width": 115.05018,
        "height": 19.36784
      }
    },
    {
      "c": "ht.Node",
      "i": 4007,
      "p": {
        "parent": {
          "__i": 4006
        },
        "position": {
          "x": 908.37068,
          "y": 237.31225
        },
        "width": 10,
        "height": 10
      },
      "s": {
        "shape": "rect",
        "shape.background": "rgb(241,125,164)",
        "shape.border.color": "#979797"
      }
    },
    {
      "c": "ht.Text",
      "i": 4008,
      "p": {
        "parent": {
          "__i": 4006
        },
        "position": {
          "x": 971.45765,
          "y": 237.31225
        },
        "width": 93.92643,
        "height": 19.36784
      },
      "s": {
        "text": "Proton-M",
        "text.color": "rgb(124,145,155)"
      }
    },
    {
      "c": "ht.Block",
      "i": 4009,
      "p": {
        "parent": {
          "__i": 4000
        },
        "position": {
          "x": 960.89577,
          "y": 261.68042
        },
        "width": 115.05018,
        "height": 19.36784
      }
    },
    {
      "c": "ht.Node",
      "i": 4010,
      "p": {
        "parent": {
          "__i": 4009
        },
        "position": {
          "x": 908.37068,
          "y": 261.68042
        },
        "width": 10,
        "height": 10
      },
      "s": {
        "shape": "rect",
        "shape.background": "rgb(204,104,166)",
        "shape.border.color": "#979797"
      }
    },
    {
      "c": "ht.Text",
      "i": 4011,
      "p": {
        "parent": {
          "__i": 4009
        },
        "position": {
          "x": 971.45765,
          "y": 261.68042
        },
        "width": 93.92643,
        "height": 19.36784
      },
      "s": {
        "text": "Soyuz-2",
        "text.color": "rgb(124,145,155)"
      }
    },
    {
      "c": "ht.Block",
      "i": 4012,
      "p": {
        "parent": {
          "__i": 4000
        },
        "position": {
          "x": 960.89577,
          "y": 286.0486
        },
        "width": 115.05018,
        "height": 19.36784
      }
    },
    {
      "c": "ht.Node",
      "i": 4013,
      "p": {
        "parent": {
          "__i": 4012
        },
        "position": {
          "x": 908.37068,
          "y": 286.0486
        },
        "width": 10,
        "height": 10
      },
      "s": {
        "shape": "rect",
        "shape.background": "rgb(135,144,204)",
        "shape.border.color": "#979797"
      }
    },
    {
      "c": "ht.Text",
      "i": 4014,
      "p": {
        "parent": {
          "__i": 4012
        },
        "position": {
          "x": 971.45765,
          "y": 286.0486
        },
        "width": 93.92643,
        "height": 19.36784
      },
      "s": {
        "text": "Falcon 9",
        "text.color": "rgb(124,145,155)"
      }
    },
    {
      "c": "ht.Block",
      "i": 4015,
      "p": {
        "parent": {
          "__i": 4000
        },
        "position": {
          "x": 960.89577,
          "y": 310.41678
        },
        "width": 115.05018,
        "height": 19.36784
      }
    },
    {
      "c": "ht.Node",
      "i": 4016,
      "p": {
        "parent": {
          "__i": 4015
        },
        "position": {
          "x": 908.37068,
          "y": 310.41678
        },
        "width": 10,
        "height": 10
      },
      "s": {
        "shape": "rect",
        "shape.background": "rgb(145,115,205)",
        "shape.border.color": "#979797"
      }
    },
    {
      "c": "ht.Text",
      "i": 4017,
      "p": {
        "parent": {
          "__i": 4015
        },
        "position": {
          "x": 971.45765,
          "y": 310.41678
        },
        "width": 93.92643,
        "height": 19.36784
      },
      "s": {
        "text": "Vega",
        "text.color": "rgb(124,145,155)"
      }
    },
    {
      "c": "ht.Block",
      "i": 4018,
      "p": {
        "parent": {
          "__i": 4000
        },
        "position": {
          "x": 960.89577,
          "y": 334.78496
        },
        "width": 115.05018,
        "height": 19.36784
      }
    },
    {
      "c": "ht.Node",
      "i": 4019,
      "p": {
        "parent": {
          "__i": 4018
        },
        "position": {
          "x": 908.37068,
          "y": 334.78496
        },
        "width": 10,
        "height": 10
      },
      "s": {
        "shape": "rect",
        "shape.background": "rgb(242,83,75)",
        "shape.border.color": "#979797"
      }
    },
    {
      "c": "ht.Text",
      "i": 4020,
      "p": {
        "parent": {
          "__i": 4018
        },
        "position": {
          "x": 971.45765,
          "y": 334.78496
        },
        "width": 93.92643,
        "height": 19.36784
      },
      "s": {
        "text": "Antares",
        "text.color": "rgb(124,145,155)"
      }
    },
    {
      "c": "ht.Block",
      "i": 4021,
      "p": {
        "parent": {
          "__i": 4000
        },
        "position": {
          "x": 960.89577,
          "y": 359.15314
        },
        "width": 115.05018,
        "height": 19.36784
      }
    },
    {
      "c": "ht.Node",
      "i": 4022,
      "p": {
        "parent": {
          "__i": 4021
        },
        "position": {
          "x": 908.37068,
          "y": 359.15314
        },
        "width": 10,
        "height": 10
      },
      "s": {
        "shape": "rect",
        "shape.background": "rgb(124,145,155)",
        "shape.border.color": "#979797"
      }
    },
    {
      "c": "ht.Text",
      "i": 4023,
      "p": {
        "parent": {
          "__i": 4021
        },
        "position": {
          "x": 971.45765,
          "y": 359.15314
        },
        "width": 93.92643,
        "height": 19.36784
      },
      "s": {
        "text": "Others",
        "text.color": "rgb(124,145,155)"
      }
    },
    {
      "c": "ht.Text",
      "i": 4024,
      "p": {
        "position": {
          "x": 390.77156,
          "y": 82.51682
        },
        "scale": {
          "x": 3,
          "y": 3
        },
        "width": 231.87522,
        "height": 26.16066
      },
      "s": {
        "text": "Space Launch Market Competition",
        "text.align": "center",
        "text.color": "rgb(124,145,155)",
        "interactive": true,
        "onDown": "__ht__function(event, data, view) {\nvar url = 'https://en.wikipedia.org/wiki/Space_launch_market_competition';\nwindow.open(url, url);\n}",
        "onEnter": "__ht__function(event, data, view) {\nview.getView().style.cursor = 'pointer';\n}",
        "onLeave": "__ht__function(event, data, view) {\nview.getView().style.cursor = '';\n}"
      }
    }
  ]
}