{
  "v": "6.2.1",
  "p": {
    "background": "rgb(69,68,173)",
    "autoAdjustIndex": true,
    "hierarchicalRendering": true
  },
  "a": {
    "gridBlockSize": 10
  },
  "d": [
    {
      "c": "ht.Node",
      "i": 103693,
      "p": {
        "displayName": "pieChart",
        "image": "symbols/ht/chart/pieChart.json",
        "position": {
          "x": 550,
          "y": 50
        }
      }
    },
    {
      "c": "ht.Node",
      "i": 103694,
      "p": {
        "displayName": "columnChart",
        "image": "symbols/ht/chart/columnChart.json",
        "position": {
          "x": 150,
          "y": 50
        }
      }
    },
    {
      "c": "ht.Node",
      "i": 103695,
      "p": {
        "displayName": "columnChart2",
        "image": "symbols/ht/chart/columnChart2.json",
        "position": {
          "x": 150,
          "y": 158.98614
        },
        "width": 300,
        "height": 100
      }
    },
    {
      "c": "ht.Node",
      "i": 103696,
      "p": {
        "displayName": "columnChart3",
        "image": "symbols/ht/chart/columnChart3.json",
        "position": {
          "x": 150,
          "y": 267.97228
        },
        "width": 300,
        "height": 100
      }
    },
    {
      "c": "ht.Node",
      "i": 103697,
      "p": {
        "displayName": "columnChart4",
        "image": "symbols/ht/chart/columnChart4.json",
        "position": {
          "x": 150,
          "y": 376.95842
        },
        "width": 300,
        "height": 100
      }
    },
    {
      "c": "ht.Node",
      "i": 103698,
      "p": {
        "displayName": "columnChart5",
        "image": "symbols/ht/chart/columnChart5.json",
        "position": {
          "x": 150,
          "y": 486.52079
        },
        "width": 300,
        "height": 101.15246
      }
    },
    {
      "c": "ht.Node",
      "i": 103699,
      "p": {
        "displayName": "columnChart6",
        "image": "symbols/ht/chart/columnChart6.json",
        "position": {
          "x": 150,
          "y": 596.08316
        },
        "width": 300,
        "height": 100
      }
    },
    {
      "c": "ht.Node",
      "i": 103700,
      "p": {
        "displayName": "columnChart7",
        "image": "symbols/ht/chart/columnChart7.json",
        "position": {
          "x": 150,
          "y": 705.0693
        },
        "width": 300,
        "height": 100
      }
    },
    {
      "c": "ht.Node",
      "i": 103701,
      "p": {
        "displayName": "columnChart8",
        "image": "symbols/ht/chart/columnChart8.json",
        "position": {
          "x": 150,
          "y": 814.05544
        },
        "width": 300,
        "height": 100
      }
    },
    {
      "c": "ht.Node",
      "i": 103702,
      "p": {
        "displayName": "columnChart9",
        "image": "symbols/ht/chart/columnChart9.json",
        "position": {
          "x": 150,
          "y": 923.04158
        },
        "width": 300,
        "height": 100
      }
    },
    {
      "c": "ht.Node",
      "i": 103703,
      "p": {
        "displayName": "columnChart10",
        "image": "symbols/ht/chart/columnChart10.json",
        "position": {
          "x": 150,
          "y": 1032.02772
        },
        "width": 300,
        "height": 100
      }
    },
    {
      "c": "ht.Node",
      "i": 103704,
      "p": {
        "displayName": "columnChart11",
        "image": "symbols/ht/chart/columnChart11.json",
        "position": {
          "x": 150,
          "y": 1141.01386
        },
        "width": 300,
        "height": 100
      }
    },
    {
      "c": "ht.Node",
      "i": 103705,
      "p": {
        "displayName": "columnChart12",
        "image": "symbols/ht/chart/columnChart12.json",
        "position": {
          "x": 150,
          "y": 1250
        },
        "width": 300,
        "height": 100
      }
    },
    {
      "c": "ht.Node",
      "i": 103706,
      "p": {
        "displayName": "lineChart",
        "image": "symbols/ht/chart/lineChart.json",
        "position": {
          "x": 550,
          "y": 150
        },
        "width": 300,
        "height": 100
      }
    },
    {
      "c": "ht.Node",
      "i": 103707,
      "p": {
        "displayName": "lineChart2",
        "image": "symbols/ht/chart/lineChart2.json",
        "position": {
          "x": 550,
          "y": 250
        },
        "width": 300,
        "height": 100
      },
      "a": {
        "chart.label.visible": false
      }
    },
    {
      "c": "ht.Node",
      "i": 103708,
      "p": {
        "displayName": "lineChart3",
        "image": "symbols/ht/chart/lineChart3.json",
        "position": {
          "x": 550,
          "y": 350
        },
        "width": 300,
        "height": 100
      }
    },
    {
      "c": "ht.Node",
      "i": 103709,
      "p": {
        "displayName": "lineChart4",
        "image": "symbols/ht/chart/lineChart4.json",
        "position": {
          "x": 545,
          "y": 450
        },
        "width": 290,
        "height": 100
      }
    },
    {
      "c": "ht.Node",
      "i": 103710,
      "p": {
        "displayName": "lineChart5",
        "image": "symbols/ht/chart/lineChart5.json",
        "position": {
          "x": 550,
          "y": 550
        },
        "width": 300,
        "height": 100
      }
    },
    {
      "c": "ht.Node",
      "i": 103711,
      "p": {
        "displayName": "lineChart6",
        "image": "symbols/ht/chart/lineChart6.json",
        "position": {
          "x": 550,
          "y": 650
        },
        "width": 300,
        "height": 100
      }
    },
    {
      "c": "ht.Node",
      "i": 103712,
      "p": {
        "displayName": "lineChart7",
        "image": "symbols/ht/chart/lineChart7.json",
        "position": {
          "x": 550,
          "y": 750
        },
        "width": 300,
        "height": 100
      }
    },
    {
      "c": "ht.Node",
      "i": 103713,
      "p": {
        "displayName": "lineChart8",
        "image": "symbols/ht/chart/lineChart8.json",
        "position": {
          "x": 550,
          "y": 850
        },
        "width": 300,
        "height": 100
      }
    },
    {
      "c": "ht.Node",
      "i": 103714,
      "p": {
        "displayName": "lineChart9",
        "image": "symbols/ht/chart/lineChart9.json",
        "position": {
          "x": 550,
          "y": 950
        },
        "width": 300,
        "height": 100
      }
    },
    {
      "c": "ht.Node",
      "i": 103715,
      "p": {
        "displayName": "lineChart10",
        "image": "symbols/ht/chart/lineChart10.json",
        "position": {
          "x": 550,
          "y": 1050
        },
        "width": 300,
        "height": 100
      }
    },
    {
      "c": "ht.Node",
      "i": 103716,
      "p": {
        "displayName": "lineChart11",
        "image": "symbols/ht/chart/lineChart11.json",
        "position": {
          "x": 550,
          "y": 1150
        },
        "width": 300,
        "height": 100
      }
    },
    {
      "c": "ht.Node",
      "i": 103717,
      "p": {
        "displayName": "lineChart12",
        "image": "symbols/ht/chart/lineChart12.json",
        "position": {
          "x": 550,
          "y": 1250
        },
        "width": 300,
        "height": 100
      }
    },
    {
      "c": "ht.Node",
      "i": 103718,
      "p": {
        "displayName": "columnChart2",
        "image": "symbols/ht/chart/columnChart2.json",
        "position": {
          "x": -250,
          "y": 50
        },
        "width": 300,
        "height": 100
      },
      "a": {
        "chart.type": "percentageColumnChart"
      }
    },
    {
      "c": "ht.Node",
      "i": 103719,
      "p": {
        "displayName": "columnChart3",
        "image": "symbols/ht/chart/columnChart3.json",
        "position": {
          "x": -250,
          "y": 169.88475
        },
        "width": 300,
        "height": 100
      },
      "a": {
        "chart.type": "percentageColumnChart"
      }
    },
    {
      "c": "ht.Node",
      "i": 103720,
      "p": {
        "displayName": "columnChart4",
        "image": "symbols/ht/chart/columnChart4.json",
        "position": {
          "x": -250,
          "y": 289.76951
        },
        "width": 300,
        "height": 100
      },
      "a": {
        "chart.type": "percentageColumnChart"
      }
    },
    {
      "c": "ht.Node",
      "i": 103721,
      "p": {
        "displayName": "columnChart5",
        "image": "symbols/ht/chart/columnChart5.json",
        "position": {
          "x": -250,
          "y": 410.23049
        },
        "width": 300,
        "height": 101.15246
      },
      "a": {
        "chart.type": "percentageColumnChart"
      }
    },
    {
      "c": "ht.Node",
      "i": 103722,
      "p": {
        "displayName": "columnChart6",
        "image": "symbols/ht/chart/columnChart6.json",
        "position": {
          "x": -250,
          "y": 530.69148
        },
        "width": 300,
        "height": 100
      },
      "a": {
        "chart.type": "percentageColumnChart"
      }
    },
    {
      "c": "ht.Node",
      "i": 103723,
      "p": {
        "displayName": "columnChart7",
        "image": "symbols/ht/chart/columnChart7.json",
        "position": {
          "x": -250,
          "y": 650.57623
        },
        "width": 300,
        "height": 100
      },
      "a": {
        "chart.type": "percentageColumnChart"
      }
    },
    {
      "c": "ht.Node",
      "i": 103724,
      "p": {
        "displayName": "columnChart8",
        "image": "symbols/ht/chart/columnChart8.json",
        "position": {
          "x": -250,
          "y": 770.46098
        },
        "width": 300,
        "height": 100
      },
      "a": {
        "chart.type": "percentageColumnChart"
      }
    },
    {
      "c": "ht.Node",
      "i": 103725,
      "p": {
        "displayName": "columnChart9",
        "image": "symbols/ht/chart/columnChart9.json",
        "position": {
          "x": -250,
          "y": 890.34574
        },
        "width": 300,
        "height": 100
      },
      "a": {
        "chart.type": "percentageColumnChart"
      }
    },
    {
      "c": "ht.Node",
      "i": 103726,
      "p": {
        "displayName": "columnChart10",
        "image": "symbols/ht/chart/columnChart10.json",
        "position": {
          "x": -250,
          "y": 1010.23049
        },
        "width": 300,
        "height": 100
      },
      "a": {
        "chart.type": "percentageColumnChart"
      }
    },
    {
      "c": "ht.Node",
      "i": 103727,
      "p": {
        "displayName": "columnChart11",
        "image": "symbols/ht/chart/columnChart11.json",
        "position": {
          "x": -250,
          "y": 1130.11525
        },
        "width": 300,
        "height": 100
      },
      "a": {
        "chart.type": "percentageColumnChart"
      }
    },
    {
      "c": "ht.Node",
      "i": 103728,
      "p": {
        "displayName": "columnChart12",
        "image": "symbols/ht/chart/columnChart12.json",
        "position": {
          "x": -250,
          "y": 1250
        },
        "width": 300,
        "height": 100
      },
      "a": {
        "chart.type": "percentageColumnChart"
      }
    },
    {
      "c": "ht.Node",
      "i": 103729,
      "p": {
        "displayName": "columnChart2",
        "image": "symbols/ht/chart/columnChart2.json",
        "position": {
          "x": -640,
          "y": 50
        },
        "width": 300,
        "height": 100
      },
      "a": {
        "chart.type": "stackedColumnChart"
      }
    },
    {
      "c": "ht.Node",
      "i": 103730,
      "p": {
        "displayName": "columnChart3",
        "image": "symbols/ht/chart/columnChart3.json",
        "position": {
          "x": -650,
          "y": 169.88475
        },
        "width": 300,
        "height": 100
      },
      "a": {
        "chart.type": "stackedColumnChart"
      }
    },
    {
      "c": "ht.Node",
      "i": 103731,
      "p": {
        "displayName": "columnChart4",
        "image": "symbols/ht/chart/columnChart4.json",
        "position": {
          "x": -650,
          "y": 289.76951
        },
        "width": 300,
        "height": 100
      },
      "a": {
        "chart.type": "stackedColumnChart"
      }
    },
    {
      "c": "ht.Node",
      "i": 103732,
      "p": {
        "displayName": "columnChart5",
        "image": "symbols/ht/chart/columnChart5.json",
        "position": {
          "x": -650,
          "y": 410.23049
        },
        "width": 300,
        "height": 101.15246
      },
      "a": {
        "chart.type": "stackedColumnChart"
      }
    },
    {
      "c": "ht.Node",
      "i": 103733,
      "p": {
        "displayName": "columnChart6",
        "image": "symbols/ht/chart/columnChart6.json",
        "position": {
          "x": -650,
          "y": 530.69148
        },
        "width": 300,
        "height": 100
      },
      "a": {
        "chart.type": "stackedColumnChart"
      }
    },
    {
      "c": "ht.Node",
      "i": 103734,
      "p": {
        "displayName": "columnChart7",
        "image": "symbols/ht/chart/columnChart7.json",
        "position": {
          "x": -650,
          "y": 650.57623
        },
        "width": 300,
        "height": 100
      },
      "a": {
        "chart.type": "stackedColumnChart"
      }
    },
    {
      "c": "ht.Node",
      "i": 103735,
      "p": {
        "displayName": "columnChart8",
        "image": "symbols/ht/chart/columnChart8.json",
        "position": {
          "x": -650,
          "y": 770.46098
        },
        "width": 300,
        "height": 100
      },
      "a": {
        "chart.type": "stackedColumnChart"
      }
    },
    {
      "c": "ht.Node",
      "i": 103736,
      "p": {
        "displayName": "columnChart9",
        "image": "symbols/ht/chart/columnChart9.json",
        "position": {
          "x": -650,
          "y": 890.34574
        },
        "width": 300,
        "height": 100
      },
      "a": {
        "chart.type": "stackedColumnChart"
      }
    },
    {
      "c": "ht.Node",
      "i": 103737,
      "p": {
        "displayName": "columnChart10",
        "image": "symbols/ht/chart/columnChart10.json",
        "position": {
          "x": -650,
          "y": 1010.23049
        },
        "width": 300,
        "height": 100
      },
      "a": {
        "chart.type": "stackedColumnChart"
      }
    },
    {
      "c": "ht.Node",
      "i": 103738,
      "p": {
        "displayName": "columnChart11",
        "image": "symbols/ht/chart/columnChart11.json",
        "position": {
          "x": -650,
          "y": 1130.11525
        },
        "width": 300,
        "height": 100
      },
      "a": {
        "chart.type": "stackedColumnChart"
      }
    },
    {
      "c": "ht.Node",
      "i": 103739,
      "p": {
        "displayName": "columnChart12",
        "image": "symbols/ht/chart/columnChart12.json",
        "position": {
          "x": -650,
          "y": 1250
        },
        "width": 300,
        "height": 100
      },
      "a": {
        "chart.type": "stackedColumnChart"
      }
    }
  ]
}