{
  "width": 190,
  "height": 190,
  "fitSize": false,
  "comps": [
    {
      "type": "image",
      "name": "symbols/fan/single.json",
      "rect": [
        86.35,
        3.700000000000003,
        15,
        90
      ]
    },
    {
      "type": "image",
      "name": "symbols/fan/single.json",
      "rect": [
        128.46,
        72.24,
        15,
        90
      ],
      "rotation": 2.09
    },
    {
      "type": "image",
      "name": "symbols/fan/single.json",
      "rect": [
        47.86,
        73.82,
        15,
        90
      ],
      "rotation": 4.19
    },
    {
      "type": "circle",
      "background": "rgb(180, 180, 180)",
      "gradient": "radial.center",
      "rect": [
        90,
        90,
        10,
        10
      ]
    }
  ]
}