{
  "width": 15,
  "height": 90,
  "fitSize": false,
  "comps": [
    {
      "type": "shape",
      "background": "rgb(180, 180, 180)",
      "gradient": "spread.west",
      "points": [
        5,
        88,
        6,
        83,
        2,
        80,
        12,
        80,
        12,
        88,
        5,
        88
      ],
      "segments": [
        1,
        3,
        2,
        2,
        2
      ]
    },
    {
      "type": "shape",
      "background": "rgb(180, 180, 180)",
      "gradient": "spread.east",
      "points": [
        7,
        1,
        7,
        80,
        12,
        80,
        12,
        71,
        11,
        35,
        7,
        1
      ],
      "segments": [
        1,
        2,
        2,
        4
      ]
    },
    {
      "type": "shape",
      "background": "rgb(180, 180, 180)",
      "gradient": "spread.west",
      "points": [
        2,
        80,
        7,
        62,
        7,
        23,
        7,
        1,
        7,
        80
      ],
      "segments": [
        1,
        4,
        2
      ]
    }
  ]
}