{
  "width": 45,
  "height": 46,
  "comps": [
    {
      "type": "shape",
      "background": "rgba(9,43,3,0.5)",
      "opacity": 0.9,
      "shadowColor": "#1ABC9C",
      "rotation": 5.89613,
      "points": [
        40.22813,
        26.88827,
        45.41947,
        35.86223,
        43.63024,
        33.69496,
        32.55285,
        41.53122,
        21.47253,
        49.36748,
        14.88296,
        45.07898,
        9.69455,
        36.10148,
        4.50908,
        27.12398,
        2.51453,
        16.47592,
        13.59192,
        8.65029,
        20.1454,
        4.01552,
        28.06976,
        7.23599,
        35.94185,
        7.73002,
        41.37952,
        8.07128,
        38.10962,
        23.21764,
        40.22813,
        26.88827
      ],
      "segments": [
        1,
        4,
        4,
        4,
        4,
        4
      ]
    },
    {
      "type": "shape",
      "background": "#106102",
      "opacity": 0.9,
      "shadowColor": "#1ABC9C",
      "points": [
        36.3785,
        26.6065,
        38.1495,
        29.1385,
        34.2675,
        33.9325,
        30.4885,
        36.1435,
        26.7085,
        38.3545,
        24.4605,
        37.1445,
        22.6905,
        34.6115,
        20.9215,
        32.0785,
        22.5525,
        28.2315,
        26.3315,
        26.0235,
        30.1115,
        23.8125,
        34.6095,
        24.0715,
        36.3785,
        26.6065,
        36.3785,
        26.6065,
        36.3785,
        26.6065
      ],
      "segments": [
        1,
        4,
        4,
        4,
        4,
        2,
        2
      ]
    },
    {
      "type": "shape",
      "background": "#106102",
      "opacity": 0.9,
      "shadowColor": "#1ABC9C",
      "points": [
        28.00269,
        15.99202,
        32.1085,
        18.95905,
        31.49197,
        25.92875,
        27.3468,
        32.05873,
        21.70623,
        40.358,
        13.45525,
        37.9368,
        9.34943,
        34.96977,
        5.2305,
        31.98876,
        7.97208,
        27.20233,
        12.45831,
        21.31027,
        16.93142,
        15.40422,
        23.89687,
        13.025,
        28.00269,
        15.99202
      ],
      "segments": [
        1,
        4,
        4,
        4,
        4
      ]
    },
    {
      "type": "shape",
      "background": "#4b951c",
      "opacity": 0.9,
      "shadowColor": "#1ABC9C",
      "points": [
        31.99183,
        21.8045,
        36.575,
        23.7125,
        35.88898,
        28.2035,
        31.26202,
        32.1365,
        25.00029,
        37.4735,
        15.80475,
        35.9165,
        11.23617,
        34.0085,
        6.653,
        32.1005,
        9.71818,
        29.0225,
        14.69545,
        25.2245,
        19.67272,
        21.4265,
        27.42325,
        19.8965,
        31.99183,
        21.8045
      ],
      "segments": [
        1,
        4,
        4,
        4,
        4
      ]
    },
    {
      "type": "shape",
      "background": "#53a600",
      "opacity": 0.9,
      "shadowColor": "#1ABC9C",
      "points": [
        32.7205,
        7.9085,
        37.1305,
        9.5455,
        37.4015,
        16.3645,
        34.6595,
        19.7545,
        31.9155,
        23.1475,
        26.5885,
        23.7955,
        22.7595,
        21.2035,
        18.9325,
        18.6115,
        18.0525,
        13.7605,
        20.7945,
        10.3675,
        23.5395,
        6.9755,
        26.6415,
        5.6505,
        32.7205,
        7.9085,
        32.7205,
        7.9085,
        32.7205,
        7.9085
      ],
      "segments": [
        1,
        4,
        4,
        4,
        4,
        2,
        2
      ]
    },
    {
      "type": "shape",
      "background": "#459114",
      "opacity": 0.9,
      "shadowColor": "#1ABC9C",
      "points": [
        34.7295,
        14.5435,
        37.7855,
        14.6215,
        40.0195,
        15.2135,
        39.9155,
        18.5625,
        39.8065,
        21.9075,
        37.4015,
        26.7425,
        34.3465,
        26.6625,
        31.2935,
        26.5815,
        28.8985,
        23.8055,
        29.0035,
        20.4575,
        29.1085,
        17.1095,
        31.6695,
        14.4635,
        34.7295,
        14.5435,
        34.7295,
        14.5435,
        34.7295,
        14.5435
      ],
      "segments": [
        1,
        4,
        4,
        4,
        4,
        2,
        2
      ]
    },
    {
      "type": "shape",
      "background": "#1d7503",
      "opacity": 0.9,
      "shadowColor": "#1ABC9C",
      "points": [
        28.4165,
        6.9635,
        35.1395,
        10.5095,
        36.3185,
        21.4175,
        31.8185,
        28.5725,
        27.3095,
        35.7275,
        18.2195,
        35.1875,
        11.4875,
        31.6415,
        4.7555,
        28.0955,
        3.5585,
        20.6435,
        8.0585,
        13.4975,
        12.5675,
        6.3335,
        21.6755,
        3.4175,
        28.4165,
        6.9635
      ],
      "segments": [
        1,
        4,
        4,
        4,
        4
      ]
    },
    {
      "type": "shape",
      "background": "#53a600",
      "opacity": 0.9,
      "shadowColor": "#1ABC9C",
      "points": [
        26.4905,
        6.4685,
        31.7465,
        9.2495,
        31.6205,
        16.6475,
        27.9575,
        22.4525,
        24.3035,
        28.2485,
        16.3205,
        29.0855,
        11.0735,
        26.3045,
        5.8175,
        23.5235,
        6.6905,
        17.7365,
        10.3535,
        11.9405,
        14.0165,
        6.1445,
        21.2435,
        3.6965,
        26.4905,
        6.4685
      ],
      "segments": [
        1,
        4,
        4,
        4,
        4
      ]
    },
    {
      "type": "shape",
      "background": "#499419",
      "opacity": 0.9,
      "shadowColor": "#1ABC9C",
      "points": [
        7.811,
        10.366,
        6.452,
        7.625,
        11.041,
        3.392,
        15.127,
        1.694,
        19.218,
        0,
        21.255,
        1.492,
        22.609,
        4.233,
        23.967,
        6.968,
        21.749,
        10.561,
        17.663,
        12.256,
        13.579,
        13.952,
        9.164,
        13.102,
        7.811,
        10.366,
        7.811,
        10.366,
        7.811,
        10.366
      ],
      "segments": [
        1,
        4,
        4,
        4,
        4,
        2,
        2
      ]
    },
    {
      "type": "shape",
      "background": "#4b951c",
      "opacity": 0.9,
      "shadowColor": "#1ABC9C",
      "points": [
        16.6785,
        15.908,
        14.1865,
        13.653,
        15.3025,
        9.267,
        18.7415,
        5.743,
        23.3995,
        0.964,
        28.7625,
        3.249,
        31.2555,
        5.509,
        33.7475,
        7.767,
        31.4005,
        10.563,
        27.7695,
        13.923,
        24.1365,
        17.276,
        19.1735,
        18.173,
        16.6785,
        15.908,
        16.6785,
        15.908,
        16.6785,
        15.908
      ],
      "segments": [
        1,
        4,
        4,
        4,
        4,
        2,
        2
      ]
    },
    {
      "type": "shape",
      "background": "#53a600",
      "opacity": 0.9,
      "shadowColor": "#1ABC9C",
      "points": [
        4.113,
        26.212,
        0,
        24.007,
        0.792,
        17.23,
        4.041,
        14.233,
        7.281,
        11.227,
        12.663,
        11.281,
        16.047,
        14.35,
        19.422,
        17.419,
        19.539,
        22.333,
        16.299,
        25.33,
        13.05,
        28.327,
        9.774,
        29.236,
        4.113,
        26.212
      ],
      "segments": [
        1,
        4,
        4,
        4,
        4
      ]
    },
    {
      "type": "shape",
      "background": "#69b121",
      "opacity": 0.9,
      "shadowColor": "#1ABC9C",
      "points": [
        7.793,
        17.0165,
        4.787,
        16.5395,
        3.005,
        15.4955,
        3.626,
        12.1925,
        4.256,
        8.8985,
        5.921,
        5.9015,
        8.936,
        6.3785,
        11.951,
        6.8645,
        13.886,
        9.9245,
        13.256,
        13.2185,
        12.626,
        16.5215,
        10.808,
        17.5025,
        7.793,
        17.0165
      ],
      "segments": [
        1,
        4,
        4,
        4,
        4
      ]
    },
    {
      "type": "shape",
      "background": "#3d8d0b",
      "opacity": 0.9,
      "shadowColor": "#1ABC9C",
      "points": [
        9.8075,
        29.207,
        3.6965,
        24.815,
        3.3995,
        14.978,
        8.9795,
        8.48,
        14.5595,
        1.991,
        22.6325,
        3.287,
        28.7435,
        7.679,
        34.8455,
        12.08,
        34.4135,
        19.28,
        28.8425,
        25.769,
        23.2625,
        32.267,
        15.9095,
        33.599,
        9.8075,
        29.207
      ],
      "segments": [
        1,
        4,
        4,
        4,
        4
      ]
    },
    {
      "type": "shape",
      "background": "#53a600",
      "opacity": 0.9,
      "shadowColor": "#1ABC9C",
      "points": [
        10.2635,
        26.66136,
        5.4935,
        23.22336,
        5.7455,
        17.1065,
        10.2635,
        11.8415,
        14.7905,
        6.5765,
        22.8275,
        6.8015,
        27.5885,
        10.2395,
        32.3495,
        13.6775,
        26.4821,
        13.78805,
        21.9461,
        19.05305,
        17.4191,
        24.30905,
        15.0245,
        30.09936,
        10.2635,
        26.66136
      ],
      "segments": [
        1,
        4,
        4,
        4,
        4
      ]
    }
  ]
}