{
  "width": 37,
  "height": 33,
  "comps": [
    {
      "type": "shape",
      "background": "rgba(1,46,13,0.5)",
      "shadowColor": "#1ABC9C",
      "points": [
        16.92352,
        18.44673,
        -5.09632,
        25.60583,
        5.91838,
        40.47325,
        20.63012,
        22.78266,
        21.03135,
        35.24123,
        30.35503,
        34.59883,
        26.75958,
        24.69661,
        33.69258,
        27.60518,
        36.18124,
        25.99973,
        36.2492,
        24.69661,
        36.33164,
        23.11602,
        33.50813,
        20.58614,
        25.88431,
        19.42954,
        39.28728,
        7.01915,
        37.55817,
        10.23737,
        24.32716,
        13.86991,
        24.80481,
        1.98947,
        21.68095,
        3.86837,
        21.77649,
        15.24778,
        16.74201,
        0.97775,
        11.1248,
        2.33634,
        19.0252,
        15.691,
        1.99206,
        5.37149,
        2.1258,
        14.83345,
        16.48408,
        18.90923,
        16.92352,
        18.44673
      ],
      "segments": [
        1,
        4,
        4,
        4,
        4,
        4,
        4,
        4,
        4,
        2
      ]
    },
    {
      "type": "shape",
      "background": "#00751f",
      "shadowColor": "#1ABC9C",
      "points": [
        13.51421,
        16.0095,
        -7.23079,
        22.6965,
        3.14621,
        36.5835,
        17.00621,
        20.0595,
        17.38421,
        31.6965,
        28.48121,
        33.5595,
        23.68421,
        21.1575,
        38.13821,
        27.1695,
        35.06021,
        18.8985,
        21.95621,
        16.9275,
        34.58321,
        5.3355,
        32.95421,
        8.3415,
        20.48921,
        11.7345,
        20.93921,
        0.6375,
        17.99621,
        2.3925,
        18.08621,
        13.0215,
        13.34321,
        -0.3075,
        8.05121,
        0.9615,
        15.49421,
        13.4355,
        -0.55279,
        3.7965,
        -0.42679,
        12.6345,
        13.10021,
        16.4415,
        13.51421,
        16.0095
      ],
      "segments": [
        1,
        4,
        4,
        4,
        4,
        4,
        4,
        4,
        2
      ]
    },
    {
      "type": "shape",
      "background": "#249726",
      "shadowColor": "#1ABC9C",
      "points": [
        19.09421,
        19.1415,
        27.20321,
        26.2065,
        32.09021,
        22.3095,
        30.69521,
        18.4035,
        29.83121,
        15.9915,
        26.58221,
        13.5885,
        20.21921,
        13.7595,
        25.88921,
        6.2715,
        21.44321,
        -3.1695,
        17.51921,
        8.1075,
        11.73221,
        -5.8155,
        7.33121,
        2.1945,
        15.35021,
        12.3105,
        -2.28979,
        11.9685,
        0.74321,
        11.0865,
        12.32621,
        16.9905,
        1.41821,
        25.2525,
        4.24421,
        26.1885,
        14.53121,
        17.8725,
        4.70321,
        31.4805,
        8.38421,
        34.4865,
        16.17821,
        19.4835,
        14.96321,
        38.8155,
        21.31721,
        32.5875,
        19.62521,
        19.1505,
        19.09421,
        19.1415
      ],
      "segments": [
        1,
        4,
        4,
        4,
        4,
        4,
        4,
        4,
        4,
        2
      ]
    },
    {
      "type": "shape",
      "background": "#66a741",
      "shadowColor": "#1ABC9C",
      "points": [
        18.65321,
        16.5495,
        23.21621,
        17.5035,
        25.32221,
        16.0725,
        25.43021,
        14.6325,
        25.56521,
        12.9045,
        22.77521,
        11.1675,
        17.87921,
        13.6605,
        19.03121,
        8.5665,
        14.18021,
        5.1645,
        14.95421,
        11.6265,
        8.21321,
        6.4065,
        7.88921,
        11.4285,
        14.85521,
        14.2275,
        5.18021,
        18.6465,
        6.59321,
        17.4225,
        14.42321,
        17.2695,
        10.60721,
        24.0915,
        12.38921,
        23.8125,
        15.84521,
        17.1165,
        14.00921,
        26.2425,
        16.79021,
        26.7285,
        17.15921,
        17.4675,
        21.48821,
        27.1245,
        23.33321,
        22.4625,
        18.94121,
        16.4145,
        18.65321,
        16.5495
      ],
      "segments": [
        1,
        4,
        4,
        4,
        4,
        4,
        4,
        4,
        4,
        2
      ]
    },
    {
      "type": "shape",
      "background": "#97d239",
      "shadowColor": "#1ABC9C",
      "points": [
        18.16421,
        16.2485,
        22.77521,
        17.2345,
        21.88221,
        12.8725,
        17.79921,
        14.9285,
        18.31721,
        12.6035,
        16.08821,
        11.0425,
        16.45821,
        13.9925,
        13.36421,
        11.6005,
        13.22521,
        13.8835,
        16.41621,
        15.1815,
        11.99921,
        17.1765,
        12.65221,
        16.6185,
        16.22421,
        16.5685,
        14.50321,
        19.6725,
        15.31421,
        19.5495,
        16.87621,
        16.5035,
        16.05821,
        20.6645,
        17.33121,
        20.8985,
        17.47921,
        16.6635,
        19.48021,
        21.0855,
        20.31221,
        18.9595,
        18.29121,
        16.1895,
        18.16421,
        16.2485,
        18.16421,
        16.2485,
        18.16421,
        16.2485
      ],
      "segments": [
        1,
        4,
        4,
        4,
        4,
        4,
        4,
        4,
        2,
        2,
        2
      ]
    },
    {
      "type": "shape",
      "background": "#00751f",
      "shadowColor": "#1ABC9C",
      "points": [
        17.62821,
        16.7695,
        17.63021,
        16.7715,
        17.40221,
        17.8145,
        18.45521,
        18.0515,
        18.45521,
        18.0515,
        18.62521,
        18.0685,
        18.79321,
        18.3185,
        18.80121,
        18.3045,
        18.67821,
        15.9085,
        17.62821,
        16.7695,
        17.62821,
        16.7695,
        17.62821,
        16.7695
      ],
      "segments": [
        1,
        4,
        4,
        4,
        2,
        2
      ]
    },
    {
      "type": "shape",
      "background": "#00751f",
      "shadowColor": "#1ABC9C",
      "points": [
        16.30721,
        16.9465,
        16.31321,
        16.9465,
        15.41421,
        17.5335,
        16.00721,
        18.4395,
        16.00721,
        18.4395,
        16.11721,
        18.5745,
        16.05721,
        18.8695,
        16.08121,
        18.8645,
        17.65921,
        17.0615,
        16.30721,
        16.9465,
        16.30721,
        16.9465,
        16.30721,
        16.9465
      ],
      "segments": [
        1,
        4,
        4,
        4,
        2,
        2
      ]
    },
    {
      "type": "shape",
      "background": "#00751f",
      "shadowColor": "#1ABC9C",
      "points": [
        15.09221,
        15.5935,
        15.09221,
        15.5935,
        14.23221,
        14.9635,
        13.58621,
        15.8285,
        13.58621,
        15.8285,
        13.50621,
        15.9815,
        13.20921,
        16.0285,
        13.21721,
        16.0435,
        15.45721,
        16.8995,
        15.09221,
        15.5935,
        15.09221,
        15.5935,
        15.09221,
        15.5935
      ],
      "segments": [
        1,
        4,
        4,
        4,
        2,
        2
      ]
    },
    {
      "type": "shape",
      "background": "#00751f",
      "shadowColor": "#1ABC9C",
      "points": [
        17.04721,
        13.4155,
        17.04721,
        13.4155,
        17.58021,
        12.4925,
        16.65121,
        11.9435,
        16.65121,
        11.9435,
        16.49321,
        11.8775,
        16.41121,
        11.5875,
        16.39821,
        11.6005,
        15.79021,
        13.9185,
        17.04721,
        13.4155,
        17.04721,
        13.4155,
        17.04721,
        13.4155
      ],
      "segments": [
        1,
        4,
        4,
        4,
        2,
        2
      ]
    },
    {
      "type": "shape",
      "background": "#00751f",
      "shadowColor": "#1ABC9C",
      "points": [
        17.94321,
        15.3485,
        17.94321,
        15.3435,
        19.17221,
        16.1635,
        19.84421,
        14.9815,
        19.84421,
        14.9815,
        19.92821,
        14.7775,
        20.29921,
        14.7035,
        20.28721,
        14.6835,
        17.22321,
        13.6125,
        17.94321,
        15.3485,
        17.94321,
        15.3485,
        17.94321,
        15.3485
      ],
      "segments": [
        1,
        4,
        4,
        4,
        2,
        2
      ]
    },
    {
      "type": "shape",
      "background": "#66a741",
      "shadowColor": "#1ABC9C",
      "points": [
        29.12221,
        21.0075,
        29.94421,
        11.4075,
        21.22221,
        14.2155,
        26.50421,
        22.0405,
        21.61021,
        21.5205,
        18.98221,
        26.3895,
        24.93621,
        24.9815,
        20.82821,
        31.7985,
        25.55421,
        31.5615,
        27.37621,
        24.7865,
        32.61821,
        33.3045,
        31.31521,
        32.1135,
        30.27721,
        24.8605,
        37.09121,
        27.6615,
        36.63021,
        26.0415,
        29.97121,
        23.5565,
        38.71921,
        24.2715,
        38.85721,
        21.6385,
        30.14921,
        22.2955,
        38.68721,
        17.2325,
        34.11321,
        16.0195,
        28.96021,
        20.7525,
        29.12221,
        21.0075,
        29.12221,
        21.0075,
        29.12221,
        21.0075
      ],
      "segments": [
        1,
        4,
        4,
        4,
        4,
        4,
        4,
        4,
        2,
        2,
        2
      ]
    },
    {
      "type": "shape",
      "background": "#97d239",
      "shadowColor": "#1ABC9C",
      "points": [
        28.46621,
        22.5235,
        28.59421,
        19.8155,
        26.14821,
        20.6305,
        27.73421,
        22.8205,
        26.34321,
        22.6885,
        25.65121,
        24.0755,
        27.32121,
        23.6535,
        26.23321,
        25.5945,
        27.57121,
        25.5095,
        28.01121,
        23.5965,
        29.59221,
        25.9775,
        29.20621,
        25.6445,
        28.83621,
        23.6035,
        30.79921,
        24.3715,
        30.65121,
        23.9155,
        28.73321,
        23.2355,
        31.22121,
        23.4105,
        31.23421,
        22.6705,
        28.76521,
        22.8855,
        31.13621,
        21.4305,
        29.82121,
        21.1005,
        28.41221,
        22.4555,
        28.46621,
        22.5235,
        28.46621,
        22.5235,
        28.46621,
        22.5235
      ],
      "segments": [
        1,
        4,
        4,
        4,
        4,
        4,
        4,
        4,
        2,
        2,
        2
      ]
    },
    {
      "type": "shape",
      "background": "#00751f",
      "shadowColor": "#1ABC9C",
      "points": [
        28.21321,
        21.4445,
        28.21321,
        21.4445,
        28.87321,
        20.1195,
        27.61821,
        19.5945,
        27.61821,
        19.5945,
        27.41021,
        19.5395,
        27.28521,
        19.1795,
        27.27121,
        19.1945,
        26.58521,
        22.3655,
        28.21321,
        21.4445,
        28.21321,
        21.4445,
        28.21321,
        21.4445
      ],
      "segments": [
        1,
        4,
        4,
        4,
        2,
        2
      ]
    },
    {
      "type": "shape",
      "background": "#00751f",
      "shadowColor": "#1ABC9C",
      "points": [
        26.89121,
        24.0305,
        26.89121,
        24.0415,
        25.96321,
        23.7805,
        25.79321,
        24.6495,
        25.79321,
        24.6495,
        25.78021,
        24.7915,
        25.56821,
        24.9115,
        25.57821,
        24.9215,
        27.68421,
        24.9565,
        26.89121,
        24.0305,
        26.89121,
        24.0305,
        26.89121,
        24.0305
      ],
      "segments": [
        1,
        4,
        4,
        4,
        2,
        2
      ]
    },
    {
      "type": "shape",
      "background": "#00751f",
      "shadowColor": "#1ABC9C",
      "points": [
        26.79321,
        22.7485,
        26.79321,
        22.7485,
        26.05321,
        22.1355,
        25.53721,
        22.8455,
        25.53721,
        22.8455,
        25.46821,
        22.9735,
        25.22021,
        22.9955,
        25.22821,
        23.0055,
        27.12821,
        23.9155,
        26.79321,
        22.7485,
        26.79321,
        22.7485,
        26.79321,
        22.7485
      ],
      "segments": [
        1,
        4,
        4,
        4,
        2,
        2
      ]
    },
    {
      "type": "shape",
      "background": "#00751f",
      "shadowColor": "#1ABC9C",
      "points": [
        29.44421,
        21.7955,
        29.44421,
        21.7955,
        30.39721,
        21.9055,
        30.44021,
        21.0255,
        30.44021,
        21.0255,
        30.42921,
        20.8805,
        30.62221,
        20.7305,
        30.61021,
        20.7255,
        28.51621,
        21.0055,
        29.44421,
        21.7955,
        29.44421,
        21.7955,
        29.44421,
        21.7955
      ],
      "segments": [
        1,
        4,
        4,
        4,
        2,
        2
      ]
    },
    {
      "type": "shape",
      "background": "#00751f",
      "shadowColor": "#1ABC9C",
      "points": [
        29.52421,
        23.0215,
        29.52421,
        23.0215,
        29.87021,
        23.5265,
        30.30721,
        23.1755,
        30.30721,
        23.1755,
        30.37121,
        23.1125,
        30.53021,
        23.1435,
        30.52421,
        23.1365,
        29.51921,
        22.2505,
        29.52421,
        23.0215,
        29.52421,
        23.0215,
        29.52421,
        23.0215
      ],
      "segments": [
        1,
        4,
        4,
        4,
        2,
        2
      ]
    },
    {
      "type": "shape",
      "background": "#00751f",
      "shadowColor": "#1ABC9C",
      "points": [
        29.79221,
        24.3715,
        29.79221,
        24.3715,
        30.13221,
        24.8785,
        30.57521,
        24.5305,
        30.57521,
        24.5305,
        30.63921,
        24.4665,
        30.79821,
        24.4965,
        30.79721,
        24.4845,
        29.78921,
        23.6035,
        29.79221,
        24.3715,
        29.79221,
        24.3715,
        29.79221,
        24.3715
      ],
      "segments": [
        1,
        4,
        4,
        4,
        2,
        2
      ]
    },
    {
      "type": "shape",
      "background": "#00751f",
      "shadowColor": "#1ABC9C",
      "points": [
        29.02221,
        24.8565,
        29.02221,
        24.8565,
        28.48121,
        25.6515,
        29.25221,
        26.0965,
        29.25221,
        26.0965,
        29.38021,
        26.1515,
        29.42721,
        26.3925,
        29.44421,
        26.3845,
        30.14921,
        24.3995,
        29.02221,
        24.8565,
        29.02221,
        24.8565,
        29.02221,
        24.8565
      ],
      "segments": [
        1,
        4,
        4,
        4,
        2,
        2
      ]
    }
  ]
}