{
  "width": 100,
  "height": 74,
  "comps": [
    {
      "type": "shape",
      "background": "rgba(64,45,17,0.4)",
      "shadowColor": "#1ABC9C",
      "points": [
        98.0855,
        73.03911,
        11.1635,
        73.03911,
        11.1635,
        9.42821,
        98.0855,
        9.42821,
        98.0855,
        73.03911
      ]
    },
    {
      "type": "shape",
      "background": "rgb(219,79,33)",
      "shadowColor": "#1ABC9C",
      "points": [
        1.9145,
        2.88411,
        1.9145,
        63.88811,
        45.9545,
        63.88811,
        45.9545,
        2.88211,
        1.9145,
        2.88411,
        1.9145,
        2.88411,
        1.9145,
        2.88411
      ]
    },
    {
      "type": "shape",
      "background": "rgb(122,42,20)",
      "shadowColor": "#1ABC9C",
      "points": [
        88.8415,
        2.88211,
        45.9545,
        2.88211,
        45.9545,
        63.88811,
        88.8425,
        63.88711,
        88.8415,
        2.88211,
        88.8415,
        2.88211,
        88.8415,
        2.88211
      ]
    },
    {
      "type": "shape",
      "background": "rgb(232,93,42)",
      "shadowColor": "#1ABC9C",
      "points": [
        88.8415,
        2.88211,
        1.9145,
        2.88411,
        15.7315,
        32.78811,
        75.0265,
        32.78711,
        88.8415,
        2.88211,
        88.8415,
        2.88211,
        88.8415,
        2.88211
      ]
    },
    {
      "type": "shape",
      "background": "rgb(176,58,28)",
      "shadowColor": "#1ABC9C",
      "points": [
        15.7315,
        32.78811,
        1.9145,
        63.88811,
        88.8425,
        63.88711,
        75.0265,
        32.78711,
        15.7315,
        32.78811,
        15.7315,
        32.78811,
        15.7315,
        32.78811
      ]
    }
  ]
}