{
  "width": 49,
  "height": 84,
  "comps": [
    {
      "type": "shape",
      "background": "rgba(74,50,15,0.4)",
      "shadowColor": "#1ABC9C",
      "points": [
        48.1445,
        82.35696,
        4.8185,
        82.35696,
        4.8185,
        6.11304,
        45.2285,
        6.11304,
        48.1445,
        6.11304,
        48.1445,
        82.35696
      ]
    },
    {
      "type": "shape",
      "background": "#f2f2f2",
      "shadowColor": "#1ABC9C",
      "points": [
        0,
        0,
        0,
        72.702,
        43.326,
        72.702,
        43.326,
        0.396,
        0,
        0
      ]
    },
    {
      "type": "shape",
      "background": "#cccccc",
      "shadowColor": "#1ABC9C",
      "points": [
        42.102,
        3.564,
        1.224,
        3.249,
        1.224,
        69.462,
        42.102,
        68.832,
        42.102,
        3.564
      ]
    },
    {
      "type": "shape",
      "background": "#9f9f9f",
      "shadowColor": "#1ABC9C",
      "points": [
        2.277,
        69.462,
        1.377,
        69.462,
        1.377,
        69.46,
        2.277,
        69.446,
        2.277,
        69.462,
        41.85,
        3.562,
        29.255,
        3.465,
        41.85,
        3.465,
        41.85,
        3.562
      ],
      "segments": [
        1,
        2,
        2,
        2,
        2,
        1,
        2,
        2,
        2
      ]
    },
    {
      "type": "shape",
      "background": "#868686",
      "shadowColor": "#1ABC9C",
      "points": [
        1.377,
        69.46,
        1.35,
        65.7,
        1.35,
        3.465,
        29.255,
        3.465,
        41.85,
        3.562,
        41.841,
        6.318,
        3.276,
        6.318,
        3.231,
        6.259,
        3.179,
        6.23,
        3.128,
        6.23,
        3.076,
        6.23,
        3.024,
        6.259,
        2.979,
        6.318,
        2.331,
        6.318,
        2.349,
        8.82,
        2.277,
        8.82,
        2.277,
        69.446,
        1.377,
        69.46
      ],
      "segments": [
        1,
        2,
        2,
        2,
        2,
        2,
        2,
        4,
        4,
        2,
        2,
        2,
        2,
        2
      ]
    },
    {
      "type": "shape",
      "background": "#868686",
      "shadowColor": "#1ABC9C",
      "points": [
        24.759,
        60.597,
        11.493,
        60.597,
        11.493,
        57.618,
        22.491,
        57.618,
        22.491,
        27.873,
        24.759,
        27.873,
        24.759,
        60.597
      ]
    },
    {
      "type": "shape",
      "background": "#f2f2f2",
      "shadowColor": "#1ABC9C",
      "points": [
        22.491,
        24.903,
        22.491,
        57.618,
        9.225,
        57.618,
        9.225,
        24.903,
        22.491,
        24.903
      ]
    },
    {
      "type": "shape",
      "background": "#cccccc",
      "shadowColor": "#1ABC9C",
      "points": [
        21.607,
        27.079,
        21.607,
        55.437,
        10.106,
        55.437,
        10.106,
        27.079,
        21.607,
        27.079,
        21.607,
        27.079,
        21.607,
        27.079
      ]
    },
    {
      "type": "shape",
      "background": "#868686",
      "shadowColor": "#1ABC9C",
      "points": [
        38.925,
        25.425,
        22.491,
        25.425,
        22.491,
        24.903,
        19.737,
        24.903,
        19.737,
        12.717,
        38.925,
        12.717,
        38.925,
        25.425
      ]
    },
    {
      "type": "shape",
      "background": "#9f9f9f",
      "shadowColor": "#1ABC9C",
      "points": [
        22.491,
        25.425,
        19.737,
        25.425,
        19.737,
        24.903,
        22.491,
        24.903,
        22.491,
        25.425
      ]
    },
    {
      "type": "shape",
      "background": "#b3b3b3",
      "shadowColor": "#1ABC9C",
      "points": [
        36.075,
        9.709,
        36.075,
        22.419,
        16.888,
        22.419,
        16.888,
        9.709,
        36.075,
        9.709,
        36.075,
        9.709,
        36.075,
        9.709
      ]
    },
    {
      "type": "shape",
      "background": "#808080",
      "shadowColor": "#1ABC9C",
      "points": [
        19.717,
        11.134,
        19.989,
        11.134,
        20.209,
        11.427,
        20.209,
        11.784,
        20.209,
        20.111,
        20.209,
        20.468,
        19.989,
        20.761,
        19.717,
        20.761,
        19.399,
        20.761,
        19.128,
        20.761,
        18.908,
        20.468,
        18.908,
        20.111,
        18.908,
        11.784,
        18.908,
        11.427,
        19.128,
        11.134,
        19.399,
        11.134,
        19.717,
        11.134,
        19.717,
        11.134,
        19.717,
        11.134
      ],
      "segments": [
        1,
        4,
        2,
        4,
        2,
        4,
        2,
        4,
        2,
        2,
        2
      ]
    },
    {
      "type": "shape",
      "background": "#808080",
      "shadowColor": "#1ABC9C",
      "points": [
        21.997,
        11.134,
        22.268,
        11.134,
        22.488,
        11.427,
        22.488,
        11.784,
        22.488,
        20.111,
        22.488,
        20.468,
        22.268,
        20.761,
        21.997,
        20.761,
        21.68,
        20.761,
        21.407,
        20.761,
        21.187,
        20.468,
        21.187,
        20.111,
        21.187,
        11.784,
        21.187,
        11.427,
        21.407,
        11.134,
        21.68,
        11.134,
        21.997,
        11.134,
        21.997,
        11.134,
        21.997,
        11.134
      ],
      "segments": [
        1,
        4,
        2,
        4,
        2,
        4,
        2,
        4,
        2,
        2,
        2
      ]
    },
    {
      "type": "shape",
      "background": "#808080",
      "shadowColor": "#1ABC9C",
      "points": [
        24.276,
        11.134,
        24.548,
        11.134,
        24.768,
        11.427,
        24.768,
        11.784,
        24.768,
        20.111,
        24.768,
        20.468,
        24.548,
        20.761,
        24.276,
        20.761,
        23.958,
        20.761,
        23.686,
        20.761,
        23.467,
        20.468,
        23.467,
        20.111,
        23.467,
        11.784,
        23.467,
        11.427,
        23.686,
        11.134,
        23.958,
        11.134,
        24.276,
        11.134,
        24.276,
        11.134,
        24.276,
        11.134
      ],
      "segments": [
        1,
        4,
        2,
        4,
        2,
        4,
        2,
        4,
        2,
        2,
        2
      ]
    },
    {
      "type": "shape",
      "background": "#808080",
      "shadowColor": "#1ABC9C",
      "points": [
        26.556,
        11.134,
        26.827,
        11.134,
        27.051,
        11.427,
        27.051,
        11.784,
        27.051,
        20.111,
        27.051,
        20.468,
        26.827,
        20.761,
        26.556,
        20.761,
        26.238,
        20.761,
        25.966,
        20.761,
        25.746,
        20.468,
        25.746,
        20.111,
        25.746,
        11.784,
        25.746,
        11.427,
        25.966,
        11.134,
        26.238,
        11.134,
        26.556,
        11.134,
        26.556,
        11.134,
        26.556,
        11.134
      ],
      "segments": [
        1,
        4,
        2,
        4,
        2,
        4,
        2,
        4,
        2,
        2,
        2
      ]
    },
    {
      "type": "shape",
      "background": "#808080",
      "shadowColor": "#1ABC9C",
      "points": [
        28.835,
        11.134,
        29.106,
        11.134,
        29.326,
        11.427,
        29.326,
        11.784,
        29.326,
        20.111,
        29.326,
        20.468,
        29.106,
        20.761,
        28.835,
        20.761,
        28.517,
        20.761,
        28.245,
        20.761,
        28.025,
        20.468,
        28.025,
        20.111,
        28.025,
        11.784,
        28.025,
        11.427,
        28.245,
        11.134,
        28.517,
        11.134,
        28.835,
        11.134,
        28.835,
        11.134,
        28.835,
        11.134
      ],
      "segments": [
        1,
        4,
        2,
        4,
        2,
        4,
        2,
        4,
        2,
        2,
        2
      ]
    },
    {
      "type": "shape",
      "background": "#808080",
      "shadowColor": "#1ABC9C",
      "points": [
        31.116,
        11.134,
        31.39,
        11.134,
        31.609,
        11.427,
        31.609,
        11.784,
        31.609,
        20.111,
        31.609,
        20.468,
        31.39,
        20.761,
        31.116,
        20.761,
        30.797,
        20.761,
        30.526,
        20.761,
        30.305,
        20.468,
        30.305,
        20.111,
        30.305,
        11.784,
        30.305,
        11.427,
        30.526,
        11.134,
        30.797,
        11.134,
        31.116,
        11.134,
        31.116,
        11.134,
        31.116,
        11.134
      ],
      "segments": [
        1,
        4,
        2,
        4,
        2,
        4,
        2,
        4,
        2,
        2,
        2
      ]
    },
    {
      "type": "shape",
      "background": "#808080",
      "shadowColor": "#1ABC9C",
      "points": [
        33.395,
        11.134,
        33.668,
        11.134,
        33.889,
        11.427,
        33.889,
        11.784,
        33.889,
        20.111,
        33.889,
        20.468,
        33.668,
        20.761,
        33.395,
        20.761,
        33.076,
        20.761,
        32.804,
        20.761,
        32.586,
        20.468,
        32.586,
        20.111,
        32.586,
        11.784,
        32.586,
        11.427,
        32.804,
        11.134,
        33.076,
        11.134,
        33.395,
        11.134,
        33.395,
        11.134,
        33.395,
        11.134
      ],
      "segments": [
        1,
        4,
        2,
        4,
        2,
        4,
        2,
        4,
        2,
        2,
        2
      ]
    }
  ]
}