{
  "width": 9,
  "height": 22,
  "comps": [
    {
      "type": "shape",
      "background": "rgba(48,30,6,0.30)",
      "borderColor": "#979797",
      "points": [
        1.47978,
        0.36994,
        7.76884,
        0.17439,
        7.52221,
        13.68795,
        8.75536,
        14.9622,
        8.96088,
        17.18187,
        7.80994,
        18.16839,
        7.76884,
        21.41568,
        1.10983,
        21.5801,
        1.39757,
        0.41105
      ]
    },
    {
      "type": "shape",
      "background": "#b18759",
      "shadowColor": "#1ABC9C",
      "points": [
        3.838,
        20.618,
        3.838,
        0,
        4.467,
        0,
        4.467,
        20.618,
        3.838,
        20.618,
        3.838,
        20.618,
        3.838,
        20.618
      ]
    },
    {
      "type": "shape",
      "background": "#b18759",
      "shadowColor": "#1ABC9C",
      "points": [
        3.0145,
        20.618,
        3.0145,
        0,
        3.6435,
        0,
        3.6435,
        20.618,
        3.0145,
        20.618,
        3.0145,
        20.618,
        3.0145,
        20.618
      ]
    },
    {
      "type": "shape",
      "background": "#b18759",
      "shadowColor": "#1ABC9C",
      "points": [
        5.838,
        20.618,
        5.838,
        0,
        6.467,
        0,
        6.467,
        20.618,
        5.838,
        20.618,
        5.838,
        20.618,
        5.838,
        20.618
      ]
    },
    {
      "type": "shape",
      "background": "#b18759",
      "shadowColor": "#1ABC9C",
      "points": [
        4.838,
        20.618,
        4.838,
        0,
        5.467,
        0,
        5.467,
        20.618,
        4.838,
        20.618,
        4.838,
        20.618,
        4.838,
        20.618
      ]
    },
    {
      "type": "shape",
      "background": "#afa288",
      "shadowColor": "#1ABC9C",
      "points": [
        1.892,
        20.618,
        1.892,
        0,
        2.875,
        0,
        2.875,
        20.618,
        1.892,
        20.618,
        1.892,
        20.618,
        1.892,
        20.618
      ]
    },
    {
      "type": "shape",
      "background": "#c1b49a",
      "shadowColor": "#1ABC9C",
      "points": [
        1.05,
        20.618,
        1.05,
        0,
        2.035,
        0,
        2.035,
        20.618,
        1.05,
        20.618,
        1.05,
        20.618,
        1.05,
        20.618
      ]
    },
    {
      "type": "shape",
      "background": "#afa288",
      "shadowColor": "#1ABC9C",
      "points": [
        0.254,
        20.618,
        0.254,
        0,
        1.238,
        0,
        1.238,
        20.618,
        0.254,
        20.618,
        0.254,
        20.618,
        0.254,
        20.618
      ]
    },
    {
      "type": "shape",
      "background": "#3b2314",
      "shadowColor": "#1ABC9C",
      "points": [
        0.511,
        0.956,
        0.365,
        0.956,
        0.246,
        0.838,
        0.246,
        0.692,
        0.246,
        0.546,
        0.364,
        0.427,
        0.511,
        0.427,
        7.145,
        0.427,
        7.293,
        0.427,
        7.412,
        0.546,
        7.412,
        0.692,
        7.412,
        0.838,
        7.293,
        0.956,
        7.145,
        0.956,
        0.511,
        0.956,
        0.511,
        0.956,
        0.511,
        0.956
      ],
      "segments": [
        1,
        4,
        4,
        2,
        4,
        4,
        2,
        2,
        2
      ]
    },
    {
      "type": "shape",
      "background": "#3b2314",
      "shadowColor": "#1ABC9C",
      "points": [
        7.419,
        14.883,
        7.024,
        14.883,
        6.704,
        14.563,
        6.704,
        14.168,
        6.704,
        13.774,
        7.024,
        13.453,
        7.419,
        13.453,
        8.073,
        13.453,
        8.468,
        13.453,
        8.788,
        13.774,
        8.788,
        14.168,
        8.788,
        14.563,
        8.468,
        14.883,
        8.073,
        14.883,
        7.419,
        14.883,
        7.419,
        14.883,
        7.419,
        14.883
      ],
      "segments": [
        1,
        4,
        4,
        2,
        4,
        4,
        2,
        2,
        2
      ]
    },
    {
      "type": "shape",
      "background": "#3b2314",
      "shadowColor": "#1ABC9C",
      "points": [
        7.394,
        16.899,
        6.999,
        16.899,
        6.679,
        16.578,
        6.679,
        16.184,
        6.679,
        15.789,
        6.999,
        15.469,
        7.394,
        15.469,
        8.048,
        15.469,
        8.443,
        15.469,
        8.763,
        15.789,
        8.763,
        16.184,
        8.763,
        16.578,
        8.443,
        16.899,
        8.048,
        16.899,
        7.394,
        16.899,
        7.394,
        16.899,
        7.394,
        16.899
      ],
      "segments": [
        1,
        4,
        4,
        2,
        4,
        4,
        2,
        2,
        2
      ]
    },
    {
      "type": "shape",
      "background": "#ffd7c8",
      "shadowColor": "#1ABC9C",
      "points": [
        5.673,
        12.44,
        5.745,
        12.684,
        5.852,
        12.524,
        5.929,
        12.336,
        5.929,
        12.121,
        5.929,
        11.895,
        5.847,
        11.695,
        5.73,
        11.531,
        5.673,
        11.752,
        5.673,
        12.44,
        5.673,
        12.44,
        5.673,
        12.44
      ],
      "segments": [
        1,
        2,
        4,
        4,
        2,
        2,
        2,
        2
      ]
    },
    {
      "type": "shape",
      "background": "#e6e6e6",
      "shadowColor": "#1ABC9C",
      "points": [
        5.745,
        12.684,
        5.673,
        12.44,
        5.673,
        11.752,
        5.73,
        11.531,
        5.564,
        11.299,
        5.32,
        11.141,
        5.031,
        11.141,
        4.458,
        11.141,
        3.962,
        11.141,
        3.56,
        11.578,
        3.56,
        12.121,
        3.56,
        12.662,
        3.962,
        13.1,
        4.458,
        13.1,
        5.03,
        13.1,
        5.329,
        13.1,
        5.581,
        12.93,
        5.745,
        12.684,
        5.745,
        12.684,
        5.745,
        12.684
      ],
      "segments": [
        1,
        2,
        2,
        2,
        4,
        2,
        4,
        4,
        2,
        4,
        2,
        2
      ]
    },
    {
      "type": "shape",
      "background": "#ffd7c8",
      "shadowColor": "#1ABC9C",
      "points": [
        5.237,
        18.627,
        5.307,
        18.871,
        5.414,
        18.711,
        5.491,
        18.524,
        5.491,
        18.309,
        5.491,
        18.082,
        5.409,
        17.883,
        5.292,
        17.719,
        5.237,
        17.94,
        5.237,
        18.627,
        5.237,
        18.627,
        5.237,
        18.627
      ],
      "segments": [
        1,
        2,
        4,
        4,
        2,
        2,
        2,
        2
      ]
    },
    {
      "type": "shape",
      "background": "#e6e6e6",
      "shadowColor": "#1ABC9C",
      "points": [
        5.308,
        18.871,
        5.238,
        18.627,
        5.238,
        17.94,
        5.293,
        17.719,
        5.129,
        17.486,
        4.883,
        17.328,
        4.594,
        17.328,
        4.024,
        17.328,
        3.528,
        17.328,
        3.126,
        17.766,
        3.126,
        18.309,
        3.126,
        18.85,
        3.528,
        19.287,
        4.024,
        19.287,
        4.594,
        19.287,
        4.894,
        19.287,
        5.146,
        19.117,
        5.308,
        18.871,
        5.308,
        18.871,
        5.308,
        18.871
      ],
      "segments": [
        1,
        2,
        2,
        2,
        4,
        2,
        4,
        4,
        2,
        4,
        2,
        2
      ]
    },
    {
      "type": "shape",
      "background": "#4385f5",
      "shadowColor": "#1ABC9C",
      "points": [
        3.78,
        17.52,
        6.298,
        17.52,
        6.978,
        17.52,
        7.528,
        16.967,
        7.528,
        16.287,
        7.528,
        14.018,
        7.528,
        13.338,
        6.977,
        12.787,
        6.298,
        12.787,
        3.781,
        12.787,
        3.781,
        17.52,
        3.78,
        17.52,
        3.78,
        17.52
      ],
      "segments": [
        1,
        2,
        4,
        2,
        4,
        2,
        2,
        2,
        2
      ]
    },
    {
      "type": "shape",
      "background": "#e6e6e6",
      "shadowColor": "#1ABC9C",
      "points": [
        3.583,
        19.266,
        2.896,
        19.266,
        2.337,
        18.707,
        2.337,
        18.02,
        2.337,
        12.305,
        2.337,
        11.617,
        2.896,
        11.059,
        3.583,
        11.059,
        4.271,
        11.059,
        4.829,
        11.617,
        4.829,
        12.305,
        4.829,
        18.02,
        4.829,
        18.707,
        4.27,
        19.266,
        3.583,
        19.266,
        3.583,
        19.266,
        3.583,
        19.266
      ],
      "segments": [
        1,
        4,
        2,
        4,
        4,
        2,
        4,
        2,
        2
      ]
    },
    {
      "type": "shape",
      "background": "#ffd7c8",
      "shadowColor": "#1ABC9C",
      "points": [
        4.71,
        16.315,
        5.009,
        16.022,
        5.196,
        15.613,
        5.196,
        15.162,
        5.196,
        14.734,
        5.026,
        14.348,
        4.755,
        14.061,
        4.577,
        14.344,
        4.46,
        14.756,
        4.46,
        15.223,
        4.46,
        15.649,
        4.556,
        16.035,
        4.71,
        16.315,
        4.71,
        16.315,
        4.71,
        16.315
      ],
      "segments": [
        1,
        4,
        4,
        4,
        4,
        2,
        2
      ]
    },
    {
      "type": "shape",
      "background": "#754c28",
      "shadowColor": "#1ABC9C",
      "points": [
        4.71,
        16.315,
        4.556,
        16.035,
        4.46,
        15.649,
        4.46,
        15.223,
        4.46,
        14.756,
        4.577,
        14.344,
        4.755,
        14.061,
        4.462,
        13.746,
        4.046,
        13.549,
        3.583,
        13.549,
        2.692,
        13.549,
        1.97,
        14.272,
        1.97,
        15.162,
        1.97,
        16.053,
        2.693,
        16.776,
        3.583,
        16.776,
        4.023,
        16.776,
        4.419,
        16.6,
        4.71,
        16.315,
        4.71,
        16.315,
        4.71,
        16.315
      ],
      "segments": [
        1,
        4,
        4,
        4,
        4,
        4,
        4,
        2,
        2
      ]
    },
    {
      "type": "shape",
      "background": "#3b2314",
      "shadowColor": "#1ABC9C",
      "points": [
        0.265,
        20.3825,
        0.119,
        20.3825,
        0,
        20.2645,
        0,
        20.1185,
        0,
        19.9725,
        0.118,
        19.8535,
        0.265,
        19.8535,
        6.899,
        19.8535,
        7.047,
        19.8535,
        7.166,
        19.9725,
        7.166,
        20.1185,
        7.166,
        20.2645,
        7.047,
        20.3825,
        6.899,
        20.3825,
        0.265,
        20.3825,
        0.265,
        20.3825,
        0.265,
        20.3825
      ],
      "segments": [
        1,
        4,
        4,
        2,
        4,
        4,
        2,
        2,
        2
      ]
    }
  ]
}