{
  "width": 418,
  "height": 361,
  "comps": [
    {
      "type": "shape",
      "background": "rgba(43,39,39,0.7)",
      "borderColor": "#979797",
      "shadowColor": "#1ABC9C",
      "points": [
        142.09552,
        274.1484,
        275.42568,
        200.86781,
        303.66998,
        215.06022,
        342.30636,
        210.04772,
        327.60058,
        227.08505,
        354.27053,
        240.48636,
        178.17317,
        340.14878,
        142.09552,
        340.14878,
        142.09552,
        353.6916,
        81.72046,
        354.94939,
        81.72046,
        349.41226,
        142.09552,
        340.14878
      ]
    },
    {
      "type": "shape",
      "background": "rgb(250,204,20)",
      "borderColor": "#979797",
      "shadowColor": "#1ABC9C",
      "points": [
        257.38769,
        226.27102,
        260.62733,
        217.53062,
        299.76246,
        237.41078,
        296.04921,
        244.40043
      ]
    },
    {
      "type": "shape",
      "background": "rgb(250,204,20)",
      "borderColor": "#979797",
      "shadowColor": "#1ABC9C",
      "points": [
        346.43002,
        53.62844,
        346.87354,
        14.74658,
        382.35508,
        31.30463,
        386.64243,
        86.5967,
        349.38438,
        66.31707
      ]
    },
    {
      "type": "shape",
      "background": "rgb(250,238,20)",
      "borderColor": "#979797",
      "shadowColor": "#1ABC9C",
      "points": [
        189.00758,
        121.29682,
        171.66092,
        211.14651,
        171.30513,
        275.51913,
        178.89067,
        279.48759,
        194.05841,
        122.7263
      ]
    },
    {
      "type": "shape",
      "background": "rgb(250,238,20)",
      "borderColor": "#979797",
      "shadowColor": "#1ABC9C",
      "points": [
        252.32519,
        89.99225,
        243.71775,
        170.13567,
        184.36853,
        199.8667,
        184.36853,
        207.2607,
        252.32519,
        174.88345,
        257.28572,
        92.52962
      ]
    },
    {
      "type": "shape",
      "background": "rgb(250,238,20)",
      "borderColor": "#979797",
      "shadowColor": "#1ABC9C",
      "points": [
        287.13399,
        211.82027,
        293.73942,
        241.5935,
        258.1891,
        223.04096,
        247.62911,
        179.53383,
        242.56032,
        179.53383,
        250.30431,
        227.54656,
        303.06052,
        255.5274,
        293.73942,
        208.89978
      ]
    },
    {
      "type": "shape",
      "background": "rgb(222,162,11)",
      "borderColor": "#979797",
      "shadowColor": "#1ABC9C",
      "points": [
        258.90317,
        93.08122,
        258.90317,
        174.81662,
        265.87022,
        223.06854,
        258.90317,
        226.88173,
        248.3086,
        182.71053,
        191.90847,
        213.13338,
        184.73308,
        272.74433,
        177.55769,
        277.71191,
        179.21355,
        206.50994,
        191.90847,
        122.44041,
        196.05969,
        123.96519,
        188.0448,
        202.64626,
        248.3086,
        172.76794,
        256.18252,
        93.08122
      ]
    },
    {
      "type": "shape",
      "background": "rgb(250,204,20)",
      "borderColor": "#979797",
      "shadowColor": "#1ABC9C",
      "points": [
        177.47625,
        269.33022,
        185.77839,
        265.17915,
        223.70411,
        287.444,
        220.87383,
        297.06694,
        205.21296,
        292.91587
      ]
    },
    {
      "type": "shape",
      "background": "rgb(250,238,20)",
      "borderColor": "#979797",
      "shadowColor": "#1ABC9C",
      "points": [
        224.95303,
        166.72913,
        217.94271,
        231.04715,
        217.58692,
        292.95531,
        175.95902,
        268.04972,
        175.60323,
        277.65616,
        221.73455,
        306.31471,
        226.48177,
        285.83943,
        235.37662,
        154.90723
      ]
    },
    {
      "type": "shape",
      "background": "rgb(250,238,20)",
      "borderColor": "#979797",
      "shadowColor": "#1ABC9C",
      "points": [
        289.38893,
        132.17057,
        285.68954,
        198.53083,
        230.03971,
        228.27846,
        230.03971,
        235.67247,
        297.99637,
        203.29521,
        296.92899,
        125.37632
      ]
    },
    {
      "type": "shape",
      "background": "rgb(235,169,2)",
      "borderColor": "#979797",
      "shadowColor": "#1ABC9C",
      "points": [
        41.44753,
        223.34699,
        351.09291,
        67.19415,
        351.09291,
        55.87158,
        346.12575,
        57.20904,
        27.09675,
        215.61964
      ]
    },
    {
      "type": "shape",
      "background": "rgb(235,169,2)",
      "borderColor": "#979797",
      "shadowColor": "#1ABC9C",
      "displayName": "不规则图形",
      "points": [
        45.39763,
        240.06364,
        85.54604,
        236.28867,
        365.78404,
        97.43804,
        388.42626,
        85.73956,
        386.53941,
        30.26612,
        381.42498,
        32.58253,
        381.42498,
        71.13098
      ]
    },
    {
      "type": "shape",
      "background": "rgb(250,238,20)",
      "borderColor": "#979797",
      "shadowColor": "#1ABC9C",
      "points": [
        10.42301,
        221.19448,
        45.74222,
        240.06364,
        232.16887,
        146.56462,
        230.72644,
        164.59246,
        234.71017,
        164.59246,
        236.84312,
        144.20484,
        292.96111,
        115.98449,
        293.59685,
        133.56718,
        294.7039,
        133.56718,
        298.48372,
        113.2073,
        382.44538,
        71.23678,
        374.6551,
        68.04404,
        297.44086,
        107.32027,
        294.17444,
        105.93919,
        289.6612,
        108.53112,
        289.6612,
        111.33009,
        239.08287,
        136.56857,
        239.08287,
        135.8859,
        232.16887,
        135.8859,
        226.12393,
        138.84994,
        226.12393,
        142.71139,
        53.96724,
        229.4195,
        31.7113,
        216.35623,
        351.25432,
        55.88861,
        346.73144,
        53.89815,
        10.90684,
        220.22683
      ]
    },
    {
      "type": "shape",
      "background": "rgb(250,238,20)",
      "borderColor": "#979797",
      "shadowColor": "#1ABC9C",
      "points": [
        381.86153,
        32.66127,
        351.1888,
        17.41414,
        346.86277,
        15.14946,
        351.69585,
        12.73292,
        386.94398,
        30.03331,
        381.86153,
        32.66127
      ]
    },
    {
      "type": "shape",
      "background": "rgb(235,169,2)",
      "borderColor": "#979797",
      "shadowColor": "#1ABC9C",
      "points": [
        297.88351,
        108.77511,
        303.05943,
        203.4791,
        310.02648,
        251.73101,
        303.05943,
        255.54421,
        292.46487,
        211.37301,
        236.06474,
        241.79585,
        228.88934,
        301.40681,
        221.71395,
        306.37439,
        223.36981,
        235.17241,
        234.96083,
        138.58059,
        239.00305,
        135.90709,
        232.20106,
        231.30874,
        292.46487,
        201.43042,
        294.90977,
        110.64313,
        297.88351,
        108.77511
      ]
    },
    {
      "type": "shape",
      "background": "rgb(222,162,11)",
      "borderColor": "#979797",
      "shadowColor": "#1ABC9C",
      "points": [
        307.20853,
        104.53062,
        307.20853,
        110.99062,
        299.41312,
        115.09916,
        296.29585,
        109.96876
      ]
    },
    {
      "type": "shape",
      "background": "rgb(255,246,84)",
      "borderColor": "#979797",
      "shadowColor": "#1ABC9C",
      "points": [
        246.61424,
        79.92897,
        244.40449,
        80.19758,
        244.40449,
        87.08454,
        299.09592,
        115.09916,
        299.09592,
        108.67025
      ]
    },
    {
      "type": "shape",
      "background": "rgb(250,204,20)",
      "borderColor": "#979797",
      "shadowColor": "#1ABC9C",
      "points": [
        299.19331,
        108.7612,
        244.36853,
        80.17062,
        251.52773,
        76.13604,
        307.22422,
        104.4589,
        299.19331,
        108.7612
      ]
    },
    {
      "type": "shape",
      "background": "rgb(222,162,11)",
      "borderColor": "#979797",
      "shadowColor": "#1ABC9C",
      "points": [
        245.78068,
        136.41236,
        245.78068,
        142.87236,
        237.98528,
        146.9809,
        234.86801,
        141.8505
      ]
    },
    {
      "type": "shape",
      "background": "rgb(255,246,84)",
      "borderColor": "#979797",
      "shadowColor": "#1ABC9C",
      "points": [
        185.1864,
        111.81071,
        182.97664,
        112.07932,
        182.97664,
        118.96628,
        237.66807,
        146.9809,
        237.66807,
        140.552
      ]
    },
    {
      "type": "shape",
      "background": "rgb(250,204,20)",
      "borderColor": "#979797",
      "shadowColor": "#1ABC9C",
      "points": [
        237.76547,
        140.64294,
        182.94068,
        112.05236,
        190.09988,
        108.01778,
        245.79638,
        136.34065,
        237.76547,
        140.64294
      ]
    },
    {
      "type": "shape",
      "background": "rgb(250,241,62)",
      "borderColor": "#979797",
      "shadowColor": "#1ABC9C",
      "points": [
        284.57199,
        65.66586,
        284.57199,
        98.52803,
        287.68349,
        100.26269,
        286.51471,
        65.66586
      ]
    },
    {
      "type": "shape",
      "background": "rgb(235,169,2)",
      "borderColor": "#979797",
      "shadowColor": "#1ABC9C",
      "points": [
        287.70223,
        100.20516,
        285.47534,
        67.08242,
        287.70223,
        67.65483,
        291.14378,
        98.3746
      ]
    },
    {
      "type": "shape",
      "background": "rgb(250,241,62)",
      "borderColor": "#979797",
      "shadowColor": "#1ABC9C",
      "points": [
        268.24813,
        59.77352,
        261.09966,
        87.01959,
        264.21117,
        88.75425,
        270.45628,
        60.75731
      ]
    },
    {
      "type": "shape",
      "background": "rgb(235,169,2)",
      "borderColor": "#979797",
      "shadowColor": "#1ABC9C",
      "points": [
        264.24127,
        88.6677,
        270.10298,
        61.00705,
        271.42787,
        61.00705,
        267.67146,
        86.86616
      ]
    },
    {
      "type": "shape",
      "background": "rgb(99,99,99)",
      "borderColor": "#979797",
      "shadowColor": "#1ABC9C",
      "points": [
        116.57443,
        197.16798,
        118.30519,
        196.41343,
        126.73306,
        199.37838,
        116.09151,
        204.97141
      ]
    },
    {
      "type": "shape",
      "background": "rgb(99,99,99)",
      "borderColor": "#979797",
      "shadowColor": "#1ABC9C",
      "points": [
        92.81943,
        179.59908,
        99.55824,
        181.82831,
        93.35818,
        184.84298,
        87.43186,
        182.25695
      ]
    },
    {
      "type": "shape",
      "background": "rgb(99,99,99)",
      "borderColor": "#979797",
      "shadowColor": "#1ABC9C",
      "points": [
        331.82946,
        61.39549,
        336.92627,
        63.16039,
        329.31723,
        66.64846,
        324.76988,
        64.45319
      ]
    },
    {
      "type": "shape",
      "background": "rgb(36,36,36)",
      "borderColor": "#979797",
      "shadowColor": "#1ABC9C",
      "points": [
        73.74539,
        194.80103,
        73.74539,
        206.4673,
        99.62573,
        193.32599,
        99.62573,
        181.7941,
        85.54576,
        188.23038
      ]
    },
    {
      "type": "shape",
      "background": "rgb(99,99,99)",
      "borderColor": "#979797",
      "shadowColor": "#1ABC9C",
      "points": [
        101.66909,
        204.63467,
        91.83545,
        209.61534,
        100.3839,
        212.80014,
        110.49814,
        206.98445,
        109.43931,
        199.92943,
        73.83499,
        182.1961,
        73.83499,
        189.1563,
        67.0005,
        192.22889,
        73.83499,
        194.77507,
        78.55366,
        192.22889
      ]
    },
    {
      "type": "shape",
      "background": "rgb(43,43,43)",
      "borderColor": "#979797",
      "shadowColor": "#1ABC9C",
      "points": [
        100.5839,
        211.9652,
        100.5839,
        215.96533,
        100.5839,
        228.72707,
        100.5839,
        228.72707,
        125.95233,
        215.79304,
        126.78865,
        199.34538,
        116.47402,
        204.64208,
        116.75279,
        195.16377,
        108.66835,
        199.62415,
        108.66835,
        207.57628
      ],
      "segments": [
        1,
        4,
        2,
        2,
        2,
        2,
        2,
        2
      ]
    },
    {
      "type": "shape",
      "background": "rgb(99,99,99)",
      "borderColor": "#979797",
      "shadowColor": "#1ABC9C",
      "points": [
        353.94246,
        78.50006,
        355.67322,
        77.74551,
        364.10109,
        80.71046,
        353.45954,
        86.30349
      ]
    },
    {
      "type": "shape",
      "background": "rgb(36,36,36)",
      "borderColor": "#979797",
      "shadowColor": "#1ABC9C",
      "points": [
        311.11342,
        76.13312,
        311.11342,
        87.79938,
        336.99376,
        74.65807,
        336.99376,
        63.12618,
        322.91379,
        69.56246
      ]
    },
    {
      "type": "shape",
      "background": "rgb(99,99,99)",
      "borderColor": "#979797",
      "shadowColor": "#1ABC9C",
      "points": [
        339.03712,
        85.96675,
        329.20348,
        90.94742,
        337.75193,
        94.13222,
        347.86617,
        88.31653,
        346.80734,
        81.26151,
        311.20302,
        63.52818,
        311.20302,
        71.43102,
        305.63965,
        74.25351,
        311.20302,
        76.10716,
        315.92169,
        73.56098
      ]
    },
    {
      "type": "shape",
      "background": "rgb(43,43,43)",
      "borderColor": "#979797",
      "shadowColor": "#1ABC9C",
      "points": [
        337.0517,
        93.76281,
        337.0517,
        111.64869,
        364.15668,
        98.56662,
        364.15668,
        80.67746,
        353.84205,
        85.97417,
        354.12082,
        76.49585,
        346.03638,
        80.95624,
        346.03638,
        88.90836
      ]
    },
    {
      "type": "shape",
      "background": "rgb(64,63,63)",
      "borderColor": "#979797",
      "shadowColor": "#1ABC9C",
      "points": [
        311.45325,
        63.55701,
        319.69551,
        59.77352,
        354.332,
        76.7406,
        345.82658,
        82.14405
      ]
    },
    {
      "type": "shape",
      "background": "rgb(99,99,99)",
      "borderColor": "#979797",
      "shadowColor": "#1ABC9C",
      "points": [
        183.84419,
        163.664,
        185.57495,
        162.90945,
        194.00282,
        165.8744,
        183.36127,
        171.46743
      ]
    },
    {
      "type": "shape",
      "background": "rgb(36,36,36)",
      "borderColor": "#979797",
      "shadowColor": "#1ABC9C",
      "points": [
        141.01515,
        161.29705,
        141.01515,
        172.96332,
        166.89549,
        159.82201,
        166.89549,
        148.29012,
        152.81552,
        154.7264
      ]
    },
    {
      "type": "shape",
      "background": "rgb(99,99,99)",
      "borderColor": "#979797",
      "shadowColor": "#1ABC9C",
      "points": [
        159.23292,
        145.8442,
        166.828,
        148.32433,
        159.23292,
        152.12885,
        155.65705,
        147.75984
      ]
    },
    {
      "type": "shape",
      "background": "rgb(99,99,99)",
      "borderColor": "#979797",
      "shadowColor": "#1ABC9C",
      "points": [
        168.93885,
        171.13069,
        159.10521,
        176.11136,
        167.65366,
        179.29616,
        177.7679,
        173.48047,
        176.70907,
        166.42545,
        141.10475,
        148.69212,
        141.10475,
        155.65232,
        134.27026,
        158.72491,
        141.10475,
        161.27109,
        145.82342,
        158.72491
      ]
    },
    {
      "type": "shape",
      "background": "rgb(43,43,43)",
      "borderColor": "#979797",
      "shadowColor": "#1ABC9C",
      "points": [
        167.85366,
        178.46122,
        167.85366,
        182.46135,
        167.85366,
        195.22309,
        167.85366,
        195.22309,
        193.22209,
        182.28906,
        194.05841,
        165.8414,
        183.74378,
        171.1381,
        184.02255,
        161.65979,
        175.93811,
        166.12017,
        175.93811,
        174.07229
      ],
      "segments": [
        1,
        4,
        2,
        2,
        2,
        2,
        2,
        2
      ]
    },
    {
      "type": "shape",
      "borderWidth": 1,
      "borderColor": "rgb(219,219,219)",
      "shadowColor": "#1ABC9C",
      "points": [
        227.78914,
        93.6266,
        291.97984,
        112.64606
      ]
    },
    {
      "type": "shape",
      "borderWidth": 1,
      "borderColor": "rgb(196,190,190)",
      "shadowColor": "#1ABC9C",
      "points": [
        208.80257,
        82.0245,
        264.01804,
        97.51406
      ]
    },
    {
      "type": "shape",
      "borderWidth": 1,
      "borderColor": "rgb(196,190,190)",
      "shadowColor": "#1ABC9C",
      "points": [
        286.9377,
        69.55509,
        378.59666,
        69.55509
      ]
    },
    {
      "type": "shape",
      "borderWidth": 1,
      "borderColor": "rgb(196,190,190)",
      "shadowColor": "#1ABC9C",
      "points": [
        270.45628,
        59.77352,
        348.8957,
        54.72836
      ]
    },
    {
      "type": "shape",
      "background": "rgb(222,162,11)",
      "borderColor": "#979797",
      "shadowColor": "#1ABC9C",
      "points": [
        292.36158,
        66.35636,
        292.36158,
        69.19071,
        288.91234,
        70.99334,
        287.53303,
        68.74236
      ]
    },
    {
      "type": "shape",
      "background": "rgb(255,246,84)",
      "borderColor": "#979797",
      "shadowColor": "#1ABC9C",
      "points": [
        265.55031,
        55.56231,
        264.57256,
        55.68017,
        264.57256,
        58.70184,
        288.77198,
        70.99334,
        288.77198,
        68.17264
      ]
    },
    {
      "type": "shape",
      "background": "rgb(250,204,20)",
      "borderColor": "#979797",
      "shadowColor": "#1ABC9C",
      "points": [
        288.81508,
        68.21254,
        264.55665,
        55.66834,
        267.72439,
        53.89815,
        292.36853,
        66.3249,
        288.81508,
        68.21254
      ]
    },
    {
      "type": "shape",
      "borderWidth": 1,
      "borderColor": "rgb(230,230,230)",
      "shadowColor": "#1ABC9C",
      "points": [
        242.56032,
        134.25268,
        286.12774,
        68.67485
      ]
    },
    {
      "type": "shape",
      "borderWidth": 1,
      "borderColor": "rgb(196,190,190)",
      "shadowColor": "#1ABC9C",
      "points": [
        230.36757,
        93.08122,
        269.93595,
        60.29231
      ]
    },
    {
      "type": "shape",
      "background": "rgb(250,241,62)",
      "borderColor": "#979797",
      "shadowColor": "#1ABC9C",
      "points": [
        225.59373,
        90.66079,
        225.59373,
        132.13599,
        229.29498,
        134.32529,
        227.90466,
        90.66079
      ]
    },
    {
      "type": "shape",
      "background": "rgb(235,169,2)",
      "borderColor": "#979797",
      "shadowColor": "#1ABC9C",
      "points": [
        229.31726,
        134.25268,
        226.6683,
        92.44862,
        229.31726,
        93.17107,
        233.41113,
        131.94234
      ]
    },
    {
      "type": "shape",
      "background": "rgb(250,241,62)",
      "borderColor": "#979797",
      "shadowColor": "#1ABC9C",
      "points": [
        206.1759,
        83.2241,
        197.67253,
        117.61124,
        201.37378,
        119.80054,
        208.80257,
        84.46573
      ]
    },
    {
      "type": "shape",
      "background": "rgb(235,169,2)",
      "borderColor": "#979797",
      "shadowColor": "#1ABC9C",
      "points": [
        201.40958,
        119.6913,
        208.3823,
        84.78093,
        209.95831,
        84.78093,
        205.48992,
        117.41759
      ]
    },
    {
      "type": "shape",
      "background": "rgb(222,162,11)",
      "borderColor": "#979797",
      "shadowColor": "#1ABC9C",
      "points": [
        234.85975,
        91.53227,
        234.85975,
        95.10949,
        230.75674,
        97.38458,
        229.116,
        94.54363
      ]
    },
    {
      "type": "shape",
      "background": "rgb(250,204,20)",
      "borderColor": "#979797",
      "shadowColor": "#1ABC9C",
      "points": [
        230.64104,
        93.87495,
        201.78474,
        78.04296,
        205.55289,
        75.80882,
        234.86801,
        91.49256,
        230.64104,
        93.87495
      ]
    },
    {
      "type": "shape",
      "background": "rgb(255,246,84)",
      "borderColor": "#979797",
      "shadowColor": "#1ABC9C",
      "points": [
        202.96674,
        77.90915,
        201.80366,
        78.05789,
        201.80366,
        81.87153,
        230.58978,
        97.38458,
        230.58978,
        93.82459
      ]
    },
    {
      "type": "shape",
      "borderWidth": 1,
      "borderColor": "rgb(232,232,232)",
      "shadowColor": "#1ABC9C",
      "points": [
        225.95475,
        95.94955,
        178.42299,
        163.43612,
        152.4748,
        150.02956,
        206.56738,
        86.35712
      ]
    },
    {
      "type": "shape",
      "background": "rgb(64,63,63)",
      "borderColor": "#979797",
      "shadowColor": "#1ABC9C",
      "points": [
        141.35498,
        148.72095,
        149.59724,
        144.93746,
        184.23373,
        161.90454,
        175.72831,
        167.30798
      ]
    },
    {
      "type": "shape",
      "borderWidth": 1,
      "borderColor": "rgb(230,230,230)",
      "shadowColor": "#1ABC9C",
      "points": [
        226.06507,
        95.83923,
        110.43115,
        197.76209,
        86.45659,
        186.33236,
        206.73037,
        85.86814
      ]
    },
    {
      "type": "shape",
      "background": "rgb(64,63,63)",
      "borderColor": "#979797",
      "shadowColor": "#1ABC9C",
      "points": [
        74.08522,
        182.22493,
        82.32748,
        178.44144,
        116.96397,
        195.40852,
        108.45855,
        200.81196
      ]
    }
  ]
}