{
  "background": "rgb(79,79,79)",
  "width": 142,
  "height": 73,
  "comps": [
    {
      "type": "rect",
      "background": "rgba(0,0,0,0.4)",
      "borderColor": "#979797",
      "shadowColor": "#1ABC9C",
      "rect": [
        138.06231,
        6.4432,
        3.1297,
        29.26378
      ]
    },
    {
      "type": "rect",
      "background": "rgb(204,204,204)",
      "borderWidth": 1,
      "borderColor": "#979797",
      "shadowColor": "#1ABC9C",
      "rotation": 6.28319,
      "rect": [
        0.80799,
        1.55381,
        21.7806,
        68.30635
      ]
    },
    {
      "type": "rect",
      "background": "rgb(204,204,204)",
      "borderWidth": 1,
      "borderColor": "#979797",
      "shadowColor": "#1ABC9C",
      "rotation": 6.28319,
      "rect": [
        116.2817,
        0.65458,
        21.7806,
        68.30635
      ]
    },
    {
      "type": "rect",
      "background": "rgb(181,181,181)",
      "borderWidth": 1,
      "borderColor": "#979797",
      "shadowColor": "#1ABC9C",
      "rotation": 6.28319,
      "rect": [
        0.80799,
        58.6278,
        21.7806,
        5.61985
      ]
    },
    {
      "type": "rect",
      "background": "rgb(181,181,181)",
      "borderWidth": 1,
      "borderColor": "#979797",
      "shadowColor": "#1ABC9C",
      "rotation": 6.28319,
      "rect": [
        0.80799,
        47.56867,
        21.7806,
        5.61985
      ]
    },
    {
      "type": "rect",
      "background": "rgb(181,181,181)",
      "borderWidth": 1,
      "borderColor": "#979797",
      "shadowColor": "#1ABC9C",
      "rotation": 6.28319,
      "rect": [
        116.2817,
        17.50233,
        21.7806,
        5.61985
      ]
    },
    {
      "type": "rect",
      "background": "rgb(181,181,181)",
      "borderWidth": 1,
      "borderColor": "#979797",
      "shadowColor": "#1ABC9C",
      "rotation": 6.28319,
      "rect": [
        116.2817,
        6.4432,
        21.7806,
        5.61985
      ]
    },
    {
      "type": "rect",
      "background": "rgb(184,184,184)",
      "borderWidth": 1,
      "borderColor": "#979797",
      "gradient": "linear.north",
      "gradientColor": "rgb(217,217,217)",
      "shadowColor": "#1ABC9C",
      "rotation": 6.28319,
      "rect": [
        127.17201,
        48.00202,
        0.79147,
        14.24032
      ]
    },
    {
      "type": "rect",
      "background": "rgba(0,0,0,0.5)",
      "borderWidth": 1,
      "borderColor": "rgb(255,255,255)",
      "dash": true,
      "dashPattern": [
        4,
        4
      ],
      "dashColor": "rgb(43,61,79)",
      "shadowColor": "#1ABC9C",
      "rect": [
        0.80783,
        23.12218,
        137.25448,
        24.4465
      ]
    },
    {
      "type": "rect",
      "background": "rgb(184,184,184)",
      "borderWidth": 1,
      "borderColor": "#979797",
      "gradient": "linear.north",
      "gradientColor": "rgb(217,217,217)",
      "shadowColor": "#1ABC9C",
      "rotation": 6.28319,
      "rect": [
        11.30256,
        8.88186,
        0.79147,
        14.24032
      ]
    },
    {
      "type": "text",
      "text": "地下通道",
      "align": "center",
      "color": "rgb(255,255,255)",
      "rect": [
        41.85258,
        26.95443,
        50.71253,
        15.70665
      ]
    }
  ]
}