{
  "width": 30,
  "height": 32,
  "comps": [
    {
      "type": "shape",
      "background": "rgba(166,212,114,0.4)",
      "shadowColor": "#1ABC9C",
      "points": [
        4.996,
        11.239,
        4.902,
        11.239,
        4.812,
        11.234,
        4.728,
        11.223,
        4.044,
        11.124,
        4.35,
        10.152,
        4.44,
        9.81,
        4.548,
        9.396,
        5.007,
        9.171,
        5.304,
        8.865,
        5.357,
        8.811,
        5.401,
        8.754,
        5.439,
        8.695,
        5.439,
        11.209,
        5.284,
        11.228,
        5.135,
        11.239,
        4.996,
        11.239
      ],
      "segments": [
        1,
        4,
        4,
        4,
        4,
        2,
        4
      ]
    },
    {
      "type": "shape",
      "background": "rgba(166,212,114,0.4)",
      "shadowColor": "#1ABC9C",
      "points": [
        3.279,
        29.574,
        2.091,
        29.574,
        2.28,
        29.538,
        2.467,
        29.52,
        2.661,
        29.52,
        2.856,
        29.52,
        3.059,
        29.538,
        3.279,
        29.574
      ],
      "segments": [
        1,
        2,
        4,
        4
      ]
    },
    {
      "type": "shape",
      "background": "#00751f",
      "shadowColor": "#1ABC9C",
      "points": [
        22.916,
        6.711,
        18.597,
        0,
        14.936,
        5.187,
        21.896,
        8.39,
        18.001,
        9.76,
        18.474,
        13.93,
        22.187,
        10.895,
        21.591,
        16.707,
        24.077,
        14.723,
        23.444,
        9.826,
        28.612,
        13.112,
        27.434,
        12.85,
        25.052,
        8.752,
        28.844,
        7.73,
        27.959,
        6.865,
        24.378,
        8.025,
        28.411,
        4.913,
        27.456,
        3.158,
        23.981,
        7.145,
        25.645,
        0.381,
        22.674,
        1.365,
        22.73,
        6.607,
        22.916,
        6.711,
        22.916,
        6.711,
        22.916,
        6.711
      ],
      "segments": [
        1,
        4,
        4,
        4,
        4,
        4,
        4,
        4,
        2,
        2,
        2
      ]
    },
    {
      "type": "shape",
      "background": "#249726",
      "shadowColor": "#1ABC9C",
      "points": [
        21.47,
        9.112,
        18.636,
        15.291,
        25.625,
        15.134,
        23.607,
        8.936,
        27.044,
        10.232,
        30.085,
        7.524,
        25.429,
        7.302,
        30.002,
        3.594,
        26.515,
        2.832,
        23.612,
        6.955,
        21.787,
        0.309,
        22.46,
        1.349,
        21.526,
        6.342,
        17.227,
        3.17,
        17.189,
        4.33,
        21.441,
        7.262,
        15.253,
        5.09,
        14.54,
        6.802,
        21.022,
        8.059,
        13.642,
        9.744,
        16.68,
        11.435,
        21.524,
        9.311,
        21.47,
        9.112,
        21.47,
        9.112,
        21.47,
        9.112
      ],
      "segments": [
        1,
        4,
        4,
        4,
        4,
        4,
        4,
        4,
        2,
        2,
        2
      ]
    },
    {
      "type": "shape",
      "background": "#66a741",
      "shadowColor": "#1ABC9C",
      "points": [
        22.393,
        8.66,
        22.716,
        12.672,
        26.084,
        10.899,
        23.389,
        8.051,
        25.423,
        7.918,
        26.16,
        5.727,
        23.825,
        6.728,
        25.034,
        3.629,
        23.121,
        4.061,
        22.844,
        6.981,
        20.117,
        3.846,
        20.732,
        4.24,
        21.654,
        7.156,
        18.677,
        6.482,
        18.979,
        7.119,
        21.868,
        7.67,
        18.247,
        7.996,
        18.372,
        9.09,
        21.883,
        8.202,
        18.745,
        10.891,
        20.695,
        11.067,
        22.474,
        8.754,
        22.393,
        8.66,
        22.393,
        8.66,
        22.393,
        8.66
      ],
      "segments": [
        1,
        4,
        4,
        4,
        4,
        4,
        4,
        4,
        2,
        2,
        2
      ]
    },
    {
      "type": "shape",
      "background": "#97d239",
      "shadowColor": "#1ABC9C",
      "points": [
        22.494,
        8.053,
        22.714,
        9.664,
        24.026,
        8.865,
        22.88,
        7.78,
        23.692,
        7.676,
        23.941,
        6.77,
        23.027,
        7.236,
        23.443,
        5.953,
        22.683,
        6.176,
        22.637,
        7.361,
        21.474,
        6.162,
        21.73,
        6.309,
        22.166,
        7.463,
        20.955,
        7.266,
        21.091,
        7.515,
        22.261,
        7.666,
        20.815,
        7.889,
        20.888,
        8.326,
        22.278,
        7.88,
        21.079,
        9.045,
        21.866,
        9.067,
        22.529,
        8.088,
        22.494,
        8.053,
        22.494,
        8.053,
        22.494,
        8.053
      ],
      "segments": [
        1,
        4,
        4,
        4,
        4,
        4,
        4,
        4,
        2,
        2,
        2
      ]
    },
    {
      "type": "shape",
      "background": "#00751f",
      "shadowColor": "#1ABC9C",
      "points": [
        19.823,
        10.721,
        19.823,
        10.721,
        20.195,
        10.764,
        20.214,
        10.42,
        20.285,
        10.303,
        20.278,
        10.3,
        19.463,
        10.41,
        19.823,
        10.721,
        19.823,
        10.721,
        19.823,
        10.721
      ],
      "segments": [
        1,
        4,
        2,
        4,
        2,
        2
      ]
    },
    {
      "type": "shape",
      "background": "#00751f",
      "shadowColor": "#1ABC9C",
      "points": [
        19.856,
        11.199,
        19.856,
        11.199,
        19.989,
        11.396,
        20.161,
        11.26,
        20.247,
        11.246,
        20.245,
        11.244,
        19.855,
        10.898,
        19.856,
        11.199,
        19.856,
        11.199,
        19.856,
        11.199
      ],
      "segments": [
        1,
        4,
        2,
        4,
        2,
        2
      ]
    },
    {
      "type": "shape",
      "background": "#00751f",
      "shadowColor": "#1ABC9C",
      "points": [
        19.962,
        11.727,
        19.962,
        11.727,
        20.095,
        11.924,
        20.267,
        11.788,
        20.354,
        11.773,
        20.352,
        11.77,
        19.96,
        11.424,
        19.962,
        11.727,
        19.962,
        11.727,
        19.962,
        11.727
      ],
      "segments": [
        1,
        4,
        2,
        4,
        2,
        2
      ]
    },
    {
      "type": "shape",
      "background": "#6d8c4a",
      "shadowColor": "#1ABC9C",
      "points": [
        16.431,
        26.749,
        16.377,
        26.677,
        16.197,
        26.416,
        15.765,
        25.984,
        16.035,
        25.66,
        16.152,
        25.516,
        16.287,
        25.444,
        16.431,
        25.426,
        16.431,
        26.749
      ],
      "segments": [
        1,
        2,
        4,
        4,
        2
      ]
    },
    {
      "type": "shape",
      "background": "#6d8c4a",
      "shadowColor": "#1ABC9C",
      "points": [
        16.431,
        24.436,
        16.152,
        23.968,
        16.179,
        23.608,
        16.431,
        23.338,
        16.431,
        24.436
      ],
      "segments": [
        1,
        4,
        2
      ]
    },
    {
      "type": "shape",
      "background": "#6e8c4c",
      "shadowColor": "#1ABC9C",
      "points": [
        13.989,
        26.437,
        13.828,
        26.437,
        13.644,
        26.405,
        13.434,
        26.335,
        13.375,
        26.316,
        13.317,
        26.295,
        13.258,
        26.273,
        13.712,
        25.908,
        14.302,
        25.544,
        15.045,
        25.203,
        14.949,
        25.86,
        14.677,
        26.437,
        13.989,
        26.437,
        14.676,
        25.192,
        14.326,
        25.192,
        14.43,
        25.11,
        15.084,
        24.814,
        15.077,
        24.936,
        15.066,
        25.058,
        15.049,
        25.177,
        14.894,
        25.186,
        14.769,
        25.192,
        14.676,
        25.192,
        15.093,
        24.461,
        12.738,
        23.329,
        11.72,
        23.067,
        13.038,
        23.05,
        12.377,
        22.412,
        12.418,
        21.891,
        13.202,
        21.891,
        13.586,
        21.891,
        14.148,
        22.016,
        14.893,
        22.314,
        14.985,
        22.733,
        15.032,
        23.16,
        15.054,
        23.59,
        15.054,
        23.59,
        15.054,
        23.59,
        15.061,
        23.726,
        15.064,
        23.782,
        15.064,
        23.789,
        15.064,
        23.779,
        15.061,
        23.714,
        15.057,
        23.637,
        15.071,
        23.845,
        15.093,
        24.14,
        15.093,
        24.461,
        15.057,
        23.637,
        15.056,
        23.621,
        15.055,
        23.605,
        15.054,
        23.59,
        15.054,
        23.59,
        15.054,
        23.59,
        15.046,
        23.419,
        15.043,
        23.357,
        15.044,
        23.357,
        15.044,
        23.357,
        15.049,
        23.465,
        15.054,
        23.572,
        15.055,
        23.594,
        15.056,
        23.616,
        15.057,
        23.637
      ],
      "segments": [
        1,
        4,
        4,
        4,
        4,
        1,
        4,
        4,
        4,
        1,
        4,
        4,
        4,
        4,
        2,
        2,
        4,
        4,
        4,
        1,
        4,
        2,
        2,
        4,
        4,
        4
      ]
    },
    {
      "type": "shape",
      "background": "#00751f",
      "shadowColor": "#1ABC9C",
      "rotation": 4.26092,
      "points": [
        17.7163,
        26.92142,
        9.2053,
        27.09942,
        11.5333,
        33.45642,
        18.5713,
        28.82542,
        17.4073,
        33.22142,
        21.3513,
        35.15942,
        20.9443,
        29.98342,
        25.6813,
        33.85342,
        25.4533,
        30.41142,
        20.7703,
        28.20842,
        26.7923,
        25.28642,
        25.8463,
        26.22842,
        20.8053,
        26.10042,
        22.2113,
        21.99942,
        20.9153,
        22.32742,
        19.7583,
        26.31342,
        19.4763,
        20.79342,
        16.39174,
        18.98167,
        18.7453,
        26.17842,
        13.8183,
        20.77442,
        12.8783,
        24.09342,
        17.5123,
        27.03342,
        17.7163,
        26.92142,
        17.7163,
        26.92142,
        17.7163,
        26.92142
      ],
      "segments": [
        1,
        4,
        4,
        4,
        4,
        4,
        4,
        4,
        2,
        2,
        2
      ]
    },
    {
      "type": "shape",
      "background": "#00751f",
      "shadowColor": "#1ABC9C",
      "points": [
        22.916,
        21.545,
        18.597,
        14.834,
        14.936,
        20.021,
        21.896,
        23.224,
        18.001,
        24.594,
        18.474,
        28.764,
        22.187,
        25.728,
        21.591,
        31.541,
        24.077,
        29.557,
        23.444,
        24.66,
        28.612,
        27.946,
        27.434,
        27.684,
        25.052,
        23.586,
        28.844,
        22.564,
        27.959,
        21.699,
        24.378,
        22.859,
        28.411,
        19.747,
        27.456,
        17.992,
        23.981,
        21.979,
        25.645,
        15.215,
        22.674,
        16.199,
        22.73,
        21.441,
        22.916,
        21.545,
        22.916,
        21.545,
        22.916,
        21.545
      ],
      "segments": [
        1,
        4,
        4,
        4,
        4,
        4,
        4,
        4,
        2,
        2,
        2
      ]
    },
    {
      "type": "shape",
      "background": "#249726",
      "shadowColor": "#1ABC9C",
      "points": [
        22.648,
        23.611,
        19.814,
        29.79,
        26.803,
        29.633,
        24.785,
        23.435,
        28.222,
        24.731,
        31.263,
        22.023,
        26.607,
        21.801,
        31.18,
        18.093,
        27.693,
        17.331,
        24.79,
        21.454,
        22.965,
        14.808,
        23.638,
        15.848,
        22.704,
        20.841,
        18.405,
        17.669,
        18.367,
        18.829,
        22.619,
        21.761,
        16.431,
        19.589,
        15.718,
        21.301,
        22.2,
        22.558,
        14.82,
        24.243,
        17.858,
        25.934,
        22.702,
        23.81,
        22.648,
        23.611,
        22.648,
        23.611,
        22.648,
        23.611
      ],
      "segments": [
        1,
        4,
        4,
        4,
        4,
        4,
        4,
        4,
        2,
        2,
        2
      ]
    },
    {
      "type": "shape",
      "background": "#66a741",
      "shadowColor": "#1ABC9C",
      "points": [
        22.393,
        23.494,
        22.716,
        27.506,
        26.084,
        25.733,
        23.389,
        22.885,
        25.423,
        22.752,
        26.16,
        20.561,
        23.825,
        21.562,
        25.034,
        18.463,
        23.121,
        18.895,
        22.844,
        21.815,
        20.117,
        18.68,
        20.732,
        19.074,
        21.654,
        21.99,
        18.677,
        21.316,
        18.979,
        21.953,
        21.868,
        22.504,
        18.247,
        22.83,
        18.372,
        23.924,
        21.883,
        23.036,
        18.745,
        25.725,
        20.695,
        25.901,
        22.474,
        23.588,
        22.393,
        23.494,
        22.393,
        23.494,
        22.393,
        23.494
      ],
      "segments": [
        1,
        4,
        4,
        4,
        4,
        4,
        4,
        4,
        2,
        2,
        2
      ]
    },
    {
      "type": "shape",
      "background": "#66a741",
      "shadowColor": "#1ABC9C",
      "points": [
        15.611,
        23.504,
        19.55,
        24.332,
        18.805,
        20.598,
        15.307,
        22.377,
        15.758,
        20.389,
        13.865,
        19.06,
        14.165,
        21.582,
        11.532,
        19.547,
        11.406,
        21.503,
        14.125,
        22.598,
        10.347,
        24.322,
        10.901,
        23.846,
        13.957,
        23.787,
        12.469,
        26.451,
        13.165,
        26.342,
        14.513,
        23.726,
        13.798,
        27.291,
        14.881,
        27.48,
        15.026,
        23.865,
        16.717,
        27.634,
        17.436,
        25.813,
        15.722,
        23.453,
        15.611,
        23.504,
        15.611,
        23.504,
        15.611,
        23.504
      ],
      "segments": [
        1,
        4,
        4,
        4,
        4,
        4,
        4,
        4,
        2,
        2,
        2
      ]
    },
    {
      "type": "shape",
      "background": "#97d239",
      "shadowColor": "#1ABC9C",
      "points": [
        15.419,
        23.387,
        17.221,
        23.773,
        16.872,
        22.068,
        15.275,
        22.871,
        15.478,
        21.965,
        14.609,
        21.353,
        14.753,
        22.508,
        13.545,
        21.57,
        13.491,
        22.465,
        14.737,
        22.97,
        13.011,
        23.748,
        13.265,
        23.533,
        14.663,
        23.513,
        13.988,
        24.725,
        14.306,
        24.678,
        14.917,
        23.486,
        14.598,
        25.112,
        15.095,
        25.202,
        15.151,
        23.551,
        15.931,
        25.275,
        16.256,
        24.446,
        15.469,
        23.363,
        15.419,
        23.387,
        15.419,
        23.387,
        15.419,
        23.387
      ],
      "segments": [
        1,
        4,
        4,
        4,
        4,
        4,
        4,
        4,
        2,
        2,
        2
      ]
    },
    {
      "type": "shape",
      "background": "#97d239",
      "shadowColor": "#1ABC9C",
      "points": [
        22.494,
        22.887,
        22.714,
        24.498,
        24.026,
        23.699,
        22.88,
        22.614,
        23.692,
        22.51,
        23.941,
        21.604,
        23.027,
        22.07,
        23.443,
        20.787,
        22.683,
        21.01,
        22.637,
        22.195,
        21.474,
        20.996,
        21.73,
        21.143,
        22.166,
        22.297,
        20.955,
        22.1,
        21.091,
        22.349,
        22.261,
        22.5,
        20.815,
        22.723,
        20.888,
        23.16,
        22.278,
        22.714,
        21.079,
        23.879,
        21.866,
        23.901,
        22.529,
        22.922,
        22.494,
        22.887,
        22.494,
        22.887,
        22.494,
        22.887
      ],
      "segments": [
        1,
        4,
        4,
        4,
        4,
        4,
        4,
        4,
        2,
        2,
        2
      ]
    },
    {
      "type": "shape",
      "background": "#66a741",
      "shadowColor": "#1ABC9C",
      "points": [
        19.697,
        25.245,
        20.021,
        21.498,
        16.612,
        22.594,
        18.677,
        25.648,
        16.763,
        25.445,
        15.737,
        27.348,
        18.062,
        26.797,
        16.459,
        29.459,
        18.303,
        29.366,
        19.016,
        26.723,
        21.062,
        30.047,
        20.554,
        29.582,
        20.149,
        26.75,
        22.811,
        27.845,
        22.629,
        27.211,
        20.029,
        26.242,
        23.446,
        26.521,
        23.499,
        25.492,
        20.099,
        25.75,
        23.432,
        23.771,
        21.649,
        23.299,
        19.635,
        25.147,
        19.697,
        25.245,
        19.697,
        25.245,
        19.697,
        25.245
      ],
      "segments": [
        1,
        4,
        4,
        4,
        4,
        4,
        4,
        4,
        2,
        2,
        2
      ]
    },
    {
      "type": "shape",
      "background": "#97d239",
      "shadowColor": "#1ABC9C",
      "points": [
        19.441,
        25.838,
        19.491,
        24.78,
        18.536,
        25.1,
        19.156,
        25.955,
        18.612,
        25.902,
        18.342,
        26.443,
        18.996,
        26.28,
        18.569,
        27.035,
        19.093,
        27.004,
        19.266,
        26.256,
        19.882,
        27.187,
        19.733,
        27.058,
        19.586,
        26.258,
        20.354,
        26.561,
        20.295,
        26.381,
        19.548,
        26.115,
        20.52,
        26.184,
        20.523,
        25.895,
        19.562,
        25.979,
        20.485,
        25.41,
        19.973,
        25.281,
        19.422,
        25.811,
        19.441,
        25.838,
        19.441,
        25.838,
        19.441,
        25.838
      ],
      "segments": [
        1,
        4,
        4,
        4,
        4,
        4,
        4,
        4,
        2,
        2,
        2
      ]
    },
    {
      "type": "shape",
      "background": "#718e51",
      "shadowColor": "#1ABC9C",
      "points": [
        5.538,
        5.628,
        5.504,
        5.616,
        5.471,
        5.601,
        5.439,
        5.585,
        5.439,
        5.472,
        5.538,
        5.472,
        5.538,
        5.628,
        5.475,
        5.612,
        5.475,
        5.612,
        5.464,
        5.605,
        5.44,
        5.589,
        5.44,
        5.589,
        5.461,
        5.603,
        5.475,
        5.612,
        5.475,
        5.612
      ],
      "segments": [
        1,
        4,
        2,
        2,
        2,
        1,
        4,
        2,
        4
      ]
    },
    {
      "type": "shape",
      "background": "#6e8c4c",
      "shadowColor": "#1ABC9C",
      "points": [
        5.439,
        11.209,
        5.439,
        8.695,
        5.479,
        8.634,
        5.512,
        8.57,
        5.538,
        8.504,
        5.538,
        11.196,
        5.505,
        11.2,
        5.472,
        11.205,
        5.439,
        11.209,
        5.538,
        7.141,
        5.516,
        6.991,
        5.506,
        6.833,
        5.538,
        6.726,
        5.538,
        7.141
      ],
      "segments": [
        1,
        2,
        4,
        2,
        4,
        1,
        4,
        2
      ]
    },
    {
      "type": "shape",
      "background": "#708d4f",
      "shadowColor": "#1ABC9C",
      "points": [
        5.439,
        23.244,
        5.439,
        21.246,
        5.472,
        21.225,
        5.506,
        21.204,
        5.538,
        21.182,
        5.538,
        23.214,
        5.505,
        23.223,
        5.472,
        23.233,
        5.439,
        23.244
      ],
      "segments": [
        1,
        2,
        4,
        2,
        4
      ]
    },
    {
      "type": "shape",
      "background": "#6e8c4c",
      "shadowColor": "#1ABC9C",
      "points": [
        5.538,
        18.082,
        5.505,
        18.058,
        5.472,
        18.035,
        5.439,
        18.011,
        5.439,
        14.377,
        5.472,
        14.378,
        5.505,
        14.379,
        5.538,
        14.381,
        5.538,
        18.082
      ],
      "segments": [
        1,
        4,
        2,
        4,
        2
      ]
    },
    {
      "type": "shape",
      "background": "#b18759",
      "shadowColor": "#1ABC9C",
      "points": [
        4.18,
        4.362,
        4.18,
        25.085,
        3.551,
        25.085,
        3.551,
        4.362,
        4.18,
        4.362,
        4.18,
        4.362,
        4.18,
        4.362
      ]
    },
    {
      "type": "shape",
      "background": "#c3996b",
      "shadowColor": "#1ABC9C",
      "points": [
        4.601,
        4.379,
        4.601,
        25.085,
        3.972,
        25.085,
        3.972,
        4.379,
        4.601,
        4.379,
        4.601,
        4.379,
        4.601,
        4.379
      ]
    },
    {
      "type": "shape",
      "background": "#b18759",
      "shadowColor": "#1ABC9C",
      "points": [
        5.132,
        4.379,
        5.132,
        25.085,
        4.501,
        25.085,
        4.501,
        4.379,
        5.132,
        4.379,
        5.132,
        4.379,
        5.132,
        4.379
      ]
    },
    {
      "type": "shape",
      "background": "#c3996b",
      "shadowColor": "#1ABC9C",
      "points": [
        5.531,
        4.379,
        5.531,
        25.085,
        4.9,
        25.085,
        4.9,
        4.379,
        5.531,
        4.379,
        5.531,
        4.379,
        5.531,
        4.379
      ]
    },
    {
      "type": "shape",
      "background": "#b18759",
      "shadowColor": "#1ABC9C",
      "points": [
        6.168,
        4.464,
        6.168,
        25.083,
        5.538,
        25.083,
        5.538,
        4.464,
        6.168,
        4.464
      ]
    },
    {
      "type": "shape",
      "background": "#afa288",
      "shadowColor": "#1ABC9C",
      "points": [
        6.771,
        4.455,
        6.771,
        24.75,
        5.961,
        24.75,
        5.961,
        4.455,
        6.771,
        4.455
      ]
    },
    {
      "type": "shape",
      "background": "#c1b49a",
      "shadowColor": "#1ABC9C",
      "points": [
        7.698,
        4.455,
        7.698,
        24.75,
        6.717,
        24.75,
        6.717,
        4.455,
        7.698,
        4.455
      ]
    },
    {
      "type": "shape",
      "background": "#afa288",
      "shadowColor": "#1ABC9C",
      "points": [
        8.625,
        4.455,
        8.625,
        24.75,
        7.644,
        24.75,
        7.644,
        4.455,
        8.625,
        4.455
      ]
    },
    {
      "type": "shape",
      "background": "#c1b49a",
      "shadowColor": "#1ABC9C",
      "points": [
        9.471,
        4.455,
        9.471,
        24.75,
        8.481,
        24.75,
        8.481,
        4.455,
        9.471,
        4.455
      ]
    },
    {
      "type": "shape",
      "background": "#afa288",
      "shadowColor": "#1ABC9C",
      "points": [
        10.263,
        4.455,
        10.263,
        24.75,
        9.282,
        24.75,
        9.282,
        4.455,
        10.263,
        4.455
      ]
    },
    {
      "type": "shape",
      "background": "#3b2314",
      "shadowColor": "#1ABC9C",
      "points": [
        10.082,
        23.797,
        10.228,
        23.797,
        10.347,
        23.915,
        10.347,
        24.062,
        10.347,
        24.207,
        10.229,
        24.327,
        10.082,
        24.327,
        3.448,
        24.327,
        3.301,
        24.327,
        3.181,
        24.207,
        3.181,
        24.062,
        3.181,
        23.915,
        3.3,
        23.797,
        3.448,
        23.797,
        10.082,
        23.797,
        10.082,
        23.797,
        10.082,
        23.797
      ],
      "segments": [
        1,
        4,
        4,
        2,
        4,
        4,
        2,
        2,
        2
      ]
    },
    {
      "type": "shape",
      "background": "#3b2314",
      "shadowColor": "#1ABC9C",
      "points": [
        10.082,
        4.821,
        10.228,
        4.821,
        10.347,
        4.94,
        10.347,
        5.086,
        10.347,
        5.232,
        10.229,
        5.351,
        10.082,
        5.351,
        3.448,
        5.351,
        3.301,
        5.351,
        3.181,
        5.232,
        3.181,
        5.086,
        3.181,
        4.94,
        3.3,
        4.821,
        3.448,
        4.821,
        10.082,
        4.821,
        10.082,
        4.821,
        10.082,
        4.821
      ],
      "segments": [
        1,
        4,
        4,
        2,
        4,
        4,
        2,
        2,
        2
      ]
    },
    {
      "type": "shape",
      "background": "#897e6a",
      "shadowColor": "#1ABC9C",
      "points": [
        6.469,
        22.735,
        6.393,
        22.735,
        6.319,
        22.706,
        6.258,
        22.644,
        6.042,
        22.41,
        6.042,
        16.137,
        6.546,
        16.65,
        6.555,
        16.605,
        6.321,
        16.344,
        6.042,
        16.029,
        6.042,
        14.904,
        6.717,
        15.546,
        6.717,
        22.638,
        6.637,
        22.701,
        6.551,
        22.735,
        6.469,
        22.735
      ],
      "segments": [
        1,
        4,
        2,
        2,
        2,
        4,
        2,
        2,
        2,
        4
      ]
    },
    {
      "type": "shape",
      "background": "#978c78",
      "shadowColor": "#1ABC9C",
      "points": [
        6.717,
        22.638,
        6.717,
        15.546,
        7.644,
        16.427,
        7.644,
        22.186,
        7.556,
        21.958,
        7.535,
        21.658,
        7.581,
        21.339,
        7.392,
        21.564,
        7.185,
        21.69,
        7.014,
        21.699,
        7.068,
        21.906,
        7.032,
        22.167,
        6.915,
        22.392,
        6.86,
        22.497,
        6.791,
        22.58,
        6.717,
        22.638
      ],
      "segments": [
        1,
        2,
        2,
        2,
        4,
        4,
        4,
        4
      ]
    },
    {
      "type": "shape",
      "background": "#897e6a",
      "shadowColor": "#1ABC9C",
      "points": [
        8.171,
        22.6,
        8.056,
        22.6,
        7.947,
        22.565,
        7.851,
        22.491,
        7.761,
        22.417,
        7.693,
        22.313,
        7.644,
        22.186,
        7.644,
        16.427,
        8.481,
        17.222,
        8.481,
        19.634,
        8.462,
        19.698,
        8.442,
        19.763,
        8.418,
        19.827,
        8.439,
        19.812,
        8.46,
        19.798,
        8.481,
        19.785,
        8.481,
        22.523,
        8.376,
        22.573,
        8.271,
        22.6,
        8.171,
        22.6
      ],
      "segments": [
        1,
        4,
        4,
        2,
        2,
        2,
        4,
        4,
        2,
        4
      ]
    },
    {
      "type": "shape",
      "background": "#978c78",
      "shadowColor": "#1ABC9C",
      "points": [
        8.481,
        22.523,
        8.481,
        19.785,
        8.618,
        19.7,
        8.757,
        19.655,
        8.886,
        19.655,
        9,
        19.655,
        9.107,
        19.69,
        9.201,
        19.764,
        9.23,
        19.787,
        9.257,
        19.814,
        9.282,
        19.843,
        9.282,
        21.592,
        9.268,
        21.625,
        9.253,
        21.658,
        9.237,
        21.69,
        9.035,
        22.1,
        8.756,
        22.392,
        8.481,
        22.523,
        8.481,
        19.634,
        8.481,
        17.222,
        8.949,
        17.667,
        9.147,
        17.856,
        9.156,
        18.279,
        8.976,
        18.612,
        8.859,
        18.81,
        8.715,
        18.918,
        8.562,
        18.945,
        8.584,
        19.145,
        8.553,
        19.386,
        8.481,
        19.634
      ],
      "segments": [
        1,
        2,
        4,
        4,
        4,
        2,
        4,
        4,
        1,
        2,
        2,
        4,
        4,
        4
      ]
    },
    {
      "type": "shape",
      "background": "#897e6a",
      "shadowColor": "#1ABC9C",
      "points": [
        9.282,
        21.592,
        9.282,
        19.843,
        9.582,
        20.188,
        9.58,
        20.918,
        9.282,
        21.592
      ],
      "segments": [
        1,
        2,
        4
      ]
    },
    {
      "type": "shape",
      "background": "#3b2314",
      "shadowColor": "#1ABC9C",
      "points": [
        1.368,
        18.733,
        1.762,
        18.733,
        2.083,
        19.053,
        2.083,
        19.448,
        2.083,
        19.842,
        1.763,
        20.163,
        1.368,
        20.163,
        0.715,
        20.163,
        0.32,
        20.163,
        0,
        19.842,
        0,
        19.448,
        0,
        19.053,
        0.32,
        18.733,
        0.715,
        18.733,
        1.368,
        18.733,
        1.368,
        18.733,
        1.368,
        18.733
      ],
      "segments": [
        1,
        4,
        4,
        2,
        4,
        4,
        2,
        2,
        2
      ]
    },
    {
      "type": "shape",
      "background": "#3b2314",
      "shadowColor": "#1ABC9C",
      "points": [
        1.393,
        16.717,
        1.787,
        16.717,
        2.108,
        17.038,
        2.108,
        17.432,
        2.108,
        17.827,
        1.788,
        18.147,
        1.393,
        18.147,
        0.74,
        18.147,
        0.345,
        18.147,
        0.025,
        17.827,
        0.025,
        17.432,
        0.025,
        17.038,
        0.345,
        16.717,
        0.74,
        16.717,
        1.393,
        16.717,
        1.393,
        16.717,
        1.393,
        16.717
      ],
      "segments": [
        1,
        4,
        4,
        2,
        4,
        4,
        2,
        2,
        2
      ]
    },
    {
      "type": "shape",
      "background": "#ec297b",
      "shadowColor": "#1ABC9C",
      "points": [
        5.203,
        14.35,
        5.891,
        14.35,
        6.449,
        14.908,
        6.449,
        15.595,
        6.449,
        21.31,
        6.449,
        21.998,
        5.891,
        22.556,
        5.203,
        22.556,
        4.515,
        22.556,
        3.958,
        21.998,
        3.958,
        21.31,
        3.958,
        15.595,
        3.958,
        14.908,
        4.516,
        14.35,
        5.203,
        14.35,
        5.203,
        14.35,
        5.203,
        14.35
      ],
      "segments": [
        1,
        4,
        2,
        4,
        4,
        2,
        4,
        2,
        2
      ]
    },
    {
      "type": "shape",
      "background": "#ffd7c8",
      "shadowColor": "#1ABC9C",
      "points": [
        3.114,
        21.176,
        3.114,
        21.085,
        3.084,
        21.004,
        3.043,
        20.931,
        2.936,
        21.092,
        2.859,
        21.28,
        2.859,
        21.495,
        2.859,
        21.721,
        2.941,
        21.919,
        3.058,
        22.084,
        3.114,
        21.864,
        3.114,
        21.176,
        3.114,
        21.176,
        3.114,
        21.176
      ],
      "segments": [
        1,
        4,
        4,
        4,
        2,
        2,
        2,
        2
      ]
    },
    {
      "type": "shape",
      "background": "#ec297b",
      "shadowColor": "#1ABC9C",
      "points": [
        3.042,
        20.931,
        3.083,
        21.004,
        3.113,
        21.085,
        3.113,
        21.176,
        3.113,
        21.864,
        3.057,
        22.084,
        3.222,
        22.317,
        3.467,
        22.475,
        3.756,
        22.475,
        4.327,
        22.475,
        4.823,
        22.475,
        5.225,
        22.037,
        5.225,
        21.495,
        5.225,
        20.954,
        4.823,
        20.515,
        4.327,
        20.515,
        3.756,
        20.515,
        3.457,
        20.515,
        3.206,
        20.685,
        3.042,
        20.931,
        3.042,
        20.931,
        3.042,
        20.931
      ],
      "segments": [
        1,
        4,
        2,
        2,
        4,
        2,
        4,
        4,
        2,
        4,
        2,
        2
      ]
    },
    {
      "type": "shape",
      "background": "#ffd7c8",
      "shadowColor": "#1ABC9C",
      "points": [
        3.55,
        14.989,
        3.55,
        14.898,
        3.521,
        14.817,
        3.48,
        14.744,
        3.372,
        14.905,
        3.296,
        15.092,
        3.296,
        15.307,
        3.296,
        15.534,
        3.378,
        15.732,
        3.495,
        15.897,
        3.55,
        15.676,
        3.55,
        14.989,
        3.55,
        14.989,
        3.55,
        14.989
      ],
      "segments": [
        1,
        4,
        4,
        4,
        2,
        2,
        2,
        2
      ]
    },
    {
      "type": "shape",
      "background": "#ec297b",
      "shadowColor": "#1ABC9C",
      "points": [
        3.48,
        14.744,
        3.521,
        14.817,
        3.55,
        14.898,
        3.55,
        14.989,
        3.55,
        15.676,
        3.495,
        15.897,
        3.659,
        16.129,
        3.905,
        16.288,
        4.194,
        16.288,
        4.764,
        16.288,
        5.26,
        16.288,
        5.663,
        15.849,
        5.663,
        15.307,
        5.663,
        14.766,
        5.261,
        14.328,
        4.764,
        14.328,
        4.194,
        14.328,
        3.894,
        14.328,
        3.642,
        14.498,
        3.48,
        14.744,
        3.48,
        14.744,
        3.48,
        14.744
      ],
      "segments": [
        1,
        4,
        2,
        2,
        4,
        2,
        4,
        4,
        2,
        4,
        2,
        2
      ]
    },
    {
      "type": "shape",
      "background": "#ec297b",
      "shadowColor": "#1ABC9C",
      "points": [
        5.007,
        16.096,
        2.489,
        16.096,
        1.808,
        16.096,
        1.258,
        16.648,
        1.258,
        17.328,
        1.258,
        19.597,
        1.258,
        20.277,
        1.809,
        20.829,
        2.489,
        20.829,
        5.007,
        20.829,
        5.007,
        16.096,
        5.007,
        16.096,
        5.007,
        16.096
      ],
      "segments": [
        1,
        2,
        4,
        2,
        4,
        2,
        2,
        2,
        2
      ]
    },
    {
      "type": "shape",
      "background": "#ffd7c8",
      "shadowColor": "#1ABC9C",
      "points": [
        4.078,
        17.301,
        3.778,
        17.594,
        3.591,
        18.001,
        3.591,
        18.454,
        3.591,
        18.881,
        3.761,
        19.267,
        4.032,
        19.555,
        4.211,
        19.272,
        4.327,
        18.859,
        4.327,
        18.393,
        4.327,
        17.967,
        4.232,
        17.581,
        4.078,
        17.301,
        4.078,
        17.301,
        4.078,
        17.301
      ],
      "segments": [
        1,
        4,
        4,
        4,
        4,
        2,
        2
      ]
    },
    {
      "type": "shape",
      "background": "#dccfb5",
      "shadowColor": "#1ABC9C",
      "points": [
        4.078,
        17.301,
        4.232,
        17.581,
        4.327,
        17.967,
        4.327,
        18.393,
        4.327,
        18.859,
        4.211,
        19.272,
        4.032,
        19.555,
        4.326,
        19.869,
        4.741,
        20.067,
        5.204,
        20.067,
        6.095,
        20.067,
        6.817,
        19.344,
        6.817,
        18.454,
        6.817,
        17.563,
        6.094,
        16.84,
        5.204,
        16.84,
        4.765,
        16.84,
        4.368,
        17.016,
        4.078,
        17.301,
        4.078,
        17.301,
        4.078,
        17.301
      ],
      "segments": [
        1,
        4,
        4,
        4,
        4,
        4,
        4,
        2,
        2
      ]
    }
  ]
}