{
  "width": 100,
  "height": 42,
  "comps": [
    {
      "type": "shape",
      "background": "#2d2d31",
      "shadowColor": "#1ABC9C",
      "points": [
        77.47044,
        5.30933,
        70.23977,
        5.30933,
        69.20044,
        5.30933,
        68.28901,
        5.65043,
        67.76713,
        7.01484,
        79.94309,
        7.01484,
        79.4212,
        5.65043,
        78.50978,
        5.30933,
        77.47044,
        5.30933,
        77.47044,
        5.30933
      ],
      "segments": [
        1,
        2,
        4,
        2,
        4,
        2
      ]
    },
    {
      "type": "shape",
      "background": "#2d2d31",
      "shadowColor": "#1ABC9C",
      "points": [
        70.23977,
        36.69067,
        77.47044,
        36.69067,
        78.30273,
        36.69067,
        79.05247,
        36.34957,
        79.58698,
        35.32626,
        68.12324,
        35.32626,
        68.65774,
        36.34957,
        69.40714,
        36.69067,
        70.23977,
        36.69067,
        70.23977,
        36.69067
      ],
      "segments": [
        1,
        2,
        4,
        2,
        4,
        2
      ]
    },
    {
      "type": "shape",
      "background": "#2d2d31",
      "shadowColor": "#1ABC9C",
      "points": [
        26.15137,
        5.30933,
        18.9207,
        5.30933,
        17.88137,
        5.30933,
        16.96994,
        5.65043,
        16.44806,
        7.01484,
        28.62402,
        7.01484,
        28.10213,
        5.65043,
        27.19071,
        5.30933,
        26.15137,
        5.30933,
        26.15137,
        5.30933
      ],
      "segments": [
        1,
        2,
        4,
        2,
        4,
        2
      ]
    },
    {
      "type": "shape",
      "background": "#2d2d31",
      "shadowColor": "#1ABC9C",
      "points": [
        18.9207,
        36.69067,
        26.15137,
        36.69067,
        26.98366,
        36.69067,
        27.73374,
        36.34957,
        28.26825,
        35.32626,
        16.80451,
        35.32626,
        17.33833,
        36.34957,
        18.08842,
        36.69067,
        18.9207,
        36.69067,
        18.9207,
        36.69067
      ],
      "segments": [
        1,
        2,
        4,
        2,
        4,
        2
      ]
    },
    {
      "type": "shape",
      "background": "#b63527",
      "shadowColor": "#1ABC9C",
      "points": [
        79.58698,
        35.32626,
        84.92658,
        35.32626,
        86.38001,
        35.32626,
        87.71509,
        35.00392,
        88.78307,
        34.17982,
        87.48621,
        33.25646,
        87.19047,
        32.16187,
        88.34237,
        30.76028,
        89.07983,
        29.86352,
        90.24981,
        29.12947,
        91.27312,
        28.74846,
        91.27312,
        13.75057,
        90.24981,
        13.3699,
        89.07983,
        12.54955,
        88.34237,
        11.65245,
        87.17444,
        10.23142,
        87.49746,
        9.03723,
        88.84072,
        8.10739,
        89.38717,
        8.53786,
        89.85754,
        9.1897,
        90.23821,
        9.77401,
        89.11019,
        8.03507,
        87.15397,
        7.01518,
        84.92692,
        7.01518,
        79.94343,
        7.01518,
        67.76747,
        7.01518,
        28.62436,
        7.01518,
        16.4484,
        7.01518,
        15.0799,
        7.01518,
        11.58532,
        7.01518,
        8.72688,
        9.58128,
        8.72688,
        13.07621,
        8.72688,
        29.34505,
        8.72688,
        32.83963,
        11.58532,
        35.32661,
        15.0799,
        35.32661,
        16.80485,
        35.32661,
        28.26859,
        35.32661,
        68.12358,
        35.32661,
        79.58698,
        35.32661,
        79.58698,
        35.32626
      ],
      "segments": [
        1,
        2,
        4,
        4,
        4,
        2,
        4,
        4,
        4,
        4,
        2,
        2,
        2,
        2,
        2,
        4,
        2,
        4,
        2,
        2,
        2,
        2,
        2
      ]
    },
    {
      "type": "shape",
      "background": "#ffe165",
      "shadowColor": "#1ABC9C",
      "points": [
        88.8356,
        8.10704,
        87.49269,
        9.03689,
        87.17444,
        10.23108,
        88.34237,
        11.65211,
        89.07983,
        12.54921,
        90.24981,
        13.36956,
        91.27312,
        13.75023,
        91.27312,
        13.07587,
        91.27312,
        12.83846,
        91.24822,
        12.60447,
        91.22263,
        12.37388,
        91.21479,
        12.30259,
        91.19603,
        12.23471,
        91.18648,
        12.16479,
        91.16294,
        12.00447,
        91.13429,
        11.84483,
        91.09915,
        11.68861,
        91.08244,
        11.61357,
        91.06061,
        11.54023,
        91.04083,
        11.46519,
        91.00126,
        11.31476,
        90.95691,
        11.16604,
        90.90609,
        11.01971,
        90.8829,
        10.95285,
        90.85834,
        10.88634,
        90.83275,
        10.81982,
        90.77374,
        10.66565,
        90.70893,
        10.51386,
        90.63764,
        10.36514,
        90.61343,
        10.31363,
        90.58921,
        10.26212,
        90.56362,
        10.21164,
        90.47494,
        10.03904,
        90.37943,
        9.8702,
        90.27573,
        9.70681,
        90.26175,
        9.68532,
        90.24981,
        9.66247,
        90.23548,
        9.64064,
        89.8555,
        9.05599,
        89.38205,
        8.53751,
        88.8356,
        8.10704,
        88.8356,
        8.10704
      ],
      "segments": [
        1,
        4,
        4,
        2,
        4,
        4,
        4,
        4,
        4,
        4,
        4,
        4,
        4,
        4,
        4,
        2
      ]
    },
    {
      "type": "shape",
      "background": "#ffe165",
      "shadowColor": "#1ABC9C",
      "points": [
        88.34237,
        30.84658,
        87.19047,
        32.24782,
        87.49098,
        33.42872,
        88.78819,
        34.35208,
        88.80627,
        34.3647,
        88.82025,
        34.37834,
        88.83833,
        34.39096,
        90.16658,
        33.34412,
        91.05993,
        31.77779,
        91.22195,
        29.99792,
        91.224,
        29.97063,
        91.23321,
        29.94232,
        91.23525,
        29.91503,
        91.24787,
        29.75164,
        91.27312,
        29.58928,
        91.27312,
        29.42282,
        91.27312,
        29.34471,
        91.27312,
        28.74812,
        90.24981,
        29.12913,
        89.07983,
        29.94914,
        88.34237,
        30.84658,
        88.34237,
        30.84658
      ],
      "segments": [
        1,
        4,
        4,
        4,
        4,
        4,
        2,
        2,
        4,
        2
      ]
    },
    {
      "type": "shape",
      "background": "#a2e6df",
      "shadowColor": "#1ABC9C",
      "points": [
        83.53727,
        10.02506,
        79.70534,
        11.21516,
        79.90147,
        21.21012,
        79.70534,
        31.20542,
        83.53727,
        32.39484,
        83.53727,
        32.39484,
        84.8147,
        27.5164,
        84.8147,
        21.21012,
        84.8147,
        14.90349,
        83.53727,
        10.02506,
        83.53727,
        10.02506,
        83.53727,
        10.02506
      ],
      "segments": [
        1,
        2,
        2,
        2,
        2,
        4,
        4,
        2
      ]
    },
    {
      "type": "shape",
      "background": "#a2e6df",
      "shadowColor": "#1ABC9C",
      "points": [
        66.64047,
        9.06145,
        58.86847,
        9.06145,
        58.86847,
        10.59026,
        61.93838,
        9.79925,
        66.76838,
        10.50294,
        66.93177,
        10.50294,
        66.64047,
        9.06145,
        66.64047,
        9.06145
      ],
      "segments": [
        1,
        2,
        2,
        4,
        2,
        2
      ]
    },
    {
      "type": "shape",
      "background": "#a2e6df",
      "shadowColor": "#1ABC9C",
      "points": [
        66.64047,
        32.59745,
        66.93177,
        31.08364,
        66.76838,
        31.08364,
        61.93838,
        31.71707,
        58.86847,
        30.9264,
        58.86847,
        32.59745,
        66.64047,
        32.59745,
        66.64047,
        32.59745
      ],
      "segments": [
        1,
        2,
        4,
        2,
        2,
        2
      ]
    },
    {
      "type": "shape",
      "background": "#a2e6df",
      "shadowColor": "#1ABC9C",
      "points": [
        75.18711,
        9.06145,
        67.39601,
        9.06145,
        67.39601,
        10.59026,
        70.46592,
        9.79925,
        75.30547,
        10.50294,
        75.46886,
        10.50294,
        75.18711,
        9.06145,
        75.18711,
        9.06145
      ],
      "segments": [
        1,
        2,
        2,
        4,
        2,
        2
      ]
    },
    {
      "type": "shape",
      "background": "#a2e6df",
      "shadowColor": "#1ABC9C",
      "points": [
        75.18711,
        32.59745,
        75.46886,
        31.08364,
        75.30547,
        31.08364,
        70.46592,
        31.71707,
        67.39601,
        30.9264,
        67.39601,
        32.59745,
        75.18711,
        32.59745,
        75.18711,
        32.59745
      ],
      "segments": [
        1,
        2,
        4,
        2,
        2,
        2
      ]
    },
    {
      "type": "shape",
      "background": "#a2e6df",
      "shadowColor": "#1ABC9C",
      "points": [
        57.72237,
        9.06145,
        49.99983,
        9.06145,
        49.99983,
        10.59026,
        53.06974,
        9.79925,
        57.87518,
        10.50294,
        58.03823,
        10.50294,
        57.72237,
        9.06145,
        57.72237,
        9.06145
      ],
      "segments": [
        1,
        2,
        2,
        4,
        2,
        2
      ]
    },
    {
      "type": "shape",
      "background": "#a2e6df",
      "shadowColor": "#1ABC9C",
      "points": [
        57.72237,
        32.59745,
        58.03857,
        31.08364,
        57.87518,
        31.08364,
        53.07008,
        31.71707,
        50.00017,
        30.9264,
        50.00017,
        32.59745,
        57.72237,
        32.59745,
        57.72237,
        32.59745
      ],
      "segments": [
        1,
        2,
        4,
        2,
        2,
        2
      ]
    },
    {
      "type": "shape",
      "background": "#a2e6df",
      "shadowColor": "#1ABC9C",
      "points": [
        48.80393,
        9.06145,
        41.13119,
        9.06145,
        41.13119,
        10.59026,
        44.2011,
        9.79925,
        48.98164,
        10.50294,
        49.14469,
        10.50294,
        48.80393,
        9.06145,
        48.80393,
        9.06145
      ],
      "segments": [
        1,
        2,
        2,
        4,
        2,
        2
      ]
    },
    {
      "type": "shape",
      "background": "#a2e6df",
      "shadowColor": "#1ABC9C",
      "points": [
        48.80393,
        32.59745,
        49.14469,
        31.08364,
        48.9813,
        31.08364,
        44.2011,
        31.71707,
        41.13119,
        30.9264,
        41.13119,
        32.59745,
        48.80393,
        32.59745,
        48.80393,
        32.59745
      ],
      "segments": [
        1,
        2,
        4,
        2,
        2,
        2
      ]
    },
    {
      "type": "shape",
      "background": "#a2e6df",
      "shadowColor": "#1ABC9C",
      "points": [
        39.88583,
        9.06145,
        32.26255,
        9.06145,
        32.26255,
        10.59026,
        34.99136,
        9.79925,
        40.08776,
        10.50294,
        40.25115,
        10.50294,
        39.88583,
        9.06145,
        39.88583,
        9.06145
      ],
      "segments": [
        1,
        2,
        2,
        4,
        2,
        2
      ]
    },
    {
      "type": "shape",
      "background": "#a2e6df",
      "shadowColor": "#1ABC9C",
      "points": [
        39.88583,
        32.59745,
        40.25115,
        31.08364,
        40.08776,
        31.08364,
        34.99136,
        31.71707,
        32.26255,
        30.9264,
        32.26255,
        32.59745,
        39.88583,
        32.59745,
        39.88583,
        32.59745
      ],
      "segments": [
        1,
        2,
        4,
        2,
        2,
        2
      ]
    },
    {
      "type": "shape",
      "background": "#a2e6df",
      "shadowColor": "#1ABC9C",
      "points": [
        30.96739,
        9.06145,
        23.39391,
        9.06145,
        23.39391,
        10.59026,
        26.12272,
        9.79925,
        31.19456,
        10.50294,
        31.35795,
        10.50294,
        30.96739,
        9.06145,
        30.96739,
        9.06145
      ],
      "segments": [
        1,
        2,
        2,
        4,
        2,
        2
      ]
    },
    {
      "type": "shape",
      "background": "#a2e6df",
      "shadowColor": "#1ABC9C",
      "points": [
        30.96739,
        32.59745,
        31.35795,
        31.08364,
        31.19456,
        31.08364,
        26.12272,
        31.71707,
        23.39391,
        30.9264,
        23.39391,
        32.59745,
        30.96739,
        32.59745,
        30.96739,
        32.59745
      ],
      "segments": [
        1,
        2,
        4,
        2,
        2,
        2
      ]
    },
    {
      "type": "shape",
      "background": "#a2e6df",
      "shadowColor": "#1ABC9C",
      "points": [
        22.04929,
        9.06145,
        14.18417,
        9.06145,
        14.18417,
        10.59026,
        17.25408,
        9.79925,
        22.13081,
        10.50294,
        22.29386,
        10.50294,
        22.04929,
        9.06145,
        22.04929,
        9.06145
      ],
      "segments": [
        1,
        2,
        2,
        4,
        2,
        2
      ]
    },
    {
      "type": "shape",
      "background": "#a2e6df",
      "shadowColor": "#1ABC9C",
      "points": [
        22.04929,
        32.59745,
        22.2942,
        31.08364,
        22.13081,
        31.08364,
        17.25442,
        31.71707,
        14.18451,
        30.9264,
        14.18451,
        32.59745,
        22.04929,
        32.59745,
        22.04929,
        32.59745
      ],
      "segments": [
        1,
        2,
        4,
        2,
        2,
        2
      ]
    },
    {
      "type": "shape",
      "background": "#a2e6df",
      "shadowColor": "#1ABC9C",
      "points": [
        10.61863,
        31.13549,
        12.1512,
        30.06716,
        12.07309,
        21.09312,
        12.1512,
        12.11874,
        10.61863,
        11.05041,
        10.61863,
        11.05041,
        10.10766,
        15.43049,
        10.10766,
        21.09278,
        10.10766,
        26.75541,
        10.61863,
        31.13549,
        10.61863,
        31.13549,
        10.61863,
        31.13549
      ],
      "segments": [
        1,
        2,
        2,
        2,
        2,
        4,
        4,
        2
      ]
    }
  ]
}