{
  "width": 159,
  "height": 74,
  "comps": [
    {
      "type": "shape",
      "background": "rgba(64,45,17,0.4)",
      "shadowColor": "#1ABC9C",
      "points": [
        157.90395,
        73.03911,
        11.1635,
        73.03911,
        11.1635,
        9.42821,
        157.90395,
        9.42821,
        157.90395,
        73.03911
      ]
    },
    {
      "type": "shape",
      "background": "rgb(33,163,219)",
      "shadowColor": "#1ABC9C",
      "points": [
        1.9145,
        2.88411,
        1.9145,
        63.88811,
        45.9545,
        63.88811,
        45.9545,
        2.88211,
        1.9145,
        2.88411,
        1.9145,
        2.88411,
        1.9145,
        2.88411
      ]
    },
    {
      "type": "shape",
      "background": "rgb(20,100,122)",
      "shadowColor": "#1ABC9C",
      "points": [
        151.999,
        2.88211,
        109.112,
        2.88211,
        109.112,
        63.88811,
        152,
        63.88711,
        151.999,
        2.88211,
        151.999,
        2.88211,
        151.999,
        2.88211
      ]
    },
    {
      "type": "shape",
      "background": "rgb(42,181,232)",
      "shadowColor": "#1ABC9C",
      "points": [
        151.99827,
        2.88211,
        1.9145,
        2.88411,
        25.77024,
        32.78811,
        128.14599,
        32.78711,
        151.99827,
        2.88211,
        151.99827,
        2.88211,
        151.99827,
        2.88211
      ]
    },
    {
      "type": "shape",
      "background": "rgb(28,137,176)",
      "shadowColor": "#1ABC9C",
      "points": [
        25.77024,
        32.78811,
        1.9145,
        63.88811,
        152,
        63.88711,
        128.14599,
        32.78711,
        25.77024,
        32.78811,
        25.77024,
        32.78811,
        25.77024,
        32.78811
      ]
    }
  ]
}