{
  "width": 142,
  "height": 73,
  "comps": [
    {
      "type": "rect",
      "background": "rgba(0,0,0,0.4)",
      "borderColor": "#979797",
      "shadowColor": "#1ABC9C",
      "rect": [
        5.54569,
        35.70699,
        135.64632,
        36.63844
      ]
    },
    {
      "type": "rect",
      "background": "rgba(0,0,0,0.4)",
      "borderColor": "#979797",
      "shadowColor": "#1ABC9C",
      "rect": [
        138.06231,
        6.4432,
        3.1297,
        29.26378
      ]
    },
    {
      "type": "rect",
      "background": "rgb(204,204,204)",
      "borderWidth": 1,
      "borderColor": "#979797",
      "shadowColor": "#1ABC9C",
      "rotation": 6.28319,
      "rect": [
        0.80799,
        1.55381,
        21.7806,
        68.30635
      ]
    },
    {
      "type": "rect",
      "background": "rgb(204,204,204)",
      "borderWidth": 1,
      "borderColor": "#979797",
      "shadowColor": "#1ABC9C",
      "rotation": 6.28319,
      "rect": [
        116.2817,
        0.65458,
        21.7806,
        68.30635
      ]
    },
    {
      "type": "rect",
      "background": "rgb(204,204,204)",
      "borderWidth": 1,
      "borderColor": "#979797",
      "shadowColor": "#1ABC9C",
      "rect": [
        0.80799,
        23.12218,
        137.25432,
        24.4465
      ]
    },
    {
      "type": "rect",
      "background": "rgb(245,226,196)",
      "borderColor": "#979797",
      "shadowColor": "#1ABC9C",
      "rect": [
        2.67564,
        25.80984,
        132.97431,
        17.99582
      ]
    },
    {
      "type": "rect",
      "background": "rgb(181,181,181)",
      "borderWidth": 1,
      "borderColor": "#979797",
      "shadowColor": "#1ABC9C",
      "rotation": 6.28319,
      "rect": [
        0.80799,
        58.6278,
        21.7806,
        5.61985
      ]
    },
    {
      "type": "rect",
      "background": "rgb(181,181,181)",
      "borderWidth": 1,
      "borderColor": "#979797",
      "shadowColor": "#1ABC9C",
      "rotation": 6.28319,
      "rect": [
        0.80799,
        47.56867,
        21.7806,
        5.61985
      ]
    },
    {
      "type": "rect",
      "background": "rgb(181,181,181)",
      "borderWidth": 1,
      "borderColor": "#979797",
      "shadowColor": "#1ABC9C",
      "rotation": 6.28319,
      "rect": [
        116.2817,
        17.50233,
        21.7806,
        5.61985
      ]
    },
    {
      "type": "rect",
      "background": "rgb(181,181,181)",
      "borderWidth": 1,
      "borderColor": "#979797",
      "shadowColor": "#1ABC9C",
      "rotation": 6.28319,
      "rect": [
        116.2817,
        6.4432,
        21.7806,
        5.61985
      ]
    },
    {
      "type": "rect",
      "background": "rgb(184,184,184)",
      "borderWidth": 1,
      "borderColor": "#979797",
      "gradient": "linear.north",
      "gradientColor": "rgb(217,217,217)",
      "shadowColor": "#1ABC9C",
      "rotation": 6.28319,
      "rect": [
        11.30256,
        8.88186,
        0.79147,
        14.24032
      ]
    },
    {
      "type": "rect",
      "background": "rgb(184,184,184)",
      "borderWidth": 1,
      "borderColor": "#979797",
      "gradient": "linear.north",
      "gradientColor": "rgb(217,217,217)",
      "shadowColor": "#1ABC9C",
      "rotation": 6.28319,
      "rect": [
        127.17201,
        48.00202,
        0.79147,
        14.24032
      ]
    },
    {
      "type": "shape",
      "background": "rgba(59,38,5,0.5)",
      "shadowColor": "#1ABC9C",
      "points": [
        34.85364,
        41.89,
        34.75964,
        41.89,
        34.66964,
        41.85454,
        34.59264,
        41.7799,
        31.54164,
        38.50476,
        31.98264,
        37.50542,
        32.39164,
        37.86279,
        32.86664,
        38.31347,
        32.97164,
        38.31347,
        32.97564,
        38.31347,
        32.97864,
        38.31254,
        32.98164,
        38.31161,
        31.98264,
        37.32067,
        31.98264,
        34.70896,
        32.42364,
        35.15404,
        32.62164,
        34.79293,
        31.98264,
        34.1463,
        31.98264,
        31.501,
        34.94364,
        34.46542,
        34.96164,
        34.31426,
        32.98164,
        32.36597,
        33.05364,
        32.22321,
        33.20564,
        31.94608,
        33.42164,
        31.79492,
        33.61664,
        31.79492,
        33.71064,
        31.79492,
        33.79964,
        31.83038,
        33.87264,
        31.90409,
        37.89564,
        35.6999,
        38.12964,
        35.93503,
        38.13864,
        36.4557,
        37.92264,
        36.85879,
        37.78764,
        37.10233,
        37.59864,
        37.23669,
        37.41864,
        37.26188,
        37.45464,
        37.5726,
        37.39164,
        37.9589,
        37.23864,
        38.3368,
        37.43164,
        38.2043,
        37.62764,
        38.13059,
        37.80964,
        38.13059,
        37.95064,
        38.13059,
        38.08364,
        38.17444,
        38.20164,
        38.26962,
        38.67864,
        38.64752,
        38.69664,
        39.69724,
        38.24664,
        40.6126,
        37.89964,
        41.30402,
        37.38364,
        41.72298,
        36.94564,
        41.72298,
        36.80464,
        41.72298,
        36.67064,
        41.67912,
        36.55464,
        41.58675,
        36.23964,
        41.33481,
        36.12264,
        40.78896,
        36.21264,
        40.18432,
        35.98764,
        40.46144,
        35.73564,
        40.6126,
        35.51964,
        40.6294,
        35.58264,
        40.88133,
        35.54664,
        41.20045,
        35.40264,
        41.46918,
        35.25764,
        41.73977,
        35.04764,
        41.89,
        34.85364,
        41.89
      ],
      "segments": [
        1,
        4,
        2,
        2,
        4,
        4,
        2,
        2,
        2,
        2,
        2,
        2,
        2,
        4,
        4,
        4,
        2,
        4,
        4,
        4,
        4,
        4,
        4,
        4,
        4,
        4,
        4,
        4,
        4
      ]
    },
    {
      "type": "shape",
      "background": "#3b2314",
      "shadowColor": "#1ABC9C",
      "points": [
        32.96964,
        34.478,
        32.57464,
        34.478,
        32.25464,
        34.157,
        32.25464,
        33.763,
        32.25464,
        33.368,
        32.57464,
        33.048,
        32.96964,
        33.048,
        33.62364,
        33.048,
        34.01864,
        33.048,
        34.33864,
        33.368,
        34.33864,
        33.763,
        34.33864,
        34.157,
        34.01864,
        34.478,
        33.62364,
        34.478,
        32.96964,
        34.478,
        32.96964,
        34.478,
        32.96964,
        34.478
      ],
      "segments": [
        1,
        4,
        4,
        2,
        4,
        4,
        2,
        2,
        2
      ]
    },
    {
      "type": "shape",
      "background": "#3b2314",
      "shadowColor": "#1ABC9C",
      "points": [
        30.60064,
        37.743,
        30.20564,
        37.743,
        29.88564,
        37.423,
        29.88564,
        37.028,
        29.88564,
        36.634,
        30.20564,
        36.314,
        30.60064,
        36.314,
        31.25464,
        36.314,
        31.64964,
        36.314,
        31.96964,
        36.634,
        31.96964,
        37.028,
        31.96964,
        37.423,
        31.64964,
        37.743,
        31.25464,
        37.743,
        30.60064,
        37.743,
        30.60064,
        37.743,
        30.60064,
        37.743
      ],
      "segments": [
        1,
        4,
        4,
        2,
        4,
        4,
        2,
        2,
        2
      ]
    },
    {
      "type": "shape",
      "background": "#faaf40",
      "shadowColor": "#1ABC9C",
      "points": [
        32.45564,
        39.316,
        31.76764,
        39.316,
        31.20964,
        38.759,
        31.20964,
        38.071,
        31.20964,
        32.357,
        31.20964,
        31.668,
        31.76864,
        31.11,
        32.45564,
        31.11,
        33.14364,
        31.11,
        33.70164,
        31.668,
        33.70164,
        32.357,
        33.70164,
        38.071,
        33.70164,
        38.759,
        33.14264,
        39.316,
        32.45564,
        39.316,
        32.45564,
        39.316,
        32.45564,
        39.316
      ],
      "segments": [
        1,
        4,
        2,
        4,
        4,
        2,
        4,
        2,
        2
      ]
    },
    {
      "type": "shape",
      "background": "rgb(212,212,212)",
      "shadowColor": "#1ABC9C",
      "points": [
        33.07264,
        36.284,
        32.91864,
        36.005,
        32.82264,
        35.618,
        32.82264,
        35.193,
        32.82264,
        34.727,
        32.93964,
        34.314,
        33.11764,
        34.03,
        32.82464,
        33.717,
        32.40864,
        33.519,
        31.94564,
        33.519,
        31.05464,
        33.519,
        30.33264,
        34.241,
        30.33264,
        35.132,
        30.33264,
        36.023,
        31.05564,
        36.745,
        31.94564,
        36.745,
        32.38564,
        36.745,
        32.78264,
        36.569,
        33.07264,
        36.284,
        33.07264,
        36.284,
        33.07264,
        36.284
      ],
      "segments": [
        1,
        4,
        4,
        4,
        4,
        4,
        4,
        2,
        2
      ]
    },
    {
      "type": "shape",
      "background": "#ffd7c8",
      "shadowColor": "#1ABC9C",
      "points": [
        33.62964,
        32.409,
        33.62964,
        32.5,
        33.66064,
        32.581,
        33.70164,
        32.654,
        33.80864,
        32.493,
        33.88564,
        32.306,
        33.88564,
        32.091,
        33.88564,
        31.864,
        33.80364,
        31.666,
        33.68664,
        31.501,
        33.62964,
        31.722,
        33.62964,
        32.409,
        33.62964,
        32.409,
        33.62964,
        32.409
      ],
      "segments": [
        1,
        4,
        4,
        4,
        2,
        2,
        2,
        2
      ]
    },
    {
      "type": "shape",
      "background": "#faaf40",
      "shadowColor": "#1ABC9C",
      "points": [
        33.70164,
        32.654,
        33.66064,
        32.581,
        33.62964,
        32.5,
        33.62964,
        32.409,
        33.62964,
        31.722,
        33.68664,
        31.501,
        33.52064,
        31.269,
        33.27664,
        31.11,
        32.98764,
        31.11,
        32.41564,
        31.11,
        31.91964,
        31.11,
        31.51664,
        31.549,
        31.51664,
        32.091,
        31.51664,
        32.632,
        31.91864,
        33.07,
        32.41564,
        33.07,
        32.98764,
        33.07,
        33.28564,
        33.07,
        33.53764,
        32.901,
        33.70164,
        32.654,
        33.70164,
        32.654,
        33.70164,
        32.654
      ],
      "segments": [
        1,
        4,
        2,
        2,
        4,
        2,
        4,
        4,
        2,
        4,
        2,
        2
      ]
    },
    {
      "type": "shape",
      "background": "#ffd7c8",
      "shadowColor": "#1ABC9C",
      "points": [
        30.52264,
        37.959,
        30.52264,
        37.868,
        30.49164,
        37.787,
        30.45064,
        37.714,
        30.34364,
        37.875,
        30.26664,
        38.063,
        30.26664,
        38.277,
        30.26664,
        38.504,
        30.34864,
        38.702,
        30.46564,
        38.867,
        30.52264,
        38.647,
        30.52264,
        37.959,
        30.52264,
        37.959,
        30.52264,
        37.959
      ],
      "segments": [
        1,
        4,
        4,
        4,
        2,
        2,
        2,
        2
      ]
    },
    {
      "type": "shape",
      "background": "#faaf40",
      "shadowColor": "#1ABC9C",
      "points": [
        30.44964,
        37.714,
        30.49064,
        37.787,
        30.52164,
        37.868,
        30.52164,
        37.959,
        30.52164,
        38.647,
        30.46464,
        38.867,
        30.63064,
        39.1,
        30.87464,
        39.258,
        31.16364,
        39.258,
        31.73564,
        39.258,
        32.23164,
        39.258,
        32.63364,
        38.819,
        32.63364,
        38.277,
        32.63364,
        37.736,
        32.23164,
        37.298,
        31.73564,
        37.298,
        31.16364,
        37.298,
        30.86664,
        37.298,
        30.61364,
        37.468,
        30.44964,
        37.714,
        30.44964,
        37.714,
        30.44964,
        37.714
      ],
      "segments": [
        1,
        4,
        2,
        2,
        4,
        2,
        4,
        4,
        2,
        4,
        2,
        2
      ]
    },
    {
      "type": "shape",
      "background": "#ffd7c8",
      "shadowColor": "#1ABC9C",
      "points": [
        33.13964,
        36.314,
        33.43864,
        36.021,
        33.62564,
        35.614,
        33.62564,
        35.162,
        33.62564,
        34.734,
        33.45564,
        34.348,
        33.18464,
        34.06,
        33.00664,
        34.344,
        32.88964,
        34.757,
        32.88964,
        35.223,
        32.89064,
        35.648,
        32.98564,
        36.035,
        33.13964,
        36.314,
        33.13964,
        36.314,
        33.13964,
        36.314
      ],
      "segments": [
        1,
        4,
        4,
        4,
        4,
        2,
        2
      ]
    },
    {
      "type": "shape",
      "background": "#ffd7c8",
      "shadowColor": "#1ABC9C",
      "points": [
        33.47364,
        35.4,
        33.30764,
        35.4,
        33.17264,
        35.288,
        33.17264,
        35.15,
        33.17264,
        35.025,
        33.17264,
        34.886,
        33.30764,
        34.775,
        33.47364,
        34.775,
        33.63964,
        34.775,
        33.77664,
        34.886,
        33.77664,
        35.025,
        33.77664,
        35.15,
        33.77664,
        35.288,
        33.63964,
        35.4,
        33.47364,
        35.4,
        33.47364,
        35.4,
        33.47364,
        35.4
      ],
      "segments": [
        1,
        4,
        2,
        4,
        4,
        2,
        4,
        2,
        2
      ]
    },
    {
      "type": "shape",
      "background": "rgb(156,156,156)",
      "shadowColor": "#1ABC9C",
      "points": [
        32.81764,
        35.6515,
        32.77664,
        35.5785,
        32.74564,
        35.4975,
        32.74564,
        35.4065,
        32.74564,
        34.7195,
        32.80264,
        34.4985,
        32.63664,
        34.2665,
        32.39264,
        34.1075,
        32.10364,
        34.1075,
        31.53164,
        34.1075,
        31.03564,
        34.1075,
        30.63264,
        34.5465,
        30.63264,
        35.0885,
        30.63264,
        35.6295,
        31.03464,
        36.0675,
        31.53164,
        36.0675,
        32.10364,
        36.0675,
        32.40164,
        36.0675,
        32.65364,
        35.8985,
        32.81764,
        35.6515,
        32.81764,
        35.6515,
        32.81764,
        35.6515
      ],
      "segments": [
        1,
        4,
        2,
        2,
        4,
        2,
        4,
        4,
        2,
        4,
        2,
        2
      ]
    },
    {
      "type": "shape",
      "background": "rgba(166,149,121,0.5)",
      "shadowColor": "#1ABC9C",
      "points": [
        121.2497,
        40.603,
        121.1557,
        40.603,
        121.0657,
        40.56754,
        120.9887,
        40.4929,
        117.9377,
        37.21776,
        118.3787,
        36.21842,
        118.7877,
        36.57579,
        119.2627,
        37.02647,
        119.3677,
        37.02647,
        119.3717,
        37.02647,
        119.3747,
        37.02554,
        119.3777,
        37.02461,
        118.3787,
        36.03367,
        118.3787,
        33.42196,
        118.8197,
        33.86704,
        119.0177,
        33.50593,
        118.3787,
        32.8593,
        118.3787,
        30.214,
        121.3397,
        33.17842,
        121.3577,
        33.02726,
        119.3777,
        31.07897,
        119.4497,
        30.93621,
        119.6017,
        30.65908,
        119.8177,
        30.50792,
        120.0127,
        30.50792,
        120.1067,
        30.50792,
        120.1957,
        30.54338,
        120.2687,
        30.61709,
        124.2917,
        34.4129,
        124.5257,
        34.64803,
        124.5347,
        35.1687,
        124.3187,
        35.57179,
        124.1837,
        35.81533,
        123.9947,
        35.94969,
        123.8147,
        35.97488,
        123.8507,
        36.2856,
        123.7877,
        36.6719,
        123.6347,
        37.0498,
        123.8277,
        36.9173,
        124.0237,
        36.84359,
        124.2057,
        36.84359,
        124.3467,
        36.84359,
        124.4797,
        36.88744,
        124.5977,
        36.98262,
        125.0747,
        37.36052,
        125.0927,
        38.41024,
        124.6427,
        39.3256,
        124.2957,
        40.01702,
        123.7797,
        40.43598,
        123.3417,
        40.43598,
        123.2007,
        40.43598,
        123.0667,
        40.39212,
        122.9507,
        40.29975,
        122.6357,
        40.04781,
        122.5187,
        39.50196,
        122.6087,
        38.89732,
        122.3837,
        39.17444,
        122.1317,
        39.3256,
        121.9157,
        39.3424,
        121.9787,
        39.59433,
        121.9427,
        39.91345,
        121.7987,
        40.18218,
        121.6537,
        40.45277,
        121.4437,
        40.603,
        121.2497,
        40.603
      ],
      "segments": [
        1,
        4,
        2,
        2,
        4,
        4,
        2,
        2,
        2,
        2,
        2,
        2,
        2,
        4,
        4,
        4,
        2,
        4,
        4,
        4,
        4,
        4,
        4,
        4,
        4,
        4,
        4,
        4,
        4
      ]
    },
    {
      "type": "shape",
      "background": "#3b2314",
      "shadowColor": "#1ABC9C",
      "points": [
        119.3657,
        33.191,
        118.9707,
        33.191,
        118.6507,
        32.87,
        118.6507,
        32.476,
        118.6507,
        32.081,
        118.9707,
        31.761,
        119.3657,
        31.761,
        120.0197,
        31.761,
        120.4147,
        31.761,
        120.7347,
        32.081,
        120.7347,
        32.476,
        120.7347,
        32.87,
        120.4147,
        33.191,
        120.0197,
        33.191,
        119.3657,
        33.191,
        119.3657,
        33.191,
        119.3657,
        33.191
      ],
      "segments": [
        1,
        4,
        4,
        2,
        4,
        4,
        2,
        2,
        2
      ]
    },
    {
      "type": "shape",
      "background": "#3b2314",
      "shadowColor": "#1ABC9C",
      "points": [
        116.9967,
        36.456,
        116.6017,
        36.456,
        116.2817,
        36.136,
        116.2817,
        35.741,
        116.2817,
        35.347,
        116.6017,
        35.027,
        116.9967,
        35.027,
        117.6507,
        35.027,
        118.0457,
        35.027,
        118.3657,
        35.347,
        118.3657,
        35.741,
        118.3657,
        36.136,
        118.0457,
        36.456,
        117.6507,
        36.456,
        116.9967,
        36.456,
        116.9967,
        36.456,
        116.9967,
        36.456
      ],
      "segments": [
        1,
        4,
        4,
        2,
        4,
        4,
        2,
        2,
        2
      ]
    },
    {
      "type": "shape",
      "background": "rgb(53,131,240)",
      "shadowColor": "#1ABC9C",
      "points": [
        118.8517,
        38.029,
        118.1637,
        38.029,
        117.6057,
        37.472,
        117.6057,
        36.784,
        117.6057,
        31.07,
        117.6057,
        30.381,
        118.1647,
        29.823,
        118.8517,
        29.823,
        119.5397,
        29.823,
        120.0977,
        30.381,
        120.0977,
        31.07,
        120.0977,
        36.784,
        120.0977,
        37.472,
        119.5387,
        38.029,
        118.8517,
        38.029,
        118.8517,
        38.029,
        118.8517,
        38.029
      ],
      "segments": [
        1,
        4,
        2,
        4,
        4,
        2,
        4,
        2,
        2
      ]
    },
    {
      "type": "shape",
      "background": "#7c6049",
      "shadowColor": "#1ABC9C",
      "points": [
        119.4687,
        34.997,
        119.3147,
        34.718,
        119.2187,
        34.331,
        119.2187,
        33.906,
        119.2187,
        33.44,
        119.3357,
        33.027,
        119.5137,
        32.743,
        119.2207,
        32.43,
        118.8047,
        32.232,
        118.3417,
        32.232,
        117.4507,
        32.232,
        116.7287,
        32.954,
        116.7287,
        33.845,
        116.7287,
        34.736,
        117.4517,
        35.458,
        118.3417,
        35.458,
        118.7817,
        35.458,
        119.1787,
        35.282,
        119.4687,
        34.997,
        119.4687,
        34.997,
        119.4687,
        34.997
      ],
      "segments": [
        1,
        4,
        4,
        4,
        4,
        4,
        4,
        2,
        2
      ]
    },
    {
      "type": "shape",
      "background": "#ffd7c8",
      "shadowColor": "#1ABC9C",
      "points": [
        120.0257,
        31.122,
        120.0257,
        31.213,
        120.0567,
        31.294,
        120.0977,
        31.367,
        120.2047,
        31.206,
        120.2817,
        31.019,
        120.2817,
        30.804,
        120.2817,
        30.577,
        120.1997,
        30.379,
        120.0827,
        30.214,
        120.0257,
        30.435,
        120.0257,
        31.122,
        120.0257,
        31.122,
        120.0257,
        31.122
      ],
      "segments": [
        1,
        4,
        4,
        4,
        2,
        2,
        2,
        2
      ]
    },
    {
      "type": "shape",
      "background": "rgb(53,131,240)",
      "shadowColor": "#1ABC9C",
      "points": [
        120.0977,
        31.367,
        120.0567,
        31.294,
        120.0257,
        31.213,
        120.0257,
        31.122,
        120.0257,
        30.435,
        120.0827,
        30.214,
        119.9167,
        29.982,
        119.6727,
        29.823,
        119.3837,
        29.823,
        118.8117,
        29.823,
        118.3157,
        29.823,
        117.9127,
        30.262,
        117.9127,
        30.804,
        117.9127,
        31.345,
        118.3147,
        31.783,
        118.8117,
        31.783,
        119.3837,
        31.783,
        119.6817,
        31.783,
        119.9337,
        31.614,
        120.0977,
        31.367,
        120.0977,
        31.367,
        120.0977,
        31.367
      ],
      "segments": [
        1,
        4,
        2,
        2,
        4,
        2,
        4,
        4,
        2,
        4,
        2,
        2
      ]
    },
    {
      "type": "shape",
      "background": "#ffd7c8",
      "shadowColor": "#1ABC9C",
      "points": [
        116.9187,
        36.672,
        116.9187,
        36.581,
        116.8877,
        36.5,
        116.8467,
        36.427,
        116.7397,
        36.588,
        116.6627,
        36.776,
        116.6627,
        36.99,
        116.6627,
        37.217,
        116.7447,
        37.415,
        116.8617,
        37.58,
        116.9187,
        37.36,
        116.9187,
        36.672,
        116.9187,
        36.672,
        116.9187,
        36.672
      ],
      "segments": [
        1,
        4,
        4,
        4,
        2,
        2,
        2,
        2
      ]
    },
    {
      "type": "shape",
      "background": "rgb(53,131,240)",
      "shadowColor": "#1ABC9C",
      "points": [
        116.8457,
        36.427,
        116.8867,
        36.5,
        116.9177,
        36.581,
        116.9177,
        36.672,
        116.9177,
        37.36,
        116.8607,
        37.58,
        117.0267,
        37.813,
        117.2707,
        37.971,
        117.5597,
        37.971,
        118.1317,
        37.971,
        118.6277,
        37.971,
        119.0297,
        37.532,
        119.0297,
        36.99,
        119.0297,
        36.449,
        118.6277,
        36.011,
        118.1317,
        36.011,
        117.5597,
        36.011,
        117.2627,
        36.011,
        117.0097,
        36.181,
        116.8457,
        36.427,
        116.8457,
        36.427,
        116.8457,
        36.427
      ],
      "segments": [
        1,
        4,
        2,
        2,
        4,
        2,
        4,
        4,
        2,
        4,
        2,
        2
      ]
    },
    {
      "type": "shape",
      "background": "#ffd7c8",
      "shadowColor": "#1ABC9C",
      "points": [
        119.5357,
        35.027,
        119.8347,
        34.734,
        120.0217,
        34.327,
        120.0217,
        33.875,
        120.0217,
        33.447,
        119.8517,
        33.061,
        119.5807,
        32.773,
        119.4027,
        33.057,
        119.2857,
        33.47,
        119.2857,
        33.936,
        119.2867,
        34.361,
        119.3817,
        34.748,
        119.5357,
        35.027,
        119.5357,
        35.027,
        119.5357,
        35.027
      ],
      "segments": [
        1,
        4,
        4,
        4,
        4,
        2,
        2
      ]
    },
    {
      "type": "shape",
      "background": "#ffd7c8",
      "shadowColor": "#1ABC9C",
      "points": [
        119.8697,
        34.113,
        119.7037,
        34.113,
        119.5687,
        34.001,
        119.5687,
        33.863,
        119.5687,
        33.738,
        119.5687,
        33.599,
        119.7037,
        33.488,
        119.8697,
        33.488,
        120.0357,
        33.488,
        120.1727,
        33.599,
        120.1727,
        33.738,
        120.1727,
        33.863,
        120.1727,
        34.001,
        120.0357,
        34.113,
        119.8697,
        34.113,
        119.8697,
        34.113,
        119.8697,
        34.113
      ],
      "segments": [
        1,
        4,
        2,
        4,
        4,
        2,
        4,
        2,
        2
      ]
    },
    {
      "type": "text",
      "text": "人行天桥",
      "align": "center",
      "color": "rgb(92,92,92)",
      "rect": [
        41.85258,
        26.95443,
        50.71253,
        15.70665
      ]
    }
  ]
}