{
  "width": 100,
  "height": 100,
  "comps": [
    {
      "type": "shape",
      "background": "#e50012",
      "fillRule": "evenodd",
      "shadowColor": "#1ABC9C",
      "points": [
        41.58642,
        77.12947,
        41.58642,
        77.12947,
        56.00614,
        73.9813,
        71.84832,
        77.39254,
        71.84832,
        80.55121,
        71.84832,
        80.55121,
        55.59977,
        77.9176,
        41.58642,
        80.53963,
        41.58642,
        77.12947,
        41.58642,
        77.12947,
        41.58642,
        77.12947
      ],
      "segments": [
        1,
        4,
        2,
        4,
        2,
        2,
        2
      ]
    },
    {
      "type": "shape",
      "background": "#e50012",
      "fillRule": "evenodd",
      "shadowColor": "#1ABC9C",
      "points": [
        39.45398,
        82.50742,
        39.45398,
        82.50742,
        45.89109,
        81.10377,
        54.8898,
        81.18808,
        54.8898,
        84.76433,
        50.05356,
        84.70137,
        44.6036,
        84.95395,
        39.45398,
        85.91794,
        39.45398,
        82.50742,
        39.45398,
        82.50742,
        39.45398,
        82.50742
      ],
      "segments": [
        1,
        4,
        2,
        4,
        2,
        2,
        2
      ]
    },
    {
      "type": "shape",
      "background": "#e50012",
      "fillRule": "evenodd",
      "shadowColor": "#1ABC9C",
      "points": [
        88.61904,
        51.04921,
        77.69849,
        42.41453,
        39.41273,
        35.58553,
        11.45514,
        47.09373,
        11.45514,
        51.83987,
        32.48132,
        47.15922,
        58.2019,
        43.24861,
        88.61904,
        55.79535,
        88.61904,
        51.04921,
        88.61904,
        51.04921,
        88.61904,
        51.04921
      ],
      "segments": [
        1,
        4,
        2,
        4,
        2,
        2,
        2
      ]
    },
    {
      "type": "shape",
      "background": "#e50012",
      "fillRule": "evenodd",
      "shadowColor": "#1ABC9C",
      "points": [
        16.9659,
        43.13861,
        16.9659,
        42.25929,
        16.9659,
        40.94068,
        16.9659,
        40.50174,
        16.9659,
        40.06281,
        26.35722,
        36.54626,
        41.25893,
        36.80933,
        41.25893,
        37.69372,
        41.25893,
        38.57774,
        41.25893,
        39.45923,
        33.16053,
        39.0174,
        25.06321,
        40.77024,
        16.9659,
        43.13861,
        16.9659,
        43.13861,
        16.9659,
        43.13861
      ],
      "segments": [
        1,
        4,
        4,
        4,
        4,
        2,
        2
      ]
    },
    {
      "type": "shape",
      "background": "#e50012",
      "fillRule": "evenodd",
      "shadowColor": "#1ABC9C",
      "points": [
        30.64308,
        33.90867,
        30.64308,
        34.61285,
        30.64308,
        35.31558,
        30.64308,
        36.01831,
        30.64308,
        36.01831,
        40.03368,
        34.96385,
        42.48347,
        35.75452,
        42.48347,
        36.54988,
        42.48347,
        37.34633,
        42.48347,
        38.1417,
        42.48347,
        38.1417,
        53.91568,
        38.91897,
        61.46803,
        39.97343,
        61.46803,
        38.56797,
        61.46803,
        37.16106,
        61.46803,
        35.75452,
        61.75752,
        33.14008,
        31.10264,
        32.39321,
        30.64308,
        33.90867,
        30.64308,
        33.90867,
        30.64308,
        33.90867
      ],
      "segments": [
        1,
        4,
        4,
        4,
        4,
        4,
        4,
        2,
        2
      ]
    },
    {
      "type": "shape",
      "background": "#e50012",
      "fillRule": "evenodd",
      "shadowColor": "#1ABC9C",
      "points": [
        43.09573,
        30.74385,
        43.09573,
        30.74385,
        64.73454,
        25.73356,
        83.31057,
        37.3362,
        83.31057,
        43.16177,
        83.31057,
        43.16177,
        76.77865,
        37.3362,
        62.28511,
        34.17392,
        62.28511,
        34.17392,
        52.69042,
        31.80012,
        46.77005,
        32.32626,
        43.09609,
        32.32626,
        43.09609,
        30.74385,
        43.09573,
        30.74385,
        43.09573,
        30.74385
      ],
      "segments": [
        1,
        4,
        2,
        4,
        4,
        2,
        2,
        2,
        2
      ]
    },
    {
      "type": "shape",
      "background": "#e50012",
      "fillRule": "evenodd",
      "shadowColor": "#1ABC9C",
      "points": [
        24.92752,
        28.37151,
        24.92752,
        34.74927,
        24.92752,
        34.74927,
        27.3773,
        33.6456,
        29.62336,
        33.6456,
        29.62336,
        31.53596,
        29.62336,
        31.53596,
        39.01324,
        30.74458,
        42.27902,
        31.53596,
        42.27902,
        28.88535,
        42.27902,
        28.88535,
        53.30233,
        27.58085,
        60.85577,
        29.16253,
        60.161,
        25.81208,
        60.161,
        25.81208,
        49.01647,
        24.68018,
        41.87084,
        24.68018,
        34.72593,
        24.68018,
        24.92752,
        28.37151,
        24.92752,
        28.37151,
        24.92752,
        28.37151,
        24.92752,
        28.37151
      ],
      "segments": [
        1,
        2,
        4,
        2,
        4,
        2,
        4,
        2,
        4,
        4,
        2,
        2
      ]
    },
    {
      "type": "shape",
      "background": "#e50012",
      "fillRule": "evenodd",
      "shadowColor": "#1ABC9C",
      "points": [
        40.40459,
        23.63441,
        40.40459,
        20.83688,
        40.40459,
        20.83688,
        54.13388,
        20.55644,
        60.14797,
        23.92752,
        60.14797,
        25.39956,
        53.70905,
        23.8584,
        47.14602,
        23.41693,
        40.40459,
        23.63441,
        40.40459,
        23.63441,
        40.40459,
        23.63441
      ],
      "segments": [
        1,
        2,
        4,
        2,
        4,
        2,
        2
      ]
    },
    {
      "type": "shape",
      "background": "#e50012",
      "fillRule": "evenodd",
      "shadowColor": "#1ABC9C",
      "points": [
        42.22076,
        19.82367,
        42.22076,
        17.61959,
        42.22076,
        17.61959,
        57.08411,
        13.66664,
        72.97008,
        24.07371,
        72.97008,
        28.76666,
        72.97008,
        28.76666,
        63.77814,
        20.55644,
        47.21296,
        20.26297,
        44.48997,
        19.82367,
        42.22076,
        19.82367,
        42.22076,
        19.82367,
        42.22076,
        19.82367
      ],
      "segments": [
        1,
        2,
        4,
        2,
        4,
        2,
        2,
        2,
        2
      ]
    },
    {
      "type": "shape",
      "background": "#e50012",
      "fillRule": "evenodd",
      "shadowColor": "#1ABC9C",
      "points": [
        69.90586,
        30.8155,
        69.90586,
        30.8155,
        71.94892,
        30.37584,
        72.51595,
        29.34997,
        72.51595,
        29.34997,
        68.88506,
        26.27309,
        66.27497,
        25.53924,
        66.27497,
        25.53924,
        66.7291,
        27.73753,
        65.70757,
        28.17755,
        64.68713,
        28.61757,
        61.39602,
        29.20414,
        61.39602,
        29.20414,
        69.90586,
        30.8155,
        69.90586,
        30.8155,
        69.90586,
        30.8155
      ],
      "segments": [
        1,
        4,
        4,
        4,
        4,
        2,
        2,
        2
      ]
    },
    {
      "type": "shape",
      "background": "#e50012",
      "fillRule": "evenodd",
      "shadowColor": "#1ABC9C",
      "points": [
        47.78036,
        10.29557,
        56.40346,
        10.29557,
        56.40346,
        10.29557,
        56.40346,
        10.29557,
        56.40346,
        15.71983,
        56.40346,
        15.71983,
        56.40346,
        15.71983,
        47.78036,
        15.71983,
        47.78036,
        15.71983,
        47.78036,
        15.71983,
        47.78036,
        10.29557,
        47.78036,
        10.29557,
        47.78036,
        10.29557,
        47.78036,
        10.29557
      ],
      "segments": [
        1,
        2,
        3,
        2,
        3,
        2,
        3,
        2,
        3,
        2
      ]
    },
    {
      "type": "shape",
      "background": "#e50012",
      "fillRule": "evenodd",
      "shadowColor": "#1ABC9C",
      "points": [
        49.14131,
        5.31313,
        55.04178,
        5.31313,
        55.04178,
        5.31313,
        55.04178,
        5.31313,
        55.04178,
        9.12314,
        55.04178,
        9.12314,
        55.04178,
        9.12314,
        49.14131,
        9.12314,
        49.14131,
        9.12314,
        49.14131,
        9.12314,
        49.14131,
        5.31313,
        49.14131,
        5.31313,
        49.14131,
        5.31313,
        49.14131,
        5.31313
      ],
      "segments": [
        1,
        2,
        3,
        2,
        3,
        2,
        3,
        2,
        3,
        2
      ]
    },
    {
      "type": "shape",
      "background": "#e50012",
      "fillRule": "evenodd",
      "shadowColor": "#1ABC9C",
      "points": [
        76.42873,
        44.3284,
        76.42873,
        44.3284,
        81.09526,
        44.89326,
        82.70083,
        43.95207,
        82.70083,
        43.95207,
        78.47143,
        40.93778,
        76.86586,
        40.3722,
        76.86586,
        40.3722,
        71.76111,
        42.44529,
        69.28238,
        42.25604,
        76.42873,
        44.3284,
        76.42873,
        44.3284,
        76.42873,
        44.3284
      ],
      "segments": [
        1,
        4,
        4,
        4,
        2,
        2,
        2
      ]
    },
    {
      "type": "shape",
      "background": "#e50012",
      "fillRule": "evenodd",
      "shadowColor": "#1ABC9C",
      "points": [
        44.92493,
        53.37162,
        44.92493,
        53.37162,
        29.75689,
        53.7494,
        23.33968,
        55.06765,
        22.61053,
        51.29889,
        22.61053,
        51.29889,
        40.69588,
        49.03727,
        44.48744,
        49.03727,
        44.92493,
        53.37162,
        44.92493,
        53.37162,
        44.92493,
        53.37162
      ],
      "segments": [
        1,
        4,
        2,
        4,
        2,
        2,
        2
      ]
    },
    {
      "type": "shape",
      "background": "#e50012",
      "fillRule": "evenodd",
      "shadowColor": "#1ABC9C",
      "points": [
        21.15188,
        58.83605,
        21.15188,
        58.83605,
        13.56804,
        57.51671,
        11.38096,
        54.31426,
        11.38096,
        54.31426,
        14.44229,
        52.2419,
        20.2769,
        51.86484,
        20.2769,
        51.86484,
        20.56892,
        54.69132,
        22.46543,
        54.69132,
        22.46543,
        57.89992,
        21.15188,
        58.83605,
        21.15188,
        58.83605,
        21.15188,
        58.83605
      ],
      "segments": [
        1,
        4,
        4,
        4,
        2,
        2,
        2,
        2
      ]
    },
    {
      "type": "shape",
      "background": "#e50012",
      "fillRule": "evenodd",
      "shadowColor": "#1ABC9C",
      "points": [
        56.88509,
        59.02422,
        56.88509,
        53.93684,
        56.88509,
        53.93684,
        29.90235,
        54.31209,
        21.88139,
        59.58872,
        21.88139,
        63.73454,
        33.75615,
        59.7606,
        45.39933,
        58.47455,
        56.88509,
        59.02422,
        56.88509,
        59.02422,
        56.88509,
        59.02422
      ],
      "segments": [
        1,
        2,
        4,
        2,
        4,
        2,
        2
      ]
    },
    {
      "type": "shape",
      "background": "#e50012",
      "fillRule": "evenodd",
      "shadowColor": "#1ABC9C",
      "points": [
        72.49026,
        60.15467,
        72.49026,
        60.15467,
        80.95052,
        61.66108,
        88.09724,
        57.13966,
        88.09724,
        57.13966,
        66.65637,
        48.85128,
        49.44636,
        49.03872,
        49.44636,
        52.63741,
        59.21836,
        52.24117,
        59.21836,
        58.4836,
        72.49026,
        60.15467,
        72.49026,
        60.15467,
        72.49026,
        60.15467
      ],
      "segments": [
        1,
        4,
        4,
        2,
        2,
        2,
        2,
        2,
        2
      ]
    },
    {
      "type": "shape",
      "background": "#e50012",
      "fillRule": "evenodd",
      "shadowColor": "#1ABC9C",
      "points": [
        32.88009,
        65.80582,
        32.88009,
        65.80582,
        62.55795,
        62.80745,
        81.12638,
        68.58996,
        81.12638,
        63.85829,
        81.12638,
        63.85829,
        57.74921,
        58.52413,
        34.5374,
        62.16552,
        32.79903,
        62.37974,
        32.88009,
        65.80582,
        32.88009,
        65.80582,
        32.88009,
        65.80582
      ],
      "segments": [
        1,
        4,
        2,
        4,
        2,
        2,
        2,
        2
      ]
    },
    {
      "type": "shape",
      "background": "#e50012",
      "fillRule": "evenodd",
      "shadowColor": "#1ABC9C",
      "points": [
        23.01871,
        64.46694,
        23.01871,
        64.46694,
        25.97003,
        67.39293,
        33.38452,
        67.74755,
        31.39394,
        66.50638,
        31.46305,
        62.60517,
        23.01871,
        64.46694,
        23.01871,
        64.46694,
        23.01871,
        64.46694
      ],
      "segments": [
        1,
        4,
        2,
        2,
        2,
        2,
        2
      ]
    },
    {
      "type": "shape",
      "background": "#e50012",
      "fillRule": "evenodd",
      "shadowColor": "#1ABC9C",
      "points": [
        34.57938,
        71.09583,
        34.57938,
        71.09583,
        61.18542,
        68.99633,
        77.33193,
        72.66956,
        77.33193,
        69.119,
        77.33193,
        69.119,
        54.0767,
        64.93012,
        34.47734,
        67.4226,
        34.57938,
        71.09583,
        34.57938,
        71.09583,
        34.57938,
        71.09583
      ],
      "segments": [
        1,
        4,
        2,
        4,
        2,
        2,
        2
      ]
    },
    {
      "type": "shape",
      "background": "#e50012",
      "fillRule": "evenodd",
      "shadowColor": "#1ABC9C",
      "points": [
        33.36136,
        77.39146,
        33.36136,
        72.5382,
        33.36136,
        72.5382,
        44.02318,
        70.70285,
        49.91388,
        71.7508,
        49.91388,
        75.17109,
        40.26599,
        75.31402,
        35.69318,
        76.53059,
        33.36136,
        77.39146,
        33.36136,
        77.39146,
        33.36136,
        77.39146
      ],
      "segments": [
        1,
        2,
        4,
        2,
        4,
        2,
        2
      ]
    },
    {
      "type": "shape",
      "background": "#e50012",
      "fillRule": "evenodd",
      "shadowColor": "#1ABC9C",
      "points": [
        63.01353,
        74.7687,
        63.01353,
        74.7687,
        71.54327,
        76.3417,
        76.31692,
        74.11265,
        76.31692,
        74.11265,
        69.30952,
        72.40685,
        63.21581,
        72.14522,
        63.01353,
        74.7687,
        63.01353,
        74.7687,
        63.01353,
        74.7687
      ],
      "segments": [
        1,
        4,
        4,
        2,
        2,
        2
      ]
    },
    {
      "type": "shape",
      "background": "#e50012",
      "fillRule": "evenodd",
      "shadowColor": "#1ABC9C",
      "points": [
        50.11978,
        85.91287,
        50.11978,
        85.91287,
        56.62998,
        85.28903,
        65.58382,
        86.45602,
        65.32545,
        90.01635,
        60.51454,
        89.37188,
        55.06964,
        88.96841,
        49.87299,
        89.3082,
        50.11978,
        85.91287,
        50.11978,
        85.91287,
        50.11978,
        85.91287
      ],
      "segments": [
        1,
        4,
        2,
        4,
        2,
        2,
        2
      ]
    },
    {
      "type": "shape",
      "background": "#e50012",
      "fillRule": "evenodd",
      "shadowColor": "#1ABC9C",
      "points": [
        41.61319,
        91.28069,
        41.61319,
        91.28069,
        49.85996,
        90.33008,
        61.24802,
        91.04657,
        61.00522,
        94.61884,
        54.88582,
        94.21573,
        47.96816,
        94.08618,
        41.38197,
        94.68687,
        41.61319,
        91.28069,
        41.61319,
        91.28069,
        41.61319,
        91.28069
      ],
      "segments": [
        1,
        4,
        2,
        4,
        2,
        2,
        2
      ]
    }
  ]
}