{
  "width": 9,
  "height": 11,
  "comps": [
    {
      "type": "shape",
      "background": "rgba(38,25,5,0.50)",
      "shadowColor": "#1ABC9C",
      "points": [
        4.968,
        10.78,
        4.874,
        10.78,
        4.784,
        10.74454,
        4.707,
        10.6699,
        1.656,
        7.39476,
        2.097,
        6.39542,
        2.506,
        6.75279,
        2.981,
        7.20347,
        3.086,
        7.20347,
        3.09,
        7.20347,
        3.093,
        7.20254,
        3.096,
        7.20161,
        2.097,
        6.21067,
        2.097,
        3.59896,
        2.538,
        4.04404,
        2.736,
        3.68293,
        2.097,
        3.0363,
        2.097,
        0.391,
        5.058,
        3.35542,
        5.076,
        3.20426,
        3.096,
        1.25597,
        3.168,
        1.11321,
        3.32,
        0.83608,
        3.536,
        0.68492,
        3.731,
        0.68492,
        3.825,
        0.68492,
        3.914,
        0.72038,
        3.987,
        0.79409,
        8.01,
        4.5899,
        8.244,
        4.82503,
        8.253,
        5.3457,
        8.037,
        5.74879,
        7.902,
        5.99233,
        7.713,
        6.12669,
        7.533,
        6.15188,
        7.569,
        6.4626,
        7.506,
        6.8489,
        7.353,
        7.2268,
        7.546,
        7.0943,
        7.742,
        7.02059,
        7.924,
        7.02059,
        8.065,
        7.02059,
        8.198,
        7.06444,
        8.316,
        7.15962,
        8.793,
        7.53752,
        8.811,
        8.58724,
        8.361,
        9.5026,
        8.014,
        10.19402,
        7.498,
        10.61298,
        7.06,
        10.61298,
        6.919,
        10.61298,
        6.785,
        10.56912,
        6.669,
        10.47675,
        6.354,
        10.22481,
        6.237,
        9.67896,
        6.327,
        9.07432,
        6.102,
        9.35144,
        5.85,
        9.5026,
        5.634,
        9.5194,
        5.697,
        9.77133,
        5.661,
        10.09045,
        5.517,
        10.35918,
        5.372,
        10.62977,
        5.162,
        10.78,
        4.968,
        10.78
      ],
      "segments": [
        1,
        4,
        2,
        2,
        4,
        4,
        2,
        2,
        2,
        2,
        2,
        2,
        2,
        4,
        4,
        4,
        2,
        4,
        4,
        4,
        4,
        4,
        4,
        4,
        4,
        4,
        4,
        4,
        4
      ]
    },
    {
      "type": "shape",
      "background": "#3b2314",
      "shadowColor": "#1ABC9C",
      "points": [
        3.084,
        3.368,
        2.689,
        3.368,
        2.369,
        3.047,
        2.369,
        2.653,
        2.369,
        2.258,
        2.689,
        1.938,
        3.084,
        1.938,
        3.738,
        1.938,
        4.133,
        1.938,
        4.453,
        2.258,
        4.453,
        2.653,
        4.453,
        3.047,
        4.133,
        3.368,
        3.738,
        3.368,
        3.084,
        3.368,
        3.084,
        3.368,
        3.084,
        3.368
      ],
      "segments": [
        1,
        4,
        4,
        2,
        4,
        4,
        2,
        2,
        2
      ]
    },
    {
      "type": "shape",
      "background": "#3b2314",
      "shadowColor": "#1ABC9C",
      "points": [
        0.715,
        6.633,
        0.32,
        6.633,
        0,
        6.313,
        0,
        5.918,
        0,
        5.524,
        0.32,
        5.204,
        0.715,
        5.204,
        1.369,
        5.204,
        1.764,
        5.204,
        2.084,
        5.524,
        2.084,
        5.918,
        2.084,
        6.313,
        1.764,
        6.633,
        1.369,
        6.633,
        0.715,
        6.633,
        0.715,
        6.633,
        0.715,
        6.633
      ],
      "segments": [
        1,
        4,
        4,
        2,
        4,
        4,
        2,
        2,
        2
      ]
    },
    {
      "type": "shape",
      "background": "rgb(53,131,240)",
      "shadowColor": "#1ABC9C",
      "points": [
        2.57,
        8.206,
        1.882,
        8.206,
        1.324,
        7.649,
        1.324,
        6.961,
        1.324,
        1.247,
        1.324,
        0.558,
        1.883,
        0,
        2.57,
        0,
        3.258,
        0,
        3.816,
        0.558,
        3.816,
        1.247,
        3.816,
        6.961,
        3.816,
        7.649,
        3.257,
        8.206,
        2.57,
        8.206,
        2.57,
        8.206,
        2.57,
        8.206
      ],
      "segments": [
        1,
        4,
        2,
        4,
        4,
        2,
        4,
        2,
        2
      ]
    },
    {
      "type": "shape",
      "background": "#7c6049",
      "shadowColor": "#1ABC9C",
      "points": [
        3.187,
        5.174,
        3.033,
        4.895,
        2.937,
        4.508,
        2.937,
        4.083,
        2.937,
        3.617,
        3.054,
        3.204,
        3.232,
        2.92,
        2.939,
        2.607,
        2.523,
        2.409,
        2.06,
        2.409,
        1.169,
        2.409,
        0.447,
        3.131,
        0.447,
        4.022,
        0.447,
        4.913,
        1.17,
        5.635,
        2.06,
        5.635,
        2.5,
        5.635,
        2.897,
        5.459,
        3.187,
        5.174,
        3.187,
        5.174,
        3.187,
        5.174
      ],
      "segments": [
        1,
        4,
        4,
        4,
        4,
        4,
        4,
        2,
        2
      ]
    },
    {
      "type": "shape",
      "background": "#ffd7c8",
      "shadowColor": "#1ABC9C",
      "points": [
        3.744,
        1.299,
        3.744,
        1.39,
        3.775,
        1.471,
        3.816,
        1.544,
        3.923,
        1.383,
        4,
        1.196,
        4,
        0.981,
        4,
        0.754,
        3.918,
        0.556,
        3.801,
        0.391,
        3.744,
        0.612,
        3.744,
        1.299,
        3.744,
        1.299,
        3.744,
        1.299
      ],
      "segments": [
        1,
        4,
        4,
        4,
        2,
        2,
        2,
        2
      ]
    },
    {
      "type": "shape",
      "background": "rgb(53,131,240)",
      "shadowColor": "#1ABC9C",
      "points": [
        3.816,
        1.544,
        3.775,
        1.471,
        3.744,
        1.39,
        3.744,
        1.299,
        3.744,
        0.612,
        3.801,
        0.391,
        3.635,
        0.159,
        3.391,
        0,
        3.102,
        0,
        2.53,
        0,
        2.034,
        0,
        1.631,
        0.439,
        1.631,
        0.981,
        1.631,
        1.522,
        2.033,
        1.96,
        2.53,
        1.96,
        3.102,
        1.96,
        3.4,
        1.96,
        3.652,
        1.791,
        3.816,
        1.544,
        3.816,
        1.544,
        3.816,
        1.544
      ],
      "segments": [
        1,
        4,
        2,
        2,
        4,
        2,
        4,
        4,
        2,
        4,
        2,
        2
      ]
    },
    {
      "type": "shape",
      "background": "#ffd7c8",
      "shadowColor": "#1ABC9C",
      "points": [
        0.637,
        6.849,
        0.637,
        6.758,
        0.606,
        6.677,
        0.565,
        6.604,
        0.458,
        6.765,
        0.381,
        6.953,
        0.381,
        7.167,
        0.381,
        7.394,
        0.463,
        7.592,
        0.58,
        7.757,
        0.637,
        7.537,
        0.637,
        6.849,
        0.637,
        6.849,
        0.637,
        6.849
      ],
      "segments": [
        1,
        4,
        4,
        4,
        2,
        2,
        2,
        2
      ]
    },
    {
      "type": "shape",
      "background": "rgb(53,131,240)",
      "shadowColor": "#1ABC9C",
      "points": [
        0.564,
        6.604,
        0.605,
        6.677,
        0.636,
        6.758,
        0.636,
        6.849,
        0.636,
        7.537,
        0.579,
        7.757,
        0.745,
        7.99,
        0.989,
        8.148,
        1.278,
        8.148,
        1.85,
        8.148,
        2.346,
        8.148,
        2.748,
        7.709,
        2.748,
        7.167,
        2.748,
        6.626,
        2.346,
        6.188,
        1.85,
        6.188,
        1.278,
        6.188,
        0.981,
        6.188,
        0.728,
        6.358,
        0.564,
        6.604,
        0.564,
        6.604,
        0.564,
        6.604
      ],
      "segments": [
        1,
        4,
        2,
        2,
        4,
        2,
        4,
        4,
        2,
        4,
        2,
        2
      ]
    },
    {
      "type": "shape",
      "background": "#ffd7c8",
      "shadowColor": "#1ABC9C",
      "points": [
        3.254,
        5.204,
        3.553,
        4.911,
        3.74,
        4.504,
        3.74,
        4.052,
        3.74,
        3.624,
        3.57,
        3.238,
        3.299,
        2.95,
        3.121,
        3.234,
        3.004,
        3.647,
        3.004,
        4.113,
        3.005,
        4.538,
        3.1,
        4.925,
        3.254,
        5.204,
        3.254,
        5.204,
        3.254,
        5.204
      ],
      "segments": [
        1,
        4,
        4,
        4,
        4,
        2,
        2
      ]
    },
    {
      "type": "shape",
      "background": "#ffd7c8",
      "shadowColor": "#1ABC9C",
      "points": [
        3.588,
        4.29,
        3.422,
        4.29,
        3.287,
        4.178,
        3.287,
        4.04,
        3.287,
        3.915,
        3.287,
        3.776,
        3.422,
        3.665,
        3.588,
        3.665,
        3.754,
        3.665,
        3.891,
        3.776,
        3.891,
        3.915,
        3.891,
        4.04,
        3.891,
        4.178,
        3.754,
        4.29,
        3.588,
        4.29,
        3.588,
        4.29,
        3.588,
        4.29
      ],
      "segments": [
        1,
        4,
        2,
        4,
        4,
        2,
        4,
        2,
        2
      ]
    }
  ]
}