{
  "width": 300,
  "height": 300,
  "comps": [
    {
      "type": "shape",
      "background": "rgba(74,144,224,0)",
      "borderColor": "#979797",
      "gradient": "linear.south",
      "gradientColor": "#4990E2",
      "rotation": 6.19313,
      "points": [
        82.62823,
        119.84513,
        45.25696,
        175.45277,
        30.71617,
        197.0153,
        28.48227,
        223.88562,
        75.74189,
        203.5971,
        82.62823,
        235.41944,
        82.83374,
        201.16506,
        99.75685,
        208.81349,
        84.49554,
        199.31686,
        105.55193,
        190.08102,
        106.11041,
        198.31548,
        212.22082,
        151.94251,
        211.66235,
        146.30841,
        215.57168,
        145.00823,
        217.2471,
        164.51088,
        250.75565,
        147.60858,
        249.08023,
        132.00646,
        290.40744,
        126.80576,
        289.84896,
        123.77201,
        249.6387,
        125.50558,
        250.19718,
        113.3706,
        235.54188,
        113.3706
      ]
    },
    {
      "type": "shape",
      "borderWidth": 1,
      "borderColor": "rgb(184,238,245)",
      "borderCap": "round",
      "points": [
        40.62335,
        183.12079,
        40.62335,
        183.12079,
        36.20319,
        185.43612,
        32.41449,
        190.69821,
        28.62578,
        195.9603,
        17.41752,
        200.22259,
        25.46852,
        204.16916,
        33.51952,
        208.11573,
        43.99109,
        198.4861,
        64.61849,
        206.48448
      ],
      "segments": [
        1,
        4,
        4,
        4
      ]
    },
    {
      "type": "shape",
      "background": "rgb(204,200,200)",
      "borderColor": "#979797",
      "shadowColor": "#1ABC9C",
      "points": [
        54.17281,
        137.51067,
        57.89037,
        139.83998,
        57.34029,
        140.98599,
        53.9481,
        139.10654
      ]
    },
    {
      "type": "shape",
      "background": "rgb(240,240,240)",
      "borderWidth": 1,
      "borderColor": "rgb(194,190,190)",
      "shadowColor": "#1ABC9C",
      "points": [
        248.95463,
        92.95786,
        208.02539,
        77.38545,
        55.55067,
        150.0118,
        100.61912,
        176.66789
      ]
    },
    {
      "type": "shape",
      "background": "rgb(208,207,212)",
      "borderColor": "rgb(255,255,255)",
      "shadowColor": "#1ABC9C",
      "anchorX": 0.45881,
      "anchorY": 2.68707,
      "points": [
        174.19413,
        78.51243,
        198.90275,
        90.98101,
        200.04181,
        75.16438,
        174.19413,
        63.10734
      ]
    },
    {
      "type": "shape",
      "borderWidth": 0.5,
      "borderColor": "rgb(169,166,173)",
      "shadowColor": "#1ABC9C",
      "points": [
        210.31303,
        75.67829,
        210.31303,
        75.67829,
        211.19134,
        80.53395,
        218.05285,
        73.95833,
        224.91437,
        67.38271,
        229.90147,
        42.04349,
        229.90147,
        42.04349
      ],
      "segments": [
        1,
        4,
        4
      ]
    },
    {
      "type": "shape",
      "borderWidth": 0.5,
      "borderColor": "rgb(219,217,222)",
      "shadowColor": "#1ABC9C",
      "points": [
        214.30716,
        69.73009,
        214.30716,
        69.73009,
        216.11312,
        69.1281,
        221.63133,
        61.70361,
        227.14953,
        54.27911,
        230.0439,
        41.27461,
        230.0439,
        41.27461
      ],
      "segments": [
        1,
        4,
        4
      ]
    },
    {
      "type": "shape",
      "background": "rgb(228,227,232)",
      "borderColor": "rgb(255,255,255)",
      "shadowColor": "#1ABC9C",
      "anchorX": 0.45881,
      "anchorY": 2.68707,
      "points": [
        209.27268,
        81.27873,
        209.27268,
        93.81638,
        222.17553,
        85.99551
      ]
    },
    {
      "type": "shape",
      "background": "rgb(186,185,189)",
      "borderColor": "#979797",
      "shadowColor": "#1ABC9C",
      "rotation": 0.5236,
      "points": [
        218.81686,
        35.29175,
        220.07585,
        37.47239,
        220.58171,
        83.65616,
        218.45314,
        79.96938
      ]
    },
    {
      "type": "shape",
      "background": "rgb(228,227,232)",
      "borderColor": "#979797",
      "shadowColor": "#1ABC9C",
      "rotation": 0.5236,
      "points": [
        213.81037,
        84.74473,
        217.26319,
        33.76997,
        218.25691,
        33.65993,
        217.9142,
        85.83104,
        217.9142,
        85.83104
      ]
    },
    {
      "type": "shape",
      "background": "rgb(186,185,189)",
      "borderColor": "rgb(255,255,255)",
      "shadowColor": "#1ABC9C",
      "anchorX": 0.45881,
      "anchorY": 2.68707,
      "points": [
        198.25261,
        74.03045,
        198.25261,
        109.79291,
        222.17553,
        97.53488,
        222.17553,
        85.8143,
        210.30643,
        91.93064,
        210.30643,
        69.03687
      ]
    },
    {
      "type": "shape",
      "background": "rgb(228,227,232)",
      "borderColor": "rgb(255,255,255)",
      "shadowColor": "#1ABC9C",
      "anchorX": 0.45881,
      "anchorY": 2.68707,
      "points": [
        186.07777,
        57.10283,
        174.16819,
        63.09304,
        198.3413,
        75.09723,
        210.21407,
        69.06571,
        210.21407,
        69.06571
      ]
    },
    {
      "type": "shape",
      "background": "rgb(245,158,95)",
      "borderColor": "#979797",
      "shadowColor": "#1ABC9C",
      "points": [
        57.08875,
        125.315,
        164.8723,
        71.53144,
        200.89537,
        89.17072,
        200.89537,
        113.4112,
        93.0166,
        167.41119,
        57.08875,
        149.44726
      ]
    },
    {
      "type": "shape",
      "background": "rgb(232,239,255)",
      "borderColor": "#979797",
      "shadowColor": "#1ABC9C",
      "points": [
        103.22796,
        106.32554,
        111.03009,
        110.33699,
        116.67088,
        107.3109,
        108.98339,
        103.45328,
        140.9596,
        87.54755,
        147.24609,
        90.83228,
        137.41106,
        95.73245,
        153.91938,
        104.92592,
        147.8639,
        108.07239,
        131.27777,
        98.61601,
        123.17075,
        102.67884,
        140.9596,
        111.59715,
        132.3809,
        115.82587,
        123.17075,
        111.08125,
        117.72838,
        113.77917,
        127.07809,
        118.43076,
        117.72838,
        123.10442,
        94.02896,
        111.08125
      ]
    },
    {
      "type": "shape",
      "background": "rgba(30,30,31,0.4)",
      "borderColor": "#979797",
      "shadowColor": "#1ABC9C",
      "displayName": "不规则图形",
      "points": [
        92.81079,
        143.52365,
        92.81079,
        167.50304,
        200.82791,
        113.51149,
        200.82791,
        89.61111,
        92.81079,
        143.52365
      ]
    },
    {
      "type": "shape",
      "background": "rgba(59,62,69,0.2)",
      "borderColor": "#979797",
      "shadowColor": "#1ABC9C",
      "points": [
        92.83281,
        143.47524,
        92.83281,
        167.47067,
        56.89542,
        149.5252,
        56.89542,
        125.50246,
        92.83281,
        143.47524
      ]
    },
    {
      "type": "shape",
      "borderWidth": 0.5,
      "borderColor": "rgb(232,230,235)",
      "borderCap": "round",
      "shadowColor": "#1ABC9C",
      "points": [
        56.24705,
        114.79429,
        56.24705,
        114.79429,
        56.35389,
        124.80743,
        62.40634,
        124.22825,
        68.45879,
        123.64907,
        80.45684,
        112.47756,
        80.45684,
        112.47756
      ],
      "segments": [
        1,
        4,
        4
      ]
    },
    {
      "type": "shape",
      "background": "rgb(22,17,99)",
      "borderColor": "#979797",
      "shadowColor": "#1ABC9C",
      "displayName": "不规则图形",
      "points": [
        20.89537,
        170.78574,
        44.90964,
        194.30508,
        80.52882,
        197.43124,
        248.9171,
        113.13001,
        249.65281,
        92.59067,
        249.21281,
        92.59067,
        200.7813,
        116.53061,
        99.27738,
        167.48636,
        94.67281,
        158.63067,
        93.53351,
        158.4041,
        92.44535,
        158.93661,
        92.44535,
        158.93661,
        48.11902,
        154.1046,
        47.37803,
        154.47394
      ],
      "segments": [
        1,
        2,
        2,
        2,
        2,
        2,
        2,
        2,
        2,
        2,
        2,
        4
      ]
    },
    {
      "type": "shape",
      "background": "rgb(57,51,135)",
      "borderColor": "#979797",
      "shadowColor": "#1ABC9C",
      "displayName": "不规则图形",
      "points": [
        21.50922,
        171.27999,
        45.64534,
        194.79942,
        81.26453,
        197.92557,
        249.65281,
        113.62434,
        249.65281,
        93.03536,
        201.51701,
        117.02494,
        100.01308,
        167.98069,
        94.70852,
        158.545,
        93.54852,
        159.125,
        93.54852,
        159.125,
        64.48051,
        173.9543,
        63.6689,
        174.35884
      ],
      "segments": [
        1,
        2,
        2,
        2,
        2,
        2,
        2,
        2,
        2,
        4
      ]
    },
    {
      "type": "shape",
      "background": "rgb(240,240,240)",
      "borderColor": "#979797",
      "shadowColor": "#1ABC9C",
      "points": [
        92.93902,
        158.69772,
        64.10864,
        173.41337,
        21.08651,
        170.79713,
        32.63035,
        149.64423,
        54.14576,
        138.93965,
        92.93902,
        158.69772
      ]
    },
    {
      "type": "shape",
      "borderWidth": 0.5,
      "borderColor": "rgb(186,185,189)",
      "borderCap": "round",
      "shadowColor": "#1ABC9C",
      "points": [
        85.1008,
        157.53447,
        85.1008,
        157.53447,
        79.42719,
        158.69021,
        76.17011,
        153.0166,
        72.91304,
        147.34298,
        80.85256,
        113.40997,
        80.85256,
        113.40997
      ],
      "segments": [
        1,
        4,
        4
      ]
    },
    {
      "type": "shape",
      "borderWidth": 0.5,
      "borderColor": "rgb(157,155,163)",
      "shadowColor": "#1ABC9C",
      "points": [
        51.85691,
        143.16014,
        51.85691,
        143.16014,
        53.54879,
        146.35378,
        60.41031,
        139.77816,
        67.27182,
        133.20254,
        79.91281,
        114.31067,
        79.91281,
        114.31067
      ],
      "segments": [
        1,
        4,
        4
      ]
    },
    {
      "type": "shape",
      "background": "rgb(217,212,212)",
      "borderColor": "#979797",
      "shadowColor": "#1ABC9C",
      "points": [
        54.53234,
        137.82988,
        54.2076,
        137.53144,
        32.88554,
        147.96001,
        32.88554,
        150.16297,
        54.53234,
        138.97786
      ]
    },
    {
      "type": "shape",
      "background": "rgb(196,185,185)",
      "borderColor": "#979797",
      "shadowColor": "#1ABC9C",
      "points": [
        21.08651,
        170.49661,
        32.89281,
        147.97067,
        32.89281,
        150.13067,
        23.1686,
        170.49661
      ]
    },
    {
      "type": "shape",
      "background": "rgb(208,207,212)",
      "borderColor": "#979797",
      "shadowColor": "#1ABC9C",
      "points": [
        51.23206,
        116.47973,
        55.99281,
        113.99067,
        56.85281,
        113.99067,
        51.42459,
        116.96106
      ]
    },
    {
      "type": "shape",
      "background": "rgb(186,185,189)",
      "borderColor": "#979797",
      "shadowColor": "#1ABC9C",
      "points": [
        56.91281,
        113.97067,
        56.91281,
        114.37067,
        51.45281,
        117.35067,
        51.45281,
        116.89067
      ]
    },
    {
      "type": "shape",
      "background": "rgb(176,69,69)",
      "borderColor": "#979797",
      "shadowColor": "#1ABC9C",
      "points": [
        249.24821,
        112.72777,
        249.24821,
        102.37864,
        76.91805,
        190.82496,
        37.59923,
        187.21398,
        43.80058,
        193.35947,
        81.43607,
        197.60199,
        249.24821,
        113.05049
      ]
    },
    {
      "type": "shape",
      "background": "rgb(186,185,189)",
      "borderColor": "rgb(255,255,255)",
      "shadowColor": "#1ABC9C",
      "anchorX": 0.45881,
      "anchorY": 2.68707,
      "points": [
        54.39465,
        161.74028,
        54.39465,
        163.94804,
        65.9481,
        158.83414,
        65.9481,
        156.88982
      ]
    },
    {
      "type": "shape",
      "background": "rgb(228,227,232)",
      "borderColor": "rgb(255,255,255)",
      "shadowColor": "#1ABC9C",
      "anchorX": 0.45881,
      "anchorY": 2.68707,
      "points": [
        54.34611,
        151.84784,
        42.8694,
        156.81529,
        54.34611,
        161.90077,
        65.9481,
        156.81529,
        54.34611,
        151.84784
      ]
    },
    {
      "type": "shape",
      "background": "rgb(208,207,212)",
      "borderColor": "#979797",
      "shadowColor": "#1ABC9C",
      "points": [
        49.91729,
        158.49053,
        50.61958,
        111.34926,
        51.46385,
        111.34926,
        52.56149,
        158.49053,
        51.46385,
        159.25262
      ]
    },
    {
      "type": "shape",
      "background": "rgb(186,185,189)",
      "borderColor": "#979797",
      "shadowColor": "#1ABC9C",
      "points": [
        51.07281,
        111.31067,
        51.46385,
        111.31067,
        52.56149,
        158.49053,
        51.46385,
        159.25262
      ]
    },
    {
      "type": "shape",
      "background": "rgb(186,185,189)",
      "borderColor": "#979797",
      "shadowColor": "#1ABC9C",
      "rotation": 0.5236,
      "points": [
        68.49787,
        108.15123,
        69.05787,
        109.12117,
        69.39149,
        159.55093,
        68.18157,
        160.45627
      ]
    },
    {
      "type": "shape",
      "background": "rgb(208,207,212)",
      "borderColor": "#979797",
      "shadowColor": "#1ABC9C",
      "rotation": 0.5236,
      "points": [
        66.55326,
        159.71244,
        67.89907,
        108.03155,
        68.71483,
        107.56058,
        68.37212,
        159.73169,
        68.37212,
        159.73169
      ]
    },
    {
      "type": "shape",
      "background": "rgb(186,185,189)",
      "borderColor": "rgb(255,255,255)",
      "shadowColor": "#1ABC9C",
      "anchorX": 0.45881,
      "anchorY": 2.68707,
      "points": [
        193.00498,
        69.01028,
        193.00498,
        72.26806,
        204.55843,
        67.03623,
        204.55843,
        63.95214
      ]
    },
    {
      "type": "shape",
      "background": "rgb(238,237,240)",
      "borderColor": "rgb(154,218,245)",
      "shadowColor": "#1ABC9C",
      "anchorX": 0.45881,
      "anchorY": 2.68707,
      "points": [
        193.50863,
        58.39986,
        181.92459,
        63.95139,
        192.95644,
        69.03687,
        204.55843,
        63.95139,
        193.50863,
        58.39986
      ]
    },
    {
      "type": "shape",
      "background": "rgb(208,207,212)",
      "borderColor": "#979797",
      "shadowColor": "#1ABC9C",
      "points": [
        181.95416,
        63.9757,
        192.96635,
        69.06695,
        193.00406,
        72.64968,
        181.95416,
        67.14359
      ]
    },
    {
      "type": "shape",
      "background": "rgb(167,240,252)",
      "borderColor": "#979797",
      "shadowColor": "#1ABC9C",
      "points": [
        178.51737,
        66.10003,
        178.51737,
        69.71492,
        185.57309,
        73.40434,
        185.57309,
        69.75218,
        178.553,
        66.10003
      ]
    },
    {
      "type": "shape",
      "background": "rgb(109,222,237)",
      "borderColor": "#979797",
      "shadowColor": "#1ABC9C",
      "points": [
        182.96028,
        73.79291,
        182.96028,
        78.25834,
        192.09796,
        82.81584,
        192.09796,
        78.30438,
        183.00643,
        73.79291
      ]
    },
    {
      "type": "shape",
      "background": "rgb(181,87,118)",
      "borderColor": "#979797",
      "shadowColor": "#1ABC9C",
      "displayName": "不规则图形",
      "points": [
        104.99206,
        142.31708,
        104.99206,
        147.72839,
        128.99206,
        135.54439,
        128.99206,
        130.15092,
        104.99206,
        142.31708
      ]
    },
    {
      "type": "shape",
      "background": "rgb(57,51,135)",
      "borderColor": "#979797",
      "shadowColor": "#1ABC9C",
      "displayName": "不规则图形",
      "points": [
        124.98878,
        141.303,
        124.98878,
        146.71431,
        148.98878,
        134.53031,
        148.98878,
        129.13684,
        124.98878,
        141.303
      ]
    },
    {
      "type": "shape",
      "background": "rgb(87,181,143)",
      "borderColor": "#979797",
      "shadowColor": "#1ABC9C",
      "displayName": "不规则图形",
      "points": [
        162.90903,
        113.08556,
        162.90903,
        121.23204,
        197.26757,
        102.88958,
        197.26757,
        94.76995,
        162.90903,
        113.08556
      ]
    },
    {
      "type": "shape",
      "background": "rgb(245,179,73)",
      "borderColor": "#979797",
      "shadowColor": "#1ABC9C",
      "points": [
        95.55319,
        142.1503,
        92.8279,
        146.35378,
        91.18744,
        142.64924
      ]
    },
    {
      "type": "shape",
      "background": "rgb(64,77,161)",
      "borderColor": "#979797",
      "shadowColor": "#1ABC9C",
      "points": [
        177.66065,
        116.96652,
        200.82791,
        104.25287,
        200.82791,
        105.40669,
        177.66065,
        118.36848
      ]
    },
    {
      "type": "shape",
      "background": "rgb(228,227,232)",
      "borderColor": "#979797",
      "shadowColor": "#1ABC9C",
      "displayName": "不规则图形",
      "anchorX": 1.56712,
      "anchorY": -0.1628,
      "points": [
        78.46253,
        168.67346,
        78.46253,
        174.08476,
        91.73908,
        167.33079,
        91.73908,
        161.90077,
        78.46253,
        168.67346
      ]
    },
    {
      "type": "shape",
      "borderWidth": 1,
      "borderColor": "rgb(184,238,245)",
      "borderCap": "round",
      "shadowColor": "#1ABC9C",
      "points": [
        44.41205,
        194.48691,
        54.0943,
        194.48691,
        73.28535,
        199.40916,
        81.72973,
        197.32432,
        90.17411,
        195.23949,
        90.11588,
        191.68633,
        98.92733,
        187.11998,
        107.73877,
        182.55364,
        106.09756,
        185.68698,
        117.44989,
        180.80547,
        128.80222,
        175.92397,
        129.00473,
        171.71466,
        142.28696,
        166.49258,
        155.56919,
        161.27051,
        153.22976,
        162.66524,
        164.69562,
        155.05918,
        176.16148,
        147.45311,
        172.18012,
        156.02776,
        179.33209,
        149.44341,
        186.48406,
        142.85905,
        186.46472,
        144.16717,
        191.11917,
        142.91841,
        195.77363,
        141.66966,
        203.47909,
        137.79328,
        215.74576,
        131.34181,
        228.01244,
        124.89035,
        242.09274,
        114.09044,
        249.84412,
        113.24022,
        257.5955,
        112.38999,
        254.47476,
        110.71441,
        254.47476,
        110.71441
      ],
      "segments": [
        1,
        4,
        4,
        4,
        4,
        4,
        4,
        4,
        4,
        4,
        4
      ]
    },
    {
      "type": "shape",
      "background": "rgb(208,207,212)",
      "borderColor": "rgb(255,255,255)",
      "shadowColor": "#1ABC9C",
      "anchorX": 0.45881,
      "anchorY": 2.68707,
      "points": [
        54.39465,
        161.89826,
        54.39465,
        163.94804,
        43.06907,
        158.89172,
        43.06907,
        156.85975
      ]
    }
  ]
}