{
  "v": "6.3.1",
  "p": {
    "background": "rgb(4,35,89)",
    "envmap": "assets/贴图/环境光/星光2.jpg",
    "autoAdjustIndex": true,
    "hierarchicalRendering": true,
    "postProcessingData": {
      "Bloom": {
        "enable": true,
        "strength": 1.5,
        "threshold": 0.98,
        "radius": 0.4
      },
      "Dof": {
        "enable": true,
        "aperture": 0.009,
        "maxblur": 1,
        "image": "assets/Axialshift.png"
      }
    }
  },
  "d": [
    {
      "c": "ht.Node",
      "i": 53116,
      "p": {
        "position": {
          "x": -13.87555,
          "y": 13.76984
        },
        "anchorElevation": 0,
        "scale": {
          "x": 0.1,
          "y": 0.1
        },
        "scaleTall": 0.1,
        "elevation": -57
      },
      "s": {
        "shape3d": "models/HT模型库/机械/海洋/平台.json",
        "wf.visible": "selected",
        "2d.movable": false,
        "3d.movable": false,
        "envmap": 0.1
      }
    },
    {
      "c": "ht.Node",
      "i": 53117,
      "p": {
        "parent": {
          "__i": 53116
        },
        "host": {
          "__i": 53116
        },
        "position": {
          "x": -35.01165,
          "y": 19.6121
        },
        "anchorElevation": 0,
        "scale": {
          "x": 0.1,
          "y": 0.1
        },
        "scaleTall": 0.1,
        "elevation": 9.04924
      },
      "s": {
        "shape3d": "models/HT模型库/机械/海洋/集装箱.json",
        "wf.visible": "selected",
        "2d.movable": false,
        "3d.movable": false,
        "envmap": 0.2
      }
    },
    {
      "c": "ht.Node",
      "i": 53118,
      "p": {
        "parent": {
          "__i": 53117
        },
        "host": {
          "__i": 53117
        },
        "position": {
          "x": -35.01165,
          "y": 21.98906
        },
        "anchorElevation": 0,
        "scale": {
          "x": 0.1,
          "y": 0.1
        },
        "scaleTall": 0.1,
        "elevation": 9.04923
      },
      "s": {
        "shape3d": "models/HT模型库/机械/海洋/集装箱.json",
        "wf.visible": "selected",
        "2d.movable": false,
        "3d.movable": false,
        "envmap": 0.2
      }
    },
    {
      "c": "ht.Node",
      "i": 53119,
      "p": {
        "parent": {
          "__i": 53117
        },
        "host": {
          "__i": 53117
        },
        "position": {
          "x": -35.01165,
          "y": 24.42374
        },
        "anchorElevation": 0,
        "scale": {
          "x": 0.1,
          "y": 0.1
        },
        "scaleTall": 0.1,
        "elevation": 9.04923
      },
      "s": {
        "shape3d": "models/HT模型库/机械/海洋/集装箱.json",
        "wf.visible": "selected",
        "2d.movable": false,
        "3d.movable": false,
        "envmap": 0.2
      }
    },
    {
      "c": "ht.Node",
      "i": 53120,
      "p": {
        "parent": {
          "__i": 53117
        },
        "host": {
          "__i": 53117
        },
        "position": {
          "x": -35.01165,
          "y": 21.98906
        },
        "anchorElevation": 0,
        "scale": {
          "x": 0.1,
          "y": 0.1
        },
        "scaleTall": 0.1,
        "elevation": 11.01386
      },
      "s": {
        "shape3d": "models/HT模型库/机械/海洋/集装箱.json",
        "wf.visible": "selected",
        "2d.movable": false,
        "3d.movable": false,
        "envmap": 0.2
      }
    },
    {
      "c": "ht.Node",
      "i": 53121,
      "p": {
        "parent": {
          "__i": 53117
        },
        "host": {
          "__i": 53117
        },
        "position": {
          "x": -35.01165,
          "y": 24.42374
        },
        "anchorElevation": 0,
        "scale": {
          "x": 0.1,
          "y": 0.1
        },
        "scaleTall": 0.1,
        "elevation": 11.01386
      },
      "s": {
        "shape3d": "models/HT模型库/机械/海洋/集装箱.json",
        "wf.visible": "selected",
        "2d.movable": false,
        "3d.movable": false,
        "envmap": 0.2
      }
    },
    {
      "c": "ht.Node",
      "i": 53122,
      "p": {
        "displayName": "平台投影",
        "parent": {
          "__i": 53116
        },
        "host": {
          "__i": 53116
        },
        "position": {
          "x": -12.56835,
          "y": 18.11212
        },
        "anchorElevation": 0,
        "width": 69.8226,
        "height": 25.48486,
        "tall": 50,
        "elevation": -53.42902
      },
      "s": {
        "all.color": "#DDDDDD",
        "shape3d": "plane",
        "shape3d.image": "assets/贴图/fxty22.png",
        "shape3d.transparent": true,
        "2d.selectable": false,
        "3d.selectable": false,
        "shape3d.reverse.cull": true
      }
    },
    {
      "c": "ht.Node",
      "i": 53123,
      "p": {
        "displayName": "平台投影",
        "parent": {
          "__i": 53122
        },
        "host": {
          "__i": 53122
        },
        "position": {
          "x": -12.56835,
          "y": -21.86664
        },
        "anchorElevation": 0,
        "width": 69.8226,
        "height": 29.44595,
        "tall": 50,
        "elevation": -33.53376
      },
      "s": {
        "all.color": "#DDDDDD",
        "shape3d": "plane",
        "shape3d.image": "assets/贴图/fxty22.png",
        "shape3d.transparent": true,
        "2d.selectable": false,
        "3d.selectable": false,
        "shape3d.reverse.cull": true
      }
    },
    {
      "c": "ht.Node",
      "i": 53124,
      "p": {
        "displayName": "平台投影",
        "parent": {
          "__i": 53122
        },
        "host": {
          "__i": 53122
        },
        "position": {
          "x": -12.56835,
          "y": 9.22345
        },
        "anchorElevation": 0,
        "width": 69.8226,
        "height": 18.75089,
        "tall": 50,
        "elevation": -33.53376
      },
      "s": {
        "all.color": "#DDDDDD",
        "shape3d": "plane",
        "shape3d.image": "assets/贴图/fxty22.png",
        "shape3d.transparent": true,
        "2d.selectable": false,
        "3d.selectable": false,
        "shape3d.reverse.cull": true
      }
    },
    {
      "c": "ht.Node",
      "i": 53125,
      "p": {
        "displayName": "平台投影",
        "parent": {
          "__i": 53122
        },
        "host": {
          "__i": 53122
        },
        "position": {
          "x": -12.56835,
          "y": -21.86664
        },
        "anchorElevation": 0,
        "width": 69.8226,
        "height": 29.44595,
        "tall": 50,
        "elevation": -39.63436
      },
      "s": {
        "all.color": "#DDDDDD",
        "shape3d": "plane",
        "shape3d.image": "assets/贴图/fxty22.png",
        "shape3d.transparent": true,
        "2d.selectable": false,
        "3d.selectable": false,
        "shape3d.reverse.cull": true
      }
    },
    {
      "c": "ht.Node",
      "i": 53126,
      "p": {
        "displayName": "平台投影",
        "parent": {
          "__i": 53122
        },
        "host": {
          "__i": 53122
        },
        "position": {
          "x": -12.56835,
          "y": -21.86664
        },
        "anchorElevation": 0,
        "width": 69.8226,
        "height": 29.44595,
        "tall": 50,
        "elevation": -45.5534
      },
      "s": {
        "all.color": "#DDDDDD",
        "shape3d": "plane",
        "shape3d.image": "assets/贴图/fxty22.png",
        "shape3d.transparent": true,
        "2d.selectable": false,
        "3d.selectable": false,
        "shape3d.reverse.cull": true
      }
    },
    {
      "c": "ht.Node",
      "i": 53127,
      "p": {
        "displayName": "平台投影",
        "parent": {
          "__i": 53122
        },
        "host": {
          "__i": 53122
        },
        "position": {
          "x": -12.56835,
          "y": 18.11212
        },
        "anchorElevation": 0,
        "width": 69.8226,
        "height": 25.48486,
        "tall": 50,
        "elevation": -21.36784
      },
      "s": {
        "all.color": "#DDDDDD",
        "shape3d": "plane",
        "shape3d.image": "assets/贴图/fxty22.png",
        "shape3d.transparent": true,
        "2d.selectable": false,
        "3d.selectable": false,
        "shape3d.reverse.cull": true
      }
    },
    {
      "c": "ht.Node",
      "i": 53128,
      "p": {
        "displayName": "平台投影",
        "parent": {
          "__i": 53122
        },
        "host": {
          "__i": 53122
        },
        "position": {
          "x": -12.56835,
          "y": 18.11212
        },
        "anchorElevation": 0,
        "width": 69.8226,
        "height": 25.48486,
        "tall": 50,
        "elevation": -26.65197
      },
      "s": {
        "all.color": "#DDDDDD",
        "shape3d": "plane",
        "shape3d.image": "assets/贴图/fxty22.png",
        "shape3d.transparent": true,
        "2d.selectable": false,
        "3d.selectable": false,
        "shape3d.reverse.cull": true
      }
    },
    {
      "c": "ht.Node",
      "i": 53129,
      "p": {
        "displayName": "平台投影",
        "parent": {
          "__i": 53122
        },
        "host": {
          "__i": 53122
        },
        "position": {
          "x": -12.56835,
          "y": 18.11212
        },
        "anchorElevation": 0,
        "width": 69.8226,
        "height": 25.48486,
        "tall": 50,
        "elevation": -32.26982
      },
      "s": {
        "all.color": "#DDDDDD",
        "shape3d": "plane",
        "shape3d.image": "assets/贴图/fxty22.png",
        "shape3d.transparent": true,
        "2d.selectable": false,
        "3d.selectable": false,
        "shape3d.reverse.cull": true
      }
    },
    {
      "c": "ht.Node",
      "i": 53130,
      "p": {
        "displayName": "平台投影",
        "parent": {
          "__i": 53122
        },
        "host": {
          "__i": 53122
        },
        "position": {
          "x": -12.56835,
          "y": 18.11212
        },
        "anchorElevation": 0,
        "width": 69.8226,
        "height": 25.48486,
        "tall": 50,
        "elevation": -39.55135
      },
      "s": {
        "all.color": "#DDDDDD",
        "shape3d": "plane",
        "shape3d.image": "assets/贴图/fxty22.png",
        "shape3d.transparent": true,
        "2d.selectable": false,
        "3d.selectable": false,
        "shape3d.reverse.cull": true
      }
    },
    {
      "c": "ht.Node",
      "i": 53131,
      "p": {
        "displayName": "平台投影",
        "parent": {
          "__i": 53122
        },
        "host": {
          "__i": 53122
        },
        "position": {
          "x": -12.56835,
          "y": 18.11212
        },
        "anchorElevation": 0,
        "width": 69.8226,
        "height": 25.48486,
        "tall": 50,
        "elevation": -45.50469
      },
      "s": {
        "all.color": "#DDDDDD",
        "shape3d": "plane",
        "shape3d.image": "assets/贴图/fxty22.png",
        "shape3d.transparent": true,
        "2d.selectable": false,
        "3d.selectable": false,
        "shape3d.reverse.cull": true
      }
    },
    {
      "c": "ht.Node",
      "i": 53132,
      "p": {
        "displayName": "底座",
        "parent": {
          "__i": 53116
        },
        "host": {
          "__i": 53116
        },
        "position": {
          "x": -35.92142,
          "y": 10.19531
        },
        "anchorElevation": 0,
        "width": 10.62764,
        "height": 11.32169,
        "tall": 50,
        "elevation": -106.30056
      },
      "s": {
        "all.color": "rgb(71,71,71)",
        "bottom.visible": false,
        "2d.selectable": false,
        "3d.selectable": false
      }
    },
    {
      "c": "ht.Node",
      "i": 53133,
      "p": {
        "displayName": "底座",
        "parent": {
          "__i": 53132
        },
        "host": {
          "__i": 53132
        },
        "position": {
          "x": 10.20064,
          "y": 10.19531
        },
        "anchorElevation": 0,
        "width": 10.62764,
        "height": 11.32169,
        "tall": 50,
        "elevation": -106.30056
      },
      "s": {
        "all.color": "rgb(71,71,71)",
        "bottom.visible": false,
        "2d.selectable": false,
        "3d.selectable": false
      }
    },
    {
      "c": "ht.Node",
      "i": 53134,
      "p": {
        "displayName": "底座",
        "parent": {
          "__i": 53132
        },
        "host": {
          "__i": 53132
        },
        "position": {
          "x": -35.92142,
          "y": -19.22569
        },
        "anchorElevation": 0,
        "width": 10.62764,
        "height": 11.32169,
        "tall": 50,
        "elevation": -106.30056
      },
      "s": {
        "all.color": "rgb(71,71,71)",
        "bottom.visible": false,
        "2d.selectable": false,
        "3d.selectable": false
      }
    },
    {
      "c": "ht.Node",
      "i": 53135,
      "p": {
        "displayName": "底座",
        "parent": {
          "__i": 53132
        },
        "host": {
          "__i": 53132
        },
        "position": {
          "x": 10.20064,
          "y": -19.22569
        },
        "anchorElevation": 0,
        "width": 10.62764,
        "height": 11.32169,
        "tall": 50,
        "elevation": -106.30056
      },
      "s": {
        "all.color": "rgb(71,71,71)",
        "bottom.visible": false,
        "2d.selectable": false,
        "3d.selectable": false
      }
    },
    {
      "c": "ht.Node",
      "i": 53136,
      "p": {
        "displayName": "底座",
        "parent": {
          "__i": 53132
        },
        "host": {
          "__i": 53132
        },
        "position": {
          "x": -10.49592,
          "y": -23.59934
        },
        "anchorElevation": 0,
        "width": 19.06497,
        "height": 18.49445,
        "tall": 50,
        "elevation": -106.30056
      },
      "s": {
        "all.color": "rgb(71,71,71)",
        "bottom.visible": false,
        "2d.selectable": false,
        "3d.selectable": false
      }
    },
    {
      "c": "ht.Node",
      "i": 53137,
      "p": {
        "parent": {
          "__i": 53116
        },
        "host": {
          "__i": 53116
        },
        "rotation": 9.75833,
        "position": {
          "x": 12.60668,
          "y": 8.35
        },
        "anchor": {
          "x": 0.5,
          "y": 0.9028
        },
        "anchorElevation": 0,
        "scale": {
          "x": 0.1,
          "y": 0.1
        },
        "scaleTall": 0.1,
        "elevation": 10.54196
      },
      "s": {
        "shape3d": "models/HT模型库/机械/海洋/吊臂.json",
        "wf.visible": "selected",
        "2d.movable": false,
        "3d.movable": false,
        "envmap": 0.2
      }
    },
    {
      "c": "ht.Node",
      "i": 53138,
      "p": {
        "parent": {
          "__i": 53116
        },
        "host": {
          "__i": 53116
        },
        "rotation": -0.80563,
        "position": {
          "x": -38.8181,
          "y": 8.35
        },
        "anchor": {
          "x": 0.5,
          "y": 0.9028
        },
        "anchorElevation": 0,
        "scale": {
          "x": 0.1,
          "y": 0.1
        },
        "scaleTall": 0.1,
        "elevation": 10.54196
      },
      "s": {
        "shape3d": "models/HT模型库/机械/海洋/吊臂.json",
        "wf.visible": "selected",
        "2d.movable": false,
        "3d.movable": false,
        "envmap": 0.2
      }
    },
    {
      "c": "ht.Node",
      "i": 53139,
      "p": {
        "position": {
          "x": -893.4738,
          "y": 40.52307
        },
        "anchorElevation": 0,
        "width": 8519.18092,
        "height": 8117.39671,
        "tall": 50,
        "elevation": -75.19514
      },
      "s": {
        "all.color": "#DDDDDD",
        "shape3d": "plane",
        "shape3d.color": "rgba(51,153,255,0.39)",
        "shape3d.transparent": true,
        "2d.visible": false,
        "3d.visible": false
      }
    },
    {
      "c": "ht.Node",
      "i": 53140,
      "p": {
        "displayName": "海面173-190",
        "position": {
          "x": -894.55742,
          "y": 41.18261
        },
        "anchorElevation": 0,
        "width": 8499.66741,
        "height": 8109.37656,
        "tall": 173,
        "elevation": -224.3351
      },
      "s": {
        "all.color": "rgba(1,62,122,0.75)",
        "all.transparent": true,
        "all.reverse.flip": true,
        "2d.selectable": false,
        "3d.selectable": false,
        "envmap": 0.09
      }
    },
    {
      "c": "ht.Node",
      "i": 53141,
      "p": {
        "position": {
          "x": -890.16899,
          "y": 39.86352
        },
        "anchorElevation": 0,
        "scale": {
          "x": 3,
          "y": 3
        },
        "scaleTall": 2,
        "width": 2837.52377,
        "height": 2706.2386,
        "elevation": -128.71647
      },
      "s": {
        "shape3d": "models/HT模型库/机械/海洋/地形wg.json",
        "wf.visible": "selected",
        "2d.selectable": false,
        "3d.selectable": false,
        "shape3d.blend": "rgb(51,116,255)"
      }
    },
    {
      "c": "ht.Node",
      "i": 53142,
      "p": {
        "parent": {
          "__i": 53141
        },
        "host": {
          "__i": 53141
        },
        "position": {
          "x": -894.55742,
          "y": 41.18261
        },
        "anchorElevation": 0,
        "width": 8512.5713,
        "height": 8118.71579,
        "tall": 178,
        "elevation": -272.42566
      },
      "s": {
        "all.color": "rgb(26,58,110)",
        "all.reverse.flip": true,
        "2d.selectable": false,
        "3d.selectable": false,
        "bottom.visible": false,
        "top.visible": false
      }
    },
    {
      "c": "ht.Node",
      "i": 53143,
      "p": {
        "parent": {
          "__i": 53141
        },
        "host": {
          "__i": 53141
        },
        "position": {
          "x": -894.55742,
          "y": 41.18261
        },
        "anchorElevation": 0,
        "width": 8517.01367,
        "height": 8126.72282,
        "tall": 161,
        "elevation": -430.85067
      },
      "s": {
        "all.color": "rgb(51,29,10)",
        "bottom.visible": false,
        "top.visible": false,
        "all.reverse.flip": true,
        "2d.selectable": false,
        "3d.selectable": false
      }
    },
    {
      "c": "ht.Shape",
      "i": 53144,
      "p": {
        "displayName": "线路",
        "tag": "flowpath2",
        "rotationZ": 0.03491,
        "position": {
          "x": 1483.7824,
          "y": -102.28422
        },
        "anchorElevation": 0,
        "width": 2986.1725,
        "height": 254.89588,
        "tall": 1,
        "elevation": -19.1452,
        "segments": {
          "__a": [
            1,
            4,
            4
          ]
        },
        "points": {
          "__a": [
            {
              "x": -9.30385,
              "y": -26.6077
            },
            {
              "x": -9.30385,
              "y": -26.6077
            },
            {
              "x": 238.84354,
              "y": -188.84558
            },
            {
              "x": 779.71912,
              "y": -209.28887
            },
            {
              "x": 1320.59469,
              "y": -229.73216
            },
            {
              "x": 2976.86865,
              "y": 25.16372
            },
            {
              "x": 2976.86865,
              "y": 25.16372
            }
          ]
        },
        "thickness": 60
      },
      "s": {
        "all.color": "#DDDDDD",
        "shape.background": null,
        "shape.border.width": 14,
        "shape.border.color": "#DDDDDD",
        "top.image": "symbols/3d场景用/飞光流动.json",
        "top.uv.scale": [
          -5,
          1
        ],
        "all.visible": false,
        "top.visible": true,
        "top.transparent": true,
        "top.reverse.flip": true,
        "select.brightness": 1,
        "2d.selectable": false,
        "3d.selectable": false
      }
    },
    {
      "c": "ht.Node",
      "i": 53145,
      "p": {
        "displayName": "飞光",
        "position": {
          "x": -13.44164,
          "y": 8.54506
        },
        "anchorElevation": 0,
        "width": 120,
        "height": 120,
        "tall": 23,
        "elevation": -13.47438
      },
      "s": {
        "shape3d": "cylinder",
        "shape3d.color": "#DDDDDD",
        "shape3d.top.visible": false,
        "shape3d.bottom.visible": false,
        "shape3d.from.visible": false,
        "shape3d.to.visible": false,
        "shape3d.image": "symbols/3d场景用/飞光.json",
        "shape3d.uv.scale": [
          2,
          1
        ],
        "shape3d.transparent": true,
        "shape3d.reverse.flip": true,
        "shape3d.side": 64,
        "2d.selectable": false,
        "3d.selectable": false
      }
    },
    {
      "c": "ht.Node",
      "i": 53146,
      "p": {
        "rotation": 1.5708,
        "position": {
          "x": -12.93389,
          "y": 2.69984
        },
        "anchorElevation": 0,
        "scale": {
          "x": 2,
          "y": 2
        },
        "width": 190,
        "height": 190,
        "tall": 50,
        "elevation": -79.56758
      },
      "s": {
        "all.color": "#DDDDDD",
        "shape3d": "plane",
        "shape3d.image": "symbols/3d场景用/装饰科技圆环.json",
        "shape3d.transparent": true,
        "shape3d.image.cache": true,
        "2d.selectable": false,
        "3d.selectable": false,
        "shape3d.reverse.flip": true
      }
    },
    {
      "c": "ht.Node",
      "i": 53147,
      "p": {
        "displayName": "环境球",
        "tag": "skyBox",
        "rotation": 0.80285,
        "scale": {
          "x": 4,
          "y": 4
        },
        "scaleTall": 4,
        "width": 9000,
        "height": 9000,
        "tall": 9000,
        "elevation": 273
      },
      "s": {
        "shape3d": "sphere",
        "shape3d.color": "#DDDDDD",
        "shape3d.reverse.flip": true,
        "shape3d.image": "assets/贴图/天空球/天空球1-2048.jpg",
        "2d.selectable": false,
        "3d.selectable": false,
        "2d.movable": false,
        "3d.movable": false,
        "envmap": 0.05,
        "wf.short": true,
        "wf.visible": "selected",
        "shape3d.side.to": 0,
        "shape3d.blend": "rgb(13,21,71)"
      }
    },
    {
      "c": "ht.Shape",
      "i": 53148,
      "p": {
        "displayName": "航线",
        "tag": "flowpath2",
        "position": {
          "x": -1055.11225,
          "y": -212.8809
        },
        "anchorElevation": 0,
        "width": 2091.61681,
        "height": 797.60616,
        "tall": 1,
        "elevation": -47.80191,
        "segments": {
          "__a": [
            1,
            4,
            4
          ]
        },
        "points": {
          "__a": [
            {
              "x": -9.30385,
              "y": -26.6077
            },
            {
              "x": -9.30385,
              "y": -26.6077
            },
            {
              "x": -359.44955,
              "y": -611.68398
            },
            {
              "x": -858.96048,
              "y": -611.68398
            },
            {
              "x": -1358.47141,
              "y": -611.68398
            },
            {
              "x": -1468.78524,
              "y": -92.96109
            },
            {
              "x": -2100.92066,
              "y": 185.92218
            }
          ]
        },
        "thickness": 3
      },
      "s": {
        "all.color": "#32D3EB",
        "shape.background": null,
        "shape.border.width": 14,
        "shape.border.color": "#DDDDDD",
        "top.uv.scale": [
          52,
          1
        ],
        "all.visible": false,
        "top.visible": true,
        "top.transparent": true,
        "top.reverse.flip": true,
        "select.brightness": 1,
        "2d.selectable": false,
        "3d.selectable": false,
        "top.image": "symbols/虚线.json",
        "all.reverse.cull": true
      }
    },
    {
      "c": "ht.Shape",
      "i": 53149,
      "p": {
        "displayName": "航线",
        "tag": "flowpath2",
        "position": {
          "x": 1105.08175,
          "y": 766.87255
        },
        "anchorElevation": 0,
        "width": 2228.77119,
        "height": 1586.9605,
        "tall": 1,
        "elevation": -47.80191,
        "segments": {
          "__a": [
            1,
            4
          ]
        },
        "points": {
          "__a": [
            {
              "x": -9.30385,
              "y": -26.6077
            },
            {
              "x": -9.30385,
              "y": -26.6077
            },
            {
              "x": 450.58462,
              "y": 630.721
            },
            {
              "x": 2219.46734,
              "y": 1560.3528
            }
          ]
        },
        "thickness": 3
      },
      "s": {
        "all.color": "#32D3EB",
        "shape.background": null,
        "shape.border.width": 14,
        "shape.border.color": "#DDDDDD",
        "top.uv.scale": [
          52,
          1
        ],
        "all.visible": false,
        "top.visible": true,
        "top.transparent": true,
        "top.reverse.flip": true,
        "select.brightness": 1,
        "top.image": "symbols/虚线.json",
        "all.reverse.cull": true,
        "2d.selectable": false,
        "3d.selectable": false
      }
    },
    {
      "c": "ht.Node",
      "i": 53150,
      "p": {
        "displayName": "点",
        "rotation": 3.14159,
        "position": {
          "x": 2222.37645,
          "y": 1552.60068
        },
        "anchorElevation": 0,
        "scale": {
          "x": 2,
          "y": 2
        },
        "width": 60,
        "height": 60,
        "tall": 50,
        "elevation": -51.62443
      },
      "s": {
        "all.color": "#DDDDDD",
        "shape3d": "plane",
        "shape3d.image": "symbols/点.json",
        "shape3d.transparent": true,
        "shape3d.image.cache": true,
        "2d.selectable": false,
        "3d.selectable": false,
        "shape3d.reverse.flip": true
      }
    },
    {
      "c": "ht.Node",
      "i": 53151,
      "p": {
        "displayName": "点",
        "parent": {
          "__i": 53150
        },
        "host": {
          "__i": 53150
        },
        "rotation": 3.14159,
        "position": {
          "x": -2106.85796,
          "y": 178.99457
        },
        "anchorElevation": 0,
        "scale": {
          "x": 2,
          "y": 2
        },
        "width": 60,
        "height": 60,
        "tall": 50,
        "elevation": -37.15014
      },
      "s": {
        "all.color": "#DDDDDD",
        "shape3d": "plane",
        "shape3d.image": "symbols/点.json",
        "shape3d.transparent": true,
        "shape3d.image.cache": true,
        "2d.selectable": false,
        "3d.selectable": false,
        "shape3d.reverse.flip": true
      }
    },
    {
      "c": "ht.Node",
      "i": 53152,
      "p": {
        "displayName": "点标记",
        "parent": {
          "__i": 53150
        },
        "host": {
          "__i": 53150
        },
        "position": {
          "x": 2980.83979,
          "y": 25.52728
        },
        "anchorElevation": 0,
        "scale": {
          "x": 2,
          "y": 2
        },
        "width": 60,
        "height": 60,
        "tall": 120,
        "elevation": 38.1609
      },
      "s": {
        "all.color": "#DDDDDD",
        "shape3d": "billboard",
        "shape3d.image": "symbols/点标记.json",
        "shape3d.transparent": true,
        "shape3d.image.cache": true,
        "shape3d.reverse.flip": true,
        "shape3d.autorotate": true,
        "2d.selectable": false,
        "3d.selectable": false
      }
    },
    {
      "c": "ht.Node",
      "i": 53153,
      "p": {
        "displayName": "点标记",
        "parent": {
          "__i": 53150
        },
        "host": {
          "__i": 53150
        },
        "position": {
          "x": 2222.25459,
          "y": 1554.79604
        },
        "anchorElevation": 0,
        "scale": {
          "x": 2,
          "y": 2
        },
        "width": 60,
        "height": 60,
        "tall": 120,
        "elevation": -17.08765
      },
      "s": {
        "all.color": "#DDDDDD",
        "shape3d": "billboard",
        "shape3d.image": "symbols/点标记 2.json",
        "shape3d.transparent": true,
        "shape3d.image.cache": true,
        "shape3d.reverse.flip": true,
        "shape3d.autorotate": true,
        "2d.selectable": false,
        "3d.selectable": false
      }
    },
    {
      "c": "ht.Node",
      "i": 53154,
      "p": {
        "displayName": "点标记",
        "parent": {
          "__i": 53150
        },
        "host": {
          "__i": 53150
        },
        "position": {
          "x": -2102.0822,
          "y": 179.71205
        },
        "anchorElevation": 0,
        "scale": {
          "x": 2,
          "y": 2
        },
        "width": 60,
        "height": 60,
        "tall": 120,
        "elevation": -39.19093
      },
      "s": {
        "all.color": "#DDDDDD",
        "shape3d": "billboard",
        "shape3d.image": "symbols/点标记 2.json",
        "shape3d.transparent": true,
        "shape3d.image.cache": true,
        "shape3d.reverse.flip": true,
        "shape3d.autorotate": true,
        "2d.movable": false,
        "3d.movable": false,
        "2d.selectable": false,
        "3d.selectable": false
      }
    },
    {
      "c": "ht.Node",
      "i": 53155,
      "p": {
        "displayName": "点",
        "parent": {
          "__i": 53150
        },
        "host": {
          "__i": 53150
        },
        "rotation": 3.14159,
        "position": {
          "x": 2976.86865,
          "y": 23.41054
        },
        "anchorElevation": 0,
        "scale": {
          "x": 2,
          "y": 2
        },
        "width": 60,
        "height": 60,
        "tall": 50,
        "elevation": 6.2932
      },
      "s": {
        "all.color": "#DDDDDD",
        "shape3d": "plane",
        "shape3d.image": "symbols/点.json",
        "shape3d.transparent": true,
        "shape3d.image.cache": true,
        "2d.selectable": false,
        "3d.selectable": false,
        "shape3d.reverse.flip": true
      }
    },
    {
      "c": "ht.Node",
      "i": 53156,
      "p": {
        "displayName": "平台数据",
        "rotation": 5.49779,
        "position": {
          "x": 33.45216,
          "y": -64.2799
        },
        "anchorElevation": 0,
        "width": 65.91387,
        "height": 39,
        "tall": 39,
        "elevation": 28.92056
      },
      "s": {
        "all.color": "#DDDDDD",
        "shape3d": "billboard",
        "shape3d.reverse.flip": true,
        "shape3d.image": "symbols/3d场景用/标签/数据/钻井.json",
        "shape3d.image.cache": true,
        "shape3d.transparent": true,
        "2d.movable": false,
        "3d.movable": false,
        "envmap": 0.4,
        "shape3d.vector.dynamic": false
      }
    },
    {
      "c": "ht.Shape",
      "i": 53157,
      "p": {
        "displayName": "网格",
        "rotation": 4.71239,
        "position": {
          "x": -923.10129,
          "y": 178.99459
        },
        "width": 6485.84744,
        "height": 7923.18303,
        "tall": 1,
        "elevation": -39.77247,
        "segments": {
          "__a": [
            1,
            2,
            1,
            2,
            1,
            2,
            1,
            2,
            1,
            2,
            1,
            2,
            1,
            2,
            1,
            2,
            1,
            2,
            1,
            2,
            1,
            2,
            1,
            2,
            1,
            2,
            1,
            2
          ]
        },
        "points": {
          "__a": [
            {
              "x": -4166.02501,
              "y": -125.19899
            },
            {
              "x": 2319.82243,
              "y": -125.19899
            },
            {
              "x": -4166.02501,
              "y": -734.76534
            },
            {
              "x": 2319.82243,
              "y": -734.76534
            },
            {
              "x": -4166.02501,
              "y": -1344.33163
            },
            {
              "x": 2319.82243,
              "y": -1344.33163
            },
            {
              "x": -4166.02501,
              "y": -1953.89793
            },
            {
              "x": 2319.82243,
              "y": -1953.89793
            },
            {
              "x": -4166.02501,
              "y": -2563.46433
            },
            {
              "x": 2319.82243,
              "y": -2563.46433
            },
            {
              "x": -4166.02501,
              "y": -3173.03062
            },
            {
              "x": 2319.82243,
              "y": -3173.03062
            },
            {
              "x": -4166.02501,
              "y": -3782.59692
            },
            {
              "x": 2319.82243,
              "y": -3782.59692
            },
            {
              "x": -4166.02501,
              "y": 4140.58611
            },
            {
              "x": 2319.82243,
              "y": 4140.58611
            },
            {
              "x": -4166.02501,
              "y": 3531.01981
            },
            {
              "x": 2319.82243,
              "y": 3531.01981
            },
            {
              "x": -4166.02501,
              "y": 2921.45342
            },
            {
              "x": 2319.82243,
              "y": 2921.45342
            },
            {
              "x": -4166.02501,
              "y": 2311.88712
            },
            {
              "x": 2319.82243,
              "y": 2311.88712
            },
            {
              "x": -4166.02501,
              "y": 1702.32082
            },
            {
              "x": 2319.82243,
              "y": 1702.32082
            },
            {
              "x": -4166.02501,
              "y": 1092.75448
            },
            {
              "x": 2319.82243,
              "y": 1092.75448
            },
            {
              "x": -4166.02501,
              "y": 483.18818
            },
            {
              "x": 2319.82243,
              "y": 483.18818
            }
          ]
        },
        "thickness": "1"
      },
      "s": {
        "all.color": "rgba(51,153,255,0.38)",
        "shape.background": null,
        "shape.border.width": 14,
        "shape.border.color": "#DDDDDD",
        "all.visible": false,
        "top.visible": true,
        "all.transparent": true,
        "all.reverse.cull": true,
        "2d.selectable": false,
        "3d.selectable": false,
        "envmap": 1,
        "2d.visible": false,
        "3d.visible": false
      }
    },
    {
      "c": "ht.Shape",
      "i": 53158,
      "p": {
        "displayName": "网格",
        "rotation": 6.28319,
        "position": {
          "x": -947.49076,
          "y": 218.21793
        },
        "width": 8260.17514,
        "height": 5484.91779,
        "tall": 1,
        "elevation": -39.77247,
        "segments": {
          "__a": [
            1,
            2,
            1,
            2,
            1,
            2,
            1,
            2,
            1,
            2,
            1,
            2,
            1,
            2,
            1,
            2,
            1,
            2,
            1,
            2
          ]
        },
        "points": {
          "__a": [
            {
              "x": -5077.57832,
              "y": -85.97561
            },
            {
              "x": 3182.59682,
              "y": -85.97561
            },
            {
              "x": -5077.57832,
              "y": -695.54196
            },
            {
              "x": 3182.59682,
              "y": -695.54196
            },
            {
              "x": -5077.57832,
              "y": -1305.10826
            },
            {
              "x": 3182.59682,
              "y": -1305.10826
            },
            {
              "x": -5077.57832,
              "y": -1914.67456
            },
            {
              "x": 3182.59682,
              "y": -1914.67456
            },
            {
              "x": -5077.57832,
              "y": -2524.24095
            },
            {
              "x": 3182.59682,
              "y": -2524.24095
            },
            {
              "x": -5077.57832,
              "y": 2960.67684
            },
            {
              "x": 3182.59682,
              "y": 2960.67684
            },
            {
              "x": -5077.57832,
              "y": 2351.1105
            },
            {
              "x": 3182.59682,
              "y": 2351.1105
            },
            {
              "x": -5077.57832,
              "y": 1741.5442
            },
            {
              "x": 3182.59682,
              "y": 1741.5442
            },
            {
              "x": -5077.57832,
              "y": 1131.9779
            },
            {
              "x": 3182.59682,
              "y": 1131.9779
            },
            {
              "x": -5077.57832,
              "y": 522.41155
            },
            {
              "x": 3182.59682,
              "y": 522.41155
            }
          ]
        },
        "thickness": "1"
      },
      "s": {
        "all.color": "rgba(51,153,255,0.38)",
        "shape.background": null,
        "shape.border.width": 14,
        "shape.border.color": "#DDDDDD",
        "all.visible": false,
        "top.visible": true,
        "all.transparent": true,
        "all.reverse.cull": true,
        "2d.selectable": false,
        "3d.selectable": false,
        "envmap": 1,
        "2d.visible": false,
        "3d.visible": false
      }
    },
    {
      "c": "ht.Polyline",
      "i": 53159,
      "p": {
        "displayName": "飞机线",
        "position": {
          "x": -1058.57927,
          "y": 155.24152
        },
        "width": 2083.34473,
        "height": 227.7282,
        "tall": 326.37943,
        "elevation": 135.53274,
        "segments": {
          "__a": [
            1,
            4,
            4
          ]
        },
        "points": {
          "__a": [
            {
              "x": -16.9069,
              "y": 41.37742,
              "e": 8.21569
            },
            {
              "x": -16.9069,
              "y": 41.37742,
              "e": 8.21569
            },
            {
              "x": -161.92542,
              "y": 193.2224,
              "e": 298.72246
            },
            {
              "x": -683.72453,
              "y": 231.16401,
              "e": 298.72246
            },
            {
              "x": -1205.52365,
              "y": 269.10562,
              "e": 298.72246
            },
            {
              "x": -1595.35724,
              "y": 81.39578,
              "e": -27.65697
            },
            {
              "x": -2100.25164,
              "y": 189.30007,
              "e": -27.65697
            }
          ]
        },
        "thickness": "1"
      },
      "s": {
        "shape.border.width": 10,
        "shape3d": "cylinder",
        "shape3d.color": "#FEB64D",
        "shape3d.top.color": null,
        "shape3d.bottom.color": null,
        "shape.border.color": "#BFBFBF",
        "shape3d.resolution": 12,
        "shape3d.top.visible": false,
        "shape3d.bottom.visible": false,
        "shape3d.reverse.flip": true,
        "2d.selectable": false,
        "3d.selectable": false,
        "shape3d.side": 3
      }
    },
    {
      "c": "ht.Node",
      "i": 53160,
      "p": {
        "position": {
          "x": -6.84465,
          "y": 41.7694
        },
        "anchorElevation": 0,
        "scale": {
          "x": 0.2,
          "y": 0.2
        },
        "scaleTall": 0.2,
        "elevation": 10.60009
      },
      "s": {
        "shape3d": "models/HT模型库/机械/海洋/直升机.json",
        "wf.visible": "selected",
        "2d.movable": false,
        "3d.movable": false
      }
    },
    {
      "c": "ht.Node",
      "i": 53161,
      "p": {
        "displayName": "c2",
        "rotation": 2.46249,
        "position": {
          "x": -138.25691,
          "y": -206.61267
        },
        "anchorElevation": 0,
        "scale": {
          "x": 0.5,
          "y": -0.5
        },
        "scaleTall": 0.5,
        "width": 39,
        "height": 245,
        "tall": 70,
        "elevation": -53.8256
      },
      "s": {
        "shape3d": "models/HT模型库/交通/船/工程船.json",
        "wf.visible": "selected",
        "shape3d.blend": null,
        "shape3d.color": null,
        "envmap": 0.09
      }
    },
    {
      "c": "ht.Node",
      "i": 53162,
      "p": {
        "displayName": "船投影",
        "parent": {
          "__i": 53161
        },
        "host": {
          "__i": 53161
        },
        "rotation": 2.46249,
        "position": {
          "x": -130.58924,
          "y": -197.0047
        },
        "anchorElevation": 0,
        "width": 20.75,
        "height": 8.32433,
        "tall": 1,
        "elevation": -41.66871
      },
      "s": {
        "all.color": "#DDDDDD",
        "shape3d": "plane",
        "shape3d.image": "assets/贴图/fxty22.png",
        "shape3d.transparent": true,
        "2d.selectable": false,
        "3d.selectable": false,
        "shape3d.reverse.cull": true
      }
    },
    {
      "c": "ht.Node",
      "i": 53163,
      "p": {
        "displayName": "船投影",
        "parent": {
          "__i": 53162
        },
        "host": {
          "__i": 53162
        },
        "rotation": 2.46249,
        "position": {
          "x": -150.03325,
          "y": -221.09371
        },
        "anchorElevation": 0,
        "width": 20.75,
        "height": 8.32433,
        "tall": 1,
        "elevation": -41.66871
      },
      "s": {
        "all.color": "#DDDDDD",
        "shape3d": "plane",
        "shape3d.image": "assets/贴图/fxty22.png",
        "shape3d.transparent": true,
        "2d.selectable": false,
        "3d.selectable": false,
        "shape3d.reverse.cull": true
      }
    },
    {
      "c": "ht.Node",
      "i": 53164,
      "p": {
        "displayName": "船投影",
        "parent": {
          "__i": 53162
        },
        "host": {
          "__i": 53162
        },
        "rotation": 2.46249,
        "position": {
          "x": -170.35476,
          "y": -246.26984
        },
        "anchorElevation": 0,
        "width": 20.75,
        "height": 18.87737,
        "tall": 1,
        "elevation": -41.66871
      },
      "s": {
        "all.color": "#DDDDDD",
        "shape3d": "plane",
        "shape3d.image": "assets/贴图/fxty22.png",
        "shape3d.transparent": true,
        "2d.selectable": false,
        "3d.selectable": false,
        "shape3d.reverse.cull": true
      }
    },
    {
      "c": "ht.Node",
      "i": 53165,
      "p": {
        "displayName": "船投影",
        "parent": {
          "__i": 53162
        },
        "host": {
          "__i": 53162
        },
        "rotation": 2.46249,
        "position": {
          "x": -113.98836,
          "y": -178.22121
        },
        "anchorElevation": 0,
        "width": 18.51,
        "height": 2.16842,
        "tall": 1,
        "elevation": -41.66871
      },
      "s": {
        "all.color": "#DDDDDD",
        "shape3d": "plane",
        "shape3d.image": "assets/贴图/fxty22.png",
        "shape3d.transparent": true,
        "2d.selectable": false,
        "3d.selectable": false,
        "shape3d.reverse.cull": true
      }
    },
    {
      "c": "ht.Node",
      "i": 53166,
      "p": {
        "displayName": "船投影",
        "parent": {
          "__i": 53162
        },
        "host": {
          "__i": 53162
        },
        "rotation": 2.46249,
        "position": {
          "x": -107.72248,
          "y": -169.2271
        },
        "anchorElevation": 0,
        "width": 20.05681,
        "height": 10.4,
        "tall": 1,
        "elevation": -41.66871
      },
      "s": {
        "all.color": "#DDDDDD",
        "shape3d": "plane",
        "shape3d.image": "assets/贴图/fxty22.png",
        "shape3d.transparent": true,
        "2d.selectable": false,
        "3d.selectable": false,
        "shape3d.reverse.cull": true
      }
    },
    {
      "c": "ht.Node",
      "i": 53167,
      "p": {
        "displayName": "c2数据",
        "parent": {
          "__i": 53161
        },
        "host": {
          "__i": 53161
        },
        "rotation": -2.24989,
        "position": {
          "x": -152.85378,
          "y": -231.15428
        },
        "anchorElevation": 0,
        "scale": {
          "x": 1.6,
          "y": 1.6
        },
        "scaleTall": 1.6,
        "width": 60.91387,
        "height": 5,
        "tall": 60,
        "elevation": -40.65957
      },
      "s": {
        "all.color": "#DDDDDD",
        "shape3d": "billboard",
        "shape3d.image": "symbols/3d场景用/标签/数据/轮船 2.json",
        "shape3d.transparent": true,
        "envmap": 0.4,
        "shape3d.image.cache": true,
        "2d.selectable": false,
        "3d.selectable": false,
        "shape3d.vector.dynamic": false,
        "shape3d.reverse.cull": true
      }
    },
    {
      "c": "ht.Node",
      "i": 53168,
      "p": {
        "displayName": "c2数据",
        "parent": {
          "__i": 53161
        },
        "host": {
          "__i": 53161
        },
        "rotation": 0.8917,
        "position": {
          "x": -152.85378,
          "y": -231.15428
        },
        "anchorElevation": 0,
        "scale": {
          "x": 1.6,
          "y": 1.6
        },
        "scaleTall": 1.6,
        "width": 60.91387,
        "height": 5,
        "tall": 60,
        "elevation": -40.65957
      },
      "s": {
        "all.color": "#DDDDDD",
        "shape3d": "billboard",
        "shape3d.image": "symbols/3d场景用/标签/数据/轮船 2 2.json",
        "shape3d.transparent": true,
        "envmap": 0.4,
        "shape3d.image.cache": true,
        "2d.selectable": false,
        "3d.selectable": false,
        "shape3d.vector.dynamic": false,
        "shape3d.reverse.cull": true
      }
    },
    {
      "c": "ht.Node",
      "i": 53169,
      "p": {
        "displayName": "c2",
        "parent": {
          "__i": 53161
        },
        "host": {
          "__i": 53161
        },
        "rotation": 2.46249,
        "position": {
          "x": -139.41984,
          "y": -207.80449
        },
        "anchorElevation": 0,
        "scale": {
          "x": 0.5,
          "y": -0.48
        },
        "scaleTall": -0.5,
        "width": 39,
        "height": 245,
        "tall": 75,
        "elevation": -46.88299
      },
      "s": {
        "shape3d": "models/HT模型库/交通/船/工程船.json",
        "wf.visible": "selected",
        "shape3d.blend": "rgb(0,88,176)",
        "2d.selectable": false,
        "3d.selectable": false,
        "shape3d.color": null,
        "shape3d.opacity": 0.17,
        "envmap": 0.1
      }
    },
    {
      "c": "ht.Node",
      "i": 53170,
      "p": {
        "displayName": "c1",
        "rotation": 2.31331,
        "position": {
          "x": 306.05631,
          "y": 298.63993
        },
        "anchorElevation": 0,
        "scale": {
          "x": 0.5,
          "y": -0.5
        },
        "scaleTall": 0.5,
        "width": 39,
        "height": 245,
        "tall": 70,
        "elevation": -53.8256
      },
      "s": {
        "shape3d": "models/HT模型库/交通/船/运输船.json",
        "wf.visible": "selected",
        "shape3d.blend": null,
        "shape3d.color": null,
        "envmap": 0.09
      }
    },
    {
      "c": "ht.Node",
      "i": 53171,
      "p": {
        "displayName": "船投影",
        "parent": {
          "__i": 53170
        },
        "host": {
          "__i": 53170
        },
        "rotation": 2.31331,
        "position": {
          "x": 315.06683,
          "y": 307.00156
        },
        "anchorElevation": 0,
        "width": 20.75,
        "height": 8.32433,
        "tall": 1,
        "elevation": -41.66871
      },
      "s": {
        "all.color": "#DDDDDD",
        "shape3d": "plane",
        "shape3d.image": "assets/贴图/fxty22.png",
        "shape3d.transparent": true,
        "2d.selectable": false,
        "3d.selectable": false,
        "shape3d.reverse.cull": true
      }
    },
    {
      "c": "ht.Node",
      "i": 53172,
      "p": {
        "displayName": "船投影",
        "parent": {
          "__i": 53171
        },
        "host": {
          "__i": 53171
        },
        "rotation": 2.31331,
        "position": {
          "x": 292.25848,
          "y": 286.07003
        },
        "anchorElevation": 0,
        "width": 20.75,
        "height": 8.32433,
        "tall": 1,
        "elevation": -41.66871
      },
      "s": {
        "all.color": "#DDDDDD",
        "shape3d": "plane",
        "shape3d.image": "assets/贴图/fxty22.png",
        "shape3d.transparent": true,
        "2d.selectable": false,
        "3d.selectable": false,
        "shape3d.reverse.cull": true
      }
    },
    {
      "c": "ht.Node",
      "i": 53173,
      "p": {
        "displayName": "船投影",
        "parent": {
          "__i": 53171
        },
        "host": {
          "__i": 53171
        },
        "rotation": 2.31331,
        "position": {
          "x": 268.42081,
          "y": 264.19387
        },
        "anchorElevation": 0,
        "width": 20.75,
        "height": 18.87737,
        "tall": 1,
        "elevation": -41.66871
      },
      "s": {
        "all.color": "#DDDDDD",
        "shape3d": "plane",
        "shape3d.image": "assets/贴图/fxty22.png",
        "shape3d.transparent": true,
        "2d.selectable": false,
        "3d.selectable": false,
        "shape3d.reverse.cull": true
      }
    },
    {
      "c": "ht.Node",
      "i": 53174,
      "p": {
        "displayName": "船投影",
        "parent": {
          "__i": 53171
        },
        "host": {
          "__i": 53171
        },
        "rotation": 2.31331,
        "position": {
          "x": 334.27507,
          "y": 323.10907
        },
        "anchorElevation": 0,
        "width": 18.51,
        "height": 2.16842,
        "tall": 1,
        "elevation": -41.66871
      },
      "s": {
        "all.color": "#DDDDDD",
        "shape3d": "plane",
        "shape3d.image": "assets/贴图/fxty22.png",
        "shape3d.transparent": true,
        "2d.selectable": false,
        "3d.selectable": false,
        "shape3d.reverse.cull": true
      }
    },
    {
      "c": "ht.Node",
      "i": 53175,
      "p": {
        "displayName": "船投影",
        "parent": {
          "__i": 53171
        },
        "host": {
          "__i": 53171
        },
        "rotation": 2.31331,
        "position": {
          "x": 341.80813,
          "y": 331.072
        },
        "anchorElevation": 0,
        "width": 20.05681,
        "height": 10.4,
        "tall": 1,
        "elevation": -41.66871
      },
      "s": {
        "all.color": "#DDDDDD",
        "shape3d": "plane",
        "shape3d.image": "assets/贴图/fxty22.png",
        "shape3d.transparent": true,
        "2d.selectable": false,
        "3d.selectable": false,
        "shape3d.reverse.cull": true
      }
    },
    {
      "c": "ht.Node",
      "i": 53176,
      "p": {
        "displayName": "c1数据",
        "parent": {
          "__i": 53170
        },
        "host": {
          "__i": 53170
        },
        "rotation": -2.39907,
        "position": {
          "x": 287.974,
          "y": 276.54041
        },
        "anchorElevation": 0,
        "scale": {
          "x": 1.6,
          "y": 1.6
        },
        "scaleTall": 1.6,
        "width": 60.91387,
        "height": 5,
        "tall": 60,
        "elevation": -40.65957
      },
      "s": {
        "all.color": "#DDDDDD",
        "shape3d": "billboard",
        "shape3d.image": "symbols/3d场景用/标签/数据/轮船.json",
        "shape3d.transparent": true,
        "envmap": 0.4,
        "shape3d.image.cache": true,
        "2d.selectable": false,
        "3d.selectable": false,
        "shape3d.vector.dynamic": false,
        "shape3d.reverse.cull": true
      }
    },
    {
      "c": "ht.Node",
      "i": 53177,
      "p": {
        "displayName": "c1数据",
        "parent": {
          "__i": 53170
        },
        "host": {
          "__i": 53170
        },
        "rotation": 0.74252,
        "position": {
          "x": 287.974,
          "y": 276.54041
        },
        "anchorElevation": 0,
        "scale": {
          "x": 1.6,
          "y": 1.6
        },
        "scaleTall": 1.6,
        "width": 60.91387,
        "height": 5,
        "tall": 60,
        "elevation": -40.65957
      },
      "s": {
        "all.color": "#DDDDDD",
        "shape3d": "billboard",
        "shape3d.image": "symbols/3d场景用/标签/数据/轮船 3.json",
        "shape3d.transparent": true,
        "envmap": 0.4,
        "shape3d.image.cache": true,
        "2d.selectable": false,
        "3d.selectable": false,
        "shape3d.vector.dynamic": false,
        "shape3d.reverse.cull": true
      }
    },
    {
      "c": "ht.Node",
      "i": 53178,
      "p": {
        "displayName": "c1",
        "parent": {
          "__i": 53170
        },
        "host": {
          "__i": 53170
        },
        "rotation": 2.31331,
        "position": {
          "x": 304.72915,
          "y": 297.63419
        },
        "anchorElevation": 0,
        "scale": {
          "x": 0.5,
          "y": -0.48
        },
        "scaleTall": -0.5,
        "width": 39,
        "height": 245,
        "tall": 75,
        "elevation": -46.88299
      },
      "s": {
        "shape3d": "models/HT模型库/交通/船/运输船.json",
        "wf.visible": "selected",
        "shape3d.blend": "rgb(0,88,176)",
        "2d.selectable": false,
        "3d.selectable": false,
        "shape3d.color": null,
        "shape3d.opacity": 0.17,
        "envmap": 0.1
      }
    }
  ],
  "scene": {
    "eye": [
      434.20461,
      59.89922,
      627.16465
    ],
    "center": [
      -6.84465,
      15.46609,
      41.7694
    ],
    "near": 10,
    "far": 100000,
    "background": "rgb(4,35,89)",
    "gridVisible": false,
    "gridSize": 50,
    "gridGap": 50,
    "gridColor": [
      0.4,
      0.75,
      0.85,
      1
    ],
    "editHelperDisabled": false
  }
}