{
  "v": "6.3.1",
  "p": {
    "background": "rgb(61,61,61)",
    "autoAdjustIndex": true,
    "hierarchicalRendering": true,
    "postProcessingData": {
      "Bloom": {
        "enable": false,
        "strength": 1.5,
        "threshold": 0.55,
        "radius": 0.4
      },
      "Dof": {
        "enable": false,
        "aperture": 0.025,
        "maxblur": 1,
        "image": null
      }
    }
  },
  "d": [
    {
      "c": "ht.Shape",
      "i": 36393,
      "p": {
        "position": {
          "x": -2025,
          "y": -2.49139
        },
        "width": 1013.88669,
        "height": 895.01721,
        "tall": 280,
        "elevation": 140,
        "segments": {
          "__a": [
            1,
            2,
            2,
            2,
            2,
            2
          ]
        },
        "points": {
          "__a": [
            {
              "x": -2199.57108,
              "y": 445.01721
            },
            {
              "x": -2531.94334,
              "y": 445.01721
            },
            {
              "x": -2531.94334,
              "y": -450
            },
            {
              "x": -1518.05666,
              "y": -450
            },
            {
              "x": -1518.05666,
              "y": 445.01721
            },
            {
              "x": -1944.5883,
              "y": 445.01721
            }
          ]
        },
        "thickness": 14
      },
      "s": {
        "all.color": "#DDDDDD",
        "shape.background": null,
        "shape.border.width": 14,
        "shape.border.color": "#DDDDDD",
        "front.image": "assets/贴图/光照墙面贴图.png",
        "back.image": "assets/贴图/光照墙面贴图.png",
        "front.uv.scale": [
          4,
          1
        ],
        "back.uv.scale": [
          4,
          1
        ],
        "2d.editable": false,
        "3d.editable": false,
        "2d.movable": false,
        "3d.movable": false
      }
    },
    {
      "c": "ht.Shape",
      "i": 36394,
      "p": {
        "position": {
          "x": -675,
          "y": -2.49139
        },
        "width": 1013.88669,
        "height": 895.01721,
        "tall": 280,
        "elevation": 140,
        "segments": {
          "__a": [
            1,
            2,
            2,
            2,
            2,
            2
          ]
        },
        "points": {
          "__a": [
            {
              "x": -849.57108,
              "y": 445.01721
            },
            {
              "x": -1181.94334,
              "y": 445.01721
            },
            {
              "x": -1181.94334,
              "y": -450
            },
            {
              "x": -168.05665,
              "y": -450
            },
            {
              "x": -168.05665,
              "y": 445.01721
            },
            {
              "x": -594.58829,
              "y": 445.01721
            }
          ]
        },
        "thickness": 14
      },
      "s": {
        "all.color": "#DDDDDD",
        "shape.background": null,
        "shape.border.width": 14,
        "shape.border.color": "#DDDDDD",
        "front.image": "assets/贴图/墙面拉伸.jpg",
        "back.image": "assets/贴图/墙面拉伸.jpg",
        "2d.editable": false,
        "3d.editable": false,
        "2d.movable": false,
        "3d.movable": false
      }
    },
    {
      "c": "ht.Shape",
      "i": 36395,
      "p": {
        "position": {
          "x": 5368.86312,
          "y": -2.49139
        },
        "anchorElevation": 0,
        "width": 375.4254,
        "height": 895.01721,
        "tall": 170,
        "segments": {
          "__a": [
            1,
            2,
            2,
            2,
            2,
            2
          ]
        },
        "points": {
          "__a": [
            {
              "x": 5304.22235,
              "y": 445.01721
            },
            {
              "x": 5181.15042,
              "y": 445.01721
            },
            {
              "x": 5181.15042,
              "y": -450
            },
            {
              "x": 5556.57582,
              "y": -450
            },
            {
              "x": 5556.57582,
              "y": 445.01721
            },
            {
              "x": 5398.63823,
              "y": 445.01721
            }
          ]
        },
        "thickness": 14
      },
      "s": {
        "all.color": "#DDDDDD",
        "shape.background": null,
        "shape.border.width": 14,
        "shape.border.color": "#DDDDDD",
        "front.image": "assets/贴图/栅栏.png",
        "all.visible": false,
        "front.visible": true,
        "front.reverse.flip": true,
        "front.transparent": false,
        "front.uv.scale": [
          17,
          1
        ],
        "2d.editable": false,
        "3d.editable": false,
        "2d.movable": false,
        "3d.movable": false
      }
    },
    {
      "c": "ht.Shape",
      "i": 36396,
      "p": {
        "position": {
          "x": 2025,
          "y": -2.49139
        },
        "width": 1013.88669,
        "height": 895.01721,
        "tall": 280,
        "elevation": 140,
        "segments": {
          "__a": [
            1,
            2,
            2,
            2,
            2,
            2
          ]
        },
        "points": {
          "__a": [
            {
              "x": 1850.42892,
              "y": 445.01721
            },
            {
              "x": 1518.05665,
              "y": 445.01721
            },
            {
              "x": 1518.05665,
              "y": -450
            },
            {
              "x": 2531.94335,
              "y": -450
            },
            {
              "x": 2531.94335,
              "y": 445.01721
            },
            {
              "x": 2105.4117,
              "y": 445.01721
            }
          ]
        },
        "thickness": 14
      },
      "s": {
        "all.color": "#DDDDDD",
        "shape.background": null,
        "shape.border.width": 14,
        "shape.border.color": "#DDDDDD",
        "front.image": "symbols/3d场景用/扫描.json",
        "back.image": "symbols/3d场景用/扫描.json",
        "front.transparent": true,
        "all.visible": false,
        "front.visible": true,
        "front.reverse.flip": true,
        "front.uv.scale": [
          28,
          1
        ],
        "2d.editable": false,
        "3d.editable": false,
        "2d.movable": false,
        "3d.movable": false
      }
    },
    {
      "c": "ht.Shape",
      "i": 36397,
      "p": {
        "position": {
          "x": 5841.67727,
          "y": -2.49139
        },
        "anchorElevation": 0,
        "width": 375.4254,
        "height": 895.01721,
        "tall": 170,
        "segments": {
          "__a": [
            1,
            2,
            2,
            2,
            2,
            2
          ]
        },
        "points": {
          "__a": [
            {
              "x": 5777.0365,
              "y": 445.01721
            },
            {
              "x": 5653.96457,
              "y": 445.01721
            },
            {
              "x": 5653.96457,
              "y": -450
            },
            {
              "x": 6029.38997,
              "y": -450
            },
            {
              "x": 6029.38997,
              "y": 445.01721
            },
            {
              "x": 5871.45239,
              "y": 445.01721
            }
          ]
        },
        "thickness": 14
      },
      "s": {
        "all.color": "#DDDDDD",
        "shape.background": null,
        "shape.border.width": 14,
        "shape.border.color": "#DDDDDD",
        "front.image": "assets/贴图/玻璃栏杆.png",
        "all.visible": false,
        "front.visible": true,
        "front.reverse.flip": true,
        "front.transparent": true,
        "front.uv.scale": [
          17,
          1
        ],
        "2d.editable": false,
        "3d.editable": false,
        "2d.movable": false,
        "3d.movable": false
      }
    },
    {
      "c": "ht.Shape",
      "i": 36398,
      "p": {
        "position": {
          "x": 3223.68377,
          "y": -30.70804
        },
        "width": 1013.8867,
        "height": 951.4505,
        "tall": 280,
        "elevation": 140,
        "segments": {
          "__a": [
            1,
            2,
            1,
            2,
            1,
            2,
            1,
            2,
            1,
            2
          ]
        },
        "points": {
          "__a": [
            {
              "x": 2716.74042,
              "y": 445.01721
            },
            {
              "x": 3005.99432,
              "y": 445.01721
            },
            {
              "x": 2716.74042,
              "y": 445.01721
            },
            {
              "x": 2716.74042,
              "y": -506.43329
            },
            {
              "x": 2716.74042,
              "y": -450
            },
            {
              "x": 3730.62712,
              "y": -450
            },
            {
              "x": 3730.62712,
              "y": -506.43329
            },
            {
              "x": 3730.62712,
              "y": 445.01721
            },
            {
              "x": 3355.4533,
              "y": 445.01721
            },
            {
              "x": 3730.62712,
              "y": 445.01721
            }
          ]
        },
        "thickness": 4
      },
      "s": {
        "all.color": "rgba(74,145,74,0.35)",
        "shape.background": null,
        "shape.border.width": 14,
        "shape.border.color": "#DDDDDD",
        "front.image": "symbols/3d场景用/建筑轮廓线.json",
        "front.transparent": true,
        "all.visible": false,
        "front.visible": true,
        "front.reverse.flip": true,
        "front.uv.scale": [
          21,
          1
        ],
        "bottom.visible": true,
        "all.reverse.flip": true,
        "top.visible": true,
        "back.visible": false,
        "left.visible": true,
        "right.visible": true,
        "2d.editable": false,
        "3d.editable": false,
        "2d.movable": false,
        "3d.movable": false
      }
    },
    {
      "c": "ht.Shape",
      "i": 36399,
      "p": {
        "position": {
          "x": 719.15018,
          "y": -10.5247
        },
        "width": 1013.8867,
        "height": 911.08382,
        "tall": 280,
        "elevation": 140,
        "segments": {
          "__a": [
            1,
            2,
            1,
            2,
            1,
            2,
            1,
            2,
            1,
            2
          ]
        },
        "points": {
          "__a": [
            {
              "x": 212.20683,
              "y": 445.01721
            },
            {
              "x": 501.46073,
              "y": 445.01721
            },
            {
              "x": 212.20683,
              "y": 445.01721
            },
            {
              "x": 212.20683,
              "y": -466.06661
            },
            {
              "x": 1226.09353,
              "y": -466.06661
            },
            {
              "x": 212.20683,
              "y": -466.06661
            },
            {
              "x": 1226.09353,
              "y": -466.06661
            },
            {
              "x": 1226.09353,
              "y": 445.01721
            },
            {
              "x": 850.91971,
              "y": 445.01721
            },
            {
              "x": 1226.09353,
              "y": 445.01721
            }
          ]
        },
        "thickness": 4
      },
      "s": {
        "all.color": "rgb(51,153,255)",
        "shape.background": null,
        "shape.border.width": 14,
        "shape.border.color": "#DDDDDD",
        "front.image": "symbols/3d场景用/渐变浅蓝有线.json",
        "front.transparent": true,
        "all.visible": false,
        "front.visible": true,
        "front.reverse.flip": true,
        "front.uv.scale": [
          21,
          1
        ],
        "bottom.visible": true,
        "all.reverse.flip": true,
        "top.visible": true,
        "back.visible": false,
        "left.visible": true,
        "right.visible": true,
        "2d.editable": false,
        "3d.editable": false,
        "2d.movable": false,
        "3d.movable": false
      }
    },
    {
      "c": "ht.Shape",
      "i": 36400,
      "p": {
        "position": {
          "x": 4466.92025,
          "y": -2.49139
        },
        "width": 1013.88669,
        "height": 895.01721,
        "tall": 280,
        "elevation": 140,
        "segments": {
          "__a": [
            1,
            2,
            2,
            2,
            2,
            2
          ]
        },
        "points": {
          "__a": [
            {
              "x": 4292.34917,
              "y": 445.01721
            },
            {
              "x": 3959.9769,
              "y": 445.01721
            },
            {
              "x": 3959.9769,
              "y": -450
            },
            {
              "x": 4973.8636,
              "y": -450
            },
            {
              "x": 4973.8636,
              "y": 445.01721
            },
            {
              "x": 4547.33195,
              "y": 445.01721
            }
          ]
        },
        "thickness": 14
      },
      "s": {
        "all.color": "#DDDDDD",
        "shape.background": null,
        "shape.border.width": 14,
        "shape.border.color": "#DDDDDD",
        "front.image": "symbols/3d场景用/格子地面.json",
        "front.transparent": true,
        "all.visible": false,
        "front.visible": true,
        "front.reverse.flip": true,
        "front.uv.scale": [
          28,
          1
        ],
        "2d.movable": false,
        "3d.movable": false
      }
    },
    {
      "c": "ht.Node",
      "i": 36401,
      "p": {
        "position": {
          "x": -2531.94335,
          "y": -2.49139
        },
        "anchorElevation": 0,
        "width": 186.41679,
        "height": 1874.07604,
        "tall": 1,
        "elevation": 1
      },
      "s": {
        "all.color": "#DDDDDD",
        "shape3d": "plane",
        "shape3d.image": "assets/贴图/fxty22.png",
        "shape3d.transparent": true,
        "shape3d.reverse.flip": true
      }
    },
    {
      "c": "ht.Node",
      "i": 36402,
      "p": {
        "position": {
          "x": -1107.92101,
          "y": -625.02074
        },
        "anchorElevation": 0,
        "width": 1978.51865,
        "height": 2266.08215,
        "tall": 1,
        "elevation": 1
      },
      "s": {
        "all.color": "#DDDDDD",
        "shape3d": "plane",
        "shape3d.image": "assets/贴图/建筑投影.png",
        "shape3d.transparent": true,
        "shape3d.reverse.flip": true
      }
    },
    {
      "c": "ht.Node",
      "i": 36403,
      "p": {
        "position": {
          "x": 5841.67727,
          "y": -2.49139
        },
        "anchorElevation": 0,
        "width": 1008.43139,
        "height": 1874.07604,
        "tall": 1,
        "elevation": 1
      },
      "s": {
        "all.color": "#DDDDDD",
        "shape3d": "plane",
        "shape3d.image": "assets/贴图/fxty22.png",
        "shape3d.transparent": true,
        "shape3d.reverse.flip": true
      }
    },
    {
      "c": "ht.Node",
      "i": 36404,
      "p": {
        "position": {
          "x": 4468.73644,
          "y": -2.49139
        },
        "anchorElevation": 0,
        "width": 1206.35644,
        "height": 1874.07604,
        "tall": 1,
        "elevation": 1
      },
      "s": {
        "all.color": "#DDDDDD",
        "shape3d": "plane",
        "shape3d.image": "symbols/3d场景用/格子地面.json",
        "shape3d.transparent": true,
        "shape3d.reverse.flip": true
      }
    }
  ],
  "scene": {
    "eye": [
      -2360.52437,
      3395.45764,
      5700.49684
    ],
    "center": [
      2346.3563,
      -538.15302,
      -558.40252
    ],
    "near": 10,
    "far": 10000,
    "background": "rgb(61,61,61)",
    "gridVisible": false,
    "gridSize": 50,
    "gridGap": 50,
    "gridColor": [
      0.4,
      0.75,
      0.85,
      1
    ],
    "editHelperDisabled": false
  }
}