{
  "width": 16,
  "height": 16,
  "comps": [
    {
      "type": "shape",
      "background": "rgb(28,28,28)",
      "borderWidth": 1,
      "borderColor": "rgb(235,235,235)",
      "borderCap": "round",
      "shadowColor": "#1ABC9C",
      "closePath": true,
      "points": [
        1,
        1,
        15,
        1,
        15,
        1,
        15,
        1,
        15,
        15,
        15,
        15,
        15,
        15,
        1,
        15,
        1,
        15,
        1,
        15,
        1,
        1,
        1,
        1,
        1,
        1,
        1,
        1
      ],
      "segments": [
        1,
        2,
        3,
        2,
        3,
        2,
        3,
        2,
        3,
        2
      ]
    }
  ]
}