{
  "v": "5.3.6",
  "p": {
    "background": "rgb(62,79,99)",
    "autoAdjustIndex": true
  },
  "d": [
    {
      "c": "ht.Node",
      "i": 431,
      "p": {
        "image": "symbols/progressBar/hProgressBar.json",
        "position": {
          "x": 444.65067931652266,
          "y": 49.819922152488076
        },
        "width": 100,
        "height": 30
      },
      "a": {
        "pb.value.visbile": false,
        "pb.value.color": "rgb(255,255,255)",
        "pb.value": 0.16,
        "pb.border.width": 1,
        "pb.value.font": "italic small-caps bold 12px arial,sans-serif",
        "pb.value.visibile": false,
        "pb.background": null,
        "pb.gradient.color": "rgb(255,255,255)"
      }
    },
    {
      "c": "ht.Node",
      "i": 432,
      "p": {
        "image": "symbols/progressBar/hProgressBar.json",
        "position": {
          "x": 326.7724840166865,
          "y": 49.819922152488076
        },
        "width": 100,
        "height": 30
      },
      "a": {
        "pb.value.visbile": false,
        "pb.value.color": "rgb(255,255,255)",
        "pb.value": 0.16,
        "pb.border.width": 1,
        "pb.value.font": "italic small-caps bold 12px arial,sans-serif",
        "pb.value.visibile": false,
        "pb.background": "rgb(18,10,10)",
        "pb.fore.color": "rgb(250,0,0)"
      }
    },
    {
      "c": "ht.Node",
      "i": 433,
      "p": {
        "image": "symbols/progressBar/hProgressBar.json",
        "position": {
          "x": 207.22225757784565,
          "y": 49.819922152488076
        },
        "width": 100,
        "height": 30
      },
      "a": {
        "pb.value.visbile": false,
        "pb.value.color": "rgb(255,255,255)",
        "pb.value": 0.16,
        "pb.border.width": 0,
        "pb.value.font": "italic small-caps bold 12px arial,sans-serif",
        "pb.value.visibile": false,
        "pb.value.visible": false
      }
    },
    {
      "c": "ht.Node",
      "i": 435,
      "p": {
        "image": "symbols/progressBar/hProgressBar.json",
        "position": {
          "x": 144.32450314662597,
          "y": 125.65743800469156
        },
        "width": 216.32,
        "height": 50
      },
      "a": {
        "pb.border.width": 1,
        "pb.border.color": "rgb(0,255,251)",
        "pb.fore.color": "rgb(255,111,0)",
        "pb.value": 0.6900000000000001,
        "pb.gradient.color": "rgb(255,255,255)",
        "pb.value.color": "rgb(255,0,0)",
        "pb.background": "rgb(26,66,64)"
      }
    },
    {
      "c": "ht.Node",
      "i": 436,
      "p": {
        "image": "symbols/progressBar/hProgressBar.json",
        "position": {
          "x": 387.4794699980181,
          "y": 125.12693290879326
        },
        "width": 216.32,
        "height": 50
      },
      "a": {
        "pb.border.width": 0,
        "pb.border.color": "rgb(0,255,251)",
        "pb.fore.color": "rgb(48,105,112)",
        "pb.value": 0.6900000000000001,
        "pb.gradient.color": "rgb(255,255,255)",
        "pb.value.color": "rgb(255,0,0)",
        "pb.background": "rgb(48,105,112)",
        "pb.value.visible": false
      }
    },
    {
      "c": "ht.Node",
      "i": 430,
      "p": {
        "image": "symbols/progressBar/hProgressBar.json",
        "position": {
          "x": 86,
          "y": 49.819922152488076
        }
      },
      "a": {
        "pb.value.visbile": false,
        "pb.value.color": "rgb(255,255,255)",
        "pb.value": 0.16,
        "pb.border.width": 3,
        "pb.value.font": "italic small-caps bold 12px arial,sans-serif",
        "pb.value.visibile": false
      }
    },
    {
      "c": "ht.Node",
      "i": 434,
      "p": {
        "image": "symbols/progressBar/hProgressBar.json",
        "position": {
          "x": 266.8503328672391,
          "y": 198.1976334488978
        },
        "width": 461.34795001209,
        "height": 30
      },
      "a": {
        "pb.background": null,
        "pb.border.width": 1,
        "pb.border.color": "rgb(52,187,250)",
        "pb.value.color": "rgb(255,255,255)",
        "pb.gradient.color": "rgb(58,122,232)",
        "pb.fore.color": "rgb(52,187,250)"
      }
    }
  ]
}