{
  "v": "5.3.6",
  "p": {
    "background": "rgb(62,79,99)",
    "autoAdjustIndex": true
  },
  "d": [
    {
      "c": "ht.Node",
      "i": 296,
      "p": {
        "image": "symbols/progressBar/vProgressBar.json",
        "position": {
          "x": 211.82912306653722,
          "y": 74.99999999999997
        },
        "width": 30,
        "height": 100
      },
      "a": {
        "pb.value.visbile": false,
        "pb.value.color": "rgb(255,255,255)",
        "pb.value": 0.16,
        "pb.border.width": 1,
        "pb.value.font": "italic small-caps bold 12px arial,sans-serif",
        "pb.value.visibile": false,
        "pb.background": null,
        "pb.gradient.color": "rgb(255,255,255)"
      }
    },
    {
      "c": "ht.Node",
      "i": 297,
      "p": {
        "image": "symbols/progressBar/vProgressBar.json",
        "position": {
          "x": 211.82912306653722,
          "y": 191.64378608959007
        },
        "width": 30,
        "height": 100
      },
      "a": {
        "pb.value.visbile": false,
        "pb.value.color": "rgb(255,255,255)",
        "pb.value": 0.16,
        "pb.border.width": 1,
        "pb.value.font": "italic small-caps bold 12px arial,sans-serif",
        "pb.value.visibile": false,
        "pb.background": "rgb(18,10,10)",
        "pb.fore.color": "rgb(250,0,0)"
      }
    },
    {
      "c": "ht.Node",
      "i": 300,
      "p": {
        "image": "symbols/progressBar/vProgressBar.json",
        "position": {
          "x": 138.6371762919055,
          "y": 129.99999999999997
        },
        "width": 50,
        "height": 210
      },
      "a": {
        "pb.border.width": 1,
        "pb.border.color": "rgb(0,255,251)",
        "pb.fore.color": "rgb(255,111,0)",
        "pb.value": 0.6900000000000001,
        "pb.gradient.color": "rgb(255,255,255)",
        "pb.value.color": "rgb(255,0,0)",
        "pb.background": "rgb(26,66,64)"
      }
    },
    {
      "c": "ht.Node",
      "i": 299,
      "p": {
        "image": "symbols/progressBar/vProgressBar.json",
        "position": {
          "x": 58.93573296486247,
          "y": 250
        },
        "width": 40,
        "height": 450
      },
      "a": {
        "pb.background": null,
        "pb.border.width": 1,
        "pb.border.color": "rgb(52,187,250)",
        "pb.value.color": "rgb(255,255,255)",
        "pb.gradient.color": "rgb(58,122,232)",
        "pb.fore.color": "rgb(52,187,250)",
        "pb.value.font": "10px arial"
      }
    },
    {
      "c": "ht.Node",
      "i": 301,
      "p": {
        "image": "symbols/progressBar/vProgressBar.json",
        "position": {
          "x": 138.6371762919055,
          "y": 369.68541584712784
        },
        "width": 50,
        "height": 210
      },
      "a": {
        "pb.border.width": 0,
        "pb.border.color": "rgb(0,255,251)",
        "pb.fore.color": "rgb(48,105,112)",
        "pb.value": 0.6900000000000001,
        "pb.gradient.color": "rgb(255,255,255)",
        "pb.value.color": "rgb(255,0,0)",
        "pb.background": "rgb(48,105,112)",
        "pb.value.visible": false
      }
    },
    {
      "c": "ht.Node",
      "i": 298,
      "p": {
        "image": "symbols/progressBar/vProgressBar.json",
        "position": {
          "x": 211.82912306653722,
          "y": 308.2875721791803
        },
        "width": 30,
        "height": 100
      },
      "a": {
        "pb.value.visbile": false,
        "pb.value.color": "rgb(255,255,255)",
        "pb.value": 0.16,
        "pb.border.width": 0,
        "pb.value.font": "italic small-caps bold 12px arial,sans-serif",
        "pb.value.visibile": false,
        "pb.value.visible": false
      }
    },
    {
      "c": "ht.Node",
      "i": 295,
      "p": {
        "image": "symbols/progressBar/vProgressBar.json",
        "position": {
          "x": 211.82912306653722,
          "y": 424.9313582687704
        },
        "width": 30,
        "height": 100
      },
      "a": {
        "pb.value.visbile": false,
        "pb.value.color": "rgb(255,255,255)",
        "pb.value": 0.16,
        "pb.border.width": 3,
        "pb.value.font": "italic small-caps bold 12px arial,sans-serif",
        "pb.value.visibile": false
      }
    }
  ]
}