{
  "width": 84,
  "height": 24,
  "comps": [
    {
      "type": "oval",
      "background": "#D8D8D8",
      "borderWidth": 3,
      "borderColor": "rgb(43,43,43)",
      "rect": [
        2.5001,
        2.71844,
        18.56311,
        18.56311
      ]
    },
    {
      "type": "oval",
      "background": "rgb(28,28,28)",
      "borderWidth": 3,
      "borderColor": "rgb(240,70,118)",
      "rect": [
        8.18539,
        8.67979,
        7.19252,
        7.19252
      ]
    },
    {
      "type": "oval",
      "background": "#D8D8D8",
      "borderWidth": 3,
      "borderColor": "rgb(43,43,43)",
      "rect": [
        32.71844,
        2.71844,
        18.56311,
        18.56311
      ]
    },
    {
      "type": "oval",
      "background": "rgb(28,28,28)",
      "borderWidth": 3,
      "borderColor": "#7ED321",
      "rect": [
        38.40374,
        8.67979,
        7.19252,
        7.19252
      ]
    },
    {
      "type": "oval",
      "background": "#D8D8D8",
      "borderWidth": 3,
      "borderColor": "rgb(43,43,43)",
      "rect": [
        63.10803,
        2.71844,
        18.56311,
        18.56311
      ]
    },
    {
      "type": "oval",
      "background": "rgb(28,28,28)",
      "borderWidth": 3,
      "borderColor": "#4990E2",
      "rect": [
        68.79332,
        8.67979,
        7.19252,
        7.19252
      ]
    }
  ]
}