{
  "width": 51,
  "height": 42,
  "comps": [
    {
      "type": "shape",
      "background": "rgb(181,181,181)",
      "borderWidth": 0.98784,
      "borderColor": "#000000",
      "shadowColor": "#1ABC9C",
      "closePath": true,
      "points": [
        50.47507,
        23.3071,
        0.52197,
        23.29722,
        0.52394,
        17.95004,
        50.47803,
        17.95399,
        50.47507,
        23.3071,
        50.47507,
        23.3071
      ]
    },
    {
      "type": "shape",
      "background": "#080304",
      "shadowColor": "#1ABC9C",
      "points": [
        4.49802,
        21.00049,
        4.49802,
        9.40523,
        13.90127,
        0,
        25.49852,
        0,
        37.09477,
        0,
        46.50099,
        9.40523,
        46.50099,
        21.00049,
        46.50099,
        32.59873,
        37.09477,
        42.00099,
        25.49852,
        42.00099,
        13.90127,
        42.00099,
        4.49802,
        32.59873,
        4.49802,
        21.00049,
        4.49802,
        21.00049
      ],
      "segments": [
        1,
        4,
        4,
        4,
        4,
        2
      ]
    },
    {
      "type": "shape",
      "background": "#dededd",
      "shadowColor": "#1ABC9C",
      "points": [
        6.16945,
        21.00049,
        6.16945,
        10.32589,
        14.82293,
        1.6734,
        25.49852,
        1.6734,
        36.17411,
        1.6734,
        44.82759,
        10.32589,
        44.82759,
        21.00049,
        44.82759,
        31.67806,
        36.17411,
        40.33154,
        25.49852,
        40.33154,
        14.82293,
        40.33154,
        6.16945,
        31.67806,
        6.16945,
        21.00049,
        6.16945,
        21.00049
      ],
      "segments": [
        1,
        4,
        4,
        4,
        4,
        2
      ]
    },
    {
      "type": "shape",
      "background": "#9e9e9e",
      "shadowColor": "#1ABC9C",
      "points": [
        7.81519,
        21.00049,
        7.81519,
        11.23273,
        15.72779,
        3.31717,
        25.49852,
        3.31717,
        35.27221,
        3.31717,
        43.1858,
        11.23273,
        43.1858,
        21.00049,
        43.1858,
        30.77517,
        35.27221,
        38.69074,
        25.49852,
        38.69074,
        15.72779,
        38.69074,
        7.81519,
        30.77517,
        7.81519,
        21.00049,
        7.81519,
        21.00049
      ],
      "segments": [
        1,
        4,
        4,
        4,
        4,
        2
      ]
    },
    {
      "type": "shape",
      "background": "#1e1f1f",
      "shadowColor": "#1ABC9C",
      "points": [
        8.47902,
        21.00049,
        8.47902,
        11.60416,
        16.10119,
        3.981,
        25.49852,
        3.981,
        34.89979,
        3.981,
        42.52098,
        11.60416,
        42.52098,
        21.00049,
        42.52098,
        30.40177,
        34.89881,
        38.019,
        25.49852,
        38.019,
        16.10021,
        38.019,
        8.47902,
        30.40078,
        8.47902,
        21.00049,
        8.47902,
        21.00049
      ],
      "segments": [
        1,
        4,
        4,
        4,
        4,
        2
      ]
    },
    {
      "type": "shape",
      "background": "#dededd",
      "shadowColor": "#1ABC9C",
      "points": [
        17.22733,
        21.00049,
        17.22733,
        16.43667,
        20.92877,
        12.73227,
        25.49852,
        12.73227,
        30.06728,
        12.73227,
        33.76872,
        16.43667,
        33.76872,
        21.00049,
        33.76872,
        25.57321,
        30.06728,
        29.27267,
        25.49852,
        29.27267,
        20.92877,
        29.27168,
        17.22733,
        25.57222,
        17.22733,
        21.00049,
        17.22733,
        21.00049
      ],
      "segments": [
        1,
        4,
        4,
        4,
        4,
        2
      ]
    },
    {
      "type": "shape",
      "background": "#000000",
      "shadowColor": "#1ABC9C",
      "points": [
        18.58364,
        20.99951,
        18.58364,
        17.1815,
        21.67854,
        14.09055,
        25.49852,
        14.09055,
        29.3185,
        14.09055,
        32.41241,
        17.1815,
        32.41241,
        20.99951,
        32.41241,
        24.82146,
        29.31751,
        27.9134,
        25.49852,
        27.9134,
        21.67953,
        27.9134,
        18.58364,
        24.82146,
        18.58364,
        20.99951,
        18.58364,
        20.99951
      ],
      "segments": [
        1,
        4,
        4,
        4,
        4,
        2
      ]
    }
  ]
}