{
  "width": 48,
  "height": 19,
  "comps": [
    {
      "type": "shape",
      "background": "#0e1012",
      "borderWidth": 1,
      "borderColor": "rgb(184,184,184)",
      "shadowColor": "#1ABC9C",
      "points": [
        44.83514,
        17.66972,
        6.45148,
        17.66972,
        6.15753,
        17.66972,
        5.87499,
        17.55461,
        5.66665,
        17.34913,
        1.37907,
        13.12149,
        1.17073,
        12.916,
        1.05372,
        12.63822,
        1.05372,
        12.34807,
        1.05372,
        2.47627,
        1.05372,
        1.87218,
        1.55031,
        1.38226,
        2.16391,
        1.38226,
        44.83609,
        1.38226,
        45.44874,
        1.38226,
        45.94628,
        1.87218,
        45.94628,
        2.47627,
        45.94628,
        16.57476,
        45.94533,
        17.1798,
        45.44874,
        17.66972,
        44.83514,
        17.66972,
        44.83514,
        17.66972
      ],
      "segments": [
        1,
        2,
        4,
        2,
        4,
        2,
        4,
        2,
        4,
        2,
        4,
        2
      ]
    },
    {
      "type": "shape",
      "background": "rgb(140,140,140)",
      "borderColor": "rgb(184,184,184)",
      "shadowColor": "#1ABC9C",
      "points": [
        42.98128,
        16.149,
        7.61967,
        16.42147,
        7.36983,
        16.42147,
        7.1297,
        16.32364,
        6.95263,
        16.149,
        3.30855,
        12.55586,
        3.13148,
        12.38122,
        3.03203,
        12.14513,
        3.03203,
        11.89852,
        3.03203,
        3.50834,
        3.03203,
        2.99492,
        3.45409,
        2.57853,
        3.9756,
        2.57853,
        42.98128,
        2.57853,
        43.50197,
        2.57853,
        43.92484,
        2.99492,
        43.92484,
        3.50834,
        43.92484,
        15.49085,
        43.92403,
        16.00508,
        43.50278,
        16.149,
        42.98128,
        16.149
      ],
      "segments": [
        1,
        2,
        4,
        2,
        4,
        2,
        4,
        2,
        4,
        2,
        4
      ]
    },
    {
      "type": "shape",
      "background": "#000000",
      "shadowColor": "#1ABC9C",
      "points": [
        41.18685,
        12.71242,
        39.03117,
        12.71242,
        39.03117,
        10.58813,
        12.63693,
        10.58813,
        12.63693,
        12.71242,
        10.48125,
        12.71242,
        10.48125,
        8.64079,
        41.18685,
        8.64079,
        41.18685,
        12.71242,
        41.18685,
        12.71242
      ]
    },
    {
      "type": "shape",
      "background": "#000000",
      "shadowColor": "#1ABC9C",
      "points": [
        11.1995,
        7.62288,
        12.05283,
        7.62288,
        12.05283,
        7.62288,
        12.05283,
        7.62288,
        12.05283,
        8.64079,
        12.05283,
        8.64079,
        12.05283,
        8.64079,
        11.1995,
        8.64079,
        11.1995,
        8.64079,
        11.1995,
        8.64079,
        11.1995,
        7.62288,
        11.1995,
        7.62288,
        11.1995,
        7.62288,
        11.1995,
        7.62288
      ],
      "segments": [
        1,
        2,
        3,
        2,
        3,
        2,
        3,
        2,
        3,
        2
      ]
    },
    {
      "type": "shape",
      "background": "#000000",
      "shadowColor": "#1ABC9C",
      "points": [
        13.17443,
        7.62288,
        14.02776,
        7.62288,
        14.02776,
        7.62288,
        14.02776,
        7.62288,
        14.02776,
        8.64079,
        14.02776,
        8.64079,
        14.02776,
        8.64079,
        13.17443,
        8.64079,
        13.17443,
        8.64079,
        13.17443,
        8.64079,
        13.17443,
        7.62288,
        13.17443,
        7.62288,
        13.17443,
        7.62288,
        13.17443,
        7.62288
      ],
      "segments": [
        1,
        2,
        3,
        2,
        3,
        2,
        3,
        2,
        3,
        2
      ]
    },
    {
      "type": "shape",
      "background": "#000000",
      "shadowColor": "#1ABC9C",
      "points": [
        15.14936,
        7.62288,
        16.00269,
        7.62288,
        16.00269,
        7.62288,
        16.00269,
        7.62288,
        16.00269,
        8.64079,
        16.00269,
        8.64079,
        16.00269,
        8.64079,
        15.14936,
        8.64079,
        15.14936,
        8.64079,
        15.14936,
        8.64079,
        15.14936,
        7.62288,
        15.14936,
        7.62288,
        15.14936,
        7.62288,
        15.14936,
        7.62288
      ],
      "segments": [
        1,
        2,
        3,
        2,
        3,
        2,
        3,
        2,
        3,
        2
      ]
    },
    {
      "type": "shape",
      "background": "#000000",
      "shadowColor": "#1ABC9C",
      "points": [
        17.97762,
        7.62288,
        18.83095,
        7.62288,
        18.83095,
        7.62288,
        18.83095,
        7.62288,
        18.83095,
        8.64079,
        18.83095,
        8.64079,
        18.83095,
        8.64079,
        17.97762,
        8.64079,
        17.97762,
        8.64079,
        17.97762,
        8.64079,
        17.97762,
        7.62288,
        17.97762,
        7.62288,
        17.97762,
        7.62288,
        17.97762,
        7.62288
      ],
      "segments": [
        1,
        2,
        3,
        2,
        3,
        2,
        3,
        2,
        3,
        2
      ]
    },
    {
      "type": "shape",
      "background": "#000000",
      "shadowColor": "#1ABC9C",
      "points": [
        20.55949,
        7.62288,
        21.41281,
        7.62288,
        21.41281,
        7.62288,
        21.41281,
        7.62288,
        21.41281,
        8.64079,
        21.41281,
        8.64079,
        21.41281,
        8.64079,
        20.55949,
        8.64079,
        20.55949,
        8.64079,
        20.55949,
        8.64079,
        20.55949,
        7.62288,
        20.55949,
        7.62288,
        20.55949,
        7.62288,
        20.55949,
        7.62288
      ],
      "segments": [
        1,
        2,
        3,
        2,
        3,
        2,
        3,
        2,
        3,
        2
      ]
    },
    {
      "type": "shape",
      "background": "#000000",
      "shadowColor": "#1ABC9C",
      "points": [
        23.1404,
        7.62288,
        23.99373,
        7.62288,
        23.99373,
        7.62288,
        23.99373,
        7.62288,
        23.99373,
        8.64079,
        23.99373,
        8.64079,
        23.99373,
        8.64079,
        23.1404,
        8.64079,
        23.1404,
        8.64079,
        23.1404,
        8.64079,
        23.1404,
        7.62288,
        23.1404,
        7.62288,
        23.1404,
        7.62288,
        23.1404,
        7.62288
      ],
      "segments": [
        1,
        2,
        3,
        2,
        3,
        2,
        3,
        2,
        3,
        2
      ]
    },
    {
      "type": "shape",
      "background": "#000000",
      "shadowColor": "#1ABC9C",
      "points": [
        25.72132,
        7.62288,
        26.57465,
        7.62288,
        26.57465,
        7.62288,
        26.57465,
        7.62288,
        26.57465,
        8.64079,
        26.57465,
        8.64079,
        26.57465,
        8.64079,
        25.72132,
        8.64079,
        25.72132,
        8.64079,
        25.72132,
        8.64079,
        25.72132,
        7.62288,
        25.72132,
        7.62288,
        25.72132,
        7.62288,
        25.72132,
        7.62288
      ],
      "segments": [
        1,
        2,
        3,
        2,
        3,
        2,
        3,
        2,
        3,
        2
      ]
    },
    {
      "type": "shape",
      "background": "#000000",
      "shadowColor": "#1ABC9C",
      "points": [
        28.30319,
        7.62288,
        29.15652,
        7.62288,
        29.15652,
        7.62288,
        29.15652,
        7.62288,
        29.15652,
        8.64079,
        29.15652,
        8.64079,
        29.15652,
        8.64079,
        28.30319,
        8.64079,
        28.30319,
        8.64079,
        28.30319,
        8.64079,
        28.30319,
        7.62288,
        28.30319,
        7.62288,
        28.30319,
        7.62288,
        28.30319,
        7.62288
      ],
      "segments": [
        1,
        2,
        3,
        2,
        3,
        2,
        3,
        2,
        3,
        2
      ]
    },
    {
      "type": "shape",
      "background": "#000000",
      "shadowColor": "#1ABC9C",
      "points": [
        30.88411,
        7.62288,
        31.73744,
        7.62288,
        31.73744,
        7.62288,
        31.73744,
        7.62288,
        31.73744,
        8.64079,
        31.73744,
        8.64079,
        31.73744,
        8.64079,
        30.88411,
        8.64079,
        30.88411,
        8.64079,
        30.88411,
        8.64079,
        30.88411,
        7.62288,
        30.88411,
        7.62288,
        30.88411,
        7.62288,
        30.88411,
        7.62288
      ],
      "segments": [
        1,
        2,
        3,
        2,
        3,
        2,
        3,
        2,
        3,
        2
      ]
    },
    {
      "type": "shape",
      "background": "#000000",
      "shadowColor": "#1ABC9C",
      "points": [
        33.46503,
        7.62288,
        34.31835,
        7.62288,
        34.31835,
        7.62288,
        34.31835,
        7.62288,
        34.31835,
        8.64079,
        34.31835,
        8.64079,
        34.31835,
        8.64079,
        33.46503,
        8.64079,
        33.46503,
        8.64079,
        33.46503,
        8.64079,
        33.46503,
        7.62288,
        33.46503,
        7.62288,
        33.46503,
        7.62288,
        33.46503,
        7.62288
      ],
      "segments": [
        1,
        2,
        3,
        2,
        3,
        2,
        3,
        2,
        3,
        2
      ]
    },
    {
      "type": "shape",
      "background": "#000000",
      "shadowColor": "#1ABC9C",
      "points": [
        36.04689,
        7.62288,
        36.90022,
        7.62288,
        36.90022,
        7.62288,
        36.90022,
        7.62288,
        36.90022,
        8.64079,
        36.90022,
        8.64079,
        36.90022,
        8.64079,
        36.04689,
        8.64079,
        36.04689,
        8.64079,
        36.04689,
        8.64079,
        36.04689,
        7.62288,
        36.04689,
        7.62288,
        36.04689,
        7.62288,
        36.04689,
        7.62288
      ],
      "segments": [
        1,
        2,
        3,
        2,
        3,
        2,
        3,
        2,
        3,
        2
      ]
    },
    {
      "type": "shape",
      "background": "#000000",
      "shadowColor": "#1ABC9C",
      "points": [
        38.62781,
        7.62288,
        39.48114,
        7.62288,
        39.48114,
        7.62288,
        39.48114,
        7.62288,
        39.48114,
        8.64079,
        39.48114,
        8.64079,
        39.48114,
        8.64079,
        38.62781,
        8.64079,
        38.62781,
        8.64079,
        38.62781,
        8.64079,
        38.62781,
        7.62288,
        38.62781,
        7.62288,
        38.62781,
        7.62288,
        38.62781,
        7.62288
      ],
      "segments": [
        1,
        2,
        3,
        2,
        3,
        2,
        3,
        2,
        3,
        2
      ]
    },
    {
      "type": "shape",
      "background": "#b9b9b9",
      "shadowColor": "#1ABC9C",
      "points": [
        39.43738,
        12.31096,
        39.43738,
        10.18668,
        12.22977,
        10.18668,
        12.22977,
        12.31096,
        10.88842,
        12.31096,
        10.88842,
        9.04225,
        40.77969,
        9.04225,
        40.77969,
        12.31096,
        39.43738,
        12.31096,
        39.43738,
        12.31096
      ]
    }
  ]
}