{
  "width": 12,
  "height": 12,
  "fitSize": true,
  "comps": [
    {
      "type": "rect",
      "background": "rgb(189,189,189)",
      "borderWidth": 1,
      "borderColor": "rgb(133,133,133)",
      "opacity": 0.3,
      "shadowColor": "#1ABC9C",
      "rect": [
        1.11012,
        0.83643,
        9.77976,
        10.32714
      ]
    },
    {
      "type": "rect",
      "background": "rgb(128,128,128)",
      "borderWidth": 1,
      "borderColor": "rgb(69,69,69)",
      "shadowColor": "#1ABC9C",
      "rect": [
        3.01699,
        2.99708,
        5.96602,
        6.00583
      ]
    }
  ]
}