{
  "width": 54,
  "height": 24,
  "comps": [
    {
      "type": "roundRect",
      "background": "#D8D8D8",
      "borderColor": "#979797",
      "cornerRadius": 2,
      "rect": [
        0.89112,
        0.84267,
        52,
        22
      ]
    },
    {
      "type": "shape",
      "background": "#000000",
      "borderWidth": 1,
      "borderColor": "rgb(250,250,250)",
      "shadowColor": "#1ABC9C",
      "rotation": -3.14159,
      "points": [
        47.70674,
        3.41387,
        6.29326,
        3.41387,
        4.7764,
        3.41387,
        3.54691,
        4.58879,
        3.54691,
        6.03896,
        3.54691,
        12.75265,
        3.54691,
        14.20161,
        4.7764,
        15.37775,
        6.29326,
        15.37775,
        6.92498,
        15.37775,
        7.7798,
        15.37775,
        8.58492,
        15.75727,
        9.10509,
        16.40597,
        11.38098,
        19.24325,
        11.90114,
        19.89074,
        12.70625,
        20.27146,
        13.56108,
        20.27146,
        40.4377,
        20.27146,
        41.29253,
        20.27146,
        42.09765,
        19.89195,
        42.6178,
        19.24325,
        44.8937,
        16.40597,
        45.41387,
        15.75848,
        46.21898,
        15.37775,
        47.07381,
        15.37775,
        47.70552,
        15.37775,
        49.22238,
        15.37775,
        50.45187,
        14.20283,
        50.45187,
        12.75265,
        50.45187,
        6.03896,
        50.45309,
        4.58879,
        49.2236,
        3.41387,
        47.70674,
        3.41387,
        47.70674,
        3.41387
      ],
      "segments": [
        1,
        2,
        4,
        2,
        4,
        2,
        4,
        2,
        4,
        2,
        4,
        2,
        4,
        2,
        4,
        2,
        4,
        2
      ]
    },
    {
      "type": "shape",
      "background": "#7b7c7d",
      "shadowColor": "#1ABC9C",
      "rotation": -3.14159,
      "points": [
        13.5623,
        18.55334,
        13.23127,
        18.55334,
        12.91724,
        18.40904,
        12.72444,
        18.16897,
        10.44612,
        15.33046,
        9.59373,
        14.2683,
        8.31089,
        13.65962,
        6.92498,
        13.65962,
        6.29448,
        13.65962,
        5.72701,
        13.65962,
        5.26505,
        13.25222,
        5.26505,
        12.75265,
        5.26505,
        6.03774,
        5.26505,
        5.53819,
        5.72701,
        5.13199,
        6.29448,
        5.13199,
        47.70552,
        5.13199,
        48.27298,
        5.13199,
        48.73495,
        5.53819,
        48.73495,
        6.03774,
        48.73495,
        12.75144,
        48.73495,
        13.25101,
        48.27298,
        13.65841,
        47.70552,
        13.65841,
        47.07381,
        13.65841,
        45.68789,
        13.65841,
        44.40627,
        14.26709,
        43.55386,
        15.32925,
        41.27677,
        18.16654,
        41.08276,
        18.40783,
        40.76872,
        18.55212,
        40.4377,
        18.55212,
        13.5623,
        18.55212,
        13.5623,
        18.55334
      ],
      "segments": [
        1,
        4,
        2,
        4,
        2,
        4,
        2,
        4,
        2,
        4,
        2,
        4,
        2,
        4,
        2,
        4,
        2,
        2
      ]
    },
    {
      "type": "shape",
      "background": "#b9b9b9",
      "shadowColor": "#1ABC9C",
      "rotation": -3.14159,
      "points": [
        7.23009,
        12.72463,
        47.91596,
        12.72463,
        47.91596,
        12.72463,
        47.91596,
        12.72463,
        47.91596,
        14.61127,
        47.91596,
        14.61127,
        47.91596,
        14.61127,
        7.23009,
        14.61127,
        7.23009,
        14.61127,
        7.23009,
        14.61127,
        7.23009,
        12.72463,
        7.23009,
        12.72463,
        7.23009,
        12.72463,
        7.23009,
        12.72463
      ],
      "segments": [
        1,
        2,
        3,
        2,
        3,
        2,
        3,
        2,
        3,
        2
      ]
    },
    {
      "type": "shape",
      "background": "#373737",
      "shadowColor": "#1ABC9C",
      "rotation": -3.14159,
      "points": [
        43.27495,
        14.61127,
        45.90814,
        14.61127,
        45.90814,
        14.61127,
        45.90814,
        14.61127,
        45.90814,
        16.37221,
        45.90814,
        16.37221,
        45.90814,
        16.37221,
        43.27495,
        16.37221,
        43.27495,
        16.37221,
        43.27495,
        16.37221,
        43.27495,
        14.61127,
        43.27495,
        14.61127,
        43.27495,
        14.61127,
        43.27495,
        14.61127
      ],
      "segments": [
        1,
        2,
        3,
        2,
        3,
        2,
        3,
        2,
        3,
        2
      ]
    },
    {
      "type": "shape",
      "background": "#373737",
      "shadowColor": "#1ABC9C",
      "rotation": -3.14159,
      "points": [
        39.49421,
        14.61127,
        42.12741,
        14.61127,
        42.12741,
        14.61127,
        42.12741,
        14.61127,
        42.12741,
        16.37221,
        42.12741,
        16.37221,
        42.12741,
        16.37221,
        39.49421,
        16.37221,
        39.49421,
        16.37221,
        39.49421,
        16.37221,
        39.49421,
        14.61127,
        39.49421,
        14.61127,
        39.49421,
        14.61127,
        39.49421,
        14.61127
      ],
      "segments": [
        1,
        2,
        3,
        2,
        3,
        2,
        3,
        2,
        3,
        2
      ]
    },
    {
      "type": "shape",
      "background": "#373737",
      "shadowColor": "#1ABC9C",
      "rotation": -3.14159,
      "points": [
        35.71199,
        14.61127,
        38.34518,
        14.61127,
        38.34518,
        14.61127,
        38.34518,
        14.61127,
        38.34518,
        16.37221,
        38.34518,
        16.37221,
        38.34518,
        16.37221,
        35.71199,
        16.37221,
        35.71199,
        16.37221,
        35.71199,
        16.37221,
        35.71199,
        14.61127,
        35.71199,
        14.61127,
        35.71199,
        14.61127,
        35.71199,
        14.61127
      ],
      "segments": [
        1,
        2,
        3,
        2,
        3,
        2,
        3,
        2,
        3,
        2
      ]
    },
    {
      "type": "shape",
      "background": "#373737",
      "shadowColor": "#1ABC9C",
      "rotation": -3.14159,
      "points": [
        31.92976,
        14.61127,
        34.56296,
        14.61127,
        34.56296,
        14.61127,
        34.56296,
        14.61127,
        34.56296,
        16.37221,
        34.56296,
        16.37221,
        34.56296,
        16.37221,
        31.92976,
        16.37221,
        31.92976,
        16.37221,
        31.92976,
        16.37221,
        31.92976,
        14.61127,
        31.92976,
        14.61127,
        31.92976,
        14.61127,
        31.92976,
        14.61127
      ],
      "segments": [
        1,
        2,
        3,
        2,
        3,
        2,
        3,
        2,
        3,
        2
      ]
    },
    {
      "type": "shape",
      "background": "#373737",
      "shadowColor": "#1ABC9C",
      "rotation": -3.14159,
      "points": [
        28.14754,
        14.61127,
        30.78073,
        14.61127,
        30.78073,
        14.61127,
        30.78073,
        14.61127,
        30.78073,
        16.37221,
        30.78073,
        16.37221,
        30.78073,
        16.37221,
        28.14754,
        16.37221,
        28.14754,
        16.37221,
        28.14754,
        16.37221,
        28.14754,
        14.61127,
        28.14754,
        14.61127,
        28.14754,
        14.61127,
        28.14754,
        14.61127
      ],
      "segments": [
        1,
        2,
        3,
        2,
        3,
        2,
        3,
        2,
        3,
        2
      ]
    },
    {
      "type": "shape",
      "background": "#373737",
      "shadowColor": "#1ABC9C",
      "rotation": -3.14159,
      "points": [
        24.3668,
        14.61127,
        27,
        14.61127,
        27,
        14.61127,
        27,
        14.61127,
        27,
        16.37221,
        27,
        16.37221,
        27,
        16.37221,
        24.3668,
        16.37221,
        24.3668,
        16.37221,
        24.3668,
        16.37221,
        24.3668,
        14.61127,
        24.3668,
        14.61127,
        24.3668,
        14.61127,
        24.3668,
        14.61127
      ],
      "segments": [
        1,
        2,
        3,
        2,
        3,
        2,
        3,
        2,
        3,
        2
      ]
    },
    {
      "type": "shape",
      "background": "#373737",
      "shadowColor": "#1ABC9C",
      "rotation": -3.14159,
      "points": [
        20.58458,
        14.61127,
        23.21777,
        14.61127,
        23.21777,
        14.61127,
        23.21777,
        14.61127,
        23.21777,
        16.37221,
        23.21777,
        16.37221,
        23.21777,
        16.37221,
        20.58458,
        16.37221,
        20.58458,
        16.37221,
        20.58458,
        16.37221,
        20.58458,
        14.61127,
        20.58458,
        14.61127,
        20.58458,
        14.61127,
        20.58458,
        14.61127
      ],
      "segments": [
        1,
        2,
        3,
        2,
        3,
        2,
        3,
        2,
        3,
        2
      ]
    },
    {
      "type": "shape",
      "background": "#373737",
      "shadowColor": "#1ABC9C",
      "rotation": -3.14159,
      "points": [
        16.80235,
        14.61127,
        19.43555,
        14.61127,
        19.43555,
        14.61127,
        19.43555,
        14.61127,
        19.43555,
        16.37221,
        19.43555,
        16.37221,
        19.43555,
        16.37221,
        16.80235,
        16.37221,
        16.80235,
        16.37221,
        16.80235,
        16.37221,
        16.80235,
        14.61127,
        16.80235,
        14.61127,
        16.80235,
        14.61127,
        16.80235,
        14.61127
      ],
      "segments": [
        1,
        2,
        3,
        2,
        3,
        2,
        3,
        2,
        3,
        2
      ]
    },
    {
      "type": "shape",
      "background": "#373737",
      "shadowColor": "#1ABC9C",
      "rotation": -3.14159,
      "points": [
        13.02011,
        14.61127,
        15.65331,
        14.61127,
        15.65331,
        14.61127,
        15.65331,
        14.61127,
        15.65331,
        16.37221,
        15.65331,
        16.37221,
        15.65331,
        16.37221,
        13.02011,
        16.37221,
        13.02011,
        16.37221,
        13.02011,
        16.37221,
        13.02011,
        14.61127,
        13.02011,
        14.61127,
        13.02011,
        14.61127,
        13.02011,
        14.61127
      ],
      "segments": [
        1,
        2,
        3,
        2,
        3,
        2,
        3,
        2,
        3,
        2
      ]
    },
    {
      "type": "shape",
      "background": "#373737",
      "shadowColor": "#1ABC9C",
      "rotation": -3.14159,
      "points": [
        9.23939,
        14.61127,
        11.87259,
        14.61127,
        11.87259,
        14.61127,
        11.87259,
        14.61127,
        11.87259,
        16.37221,
        11.87259,
        16.37221,
        11.87259,
        16.37221,
        9.23939,
        16.37221,
        9.23939,
        16.37221,
        9.23939,
        16.37221,
        9.23939,
        14.61127,
        9.23939,
        14.61127,
        9.23939,
        14.61127,
        9.23939,
        14.61127
      ],
      "segments": [
        1,
        2,
        3,
        2,
        3,
        2,
        3,
        2,
        3,
        2
      ]
    },
    {
      "type": "shape",
      "background": "#373737",
      "shadowColor": "#1ABC9C",
      "rotation": -3.14159,
      "points": [
        41.38383,
        10.96219,
        44.01704,
        10.96219,
        44.01704,
        10.96219,
        44.01704,
        10.96219,
        44.01704,
        12.72314,
        44.01704,
        12.72314,
        44.01704,
        12.72314,
        41.38383,
        12.72314,
        41.38383,
        12.72314,
        41.38383,
        12.72314,
        41.38383,
        10.96219,
        41.38383,
        10.96219,
        41.38383,
        10.96219,
        41.38383,
        10.96219
      ],
      "segments": [
        1,
        2,
        3,
        2,
        3,
        2,
        3,
        2,
        3,
        2
      ]
    },
    {
      "type": "shape",
      "background": "#373737",
      "shadowColor": "#1ABC9C",
      "rotation": -3.14159,
      "points": [
        37.60311,
        10.96219,
        40.23629,
        10.96219,
        40.23629,
        10.96219,
        40.23629,
        10.96219,
        40.23629,
        12.72314,
        40.23629,
        12.72314,
        40.23629,
        12.72314,
        37.60311,
        12.72314,
        37.60311,
        12.72314,
        37.60311,
        12.72314,
        37.60311,
        10.96219,
        37.60311,
        10.96219,
        37.60311,
        10.96219,
        37.60311,
        10.96219
      ],
      "segments": [
        1,
        2,
        3,
        2,
        3,
        2,
        3,
        2,
        3,
        2
      ]
    },
    {
      "type": "shape",
      "background": "#373737",
      "shadowColor": "#1ABC9C",
      "rotation": -3.14159,
      "points": [
        33.82087,
        10.96219,
        36.45408,
        10.96219,
        36.45408,
        10.96219,
        36.45408,
        10.96219,
        36.45408,
        12.72314,
        36.45408,
        12.72314,
        36.45408,
        12.72314,
        33.82087,
        12.72314,
        33.82087,
        12.72314,
        33.82087,
        12.72314,
        33.82087,
        10.96219,
        33.82087,
        10.96219,
        33.82087,
        10.96219,
        33.82087,
        10.96219
      ],
      "segments": [
        1,
        2,
        3,
        2,
        3,
        2,
        3,
        2,
        3,
        2
      ]
    },
    {
      "type": "shape",
      "background": "#373737",
      "shadowColor": "#1ABC9C",
      "rotation": -3.14159,
      "points": [
        30.03864,
        10.96219,
        32.67184,
        10.96219,
        32.67184,
        10.96219,
        32.67184,
        10.96219,
        32.67184,
        12.72314,
        32.67184,
        12.72314,
        32.67184,
        12.72314,
        30.03864,
        12.72314,
        30.03864,
        12.72314,
        30.03864,
        12.72314,
        30.03864,
        10.96219,
        30.03864,
        10.96219,
        30.03864,
        10.96219,
        30.03864,
        10.96219
      ],
      "segments": [
        1,
        2,
        3,
        2,
        3,
        2,
        3,
        2,
        3,
        2
      ]
    },
    {
      "type": "shape",
      "background": "#373737",
      "shadowColor": "#1ABC9C",
      "rotation": -3.14159,
      "points": [
        26.25792,
        10.96219,
        28.89112,
        10.96219,
        28.89112,
        10.96219,
        28.89112,
        10.96219,
        28.89112,
        12.72314,
        28.89112,
        12.72314,
        28.89112,
        12.72314,
        26.25792,
        12.72314,
        26.25792,
        12.72314,
        26.25792,
        12.72314,
        26.25792,
        10.96219,
        26.25792,
        10.96219,
        26.25792,
        10.96219,
        26.25792,
        10.96219
      ],
      "segments": [
        1,
        2,
        3,
        2,
        3,
        2,
        3,
        2,
        3,
        2
      ]
    },
    {
      "type": "shape",
      "background": "#373737",
      "shadowColor": "#1ABC9C",
      "rotation": -3.14159,
      "points": [
        22.47568,
        10.96219,
        25.10888,
        10.96219,
        25.10888,
        10.96219,
        25.10888,
        10.96219,
        25.10888,
        12.72314,
        25.10888,
        12.72314,
        25.10888,
        12.72314,
        22.47568,
        12.72314,
        22.47568,
        12.72314,
        22.47568,
        12.72314,
        22.47568,
        10.96219,
        22.47568,
        10.96219,
        22.47568,
        10.96219,
        22.47568,
        10.96219
      ],
      "segments": [
        1,
        2,
        3,
        2,
        3,
        2,
        3,
        2,
        3,
        2
      ]
    },
    {
      "type": "shape",
      "background": "#373737",
      "shadowColor": "#1ABC9C",
      "rotation": -3.14159,
      "points": [
        18.69346,
        10.96219,
        21.32665,
        10.96219,
        21.32665,
        10.96219,
        21.32665,
        10.96219,
        21.32665,
        12.72314,
        21.32665,
        12.72314,
        21.32665,
        12.72314,
        18.69346,
        12.72314,
        18.69346,
        12.72314,
        18.69346,
        12.72314,
        18.69346,
        10.96219,
        18.69346,
        10.96219,
        18.69346,
        10.96219,
        18.69346,
        10.96219
      ],
      "segments": [
        1,
        2,
        3,
        2,
        3,
        2,
        3,
        2,
        3,
        2
      ]
    },
    {
      "type": "shape",
      "background": "#373737",
      "shadowColor": "#1ABC9C",
      "rotation": -3.14159,
      "points": [
        14.91123,
        10.96219,
        17.54443,
        10.96219,
        17.54443,
        10.96219,
        17.54443,
        10.96219,
        17.54443,
        12.72314,
        17.54443,
        12.72314,
        17.54443,
        12.72314,
        14.91123,
        12.72314,
        14.91123,
        12.72314,
        14.91123,
        12.72314,
        14.91123,
        10.96219,
        14.91123,
        10.96219,
        14.91123,
        10.96219,
        14.91123,
        10.96219
      ],
      "segments": [
        1,
        2,
        3,
        2,
        3,
        2,
        3,
        2,
        3,
        2
      ]
    },
    {
      "type": "shape",
      "background": "#373737",
      "shadowColor": "#1ABC9C",
      "rotation": -3.14159,
      "points": [
        11.1305,
        10.96219,
        13.76371,
        10.96219,
        13.76371,
        10.96219,
        13.76371,
        10.96219,
        13.76371,
        12.72314,
        13.76371,
        12.72314,
        13.76371,
        12.72314,
        11.1305,
        12.72314,
        11.1305,
        12.72314,
        11.1305,
        12.72314,
        11.1305,
        10.96219,
        11.1305,
        10.96219,
        11.1305,
        10.96219,
        11.1305,
        10.96219
      ],
      "segments": [
        1,
        2,
        3,
        2,
        3,
        2,
        3,
        2,
        3,
        2
      ]
    }
  ]
}