{
  "width": 87,
  "height": 35,
  "comps": [
    {
      "type": "shape",
      "background": "rgba(245,245,245,0.4)",
      "shadowColor": "#1ABC9C",
      "points": [
        78.12663,
        34.50808,
        8.87337,
        34.50808,
        4.5494,
        34.50808,
        1.04399,
        31.14328,
        1.04399,
        26.99275,
        1.04399,
        9.37168,
        1.04399,
        5.22116,
        4.5494,
        1.85636,
        8.87337,
        1.85636,
        78.12762,
        1.85636,
        82.45158,
        1.85636,
        85.95699,
        5.22116,
        85.95699,
        9.37168,
        85.95699,
        26.99275,
        85.95601,
        31.14328,
        82.4506,
        34.50808,
        78.12663,
        34.50808,
        78.12663,
        34.50808
      ],
      "segments": [
        1,
        2,
        4,
        2,
        4,
        2,
        4,
        2,
        4,
        2
      ]
    },
    {
      "type": "shape",
      "background": "#165d9c",
      "shadowColor": "#1ABC9C",
      "points": [
        58.37906,
        28.66507,
        28.62094,
        28.66507,
        26.10724,
        28.66507,
        23.93197,
        26.9168,
        23.39185,
        24.46311,
        20.82994,
        12.84202,
        20.09304,
        9.49993,
        22.63725,
        6.33394,
        26.05903,
        6.33394,
        60.93999,
        6.33394,
        64.36177,
        6.33394,
        66.90597,
        9.49993,
        66.16908,
        12.84202,
        63.60717,
        24.46311,
        63.06704,
        26.91778,
        60.89178,
        28.66507,
        58.37906,
        28.66507,
        58.37906,
        28.66507
      ],
      "segments": [
        1,
        2,
        4,
        2,
        4,
        2,
        4,
        2,
        4,
        2
      ]
    },
    {
      "type": "shape",
      "borderWidth": 0.98384,
      "borderColor": "#939393",
      "shadowColor": "#1ABC9C",
      "points": [
        58.37906,
        28.66507,
        28.62094,
        28.66507,
        26.10724,
        28.66507,
        23.93197,
        26.9168,
        23.39185,
        24.46311,
        20.82994,
        12.84202,
        20.09304,
        9.49993,
        22.63725,
        6.33394,
        26.05903,
        6.33394,
        60.93999,
        6.33394,
        64.36177,
        6.33394,
        66.90597,
        9.49993,
        66.16908,
        12.84202,
        63.60717,
        24.46311,
        63.06704,
        26.91778,
        60.89178,
        28.66507,
        58.37906,
        28.66507,
        58.37906,
        28.66507
      ],
      "segments": [
        1,
        2,
        4,
        2,
        4,
        2,
        4,
        2,
        4,
        2
      ]
    },
    {
      "type": "shape",
      "background": "#1f1f1f",
      "shadowColor": "#1ABC9C",
      "points": [
        30.32396,
        13.3428,
        30.17104,
        12.57399,
        29.73554,
        11.92222,
        29.08378,
        11.48673,
        28.31497,
        11.3338,
        27.54616,
        11.48673,
        26.89439,
        11.92222,
        26.4589,
        12.57399,
        26.30597,
        13.3428,
        26.4589,
        14.11161,
        26.89439,
        14.76337,
        27.54616,
        15.19887,
        28.31497,
        15.35179,
        29.08378,
        15.19887,
        29.73554,
        14.76337,
        30.17104,
        14.11161,
        30.32396,
        13.3428
      ]
    },
    {
      "type": "shape",
      "background": "#1f1f1f",
      "shadowColor": "#1ABC9C",
      "points": [
        37.91623,
        13.3428,
        37.76331,
        12.57399,
        37.32781,
        11.92222,
        36.67605,
        11.48673,
        35.90724,
        11.3338,
        35.13843,
        11.48673,
        34.48666,
        11.92222,
        34.05117,
        12.57399,
        33.89824,
        13.3428,
        34.05117,
        14.11161,
        34.48666,
        14.76337,
        35.13843,
        15.19887,
        35.90724,
        15.35179,
        36.67605,
        15.19887,
        37.32781,
        14.76337,
        37.76331,
        14.11161,
        37.91623,
        13.3428
      ]
    },
    {
      "type": "shape",
      "background": "#1f1f1f",
      "shadowColor": "#1ABC9C",
      "points": [
        45.50949,
        13.3428,
        45.35656,
        12.57399,
        44.92107,
        11.92222,
        44.2693,
        11.48673,
        43.50049,
        11.3338,
        42.73168,
        11.48673,
        42.07992,
        11.92222,
        41.64442,
        12.57399,
        41.4915,
        13.3428,
        41.64442,
        14.11161,
        42.07992,
        14.76337,
        42.73168,
        15.19887,
        43.50049,
        15.35179,
        44.2693,
        15.19887,
        44.92107,
        14.76337,
        45.35656,
        14.11161,
        45.50949,
        13.3428
      ]
    },
    {
      "type": "shape",
      "background": "#1f1f1f",
      "shadowColor": "#1ABC9C",
      "points": [
        53.10176,
        13.3428,
        52.94883,
        12.57399,
        52.51334,
        11.92222,
        51.86157,
        11.48673,
        51.09276,
        11.3338,
        50.32395,
        11.48673,
        49.67219,
        11.92222,
        49.23669,
        12.57399,
        49.08377,
        13.3428,
        49.23669,
        14.11161,
        49.67219,
        14.76337,
        50.32395,
        15.19887,
        51.09276,
        15.35179,
        51.86157,
        15.19887,
        52.51334,
        14.76337,
        52.94883,
        14.11161,
        53.10176,
        13.3428
      ]
    },
    {
      "type": "shape",
      "background": "#1f1f1f",
      "shadowColor": "#1ABC9C",
      "points": [
        60.69403,
        13.3428,
        60.5411,
        12.57399,
        60.10561,
        11.92222,
        59.45384,
        11.48673,
        58.68503,
        11.3338,
        57.91622,
        11.48673,
        57.26446,
        11.92222,
        56.82896,
        12.57399,
        56.67604,
        13.3428,
        56.82896,
        14.11161,
        57.26446,
        14.76337,
        57.91622,
        15.19887,
        58.68503,
        15.35179,
        59.45384,
        15.19887,
        60.10561,
        14.76337,
        60.5411,
        14.11161,
        60.69403,
        13.3428
      ]
    },
    {
      "type": "shape",
      "background": "#1f1f1f",
      "shadowColor": "#1ABC9C",
      "points": [
        34.12059,
        21.65622,
        33.96766,
        20.88741,
        33.53217,
        20.23565,
        32.8804,
        19.80015,
        32.1116,
        19.64722,
        31.34279,
        19.80015,
        30.69102,
        20.23565,
        30.25553,
        20.88741,
        30.1026,
        21.65622,
        30.25553,
        22.42503,
        30.69102,
        23.07679,
        31.34279,
        23.51229,
        32.1116,
        23.66521,
        32.8804,
        23.51229,
        33.53217,
        23.07679,
        33.96766,
        22.42503,
        34.12059,
        21.65622
      ]
    },
    {
      "type": "shape",
      "background": "#1f1f1f",
      "shadowColor": "#1ABC9C",
      "points": [
        41.71286,
        21.65622,
        41.55993,
        20.88741,
        41.12444,
        20.23565,
        40.47267,
        19.80015,
        39.70387,
        19.64722,
        38.93506,
        19.80015,
        38.28329,
        20.23565,
        37.8478,
        20.88741,
        37.69487,
        21.65622,
        37.8478,
        22.42503,
        38.28329,
        23.07679,
        38.93506,
        23.51229,
        39.70387,
        23.66521,
        40.47267,
        23.51229,
        41.12444,
        23.07679,
        41.55993,
        22.42503,
        41.71286,
        21.65622
      ]
    },
    {
      "type": "shape",
      "background": "#1f1f1f",
      "shadowColor": "#1ABC9C",
      "points": [
        49.30513,
        21.65622,
        49.1522,
        20.88741,
        48.71671,
        20.23565,
        48.06494,
        19.80015,
        47.29613,
        19.64722,
        46.52733,
        19.80015,
        45.87556,
        20.23565,
        45.44007,
        20.88741,
        45.28714,
        21.65622,
        45.44007,
        22.42503,
        45.87556,
        23.07679,
        46.52733,
        23.51229,
        47.29613,
        23.66521,
        48.06494,
        23.51229,
        48.71671,
        23.07679,
        49.1522,
        22.42503,
        49.30513,
        21.65622
      ]
    },
    {
      "type": "shape",
      "background": "#1f1f1f",
      "shadowColor": "#1ABC9C",
      "points": [
        56.8974,
        21.65622,
        56.74447,
        20.88741,
        56.30898,
        20.23565,
        55.65721,
        19.80015,
        54.8884,
        19.64722,
        54.1196,
        19.80015,
        53.46783,
        20.23565,
        53.03234,
        20.88741,
        52.87941,
        21.65622,
        53.03234,
        22.42503,
        53.46783,
        23.07679,
        54.1196,
        23.51229,
        54.8884,
        23.66521,
        55.65721,
        23.51229,
        56.30898,
        23.07679,
        56.74447,
        22.42503,
        56.8974,
        21.65622
      ]
    },
    {
      "type": "shape",
      "background": "#afafaf",
      "borderWidth": 1,
      "borderColor": "rgb(135,135,135)",
      "shadowColor": "#1ABC9C",
      "points": [
        10.96599,
        13.29852,
        13.28178,
        13.29852,
        15.1591,
        15.17937,
        15.1591,
        17.49951,
        15.1591,
        19.81965,
        13.28178,
        21.70049,
        10.96599,
        21.70049,
        8.65019,
        21.70049,
        6.77287,
        19.81965,
        6.77287,
        17.49951,
        6.77287,
        15.17937,
        8.65019,
        13.29852,
        10.96599,
        13.29852,
        10.96599,
        13.29852
      ],
      "segments": [
        1,
        4,
        4,
        4,
        4,
        2
      ]
    },
    {
      "type": "shape",
      "background": "#939393",
      "shadowColor": "#1ABC9C",
      "points": [
        8.34209,
        16.8915,
        13.5889,
        16.8915,
        13.5889,
        16.8915,
        13.5889,
        16.8915,
        13.5889,
        18.10752,
        13.5889,
        18.10752,
        13.5889,
        18.10752,
        8.34209,
        18.10752,
        8.34209,
        18.10752,
        8.34209,
        18.10752,
        8.34209,
        16.8915,
        8.34209,
        16.8915,
        8.34209,
        16.8915,
        8.34209,
        16.8915
      ],
      "segments": [
        1,
        2,
        3,
        2,
        3,
        2,
        3,
        2,
        3,
        2
      ]
    },
    {
      "type": "shape",
      "background": "#939393",
      "shadowColor": "#1ABC9C",
      "points": [
        10.35798,
        14.8766,
        11.574,
        14.8766,
        11.574,
        14.8766,
        11.574,
        14.8766,
        11.574,
        20.1234,
        11.574,
        20.1234,
        11.574,
        20.1234,
        10.35798,
        20.1234,
        10.35798,
        20.1234,
        10.35798,
        20.1234,
        10.35798,
        14.8766,
        10.35798,
        14.8766,
        10.35798,
        14.8766,
        10.35798,
        14.8766
      ],
      "segments": [
        1,
        2,
        3,
        2,
        3,
        2,
        3,
        2,
        3,
        2
      ]
    },
    {
      "type": "shape",
      "background": "#afafaf",
      "borderWidth": 1,
      "borderColor": "rgb(135,135,135)",
      "shadowColor": "#1ABC9C",
      "points": [
        75.67885,
        13.29852,
        77.99464,
        13.29852,
        79.87196,
        15.17937,
        79.87196,
        17.49951,
        79.87196,
        19.81965,
        77.99464,
        21.70049,
        75.67885,
        21.70049,
        73.36306,
        21.70049,
        71.48573,
        19.81965,
        71.48573,
        17.49951,
        71.48573,
        15.17937,
        73.36306,
        13.29852,
        75.67885,
        13.29852,
        75.67885,
        13.29852
      ],
      "segments": [
        1,
        4,
        4,
        4,
        4,
        2
      ]
    },
    {
      "type": "shape",
      "background": "#939393",
      "shadowColor": "#1ABC9C",
      "points": [
        73.05495,
        16.8915,
        78.30176,
        16.8915,
        78.30176,
        16.8915,
        78.30176,
        16.8915,
        78.30176,
        18.10752,
        78.30176,
        18.10752,
        78.30176,
        18.10752,
        73.05495,
        18.10752,
        73.05495,
        18.10752,
        73.05495,
        18.10752,
        73.05495,
        16.8915,
        73.05495,
        16.8915,
        73.05495,
        16.8915,
        73.05495,
        16.8915
      ],
      "segments": [
        1,
        2,
        3,
        2,
        3,
        2,
        3,
        2,
        3,
        2
      ]
    },
    {
      "type": "shape",
      "background": "#939393",
      "shadowColor": "#1ABC9C",
      "points": [
        75.07084,
        14.8766,
        76.28686,
        14.8766,
        76.28686,
        14.8766,
        76.28686,
        14.8766,
        76.28686,
        20.1234,
        76.28686,
        20.1234,
        76.28686,
        20.1234,
        75.07084,
        20.1234,
        75.07084,
        20.1234,
        75.07084,
        20.1234,
        75.07084,
        14.8766,
        75.07084,
        14.8766,
        75.07084,
        14.8766,
        75.07084,
        14.8766
      ],
      "segments": [
        1,
        2,
        3,
        2,
        3,
        2,
        3,
        2,
        3,
        2
      ]
    }
  ]
}