{
  "width": 16,
  "height": 8,
  "comps": [
    {
      "type": "shape",
      "background": "rgba(69,69,69,0.6)",
      "borderWidth": 1,
      "borderColor": "rgb(214,214,214)",
      "shadowColor": "#1ABC9C",
      "points": [
        12.40343,
        7.21486,
        3.59657,
        7.21486,
        3.30636,
        7.21486,
        3.02914,
        7.09271,
        2.83336,
        6.87873,
        1.33639,
        5.23968,
        1.16226,
        5.04909,
        1.0661,
        4.80047,
        1.0661,
        4.54231,
        1.0661,
        1.81865,
        1.0661,
        1.24775,
        1.5287,
        0.78514,
        2.0996,
        0.78514,
        13.9004,
        0.78514,
        14.4713,
        0.78514,
        14.9339,
        1.24775,
        14.9339,
        1.81865,
        14.9339,
        4.54231,
        14.9339,
        4.80047,
        14.83774,
        5.04909,
        14.66361,
        5.23968,
        13.16664,
        6.87873,
        12.96999,
        7.09271,
        12.69364,
        7.21486,
        12.40343,
        7.21486,
        12.40343,
        7.21486
      ],
      "segments": [
        1,
        2,
        4,
        2,
        4,
        2,
        4,
        2,
        4,
        2,
        4,
        2,
        4,
        2
      ]
    },
    {
      "type": "shape",
      "background": "#afafaf",
      "shadowColor": "#1ABC9C",
      "points": [
        2.97024,
        3.50166,
        13.03063,
        3.50166,
        13.03063,
        3.50166,
        13.03063,
        3.50166,
        13.03063,
        4.49748,
        13.03063,
        4.49748,
        13.03063,
        4.49748,
        2.97024,
        4.49748,
        2.97024,
        4.49748,
        2.97024,
        4.49748,
        2.97024,
        3.50166,
        2.97024,
        3.50166,
        2.97024,
        3.50166,
        2.97024,
        3.50166
      ],
      "segments": [
        1,
        2,
        3,
        2,
        3,
        2,
        3,
        2,
        3,
        2
      ]
    }
  ]
}