{
  "width": 26,
  "height": 22,
  "comps": [
    {
      "type": "shape",
      "background": "#080304",
      "shadowColor": "#1ABC9C",
      "points": [
        0,
        0.27554,
        26,
        0.27554,
        26,
        0.27554,
        26,
        0.27554,
        26,
        21.72446,
        26,
        21.72446,
        26,
        21.72446,
        0,
        21.72446,
        0,
        21.72446,
        0,
        21.72446,
        0,
        0.27554,
        0,
        0.27554,
        0,
        0.27554,
        0,
        0.27554
      ],
      "segments": [
        1,
        2,
        3,
        2,
        3,
        2,
        3,
        2,
        3,
        2
      ]
    },
    {
      "type": "shape",
      "background": "#080304",
      "shadowColor": "#1ABC9C",
      "points": [
        0.97495,
        1.25049,
        26,
        1.25049,
        26,
        1.25049,
        26,
        1.25049,
        26,
        21.72446,
        26,
        21.72446,
        26,
        21.72446,
        0.97495,
        21.72446,
        0.97495,
        21.72446,
        0.97495,
        21.72446,
        0.97495,
        1.25049,
        0.97495,
        1.25049,
        0.97495,
        1.25049,
        0.97495,
        1.25049
      ],
      "segments": [
        1,
        2,
        3,
        2,
        3,
        2,
        3,
        2,
        3,
        2
      ]
    },
    {
      "type": "shape",
      "background": "#7d7d7e",
      "shadowColor": "#1ABC9C",
      "points": [
        0.97495,
        1.25049,
        24.86126,
        1.25049,
        24.86126,
        1.25049,
        24.86126,
        1.25049,
        24.86126,
        20.79339,
        24.86126,
        20.79339,
        24.86126,
        20.79339,
        0.97495,
        20.79339,
        0.97495,
        20.79339,
        0.97495,
        20.79339,
        0.97495,
        1.25049,
        0.97495,
        1.25049,
        0.97495,
        1.25049,
        0.97495,
        1.25049
      ],
      "segments": [
        1,
        2,
        3,
        2,
        3,
        2,
        3,
        2,
        3,
        2
      ]
    },
    {
      "type": "shape",
      "background": "#080304",
      "shadowColor": "#1ABC9C",
      "points": [
        12.68022,
        7.71149,
        12.68022,
        5.62217,
        10.83171,
        5.62217,
        9.78754,
        5.62217,
        9.78754,
        2.89231,
        5.12824,
        2.89231,
        5.12824,
        5.62217,
        4.0831,
        5.62217,
        2.23654,
        5.62217,
        2.23654,
        7.71149,
        4.0831,
        7.71149,
        4.0831,
        9.4781,
        2.23654,
        9.4781,
        2.23654,
        20.08265,
        4.0831,
        20.08265,
        10.83171,
        20.08265,
        12.68022,
        20.08265,
        12.68022,
        9.4781,
        10.83171,
        9.4781,
        10.83171,
        7.71149,
        12.68022,
        7.71149,
        12.68022,
        7.71149
      ]
    },
    {
      "type": "shape",
      "background": "#0a0505",
      "shadowColor": "#1ABC9C",
      "points": [
        10.54995,
        15.0636,
        10.31454,
        13.88013,
        9.64416,
        12.87684,
        8.64087,
        12.20646,
        7.4574,
        11.97105,
        6.27394,
        12.20646,
        5.27064,
        12.87684,
        4.60026,
        13.88013,
        4.36486,
        15.0636,
        4.60026,
        16.24706,
        5.27064,
        17.25036,
        6.27394,
        17.92074,
        7.4574,
        18.15614,
        8.64087,
        17.92074,
        9.64416,
        17.25036,
        10.31454,
        16.24706,
        10.54995,
        15.0636
      ]
    },
    {
      "type": "shape",
      "background": "#080304",
      "shadowColor": "#1ABC9C",
      "points": [
        23.76639,
        7.71149,
        23.76639,
        5.62217,
        21.91788,
        5.62217,
        20.87566,
        5.62217,
        20.87566,
        2.89231,
        16.21539,
        2.89231,
        16.21539,
        5.62217,
        15.17024,
        5.62217,
        13.32173,
        5.62217,
        13.32173,
        7.71149,
        15.17024,
        7.71149,
        15.17024,
        9.4781,
        13.32173,
        9.4781,
        13.32173,
        20.08265,
        15.17024,
        20.08265,
        21.91788,
        20.08265,
        23.76639,
        20.08265,
        23.76639,
        9.4781,
        21.91788,
        9.4781,
        21.91788,
        7.71149,
        23.76639,
        7.71149,
        23.76639,
        7.71149
      ]
    },
    {
      "type": "oval",
      "borderWidth": 1,
      "borderColor": "#979797",
      "rect": [
        4.45838,
        11.97105,
        6,
        6
      ]
    },
    {
      "type": "oval",
      "borderWidth": 1,
      "borderColor": "#979797",
      "rect": [
        15.54406,
        11.97105,
        6,
        6
      ]
    },
    {
      "type": "oval",
      "background": "rgb(145,102,32)",
      "borderColor": "#979797",
      "rect": [
        16.98683,
        13.50636,
        3.11447,
        3.11447
      ]
    },
    {
      "type": "oval",
      "background": "rgb(145,102,32)",
      "borderColor": "#979797",
      "rect": [
        5.90017,
        13.50636,
        3.11447,
        3.11447
      ]
    }
  ]
}