{
  "background": "rgb(255,255,255)",
  "width": 1024,
  "height": 140,
  "comps": [
    {
      "type": "rect",
      "background": "rgb(38,38,38)",
      "borderColor": "#979797",
      "gradient": "radial.north",
      "gradientColor": "rgb(75,79,105)",
      "shadowColor": "#1ABC9C",
      "rect": [
        0,
        0,
        1024,
        140
      ]
    },
    {
      "type": "rect",
      "background": "rgb(23,23,31)",
      "borderWidth": 1,
      "borderColor": "rgb(0,0,0)",
      "gradient": "radial.north",
      "gradientColor": "rgb(68,71,105)",
      "shadowColor": "#1ABC9C",
      "rotation": 3.14159,
      "rect": [
        159.94602,
        4.84613,
        703.66876,
        129.10412
      ]
    },
    {
      "type": "rect",
      "background": "rgba(14,17,33,0.94)",
      "borderColor": "#979797",
      "shadowColor": "#1ABC9C",
      "rect": [
        313.23839,
        4.8452,
        2.98299,
        124.28544
      ]
    },
    {
      "type": "rect",
      "background": "rgba(14,17,33,0.94)",
      "borderColor": "#979797",
      "shadowColor": "#1ABC9C",
      "rect": [
        444.59953,
        4.8452,
        2.98299,
        124.28544
      ]
    },
    {
      "type": "rect",
      "background": "rgba(14,17,33,0.94)",
      "borderColor": "#979797",
      "shadowColor": "#1ABC9C",
      "rect": [
        575.96066,
        4.8452,
        2.98299,
        124.28544
      ]
    },
    {
      "type": "rect",
      "background": "rgba(14,17,33,0.94)",
      "borderColor": "#979797",
      "shadowColor": "#1ABC9C",
      "rect": [
        707.3218,
        4.8452,
        2.98299,
        124.28544
      ]
    },
    {
      "type": "rect",
      "background": "rgba(255,255,255,0.2)",
      "borderColor": "#979797",
      "shadowColor": "#1ABC9C",
      "rect": [
        159.94592,
        7.95791,
        2.98299,
        121.17604
      ]
    },
    {
      "type": "rect",
      "background": "rgba(0,0,0,0.20)",
      "borderColor": "#979797",
      "shadowColor": "#1ABC9C",
      "rotation": 1.5708,
      "rect": [
        510.11722,
        -345.51469,
        3.30874,
        703.6324
      ]
    },
    {
      "type": "rect",
      "background": "rgba(0,0,0,0.20)",
      "borderColor": "#979797",
      "shadowColor": "#1ABC9C",
      "rotation": 1.5708,
      "rect": [
        510.11722,
        -221.0299,
        3.30874,
        703.6324
      ]
    },
    {
      "type": "rect",
      "background": "rgba(255,255,255,0.2)",
      "borderColor": "#979797",
      "shadowColor": "#1ABC9C",
      "rect": [
        860.63192,
        7.95791,
        2.98299,
        121.17604
      ]
    },
    {
      "type": "roundRect",
      "background": "rgb(130,130,130)",
      "borderWidth": 1,
      "borderColor": "rgb(230,227,190)",
      "gradient": "spread.antidiagonal",
      "gradientColor": "rgb(166,166,166)",
      "shadowColor": "#1ABC9C",
      "rect": [
        7.57084,
        6.30151,
        144.41545,
        126.14045
      ]
    },
    {
      "type": "roundRect",
      "background": "rgb(130,130,130)",
      "borderWidth": 1,
      "borderColor": "rgb(230,227,190)",
      "gradient": "spread.antidiagonal",
      "gradientColor": "rgb(166,166,166)",
      "shadowColor": "#1ABC9C",
      "rect": [
        872.13111,
        6.30151,
        144.41545,
        126.14045
      ]
    },
    {
      "type": "circle",
      "background": "rgb(232,232,232)",
      "borderWidth": 1,
      "borderColor": "rgb(54,53,51)",
      "gradient": "spread.antidiagonal",
      "gradientColor": "rgb(166,166,166)",
      "shadowColor": "#1ABC9C",
      "rect": [
        12.10407,
        12.52021,
        14,
        14
      ]
    },
    {
      "type": "shape",
      "background": "rgb(0,0,0)",
      "borderWidth": 1,
      "borderColor": "rgb(54,53,51)",
      "closePath": true,
      "points": [
        17.99223,
        16.0732,
        17.99223,
        18.52919,
        15.70858,
        18.57228,
        15.70858,
        20.2527,
        17.99223,
        20.2527,
        18.03531,
        22.96721,
        19.97426,
        22.96721,
        19.97426,
        20.2527,
        22.49955,
        20.2527,
        22.49955,
        18.57228,
        19.97426,
        18.57228,
        19.97426,
        16.0732,
        17.99223,
        16.0732
      ]
    },
    {
      "type": "circle",
      "background": "rgb(232,232,232)",
      "borderWidth": 1,
      "borderColor": "rgb(54,53,51)",
      "gradient": "spread.antidiagonal",
      "gradientColor": "rgb(166,166,166)",
      "shadowColor": "#1ABC9C",
      "rect": [
        12.10407,
        110.57165,
        14,
        14
      ]
    },
    {
      "type": "shape",
      "background": "rgb(0,0,0)",
      "borderWidth": 1,
      "borderColor": "rgb(54,53,51)",
      "closePath": true,
      "points": [
        17.99223,
        114.12464,
        17.99223,
        116.58063,
        15.70858,
        116.62372,
        15.70858,
        118.30414,
        17.99223,
        118.30414,
        18.03531,
        121.01866,
        19.97426,
        121.01866,
        19.97426,
        118.30414,
        22.49955,
        118.30414,
        22.49955,
        116.62372,
        19.97426,
        116.62372,
        19.97426,
        114.12464,
        17.99223,
        114.12464
      ]
    },
    {
      "type": "circle",
      "background": "rgb(232,232,232)",
      "borderWidth": 1,
      "borderColor": "rgb(54,53,51)",
      "gradient": "spread.antidiagonal",
      "gradientColor": "rgb(166,166,166)",
      "shadowColor": "#1ABC9C",
      "rect": [
        997.0335,
        112.24084,
        14,
        14
      ]
    },
    {
      "type": "shape",
      "background": "rgb(0,0,0)",
      "borderWidth": 1,
      "borderColor": "rgb(54,53,51)",
      "closePath": true,
      "points": [
        1002.92165,
        115.79383,
        1002.92165,
        118.24983,
        1000.63801,
        118.29291,
        1000.63801,
        119.97333,
        1002.92165,
        119.97333,
        1002.96474,
        122.68785,
        1004.90368,
        122.68785,
        1004.90368,
        119.97333,
        1007.42898,
        119.97333,
        1007.42898,
        118.29291,
        1004.90368,
        118.29291,
        1004.90368,
        115.79383,
        1002.92165,
        115.79383
      ]
    },
    {
      "type": "circle",
      "background": "rgb(232,232,232)",
      "borderWidth": 1,
      "borderColor": "rgb(54,53,51)",
      "gradient": "spread.antidiagonal",
      "gradientColor": "rgb(166,166,166)",
      "shadowColor": "#1ABC9C",
      "rect": [
        997.0335,
        14.1894,
        14,
        14
      ]
    },
    {
      "type": "shape",
      "background": "rgb(0,0,0)",
      "borderWidth": 1,
      "borderColor": "rgb(54,53,51)",
      "closePath": true,
      "points": [
        1002.92165,
        17.74239,
        1002.92165,
        20.19839,
        1000.63801,
        20.24147,
        1000.63801,
        21.92189,
        1002.92165,
        21.92189,
        1002.96474,
        24.63641,
        1004.90368,
        24.63641,
        1004.90368,
        21.92189,
        1007.42898,
        21.92189,
        1007.42898,
        20.24147,
        1004.90368,
        20.24147,
        1004.90368,
        17.74239,
        1002.92165,
        17.74239
      ]
    },
    {
      "type": "rect",
      "background": "rgb(130,130,130)",
      "borderColor": "rgb(230,227,190)",
      "gradientColor": "rgb(166,166,166)",
      "shadowColor": "#1ABC9C",
      "rect": [
        160.16545,
        67.21572,
        703.66911,
        2.66042
      ]
    },
    {
      "type": "rect",
      "background": "rgb(0,0,0)",
      "borderColor": "rgb(230,227,190)",
      "gradientColor": "rgb(166,166,166)",
      "shadowColor": "#1ABC9C",
      "rect": [
        160.16545,
        70,
        703.66911,
        1
      ]
    },
    {
      "type": "image",
      "name": "symbols/demo/ems/pwr.json",
      "displayName": "pwr",
      "rect": [
        28.42118,
        31.91492,
        26.5467,
        26.5467
      ]
    },
    {
      "type": "rect",
      "background": "rgb(250,242,217)",
      "borderWidth": 1,
      "borderColor": "rgb(77,71,63)",
      "shadowColor": "#1ABC9C",
      "rect": [
        107.94075,
        34.91653,
        33.91295,
        21.58097
      ]
    },
    {
      "type": "rect",
      "background": "rgb(0,0,0)",
      "borderWidth": 1,
      "borderColor": "rgb(230,227,190)",
      "shadowColor": "#1ABC9C",
      "rect": [
        111.02375,
        37.81817,
        28.29102,
        15.77768
      ]
    },
    {
      "type": "image",
      "name": "symbols/demo/ems/gray.json",
      "shadowColor": "#1ABC9C",
      "displayName": "绿灯",
      "rect": [
        126.99418,
        40.7691,
        9.87583,
        9.87583
      ]
    },
    {
      "type": "image",
      "name": "symbols/demo/ems/gray.json",
      "shadowColor": "#1ABC9C",
      "displayName": "黄灯",
      "rect": [
        113.68657,
        40.7691,
        9.87583,
        9.87583
      ]
    },
    {
      "type": "rect",
      "background": "rgb(250,242,217)",
      "borderWidth": 1,
      "borderColor": "rgb(77,71,63)",
      "shadowColor": "#1ABC9C",
      "rect": [
        66.73353,
        34.91653,
        33.91295,
        21.58097
      ]
    },
    {
      "type": "rect",
      "background": "rgb(0,0,0)",
      "borderWidth": 1,
      "borderColor": "rgb(230,227,190)",
      "shadowColor": "#1ABC9C",
      "rect": [
        69.81653,
        37.81817,
        28.29102,
        15.77768
      ]
    },
    {
      "type": "image",
      "name": "symbols/demo/ems/gray.json",
      "shadowColor": "#1ABC9C",
      "displayName": "绿灯",
      "rect": [
        85.78696,
        40.7691,
        9.87583,
        9.87583
      ]
    },
    {
      "type": "image",
      "name": "symbols/demo/ems/gray.json",
      "shadowColor": "#1ABC9C",
      "displayName": "黄灯",
      "rect": [
        72.47935,
        40.7691,
        9.87583,
        9.87583
      ]
    },
    {
      "type": "rect",
      "background": "rgb(250,242,217)",
      "borderWidth": 1,
      "borderColor": "rgb(77,71,63)",
      "shadowColor": "#1ABC9C",
      "rect": [
        107.94075,
        80.20535,
        33.91295,
        21.58097
      ]
    },
    {
      "type": "rect",
      "background": "rgb(0,0,0)",
      "borderWidth": 1,
      "borderColor": "rgb(230,227,190)",
      "shadowColor": "#1ABC9C",
      "rect": [
        111.02375,
        83.10699,
        28.29102,
        15.77768
      ]
    },
    {
      "type": "image",
      "name": "symbols/demo/ems/gray.json",
      "shadowColor": "#1ABC9C",
      "displayName": "绿灯",
      "rect": [
        126.99418,
        86.05792,
        9.87583,
        9.87583
      ]
    },
    {
      "type": "image",
      "name": "symbols/demo/ems/gray.json",
      "shadowColor": "#1ABC9C",
      "displayName": "黄灯",
      "rect": [
        113.68657,
        86.05792,
        9.87583,
        9.87583
      ]
    },
    {
      "type": "rect",
      "background": "rgb(250,242,217)",
      "borderWidth": 1,
      "borderColor": "rgb(77,71,63)",
      "shadowColor": "#1ABC9C",
      "rect": [
        66.73353,
        80.20535,
        33.91295,
        21.58097
      ]
    },
    {
      "type": "rect",
      "background": "rgb(0,0,0)",
      "borderWidth": 1,
      "borderColor": "rgb(230,227,190)",
      "shadowColor": "#1ABC9C",
      "rect": [
        69.81653,
        83.10699,
        28.29102,
        15.77768
      ]
    },
    {
      "type": "image",
      "name": "symbols/demo/ems/gray.json",
      "shadowColor": "#1ABC9C",
      "displayName": "绿灯",
      "rect": [
        85.78696,
        86.05792,
        9.87583,
        9.87583
      ]
    },
    {
      "type": "image",
      "name": "symbols/demo/ems/gray.json",
      "shadowColor": "#1ABC9C",
      "displayName": "黄灯",
      "rect": [
        72.47935,
        86.05792,
        9.87583,
        9.87583
      ]
    },
    {
      "type": "image",
      "name": "symbols/demo/ems/g.json",
      "displayName": "g",
      "rect": [
        29.7018,
        80.20535,
        7.95558,
        7.95558
      ]
    },
    {
      "type": "image",
      "name": "symbols/demo/ems/g.json",
      "displayName": "g",
      "rect": [
        39.94259,
        80.20535,
        7.95558,
        7.95558
      ]
    },
    {
      "type": "image",
      "name": "symbols/demo/ems/g2.json",
      "displayName": "g",
      "rect": [
        28.92759,
        101.01895,
        12.76694,
        5.85257
      ]
    },
    {
      "type": "image",
      "name": "symbols/demo/ems/y.json",
      "displayName": "g",
      "rect": [
        29.7018,
        90.66541,
        7.95558,
        7.95558
      ]
    },
    {
      "type": "image",
      "name": "symbols/demo/ems/y.json",
      "displayName": "g",
      "rect": [
        39.94259,
        90.66541,
        7.95558,
        7.95558
      ]
    },
    {
      "type": "text",
      "text": "2",
      "align": "center",
      "color": "rgb(71,71,71)",
      "anchorX": 0.55834,
      "anchorY": 0.75,
      "rect": [
        108.42117,
        13.35188,
        33.49617,
        21.33494
      ]
    },
    {
      "type": "text",
      "text": "1",
      "align": "center",
      "color": "rgb(71,71,71)",
      "rect": [
        66.94192,
        13.35188,
        33.49617,
        21.33494
      ]
    },
    {
      "type": "text",
      "text": "3",
      "align": "center",
      "color": "rgb(71,71,71)",
      "anchorX": 0.55834,
      "anchorY": 0.75,
      "rect": [
        65.6071,
        102.09568,
        33.49617,
        21.33494
      ]
    },
    {
      "type": "text",
      "text": "4",
      "align": "center",
      "color": "rgb(71,71,71)",
      "rect": [
        106.81432,
        102.09568,
        33.49617,
        21.33494
      ]
    },
    {
      "type": "text",
      "text": "PWR",
      "align": "center",
      "color": "rgb(71,71,71)",
      "anchorX": 0.55834,
      "anchorY": 0.75,
      "rect": [
        26.10407,
        13.35188,
        33.49617,
        21.33494
      ]
    },
    {
      "type": "image",
      "name": "symbols/demo/ems/g2.json",
      "displayName": "g",
      "rect": [
        46.8333,
        101.01895,
        12.76694,
        5.85257
      ]
    },
    {
      "type": "image",
      "name": "symbols/demo/ems/HDMI.json",
      "displayName": "HDMI",
      "rotation": 1.5708,
      "rect": [
        962.97815,
        83.61857,
        21.79154,
        9.68513
      ]
    },
    {
      "type": "image",
      "name": "symbols/demo/ems/g.json",
      "displayName": "g",
      "rect": [
        50.18339,
        80.20535,
        7.95558,
        7.95558
      ]
    },
    {
      "type": "image",
      "name": "symbols/demo/ems/r.json",
      "displayName": "g",
      "rect": [
        50.18339,
        90.66541,
        7.95558,
        7.95558
      ]
    },
    {
      "type": "shape",
      "background": "#afafaf",
      "shadowColor": "#1ABC9C",
      "points": [
        948.12878,
        56.70239,
        888.32604,
        56.70239,
        885.52753,
        56.70239,
        883.25879,
        54.43365,
        883.25879,
        51.63514,
        883.25879,
        39.75406,
        883.25879,
        36.95555,
        885.52753,
        34.68682,
        888.32604,
        34.68682,
        948.12878,
        34.68682,
        950.92729,
        34.68682,
        953.19602,
        36.95555,
        953.19602,
        39.75406,
        953.19602,
        51.63514,
        953.19602,
        54.43365,
        950.92729,
        56.70239,
        948.12878,
        56.70239,
        948.12878,
        56.70239
      ],
      "segments": [
        1,
        2,
        4,
        2,
        4,
        2,
        4,
        2,
        4,
        2
      ]
    },
    {
      "type": "shape",
      "borderWidth": 0.98384,
      "borderColor": "#939393",
      "shadowColor": "#1ABC9C",
      "points": [
        948.12878,
        56.70239,
        888.32604,
        56.70239,
        885.52753,
        56.70239,
        883.25879,
        54.43365,
        883.25879,
        51.63514,
        883.25879,
        39.75406,
        883.25879,
        36.95555,
        885.52753,
        34.68682,
        888.32604,
        34.68682,
        948.12878,
        34.68682,
        950.92729,
        34.68682,
        953.19602,
        36.95555,
        953.19602,
        39.75406,
        953.19602,
        51.63514,
        953.19602,
        54.43365,
        950.92729,
        56.70239,
        948.12878,
        56.70239,
        948.12878,
        56.70239
      ],
      "segments": [
        1,
        2,
        4,
        2,
        4,
        2,
        4,
        2,
        4,
        2
      ]
    },
    {
      "type": "shape",
      "background": "#165d9c",
      "shadowColor": "#1ABC9C",
      "points": [
        934.88697,
        52.92074,
        901.37109,
        52.92074,
        899.84226,
        52.92074,
        898.51401,
        51.97772,
        898.16061,
        50.64118,
        895.90652,
        42.11831,
        895.41368,
        40.25518,
        896.98581,
        38.46783,
        899.11701,
        38.46783,
        937.14169,
        38.46783,
        939.27289,
        38.46783,
        940.84502,
        40.25582,
        940.35218,
        42.11831,
        938.09809,
        50.64118,
        937.74406,
        51.97772,
        936.41516,
        52.92074,
        934.88697,
        52.92074,
        934.88697,
        52.92074
      ],
      "segments": [
        1,
        2,
        4,
        2,
        4,
        2,
        4,
        2,
        4,
        2
      ]
    },
    {
      "type": "shape",
      "borderWidth": 0.98384,
      "borderColor": "#939393",
      "shadowColor": "#1ABC9C",
      "points": [
        934.88697,
        52.92074,
        901.37109,
        52.92074,
        899.84226,
        52.92074,
        898.51401,
        51.97772,
        898.16061,
        50.64118,
        895.90652,
        42.11831,
        895.41368,
        40.25518,
        896.98581,
        38.46783,
        899.11701,
        38.46783,
        937.14169,
        38.46783,
        939.27289,
        38.46783,
        940.84502,
        40.25582,
        940.35218,
        42.11831,
        938.09809,
        50.64118,
        937.74406,
        51.97772,
        936.41516,
        52.92074,
        934.88697,
        52.92074,
        934.88697,
        52.92074
      ],
      "segments": [
        1,
        2,
        4,
        2,
        4,
        2,
        4,
        2,
        4,
        2
      ]
    },
    {
      "type": "shape",
      "background": "#1f1f1f",
      "shadowColor": "#1ABC9C",
      "points": [
        902.32876,
        43.00402,
        902.22979,
        42.50644,
        901.94793,
        42.08462,
        901.5261,
        41.80276,
        901.02852,
        41.70378,
        900.53094,
        41.80276,
        900.10912,
        42.08462,
        899.82726,
        42.50644,
        899.72828,
        43.00402,
        899.82726,
        43.5016,
        900.10912,
        43.92343,
        900.53094,
        44.20529,
        901.02852,
        44.30426,
        901.5261,
        44.20529,
        901.94793,
        43.92343,
        902.22979,
        43.5016,
        902.32876,
        43.00402
      ]
    },
    {
      "type": "shape",
      "background": "#1f1f1f",
      "shadowColor": "#1ABC9C",
      "points": [
        907.24255,
        43.00402,
        907.14357,
        42.50644,
        906.86172,
        42.08462,
        906.43989,
        41.80276,
        905.94231,
        41.70378,
        905.44473,
        41.80276,
        905.0229,
        42.08462,
        904.74104,
        42.50644,
        904.64207,
        43.00402,
        904.74104,
        43.5016,
        905.0229,
        43.92343,
        905.44473,
        44.20529,
        905.94231,
        44.30426,
        906.43989,
        44.20529,
        906.86172,
        43.92343,
        907.14357,
        43.5016,
        907.24255,
        43.00402
      ]
    },
    {
      "type": "shape",
      "background": "#1f1f1f",
      "shadowColor": "#1ABC9C",
      "points": [
        912.15697,
        43.00402,
        912.058,
        42.50644,
        911.77614,
        42.08462,
        911.35431,
        41.80276,
        910.85673,
        41.70378,
        910.35915,
        41.80276,
        909.93732,
        42.08462,
        909.65547,
        42.50644,
        909.55649,
        43.00402,
        909.65547,
        43.5016,
        909.93732,
        43.92343,
        910.35915,
        44.20529,
        910.85673,
        44.30426,
        911.35431,
        44.20529,
        911.77614,
        43.92343,
        912.058,
        43.5016,
        912.15697,
        43.00402
      ]
    },
    {
      "type": "shape",
      "background": "#1f1f1f",
      "shadowColor": "#1ABC9C",
      "points": [
        917.07076,
        43.00402,
        916.97178,
        42.50644,
        916.68993,
        42.08462,
        916.2681,
        41.80276,
        915.77052,
        41.70378,
        915.27294,
        41.80276,
        914.85111,
        42.08462,
        914.56925,
        42.50644,
        914.47028,
        43.00402,
        914.56925,
        43.5016,
        914.85111,
        43.92343,
        915.27294,
        44.20529,
        915.77052,
        44.30426,
        916.2681,
        44.20529,
        916.68993,
        43.92343,
        916.97178,
        43.5016,
        917.07076,
        43.00402
      ]
    },
    {
      "type": "shape",
      "background": "#1f1f1f",
      "shadowColor": "#1ABC9C",
      "points": [
        921.98454,
        43.00402,
        921.88557,
        42.50644,
        921.60371,
        42.08462,
        921.18188,
        41.80276,
        920.6843,
        41.70378,
        920.18672,
        41.80276,
        919.76489,
        42.08462,
        919.48304,
        42.50644,
        919.38406,
        43.00402,
        919.48304,
        43.5016,
        919.76489,
        43.92343,
        920.18672,
        44.20529,
        920.6843,
        44.30426,
        921.18188,
        44.20529,
        921.60371,
        43.92343,
        921.88557,
        43.5016,
        921.98454,
        43.00402
      ]
    },
    {
      "type": "shape",
      "background": "#1f1f1f",
      "shadowColor": "#1ABC9C",
      "points": [
        926.89833,
        43.00402,
        926.79935,
        42.50644,
        926.5175,
        42.08462,
        926.09567,
        41.80276,
        925.59809,
        41.70378,
        925.10051,
        41.80276,
        924.67868,
        42.08462,
        924.39682,
        42.50644,
        924.29785,
        43.00402,
        924.39682,
        43.5016,
        924.67868,
        43.92343,
        925.10051,
        44.20529,
        925.59809,
        44.30426,
        926.09567,
        44.20529,
        926.5175,
        43.92343,
        926.79935,
        43.5016,
        926.89833,
        43.00402
      ]
    },
    {
      "type": "shape",
      "background": "#1f1f1f",
      "shadowColor": "#1ABC9C",
      "points": [
        931.81211,
        43.00402,
        931.71314,
        42.50644,
        931.43128,
        42.08462,
        931.00945,
        41.80276,
        930.51187,
        41.70378,
        930.01429,
        41.80276,
        929.59246,
        42.08462,
        929.31061,
        42.50644,
        929.21163,
        43.00402,
        929.31061,
        43.5016,
        929.59246,
        43.92343,
        930.01429,
        44.20529,
        930.51187,
        44.30426,
        931.00945,
        44.20529,
        931.43128,
        43.92343,
        931.71314,
        43.5016,
        931.81211,
        43.00402
      ]
    },
    {
      "type": "shape",
      "background": "#1f1f1f",
      "shadowColor": "#1ABC9C",
      "points": [
        936.72653,
        43.00402,
        936.62756,
        42.50644,
        936.3457,
        42.08462,
        935.92388,
        41.80276,
        935.42629,
        41.70378,
        934.92871,
        41.80276,
        934.50689,
        42.08462,
        934.22503,
        42.50644,
        934.12606,
        43.00402,
        934.22503,
        43.5016,
        934.50689,
        43.92343,
        934.92871,
        44.20529,
        935.42629,
        44.30426,
        935.92388,
        44.20529,
        936.3457,
        43.92343,
        936.62756,
        43.5016,
        936.72653,
        43.00402
      ]
    },
    {
      "type": "shape",
      "background": "#1f1f1f",
      "shadowColor": "#1ABC9C",
      "points": [
        904.78598,
        48.38455,
        904.687,
        47.88697,
        904.40514,
        47.46514,
        903.98332,
        47.18328,
        903.48574,
        47.08431,
        902.98816,
        47.18328,
        902.56633,
        47.46514,
        902.28447,
        47.88697,
        902.1855,
        48.38455,
        902.28447,
        48.88213,
        902.56633,
        49.30395,
        902.98816,
        49.58581,
        903.48574,
        49.68479,
        903.98332,
        49.58581,
        904.40514,
        49.30395,
        904.687,
        48.88213,
        904.78598,
        48.38455
      ]
    },
    {
      "type": "shape",
      "background": "#1f1f1f",
      "shadowColor": "#1ABC9C",
      "points": [
        909.69976,
        48.38455,
        909.60079,
        47.88697,
        909.31893,
        47.46514,
        908.8971,
        47.18328,
        908.39952,
        47.08431,
        907.90194,
        47.18328,
        907.48011,
        47.46514,
        907.19826,
        47.88697,
        907.09928,
        48.38455,
        907.19826,
        48.88213,
        907.48011,
        49.30395,
        907.90194,
        49.58581,
        908.39952,
        49.68479,
        908.8971,
        49.58581,
        909.31893,
        49.30395,
        909.60079,
        48.88213,
        909.69976,
        48.38455
      ]
    },
    {
      "type": "shape",
      "background": "#1f1f1f",
      "shadowColor": "#1ABC9C",
      "points": [
        914.61355,
        48.38455,
        914.51457,
        47.88697,
        914.23271,
        47.46514,
        913.81089,
        47.18328,
        913.31331,
        47.08431,
        912.81573,
        47.18328,
        912.3939,
        47.46514,
        912.11204,
        47.88697,
        912.01307,
        48.38455,
        912.11204,
        48.88213,
        912.3939,
        49.30395,
        912.81573,
        49.58581,
        913.31331,
        49.68479,
        913.81089,
        49.58581,
        914.23271,
        49.30395,
        914.51457,
        48.88213,
        914.61355,
        48.38455
      ]
    },
    {
      "type": "shape",
      "background": "#1f1f1f",
      "shadowColor": "#1ABC9C",
      "points": [
        919.52733,
        48.38455,
        919.42836,
        47.88697,
        919.1465,
        47.46514,
        918.72467,
        47.18328,
        918.22709,
        47.08431,
        917.72951,
        47.18328,
        917.30768,
        47.46514,
        917.02583,
        47.88697,
        916.92685,
        48.38455,
        917.02583,
        48.88213,
        917.30768,
        49.30395,
        917.72951,
        49.58581,
        918.22709,
        49.68479,
        918.72467,
        49.58581,
        919.1465,
        49.30395,
        919.42836,
        48.88213,
        919.52733,
        48.38455
      ]
    },
    {
      "type": "shape",
      "background": "#1f1f1f",
      "shadowColor": "#1ABC9C",
      "points": [
        924.44175,
        48.38455,
        924.34278,
        47.88697,
        924.06092,
        47.46514,
        923.63909,
        47.18328,
        923.14151,
        47.08431,
        922.64393,
        47.18328,
        922.22211,
        47.46514,
        921.94025,
        47.88697,
        921.84127,
        48.38455,
        921.94025,
        48.88213,
        922.22211,
        49.30395,
        922.64393,
        49.58581,
        923.14151,
        49.68479,
        923.63909,
        49.58581,
        924.06092,
        49.30395,
        924.34278,
        48.88213,
        924.44175,
        48.38455
      ]
    },
    {
      "type": "shape",
      "background": "#1f1f1f",
      "shadowColor": "#1ABC9C",
      "points": [
        929.35554,
        48.38455,
        929.25656,
        47.88697,
        928.97471,
        47.46514,
        928.55288,
        47.18328,
        928.0553,
        47.08431,
        927.55772,
        47.18328,
        927.13589,
        47.46514,
        926.85403,
        47.88697,
        926.75506,
        48.38455,
        926.85403,
        48.88213,
        927.13589,
        49.30395,
        927.55772,
        49.58581,
        928.0553,
        49.68479,
        928.55288,
        49.58581,
        928.97471,
        49.30395,
        929.25656,
        48.88213,
        929.35554,
        48.38455
      ]
    },
    {
      "type": "shape",
      "background": "#1f1f1f",
      "shadowColor": "#1ABC9C",
      "points": [
        934.26932,
        48.38455,
        934.17035,
        47.88697,
        933.88849,
        47.46514,
        933.46666,
        47.18328,
        932.96908,
        47.08431,
        932.4715,
        47.18328,
        932.04968,
        47.46514,
        931.76782,
        47.88697,
        931.66884,
        48.38455,
        931.76782,
        48.88213,
        932.04968,
        49.30395,
        932.4715,
        49.58581,
        932.96908,
        49.68479,
        933.46666,
        49.58581,
        933.88849,
        49.30395,
        934.17035,
        48.88213,
        934.26932,
        48.38455
      ]
    },
    {
      "type": "shape",
      "background": "#afafaf",
      "shadowColor": "#1ABC9C",
      "points": [
        889.15827,
        42.97537,
        890.65707,
        42.97537,
        891.87209,
        44.19267,
        891.87209,
        45.69428,
        891.87209,
        47.1959,
        890.65707,
        48.4132,
        889.15827,
        48.4132,
        887.65946,
        48.4132,
        886.44445,
        47.1959,
        886.44445,
        45.69428,
        886.44445,
        44.19267,
        887.65946,
        42.97537,
        889.15827,
        42.97537,
        889.15827,
        42.97537
      ],
      "segments": [
        1,
        4,
        4,
        4,
        4,
        2
      ]
    },
    {
      "type": "shape",
      "borderWidth": 0.98384,
      "borderColor": "#939393",
      "shadowColor": "#1ABC9C",
      "points": [
        889.15827,
        42.97537,
        890.65707,
        42.97537,
        891.87209,
        44.19267,
        891.87209,
        45.69428,
        891.87209,
        47.1959,
        890.65707,
        48.4132,
        889.15827,
        48.4132,
        887.65946,
        48.4132,
        886.44445,
        47.1959,
        886.44445,
        45.69428,
        886.44445,
        44.19267,
        887.65946,
        42.97537,
        889.15827,
        42.97537,
        889.15827,
        42.97537
      ],
      "segments": [
        1,
        4,
        4,
        4,
        4,
        2
      ]
    },
    {
      "type": "shape",
      "background": "#939393",
      "shadowColor": "#1ABC9C",
      "points": [
        887.46006,
        45.01856,
        890.85584,
        45.01856,
        890.85584,
        45.01856,
        890.85584,
        45.01856,
        890.85584,
        46.37001,
        890.85584,
        46.37001,
        890.85584,
        46.37001,
        887.46006,
        46.37001,
        887.46006,
        46.37001,
        887.46006,
        46.37001,
        887.46006,
        45.01856,
        887.46006,
        45.01856,
        887.46006,
        45.01856,
        887.46006,
        45.01856
      ],
      "segments": [
        1,
        2,
        3,
        2,
        3,
        2,
        3,
        2,
        3,
        2
      ]
    },
    {
      "type": "shape",
      "background": "#939393",
      "shadowColor": "#1ABC9C",
      "points": [
        888.48254,
        43.99671,
        889.834,
        43.99671,
        889.834,
        43.99671,
        889.834,
        43.99671,
        889.834,
        47.39249,
        889.834,
        47.39249,
        889.834,
        47.39249,
        888.48254,
        47.39249,
        888.48254,
        47.39249,
        888.48254,
        47.39249,
        888.48254,
        43.99671,
        888.48254,
        43.99671,
        888.48254,
        43.99671,
        888.48254,
        43.99671
      ],
      "segments": [
        1,
        2,
        3,
        2,
        3,
        2,
        3,
        2,
        3,
        2
      ]
    },
    {
      "type": "shape",
      "background": "#afafaf",
      "shadowColor": "#1ABC9C",
      "points": [
        947.29655,
        42.97537,
        948.79536,
        42.97537,
        950.01037,
        44.19267,
        950.01037,
        45.69428,
        950.01037,
        47.1959,
        948.79536,
        48.4132,
        947.29655,
        48.4132,
        945.79775,
        48.4132,
        944.58273,
        47.1959,
        944.58273,
        45.69428,
        944.58273,
        44.19267,
        945.79775,
        42.97537,
        947.29655,
        42.97537,
        947.29655,
        42.97537
      ],
      "segments": [
        1,
        4,
        4,
        4,
        4,
        2
      ]
    },
    {
      "type": "shape",
      "borderWidth": 0.98384,
      "borderColor": "#939393",
      "shadowColor": "#1ABC9C",
      "points": [
        947.29655,
        42.97537,
        948.79536,
        42.97537,
        950.01037,
        44.19267,
        950.01037,
        45.69428,
        950.01037,
        47.1959,
        948.79536,
        48.4132,
        947.29655,
        48.4132,
        945.79775,
        48.4132,
        944.58273,
        47.1959,
        944.58273,
        45.69428,
        944.58273,
        44.19267,
        945.79775,
        42.97537,
        947.29655,
        42.97537,
        947.29655,
        42.97537
      ],
      "segments": [
        1,
        4,
        4,
        4,
        4,
        2
      ]
    },
    {
      "type": "shape",
      "background": "#939393",
      "shadowColor": "#1ABC9C",
      "points": [
        945.59835,
        45.01856,
        948.99412,
        45.01856,
        948.99412,
        45.01856,
        948.99412,
        45.01856,
        948.99412,
        46.37001,
        948.99412,
        46.37001,
        948.99412,
        46.37001,
        945.59835,
        46.37001,
        945.59835,
        46.37001,
        945.59835,
        46.37001,
        945.59835,
        45.01856,
        945.59835,
        45.01856,
        945.59835,
        45.01856,
        945.59835,
        45.01856
      ],
      "segments": [
        1,
        2,
        3,
        2,
        3,
        2,
        3,
        2,
        3,
        2
      ]
    },
    {
      "type": "shape",
      "background": "#939393",
      "shadowColor": "#1ABC9C",
      "points": [
        946.62082,
        43.99671,
        947.97228,
        43.99671,
        947.97228,
        43.99671,
        947.97228,
        43.99671,
        947.97228,
        47.39249,
        947.97228,
        47.39249,
        947.97228,
        47.39249,
        946.62082,
        47.39249,
        946.62082,
        47.39249,
        946.62082,
        47.39249,
        946.62082,
        43.99671,
        946.62082,
        43.99671,
        946.62082,
        43.99671,
        946.62082,
        43.99671
      ],
      "segments": [
        1,
        2,
        3,
        2,
        3,
        2,
        3,
        2,
        3,
        2
      ]
    },
    {
      "type": "shape",
      "background": "#afafaf",
      "shadowColor": "#1ABC9C",
      "points": [
        948.12878,
        100.85925,
        888.32604,
        100.85925,
        885.52753,
        100.85925,
        883.25879,
        98.59052,
        883.25879,
        95.79201,
        883.25879,
        83.91093,
        883.25879,
        81.11242,
        885.52753,
        78.84369,
        888.32604,
        78.84369,
        948.12878,
        78.84369,
        950.92729,
        78.84369,
        953.19602,
        81.11242,
        953.19602,
        83.91093,
        953.19602,
        95.79201,
        953.19602,
        98.59052,
        950.92729,
        100.85925,
        948.12878,
        100.85925,
        948.12878,
        100.85925
      ],
      "segments": [
        1,
        2,
        4,
        2,
        4,
        2,
        4,
        2,
        4,
        2
      ]
    },
    {
      "type": "shape",
      "borderWidth": 0.98384,
      "borderColor": "#939393",
      "shadowColor": "#1ABC9C",
      "points": [
        948.12878,
        100.85925,
        888.32604,
        100.85925,
        885.52753,
        100.85925,
        883.25879,
        98.59052,
        883.25879,
        95.79201,
        883.25879,
        83.91093,
        883.25879,
        81.11242,
        885.52753,
        78.84369,
        888.32604,
        78.84369,
        948.12878,
        78.84369,
        950.92729,
        78.84369,
        953.19602,
        81.11242,
        953.19602,
        83.91093,
        953.19602,
        95.79201,
        953.19602,
        98.59052,
        950.92729,
        100.85925,
        948.12878,
        100.85925,
        948.12878,
        100.85925
      ],
      "segments": [
        1,
        2,
        4,
        2,
        4,
        2,
        4,
        2,
        4,
        2
      ]
    },
    {
      "type": "shape",
      "background": "#165d9c",
      "shadowColor": "#1ABC9C",
      "points": [
        934.88697,
        97.07761,
        901.37109,
        97.07761,
        899.84226,
        97.07761,
        898.51401,
        96.13458,
        898.16061,
        94.79805,
        895.90652,
        86.27517,
        895.41368,
        84.41205,
        896.98581,
        82.6247,
        899.11701,
        82.6247,
        937.14169,
        82.6247,
        939.27289,
        82.6247,
        940.84502,
        84.41269,
        940.35218,
        86.27517,
        938.09809,
        94.79805,
        937.74406,
        96.13458,
        936.41516,
        97.07761,
        934.88697,
        97.07761,
        934.88697,
        97.07761
      ],
      "segments": [
        1,
        2,
        4,
        2,
        4,
        2,
        4,
        2,
        4,
        2
      ]
    },
    {
      "type": "shape",
      "borderWidth": 0.98384,
      "borderColor": "#939393",
      "shadowColor": "#1ABC9C",
      "points": [
        934.88697,
        97.07761,
        901.37109,
        97.07761,
        899.84226,
        97.07761,
        898.51401,
        96.13458,
        898.16061,
        94.79805,
        895.90652,
        86.27517,
        895.41368,
        84.41205,
        896.98581,
        82.6247,
        899.11701,
        82.6247,
        937.14169,
        82.6247,
        939.27289,
        82.6247,
        940.84502,
        84.41269,
        940.35218,
        86.27517,
        938.09809,
        94.79805,
        937.74406,
        96.13458,
        936.41516,
        97.07761,
        934.88697,
        97.07761,
        934.88697,
        97.07761
      ],
      "segments": [
        1,
        2,
        4,
        2,
        4,
        2,
        4,
        2,
        4,
        2
      ]
    },
    {
      "type": "shape",
      "background": "#1f1f1f",
      "shadowColor": "#1ABC9C",
      "points": [
        902.32876,
        87.16089,
        902.22979,
        86.66331,
        901.94793,
        86.24148,
        901.5261,
        85.95963,
        901.02852,
        85.86065,
        900.53094,
        85.95963,
        900.10912,
        86.24148,
        899.82726,
        86.66331,
        899.72828,
        87.16089,
        899.82726,
        87.65847,
        900.10912,
        88.0803,
        900.53094,
        88.36216,
        901.02852,
        88.46113,
        901.5261,
        88.36216,
        901.94793,
        88.0803,
        902.22979,
        87.65847,
        902.32876,
        87.16089
      ]
    },
    {
      "type": "shape",
      "background": "#1f1f1f",
      "shadowColor": "#1ABC9C",
      "points": [
        907.24255,
        87.16089,
        907.14357,
        86.66331,
        906.86172,
        86.24148,
        906.43989,
        85.95963,
        905.94231,
        85.86065,
        905.44473,
        85.95963,
        905.0229,
        86.24148,
        904.74104,
        86.66331,
        904.64207,
        87.16089,
        904.74104,
        87.65847,
        905.0229,
        88.0803,
        905.44473,
        88.36216,
        905.94231,
        88.46113,
        906.43989,
        88.36216,
        906.86172,
        88.0803,
        907.14357,
        87.65847,
        907.24255,
        87.16089
      ]
    },
    {
      "type": "shape",
      "background": "#1f1f1f",
      "shadowColor": "#1ABC9C",
      "points": [
        912.15697,
        87.16089,
        912.058,
        86.66331,
        911.77614,
        86.24148,
        911.35431,
        85.95963,
        910.85673,
        85.86065,
        910.35915,
        85.95963,
        909.93732,
        86.24148,
        909.65547,
        86.66331,
        909.55649,
        87.16089,
        909.65547,
        87.65847,
        909.93732,
        88.0803,
        910.35915,
        88.36216,
        910.85673,
        88.46113,
        911.35431,
        88.36216,
        911.77614,
        88.0803,
        912.058,
        87.65847,
        912.15697,
        87.16089
      ]
    },
    {
      "type": "shape",
      "background": "#1f1f1f",
      "shadowColor": "#1ABC9C",
      "points": [
        917.07076,
        87.16089,
        916.97178,
        86.66331,
        916.68993,
        86.24148,
        916.2681,
        85.95963,
        915.77052,
        85.86065,
        915.27294,
        85.95963,
        914.85111,
        86.24148,
        914.56925,
        86.66331,
        914.47028,
        87.16089,
        914.56925,
        87.65847,
        914.85111,
        88.0803,
        915.27294,
        88.36216,
        915.77052,
        88.46113,
        916.2681,
        88.36216,
        916.68993,
        88.0803,
        916.97178,
        87.65847,
        917.07076,
        87.16089
      ]
    },
    {
      "type": "shape",
      "background": "#1f1f1f",
      "shadowColor": "#1ABC9C",
      "points": [
        921.98454,
        87.16089,
        921.88557,
        86.66331,
        921.60371,
        86.24148,
        921.18188,
        85.95963,
        920.6843,
        85.86065,
        920.18672,
        85.95963,
        919.76489,
        86.24148,
        919.48304,
        86.66331,
        919.38406,
        87.16089,
        919.48304,
        87.65847,
        919.76489,
        88.0803,
        920.18672,
        88.36216,
        920.6843,
        88.46113,
        921.18188,
        88.36216,
        921.60371,
        88.0803,
        921.88557,
        87.65847,
        921.98454,
        87.16089
      ]
    },
    {
      "type": "shape",
      "background": "#1f1f1f",
      "shadowColor": "#1ABC9C",
      "points": [
        926.89833,
        87.16089,
        926.79935,
        86.66331,
        926.5175,
        86.24148,
        926.09567,
        85.95963,
        925.59809,
        85.86065,
        925.10051,
        85.95963,
        924.67868,
        86.24148,
        924.39682,
        86.66331,
        924.29785,
        87.16089,
        924.39682,
        87.65847,
        924.67868,
        88.0803,
        925.10051,
        88.36216,
        925.59809,
        88.46113,
        926.09567,
        88.36216,
        926.5175,
        88.0803,
        926.79935,
        87.65847,
        926.89833,
        87.16089
      ]
    },
    {
      "type": "shape",
      "background": "#1f1f1f",
      "shadowColor": "#1ABC9C",
      "points": [
        931.81211,
        87.16089,
        931.71314,
        86.66331,
        931.43128,
        86.24148,
        931.00945,
        85.95963,
        930.51187,
        85.86065,
        930.01429,
        85.95963,
        929.59246,
        86.24148,
        929.31061,
        86.66331,
        929.21163,
        87.16089,
        929.31061,
        87.65847,
        929.59246,
        88.0803,
        930.01429,
        88.36216,
        930.51187,
        88.46113,
        931.00945,
        88.36216,
        931.43128,
        88.0803,
        931.71314,
        87.65847,
        931.81211,
        87.16089
      ]
    },
    {
      "type": "shape",
      "background": "#1f1f1f",
      "shadowColor": "#1ABC9C",
      "points": [
        936.72653,
        87.16089,
        936.62756,
        86.66331,
        936.3457,
        86.24148,
        935.92388,
        85.95963,
        935.42629,
        85.86065,
        934.92871,
        85.95963,
        934.50689,
        86.24148,
        934.22503,
        86.66331,
        934.12606,
        87.16089,
        934.22503,
        87.65847,
        934.50689,
        88.0803,
        934.92871,
        88.36216,
        935.42629,
        88.46113,
        935.92388,
        88.36216,
        936.3457,
        88.0803,
        936.62756,
        87.65847,
        936.72653,
        87.16089
      ]
    },
    {
      "type": "shape",
      "background": "#1f1f1f",
      "shadowColor": "#1ABC9C",
      "points": [
        904.78598,
        92.54141,
        904.687,
        92.04383,
        904.40514,
        91.622,
        903.98332,
        91.34015,
        903.48574,
        91.24117,
        902.98816,
        91.34015,
        902.56633,
        91.622,
        902.28447,
        92.04383,
        902.1855,
        92.54141,
        902.28447,
        93.03899,
        902.56633,
        93.46082,
        902.98816,
        93.74268,
        903.48574,
        93.84165,
        903.98332,
        93.74268,
        904.40514,
        93.46082,
        904.687,
        93.03899,
        904.78598,
        92.54141
      ]
    },
    {
      "type": "shape",
      "background": "#1f1f1f",
      "shadowColor": "#1ABC9C",
      "points": [
        909.69976,
        92.54141,
        909.60079,
        92.04383,
        909.31893,
        91.622,
        908.8971,
        91.34015,
        908.39952,
        91.24117,
        907.90194,
        91.34015,
        907.48011,
        91.622,
        907.19826,
        92.04383,
        907.09928,
        92.54141,
        907.19826,
        93.03899,
        907.48011,
        93.46082,
        907.90194,
        93.74268,
        908.39952,
        93.84165,
        908.8971,
        93.74268,
        909.31893,
        93.46082,
        909.60079,
        93.03899,
        909.69976,
        92.54141
      ]
    },
    {
      "type": "shape",
      "background": "#1f1f1f",
      "shadowColor": "#1ABC9C",
      "points": [
        914.61355,
        92.54141,
        914.51457,
        92.04383,
        914.23271,
        91.622,
        913.81089,
        91.34015,
        913.31331,
        91.24117,
        912.81573,
        91.34015,
        912.3939,
        91.622,
        912.11204,
        92.04383,
        912.01307,
        92.54141,
        912.11204,
        93.03899,
        912.3939,
        93.46082,
        912.81573,
        93.74268,
        913.31331,
        93.84165,
        913.81089,
        93.74268,
        914.23271,
        93.46082,
        914.51457,
        93.03899,
        914.61355,
        92.54141
      ]
    },
    {
      "type": "shape",
      "background": "#1f1f1f",
      "shadowColor": "#1ABC9C",
      "points": [
        919.52733,
        92.54141,
        919.42836,
        92.04383,
        919.1465,
        91.622,
        918.72467,
        91.34015,
        918.22709,
        91.24117,
        917.72951,
        91.34015,
        917.30768,
        91.622,
        917.02583,
        92.04383,
        916.92685,
        92.54141,
        917.02583,
        93.03899,
        917.30768,
        93.46082,
        917.72951,
        93.74268,
        918.22709,
        93.84165,
        918.72467,
        93.74268,
        919.1465,
        93.46082,
        919.42836,
        93.03899,
        919.52733,
        92.54141
      ]
    },
    {
      "type": "shape",
      "background": "#1f1f1f",
      "shadowColor": "#1ABC9C",
      "points": [
        924.44175,
        92.54141,
        924.34278,
        92.04383,
        924.06092,
        91.622,
        923.63909,
        91.34015,
        923.14151,
        91.24117,
        922.64393,
        91.34015,
        922.22211,
        91.622,
        921.94025,
        92.04383,
        921.84127,
        92.54141,
        921.94025,
        93.03899,
        922.22211,
        93.46082,
        922.64393,
        93.74268,
        923.14151,
        93.84165,
        923.63909,
        93.74268,
        924.06092,
        93.46082,
        924.34278,
        93.03899,
        924.44175,
        92.54141
      ]
    },
    {
      "type": "shape",
      "background": "#1f1f1f",
      "shadowColor": "#1ABC9C",
      "points": [
        929.35554,
        92.54141,
        929.25656,
        92.04383,
        928.97471,
        91.622,
        928.55288,
        91.34015,
        928.0553,
        91.24117,
        927.55772,
        91.34015,
        927.13589,
        91.622,
        926.85403,
        92.04383,
        926.75506,
        92.54141,
        926.85403,
        93.03899,
        927.13589,
        93.46082,
        927.55772,
        93.74268,
        928.0553,
        93.84165,
        928.55288,
        93.74268,
        928.97471,
        93.46082,
        929.25656,
        93.03899,
        929.35554,
        92.54141
      ]
    },
    {
      "type": "shape",
      "background": "#1f1f1f",
      "shadowColor": "#1ABC9C",
      "points": [
        934.26932,
        92.54141,
        934.17035,
        92.04383,
        933.88849,
        91.622,
        933.46666,
        91.34015,
        932.96908,
        91.24117,
        932.4715,
        91.34015,
        932.04968,
        91.622,
        931.76782,
        92.04383,
        931.66884,
        92.54141,
        931.76782,
        93.03899,
        932.04968,
        93.46082,
        932.4715,
        93.74268,
        932.96908,
        93.84165,
        933.46666,
        93.74268,
        933.88849,
        93.46082,
        934.17035,
        93.03899,
        934.26932,
        92.54141
      ]
    },
    {
      "type": "shape",
      "background": "#afafaf",
      "shadowColor": "#1ABC9C",
      "points": [
        889.15827,
        87.13224,
        890.65707,
        87.13224,
        891.87209,
        88.34954,
        891.87209,
        89.85115,
        891.87209,
        91.35277,
        890.65707,
        92.57007,
        889.15827,
        92.57007,
        887.65946,
        92.57007,
        886.44445,
        91.35277,
        886.44445,
        89.85115,
        886.44445,
        88.34954,
        887.65946,
        87.13224,
        889.15827,
        87.13224,
        889.15827,
        87.13224
      ],
      "segments": [
        1,
        4,
        4,
        4,
        4,
        2
      ]
    },
    {
      "type": "shape",
      "borderWidth": 0.98384,
      "borderColor": "#939393",
      "shadowColor": "#1ABC9C",
      "points": [
        889.15827,
        87.13224,
        890.65707,
        87.13224,
        891.87209,
        88.34954,
        891.87209,
        89.85115,
        891.87209,
        91.35277,
        890.65707,
        92.57007,
        889.15827,
        92.57007,
        887.65946,
        92.57007,
        886.44445,
        91.35277,
        886.44445,
        89.85115,
        886.44445,
        88.34954,
        887.65946,
        87.13224,
        889.15827,
        87.13224,
        889.15827,
        87.13224
      ],
      "segments": [
        1,
        4,
        4,
        4,
        4,
        2
      ]
    },
    {
      "type": "shape",
      "background": "#939393",
      "shadowColor": "#1ABC9C",
      "points": [
        887.46006,
        89.17542,
        890.85584,
        89.17542,
        890.85584,
        89.17542,
        890.85584,
        89.17542,
        890.85584,
        90.52688,
        890.85584,
        90.52688,
        890.85584,
        90.52688,
        887.46006,
        90.52688,
        887.46006,
        90.52688,
        887.46006,
        90.52688,
        887.46006,
        89.17542,
        887.46006,
        89.17542,
        887.46006,
        89.17542,
        887.46006,
        89.17542
      ],
      "segments": [
        1,
        2,
        3,
        2,
        3,
        2,
        3,
        2,
        3,
        2
      ]
    },
    {
      "type": "shape",
      "background": "#939393",
      "shadowColor": "#1ABC9C",
      "points": [
        888.48254,
        88.15358,
        889.834,
        88.15358,
        889.834,
        88.15358,
        889.834,
        88.15358,
        889.834,
        91.54936,
        889.834,
        91.54936,
        889.834,
        91.54936,
        888.48254,
        91.54936,
        888.48254,
        91.54936,
        888.48254,
        91.54936,
        888.48254,
        88.15358,
        888.48254,
        88.15358,
        888.48254,
        88.15358,
        888.48254,
        88.15358
      ],
      "segments": [
        1,
        2,
        3,
        2,
        3,
        2,
        3,
        2,
        3,
        2
      ]
    },
    {
      "type": "shape",
      "background": "#afafaf",
      "shadowColor": "#1ABC9C",
      "points": [
        947.29655,
        87.13224,
        948.79536,
        87.13224,
        950.01037,
        88.34954,
        950.01037,
        89.85115,
        950.01037,
        91.35277,
        948.79536,
        92.57007,
        947.29655,
        92.57007,
        945.79775,
        92.57007,
        944.58273,
        91.35277,
        944.58273,
        89.85115,
        944.58273,
        88.34954,
        945.79775,
        87.13224,
        947.29655,
        87.13224,
        947.29655,
        87.13224
      ],
      "segments": [
        1,
        4,
        4,
        4,
        4,
        2
      ]
    },
    {
      "type": "shape",
      "borderWidth": 0.98384,
      "borderColor": "#939393",
      "shadowColor": "#1ABC9C",
      "points": [
        947.29655,
        87.13224,
        948.79536,
        87.13224,
        950.01037,
        88.34954,
        950.01037,
        89.85115,
        950.01037,
        91.35277,
        948.79536,
        92.57007,
        947.29655,
        92.57007,
        945.79775,
        92.57007,
        944.58273,
        91.35277,
        944.58273,
        89.85115,
        944.58273,
        88.34954,
        945.79775,
        87.13224,
        947.29655,
        87.13224,
        947.29655,
        87.13224
      ],
      "segments": [
        1,
        4,
        4,
        4,
        4,
        2
      ]
    },
    {
      "type": "shape",
      "background": "#939393",
      "shadowColor": "#1ABC9C",
      "points": [
        945.59835,
        89.17542,
        948.99412,
        89.17542,
        948.99412,
        89.17542,
        948.99412,
        89.17542,
        948.99412,
        90.52688,
        948.99412,
        90.52688,
        948.99412,
        90.52688,
        945.59835,
        90.52688,
        945.59835,
        90.52688,
        945.59835,
        90.52688,
        945.59835,
        89.17542,
        945.59835,
        89.17542,
        945.59835,
        89.17542,
        945.59835,
        89.17542
      ],
      "segments": [
        1,
        2,
        3,
        2,
        3,
        2,
        3,
        2,
        3,
        2
      ]
    },
    {
      "type": "shape",
      "background": "#939393",
      "shadowColor": "#1ABC9C",
      "points": [
        946.62082,
        88.15358,
        947.97228,
        88.15358,
        947.97228,
        88.15358,
        947.97228,
        88.15358,
        947.97228,
        91.54936,
        947.97228,
        91.54936,
        947.97228,
        91.54936,
        946.62082,
        91.54936,
        946.62082,
        91.54936,
        946.62082,
        91.54936,
        946.62082,
        88.15358,
        946.62082,
        88.15358,
        946.62082,
        88.15358,
        946.62082,
        88.15358
      ],
      "segments": [
        1,
        2,
        3,
        2,
        3,
        2,
        3,
        2,
        3,
        2
      ]
    },
    {
      "type": "image",
      "name": "symbols/demo/ems/AV.json",
      "displayName": "AV",
      "rect": [
        969.03136,
        34.92426,
        23.70167,
        6.77191
      ]
    },
    {
      "type": "image",
      "name": "symbols/demo/ems/DP.json",
      "displayName": "DP",
      "rect": [
        966.35146,
        44.994,
        29.06147,
        11.5035
      ]
    },
    {
      "type": "image",
      "name": "symbols/demo/ems/HDMI.json",
      "displayName": "HDMI",
      "rotation": 1.5708,
      "rect": [
        976.99469,
        83.61857,
        21.79154,
        9.68513
      ]
    }
  ]
}