{
  "width": 42,
  "height": 42,
  "comps": [
    {
      "type": "shape",
      "background": "#231815",
      "shadowColor": "#1ABC9C",
      "points": [
        42,
        21,
        42,
        32.59741,
        32.59939,
        41.99901,
        21.00395,
        41.99901,
        9.40654,
        41.99901,
        0,
        32.5984,
        0,
        21,
        0,
        9.4016,
        9.40654,
        0,
        21.00395,
        0,
        32.59939,
        0,
        42,
        9.40259,
        42,
        21,
        42,
        21
      ],
      "segments": [
        1,
        4,
        4,
        4,
        4,
        2
      ]
    },
    {
      "type": "shape",
      "background": "#898989",
      "shadowColor": "#1ABC9C",
      "points": [
        40.13706,
        21,
        40.13706,
        31.56914,
        31.57013,
        40.13608,
        21.00395,
        40.13608,
        10.43481,
        40.13608,
        1.86294,
        31.56914,
        1.86294,
        21,
        1.86294,
        10.43086,
        10.43481,
        1.86294,
        21.00395,
        1.86294,
        31.57013,
        1.86294,
        40.13706,
        10.43086,
        40.13706,
        21,
        40.13706,
        21
      ],
      "segments": [
        1,
        4,
        4,
        4,
        4,
        2
      ]
    },
    {
      "type": "shape",
      "background": "#231815",
      "shadowColor": "#1ABC9C",
      "points": [
        39.30635,
        21,
        39.30635,
        31.11082,
        31.11082,
        39.30536,
        21.00296,
        39.30536,
        10.89214,
        39.30536,
        2.69266,
        31.10983,
        2.69266,
        21,
        2.69266,
        10.89017,
        10.89313,
        2.69365,
        21.00296,
        2.69365,
        31.11181,
        2.69365,
        39.30635,
        10.89017,
        39.30635,
        21,
        39.30635,
        21
      ],
      "segments": [
        1,
        4,
        4,
        4,
        4,
        2
      ]
    },
    {
      "type": "shape",
      "background": "#54504f",
      "shadowColor": "#1ABC9C",
      "points": [
        33.08735,
        26.92168,
        36.85372,
        26.92168,
        37.54417,
        25.07554,
        37.93928,
        23.08617,
        37.93928,
        21,
        37.93928,
        12.97832,
        32.35738,
        6.27531,
        24.87206,
        4.52201,
        24.87206,
        8.83264,
        18.05644,
        8.83264,
        18.05644,
        4.33434,
        10.10884,
        5.73104,
        4.06171,
        12.65235,
        4.06171,
        21,
        4.06171,
        23.08617,
        4.45682,
        25.07653,
        5.14727,
        26.92168,
        8.91265,
        26.92168,
        8.91265,
        32.83942,
        8.89981,
        32.83942,
        11.97573,
        35.98151,
        16.25969,
        37.9373,
        21.00296,
        37.9373,
        25.74624,
        37.9373,
        30.02822,
        35.98151,
        33.10216,
        32.83942,
        33.08636,
        32.83942,
        33.08636,
        26.92168,
        33.08735,
        26.92168
      ],
      "segments": [
        1,
        2,
        4,
        4,
        2,
        2,
        2,
        4,
        4,
        2,
        2,
        2,
        4,
        4,
        2,
        2,
        2
      ]
    },
    {
      "type": "shape",
      "background": "#231815",
      "shadowColor": "#1ABC9C",
      "points": [
        15.24426,
        26.92168,
        27.68325,
        26.92168,
        27.68325,
        26.92168,
        27.68325,
        26.92168,
        27.68325,
        32.83942,
        27.68325,
        32.83942,
        27.68325,
        32.83942,
        15.24426,
        32.83942,
        15.24426,
        32.83942,
        15.24426,
        32.83942,
        15.24426,
        26.92168,
        15.24426,
        26.92168,
        15.24426,
        26.92168,
        15.24426,
        26.92168
      ],
      "segments": [
        1,
        2,
        3,
        2,
        3,
        2,
        3,
        2,
        3,
        2
      ]
    },
    {
      "type": "oval",
      "background": "#231815",
      "borderColor": "#979797",
      "rect": [
        9.99635,
        10.15334,
        6,
        6
      ]
    },
    {
      "type": "oval",
      "background": "#231815",
      "borderColor": "#979797",
      "rect": [
        25.41437,
        10.15334,
        6,
        6
      ]
    },
    {
      "type": "oval",
      "background": "#231815",
      "borderColor": "#979797",
      "rect": [
        30.13129,
        18.13582,
        6,
        6
      ]
    },
    {
      "type": "oval",
      "background": "#231815",
      "borderColor": "#979797",
      "rect": [
        5.70183,
        18.13582,
        6,
        6
      ]
    }
  ]
}