{
  "width": 12,
  "height": 12,
  "comps": [
    {
      "type": "circle",
      "background": "rgb(0,0,0)",
      "borderWidth": 1,
      "borderColor": "rgba(107,107,107,0.76)",
      "shadowColor": "#1ABC9C",
      "rotation": 4.71239,
      "rect": [
        0.57499,
        0.63111,
        10.85003,
        10.73778
      ]
    },
    {
      "type": "arc",
      "borderWidth": 1,
      "borderColor": "rgb(250,230,120)",
      "arcFrom": 1.5708,
      "arcClose": false,
      "shadowColor": "#1ABC9C",
      "rotation": 3.92699,
      "rect": [
        2.59642,
        2.59642,
        6.80715,
        6.80715
      ]
    },
    {
      "type": "shape",
      "borderWidth": 1,
      "borderColor": "rgb(250,230,120)",
      "points": [
        5.95032,
        2.01604,
        5.95032,
        6.37261
      ]
    }
  ]
}