{
  "width": 40,
  "height": 24,
  "fitSize": true,
  "comps": [
    {
      "type": "rect",
      "background": {
        "func": "__ht__function(data, view) {\nvar status = data.a('status') || 1;\nswitch (status) {\n\tcase 1:\n\t\treturn 'rgb(77,255,0)';\n\tcase 2:\n\t\treturn '#F6A623';\n\tcase 3:\n\t\treturn '#D0011B';\n\tcase 4:\n\t\treturn 'rgb(181,181,181)';\n\n}\n}",
        "value": "rgb(181,181,181)"
      },
      "borderColor": "#979797",
      "rect": [
        0,
        0,
        40,
        24
      ]
    },
    {
      "type": "text",
      "text": {
        "func": "__ht__function(data, view) {\nvar status = data.a('status') || 1;\nswitch (status) {\n\tcase 1:\n\t\treturn '正常';\n\tcase 2:\n\t\treturn '告警';\n\tcase 3:\n\t\treturn '紧急告警';\n\tcase 4:\n\t\treturn '离线';\n\n}\n}",
        "value": "正常"
      },
      "align": "center",
      "color": "rgb(15,15,15)",
      "rect": [
        -0.13699,
        0,
        40,
        24
      ]
    }
  ]
}