{
  "width": 23,
  "height": 30,
  "comps": [
    {
      "type": "shape",
      "background": "rgb(28,109,189)",
      "shadowColor": "#1ABC9C",
      "points": [
        19.91582,
        9.5132,
        19.91582,
        1.37307,
        19.91582,
        0.88557,
        19.52562,
        0.49143,
        19.04304,
        0.49143,
        3.95696,
        0.49143,
        3.47536,
        0.49143,
        3.08418,
        0.88655,
        3.08418,
        1.37307,
        3.08418,
        9.5132,
        3.08418,
        10.12258,
        2.85517,
        10.70935,
        2.44236,
        11.15459,
        1.15873,
        12.53946,
        0.8511,
        12.87265,
        0.68008,
        13.31101,
        0.68008,
        13.76608,
        0.68008,
        27.88402,
        0.68008,
        28.36858,
        1.06929,
        28.76172,
        1.54795,
        28.76172,
        21.45107,
        28.76172,
        21.93071,
        28.76172,
        22.31894,
        28.36858,
        22.31894,
        27.88402,
        22.31894,
        13.76608,
        22.31894,
        13.31101,
        22.14792,
        12.87167,
        21.8393,
        12.53946,
        20.55567,
        11.15459,
        20.14483,
        10.71033,
        19.91582,
        10.12258,
        19.91582,
        9.5132,
        19.91582,
        9.5132
      ],
      "segments": [
        1,
        2,
        4,
        2,
        4,
        2,
        4,
        2,
        4,
        2,
        4,
        2,
        4,
        2,
        4,
        2,
        4,
        2
      ]
    },
    {
      "type": "shape",
      "background": "#1f272e",
      "shadowColor": "#1ABC9C",
      "points": [
        19.98463,
        14.62707,
        17.99628,
        14.62707,
        17.99628,
        13.97248,
        16.70184,
        13.97248,
        16.70184,
        14.62707,
        14.29774,
        14.62707,
        14.29774,
        13.97248,
        13.0033,
        13.97248,
        13.0033,
        14.62707,
        10.59822,
        14.62707,
        10.59822,
        13.97248,
        9.30378,
        13.97248,
        9.30378,
        14.62707,
        6.89968,
        14.62707,
        6.89968,
        13.97248,
        5.60425,
        13.97248,
        5.60425,
        14.62707,
        3.61591,
        14.62707,
        3.61591,
        23.62131,
        5.60425,
        23.62131,
        5.60425,
        24.27492,
        6.89968,
        24.27492,
        6.89968,
        23.62131,
        9.30378,
        23.62131,
        9.30378,
        24.27492,
        10.59822,
        24.27492,
        10.59822,
        23.62131,
        13.0033,
        23.62131,
        13.0033,
        24.27492,
        14.29774,
        24.27492,
        14.29774,
        23.62131,
        16.70184,
        23.62131,
        16.70184,
        24.27492,
        17.99628,
        24.27492,
        17.99628,
        23.62131,
        19.98463,
        23.62131,
        19.98463,
        14.62707,
        19.98463,
        14.62707
      ]
    },
    {
      "type": "shape",
      "background": "#1f272e",
      "shadowColor": "#1ABC9C",
      "points": [
        3.61591,
        0.92291,
        19.67502,
        0.92291,
        19.67502,
        0.92291,
        19.67502,
        0.92291,
        19.67502,
        5.85889,
        19.67502,
        5.85889,
        19.67502,
        5.85889,
        3.61591,
        5.85889,
        3.61591,
        5.85889,
        3.61591,
        5.85889,
        3.61591,
        0.92291,
        3.61591,
        0.92291,
        3.61591,
        0.92291,
        3.61591,
        0.92291
      ],
      "segments": [
        1,
        2,
        3,
        2,
        3,
        2,
        3,
        2,
        3,
        2
      ]
    },
    {
      "type": "shape",
      "background": "#1f272e",
      "shadowColor": "#1ABC9C",
      "points": [
        6.44068,
        8.75737,
        6.44068,
        10.97571,
        4.93394,
        10.97571,
        4.93394,
        12.12272,
        6.44068,
        12.12272,
        8.63346,
        12.12272,
        8.63346,
        10.97571,
        8.63346,
        8.75737,
        6.44068,
        8.75737,
        6.44068,
        8.75737
      ]
    },
    {
      "type": "shape",
      "background": "#1f272e",
      "shadowColor": "#1ABC9C",
      "points": [
        16.55932,
        8.75737,
        16.55932,
        10.97571,
        18.06606,
        10.97571,
        18.06606,
        12.12272,
        16.55932,
        12.12272,
        14.36654,
        12.12272,
        14.36654,
        10.97571,
        14.36654,
        8.75737,
        16.55932,
        8.75737,
        16.55932,
        8.75737
      ]
    },
    {
      "type": "shape",
      "borderWidth": 0.98287,
      "borderColor": "#b9b9b9",
      "shadowColor": "#1ABC9C",
      "points": [
        19.91582,
        9.5132,
        19.91582,
        1.37307,
        19.91582,
        0.88557,
        19.52562,
        0.49143,
        19.04304,
        0.49143,
        3.95696,
        0.49143,
        3.47536,
        0.49143,
        3.08418,
        0.88655,
        3.08418,
        1.37307,
        3.08418,
        9.5132,
        3.08418,
        10.12258,
        2.85517,
        10.70935,
        2.44236,
        11.15459,
        1.15873,
        12.53946,
        0.8511,
        12.87265,
        0.68008,
        13.31101,
        0.68008,
        13.76608,
        0.68008,
        27.88402,
        0.68008,
        28.36858,
        1.06929,
        28.76172,
        1.54795,
        28.76172,
        21.45107,
        28.76172,
        21.93071,
        28.76172,
        22.31894,
        28.36858,
        22.31894,
        27.88402,
        22.31894,
        13.76608,
        22.31894,
        13.31101,
        22.14792,
        12.87167,
        21.8393,
        12.53946,
        20.55567,
        11.15459,
        20.14483,
        10.71033,
        19.91582,
        10.12258,
        19.91582,
        9.5132,
        19.91582,
        9.5132
      ],
      "segments": [
        1,
        2,
        4,
        2,
        4,
        2,
        4,
        2,
        4,
        2,
        4,
        2,
        4,
        2,
        4,
        2,
        4,
        2
      ]
    },
    {
      "type": "shape",
      "background": "#1f272e",
      "shadowColor": "#1ABC9C",
      "points": [
        6.84562,
        26.33895,
        16.463,
        26.33895,
        16.463,
        26.33895,
        16.463,
        26.33895,
        16.463,
        28.76271,
        16.463,
        28.76271,
        16.463,
        28.76271,
        6.84562,
        28.76271,
        6.84562,
        28.76271,
        6.84562,
        28.76271,
        6.84562,
        26.33895,
        6.84562,
        26.33895,
        6.84562,
        26.33895,
        6.84562,
        26.33895
      ],
      "segments": [
        1,
        2,
        3,
        2,
        3,
        2,
        3,
        2,
        3,
        2
      ]
    },
    {
      "type": "shape",
      "background": "rgb(199,186,0)",
      "shadowColor": "#1ABC9C",
      "points": [
        7.96904,
        26.33895,
        15.3386,
        26.33895,
        15.3386,
        26.33895,
        15.3386,
        26.33895,
        15.3386,
        27.55083,
        15.3386,
        27.55083,
        15.3386,
        27.55083,
        7.96904,
        27.55083,
        7.96904,
        27.55083,
        7.96904,
        27.55083,
        7.96904,
        26.33895,
        7.96904,
        26.33895,
        7.96904,
        26.33895,
        7.96904,
        26.33895
      ],
      "segments": [
        1,
        2,
        3,
        2,
        3,
        2,
        3,
        2,
        3,
        2
      ]
    }
  ]
}