{
  "width": 82,
  "height": 32,
  "comps": [
    {
      "type": "shape",
      "background": "rgb(227,227,227)",
      "borderWidth": 1,
      "borderColor": "#1c1d20",
      "shadowColor": "#1ABC9C",
      "points": [
        74.79792,
        30.85259,
        6.41284,
        30.85259,
        3.39426,
        30.85259,
        0.92442,
        28.41806,
        0.92442,
        25.44454,
        0.92442,
        5.96257,
        0.92442,
        2.9881,
        3.39426,
        0.55357,
        6.41284,
        0.55357,
        74.79792,
        0.55357,
        77.81553,
        0.55357,
        80.2844,
        2.9881,
        80.2844,
        5.96257,
        80.2844,
        25.44454,
        80.2844,
        28.41806,
        77.81553,
        30.85259,
        74.79792,
        30.85259,
        74.79792,
        30.85259
      ],
      "segments": [
        1,
        2,
        4,
        2,
        4,
        2,
        4,
        2,
        4,
        2
      ]
    },
    {
      "type": "shape",
      "background": "#414244",
      "shadowColor": "#1ABC9C",
      "points": [
        54.56495,
        25.7759,
        28.19423,
        25.7759,
        24.53823,
        25.7759,
        21.39194,
        23.19117,
        20.68168,
        19.60561,
        18.91482,
        10.68428,
        18.37577,
        7.62897,
        20.85386,
        4.84564,
        24.11266,
        4.84564,
        58.64456,
        4.84564,
        61.90336,
        4.84564,
        64.38145,
        7.62897,
        63.8424,
        10.68428,
        62.07457,
        19.60561,
        61.36626,
        23.19117,
        58.22095,
        25.7759,
        54.56495,
        25.7759
      ],
      "segments": [
        1,
        2,
        4,
        2,
        4,
        2,
        4,
        2,
        4
      ]
    },
    {
      "type": "shape",
      "borderWidth": 0.97832,
      "borderColor": "#b9b9b9",
      "shadowColor": "#1ABC9C",
      "points": [
        54.56495,
        25.7759,
        28.19423,
        25.7759,
        24.53823,
        25.7759,
        21.39194,
        23.19117,
        20.68168,
        19.60561,
        18.91482,
        10.68428,
        18.37577,
        7.62897,
        20.85386,
        4.84564,
        24.11266,
        4.84564,
        58.64456,
        4.84564,
        61.90336,
        4.84564,
        64.38145,
        7.62897,
        63.8424,
        10.68428,
        62.07457,
        19.60561,
        61.36626,
        23.19117,
        58.22095,
        25.7759,
        54.56495,
        25.7759,
        54.56495,
        25.7759
      ],
      "segments": [
        1,
        2,
        4,
        2,
        4,
        2,
        4,
        2,
        4,
        2
      ]
    },
    {
      "type": "shape",
      "background": "#000000",
      "shadowColor": "#1ABC9C",
      "points": [
        29.08842,
        9.59345,
        29.08842,
        10.78504,
        28.12477,
        11.75163,
        26.93708,
        11.75163,
        25.74842,
        11.75163,
        24.78575,
        10.78504,
        24.78575,
        9.59345,
        24.78575,
        8.40185,
        25.74842,
        7.43526,
        26.9361,
        7.43526,
        28.12379,
        7.43526,
        29.08842,
        8.40185,
        29.08842,
        9.59345
      ],
      "segments": [
        1,
        4,
        4,
        4,
        4
      ]
    },
    {
      "type": "shape",
      "background": "#000000",
      "shadowColor": "#1ABC9C",
      "points": [
        35.60405,
        9.59345,
        35.60405,
        10.78504,
        34.64138,
        11.75163,
        33.4537,
        11.75163,
        32.26406,
        11.75163,
        31.30236,
        10.78504,
        31.30236,
        9.59345,
        31.30236,
        8.40185,
        32.26406,
        7.43526,
        33.4537,
        7.43526,
        34.6404,
        7.43526,
        35.60405,
        8.40185,
        35.60405,
        9.59345
      ],
      "segments": [
        1,
        4,
        4,
        4,
        4
      ]
    },
    {
      "type": "shape",
      "background": "#000000",
      "shadowColor": "#1ABC9C",
      "points": [
        42.12067,
        9.59345,
        42.12067,
        10.78504,
        41.15702,
        11.75163,
        39.96934,
        11.75163,
        38.78067,
        11.75163,
        37.818,
        10.78504,
        37.818,
        9.59345,
        37.818,
        8.40185,
        38.78067,
        7.43526,
        39.96934,
        7.43526,
        41.15702,
        7.43526,
        42.12067,
        8.40185,
        42.12067,
        9.59345
      ],
      "segments": [
        1,
        4,
        4,
        4,
        4
      ]
    },
    {
      "type": "shape",
      "background": "#000000",
      "shadowColor": "#1ABC9C",
      "points": [
        48.63631,
        9.59345,
        48.63631,
        10.78504,
        47.67364,
        11.75163,
        46.48595,
        11.75163,
        45.29631,
        11.75163,
        44.33364,
        10.78504,
        44.33364,
        9.59345,
        44.33364,
        8.40185,
        45.29631,
        7.43526,
        46.48595,
        7.43526,
        47.67364,
        7.43526,
        48.63631,
        8.40185,
        48.63631,
        9.59345
      ],
      "segments": [
        1,
        4,
        4,
        4,
        4
      ]
    },
    {
      "type": "shape",
      "background": "#000000",
      "shadowColor": "#1ABC9C",
      "points": [
        55.15292,
        9.59345,
        55.15292,
        10.78504,
        54.18928,
        11.75163,
        53.00159,
        11.75163,
        51.81293,
        11.75163,
        50.84928,
        10.78504,
        50.84928,
        9.59345,
        50.84928,
        8.40185,
        51.81293,
        7.43526,
        53.00159,
        7.43526,
        54.18928,
        7.43526,
        55.15292,
        8.40185,
        55.15292,
        9.59345
      ],
      "segments": [
        1,
        4,
        4,
        4,
        4
      ]
    },
    {
      "type": "shape",
      "background": "#000000",
      "shadowColor": "#1ABC9C",
      "points": [
        32.57321,
        15.31077,
        32.57321,
        16.50139,
        31.60956,
        17.46798,
        30.42187,
        17.46798,
        29.23321,
        17.46798,
        28.26956,
        16.50139,
        28.26956,
        15.31077,
        28.26956,
        14.11819,
        29.23321,
        13.15161,
        30.42187,
        13.15161,
        31.60956,
        13.15161,
        32.57321,
        14.11917,
        32.57321,
        15.31077
      ],
      "segments": [
        1,
        4,
        4,
        4,
        4
      ]
    },
    {
      "type": "shape",
      "background": "#000000",
      "shadowColor": "#1ABC9C",
      "points": [
        39.08884,
        15.31077,
        39.08884,
        16.50139,
        38.12519,
        17.46798,
        36.93751,
        17.46798,
        35.74885,
        17.46798,
        34.78618,
        16.50139,
        34.78618,
        15.31077,
        34.78618,
        14.11819,
        35.74885,
        13.15161,
        36.93751,
        13.15161,
        38.12519,
        13.15161,
        39.08884,
        14.11917,
        39.08884,
        15.31077
      ],
      "segments": [
        1,
        4,
        4,
        4,
        4
      ]
    },
    {
      "type": "shape",
      "background": "#000000",
      "shadowColor": "#1ABC9C",
      "points": [
        45.60644,
        15.31077,
        45.60644,
        16.50139,
        44.64279,
        17.46798,
        43.4551,
        17.46798,
        42.26644,
        17.46798,
        41.30377,
        16.50139,
        41.30377,
        15.31077,
        41.30377,
        14.11819,
        42.26644,
        13.15161,
        43.4551,
        13.15161,
        44.64181,
        13.15161,
        45.60644,
        14.11917,
        45.60644,
        15.31077
      ],
      "segments": [
        1,
        4,
        4,
        4,
        4
      ]
    },
    {
      "type": "shape",
      "background": "#000000",
      "shadowColor": "#1ABC9C",
      "points": [
        52.12208,
        15.31077,
        52.12208,
        16.50139,
        51.15843,
        17.46798,
        49.97074,
        17.46798,
        48.78208,
        17.46798,
        47.82039,
        16.50139,
        47.82039,
        15.31077,
        47.82039,
        14.11819,
        48.78208,
        13.15161,
        49.97074,
        13.15161,
        51.15745,
        13.15161,
        52.12208,
        14.11917,
        52.12208,
        15.31077
      ],
      "segments": [
        1,
        4,
        4,
        4,
        4
      ]
    },
    {
      "type": "shape",
      "background": "#000000",
      "shadowColor": "#1ABC9C",
      "points": [
        58.63869,
        15.31077,
        58.63869,
        16.50139,
        57.67504,
        17.46798,
        56.48736,
        17.46798,
        55.29869,
        17.46798,
        54.33602,
        16.50139,
        54.33602,
        15.31077,
        54.33602,
        14.11819,
        55.29869,
        13.15161,
        56.48736,
        13.15161,
        57.67407,
        13.15161,
        58.63869,
        14.11917,
        58.63869,
        15.31077
      ],
      "segments": [
        1,
        4,
        4,
        4,
        4
      ]
    },
    {
      "type": "shape",
      "background": "#000000",
      "shadowColor": "#1ABC9C",
      "points": [
        28.42316,
        21.0281,
        28.42316,
        22.22067,
        27.46048,
        23.18628,
        26.27182,
        23.18628,
        25.08316,
        23.18628,
        24.12147,
        22.22067,
        24.12147,
        21.0281,
        24.12147,
        19.8365,
        25.08316,
        18.86991,
        26.27182,
        18.86991,
        27.46048,
        18.86991,
        28.42316,
        19.8365,
        28.42316,
        21.0281
      ],
      "segments": [
        1,
        4,
        4,
        4,
        4
      ]
    },
    {
      "type": "shape",
      "background": "#000000",
      "shadowColor": "#1ABC9C",
      "points": [
        34.93977,
        21.0281,
        34.93977,
        22.22067,
        33.97612,
        23.18628,
        32.78844,
        23.18628,
        31.59977,
        23.18628,
        30.63612,
        22.22067,
        30.63612,
        21.0281,
        30.63612,
        19.8365,
        31.59977,
        18.86991,
        32.78844,
        18.86991,
        33.97612,
        18.86991,
        34.93977,
        19.8365,
        34.93977,
        21.0281
      ],
      "segments": [
        1,
        4,
        4,
        4,
        4
      ]
    },
    {
      "type": "shape",
      "background": "#000000",
      "shadowColor": "#1ABC9C",
      "points": [
        41.45541,
        21.0281,
        41.45541,
        22.22067,
        40.49274,
        23.18628,
        39.30505,
        23.18628,
        38.11541,
        23.18628,
        37.15274,
        22.22067,
        37.15274,
        21.0281,
        37.15274,
        19.8365,
        38.11541,
        18.86991,
        39.30505,
        18.86991,
        40.49274,
        18.86991,
        41.45541,
        19.8365,
        41.45541,
        21.0281
      ],
      "segments": [
        1,
        4,
        4,
        4,
        4
      ]
    },
    {
      "type": "shape",
      "background": "#000000",
      "shadowColor": "#1ABC9C",
      "points": [
        47.97203,
        21.0281,
        47.97203,
        22.22067,
        47.00838,
        23.18628,
        45.82069,
        23.18628,
        44.63203,
        23.18628,
        43.66838,
        22.22067,
        43.66838,
        21.0281,
        43.66838,
        19.8365,
        44.63203,
        18.86991,
        45.82069,
        18.86991,
        47.00838,
        18.86991,
        47.97203,
        19.8365,
        47.97203,
        21.0281
      ],
      "segments": [
        1,
        4,
        4,
        4,
        4
      ]
    },
    {
      "type": "shape",
      "background": "#000000",
      "shadowColor": "#1ABC9C",
      "points": [
        54.48864,
        21.0281,
        54.48864,
        22.22067,
        53.52597,
        23.18628,
        52.33731,
        23.18628,
        51.14864,
        23.18628,
        50.18597,
        22.22067,
        50.18597,
        21.0281,
        50.18597,
        19.8365,
        51.14864,
        18.86991,
        52.33731,
        18.86991,
        53.52597,
        18.86991,
        54.48864,
        19.8365,
        54.48864,
        21.0281
      ],
      "segments": [
        1,
        4,
        4,
        4,
        4
      ]
    },
    {
      "type": "shape",
      "background": "#bdbdbd",
      "shadowColor": "#1ABC9C",
      "points": [
        7.20223,
        21.49266,
        6.65624,
        21.49266,
        6.1472,
        21.21406,
        5.87479,
        20.76436,
        3.80052,
        17.351,
        3.52695,
        16.90239,
        3.52695,
        16.3441,
        3.80052,
        15.89329,
        5.87479,
        12.47993,
        6.14835,
        12.03023,
        6.65624,
        11.75163,
        7.20223,
        11.75163,
        11.34961,
        11.75163,
        11.8956,
        11.75163,
        12.40464,
        12.03023,
        12.67821,
        12.47993,
        14.75133,
        15.89329,
        15.02489,
        16.343,
        15.02489,
        16.90129,
        14.75133,
        17.351,
        12.67821,
        20.76436,
        12.40464,
        21.21406,
        11.8956,
        21.49266,
        11.34961,
        21.49266,
        7.20223,
        21.49266,
        7.20223,
        21.49266
      ],
      "segments": [
        1,
        4,
        2,
        4,
        2,
        4,
        2,
        4,
        2,
        4,
        2,
        4,
        2,
        2
      ]
    },
    {
      "type": "shape",
      "background": "#cecece",
      "shadowColor": "#1ABC9C",
      "points": [
        9.27534,
        12.68284,
        11.57608,
        12.68284,
        13.4412,
        14.46053,
        13.4412,
        16.6534,
        13.4412,
        18.84628,
        11.57608,
        20.62396,
        9.27534,
        20.62396,
        6.9746,
        20.62396,
        5.10949,
        18.84628,
        5.10949,
        16.6534,
        5.10949,
        14.46053,
        6.9746,
        12.68284,
        9.27534,
        12.68284,
        9.27534,
        12.68284
      ],
      "segments": [
        1,
        4,
        4,
        4,
        4,
        2
      ]
    },
    {
      "type": "shape",
      "background": "#414244",
      "shadowColor": "#1ABC9C",
      "points": [
        9.27534,
        14.20087,
        10.69697,
        14.20087,
        11.84942,
        15.29891,
        11.84942,
        16.6534,
        11.84942,
        18.0079,
        10.69697,
        19.10594,
        9.27534,
        19.10594,
        7.85372,
        19.10594,
        6.70126,
        18.0079,
        6.70126,
        16.6534,
        6.70126,
        15.29891,
        7.85372,
        14.20087,
        9.27534,
        14.20087,
        9.27534,
        14.20087
      ],
      "segments": [
        1,
        4,
        4,
        4,
        4,
        2
      ]
    },
    {
      "type": "shape",
      "background": "rgb(0,0,0)",
      "shadowColor": "#1ABC9C",
      "points": [
        10.07527,
        16.6534,
        10.01438,
        16.36252,
        9.84098,
        16.11593,
        9.58146,
        15.95115,
        9.27534,
        15.89329,
        8.96922,
        15.95115,
        8.70971,
        16.11593,
        8.53631,
        16.36252,
        8.47542,
        16.6534,
        8.53631,
        16.94429,
        8.70971,
        17.19088,
        8.96922,
        17.35566,
        9.27534,
        17.41351,
        9.58146,
        17.35566,
        9.84098,
        17.19088,
        10.01438,
        16.94429,
        10.07527,
        16.6534
      ]
    },
    {
      "type": "shape",
      "background": "#bdbdbd",
      "shadowColor": "#1ABC9C",
      "points": [
        70.44291,
        20.18129,
        69.89692,
        20.18129,
        69.38788,
        19.90269,
        69.11546,
        19.45299,
        67.04119,
        16.03962,
        66.76763,
        15.59101,
        66.76763,
        15.03272,
        67.04119,
        14.58192,
        69.11546,
        11.16856,
        69.38903,
        10.71885,
        69.89692,
        10.44025,
        70.44291,
        10.44025,
        74.59029,
        10.44025,
        75.13627,
        10.44025,
        75.64532,
        10.71885,
        75.91889,
        11.16856,
        77.992,
        14.58192,
        78.26557,
        15.03163,
        78.26557,
        15.58992,
        77.992,
        16.03962,
        75.91889,
        19.45299,
        75.64532,
        19.90269,
        75.13627,
        20.18129,
        74.59029,
        20.18129,
        70.44291,
        20.18129,
        70.44291,
        20.18129
      ],
      "segments": [
        1,
        4,
        2,
        4,
        2,
        4,
        2,
        4,
        2,
        4,
        2,
        4,
        2,
        2
      ]
    },
    {
      "type": "shape",
      "background": "#cecece",
      "shadowColor": "#1ABC9C",
      "points": [
        72.51602,
        11.37147,
        74.81676,
        11.37147,
        76.68188,
        13.14915,
        76.68188,
        15.34203,
        76.68188,
        17.53491,
        74.81676,
        19.31259,
        72.51602,
        19.31259,
        70.21528,
        19.31259,
        68.35017,
        17.53491,
        68.35017,
        15.34203,
        68.35017,
        13.14915,
        70.21528,
        11.37147,
        72.51602,
        11.37147,
        72.51602,
        11.37147
      ],
      "segments": [
        1,
        4,
        4,
        4,
        4,
        2
      ]
    },
    {
      "type": "shape",
      "background": "#414244",
      "shadowColor": "#1ABC9C",
      "points": [
        72.51602,
        12.8895,
        73.93765,
        12.8895,
        75.0901,
        13.98753,
        75.0901,
        15.34203,
        75.0901,
        16.69653,
        73.93765,
        17.79456,
        72.51602,
        17.79456,
        71.0944,
        17.79456,
        69.94194,
        16.69653,
        69.94194,
        15.34203,
        69.94194,
        13.98753,
        71.0944,
        12.8895,
        72.51602,
        12.8895,
        72.51602,
        12.8895
      ],
      "segments": [
        1,
        4,
        4,
        4,
        4,
        2
      ]
    },
    {
      "type": "shape",
      "background": "rgb(0,0,0)",
      "shadowColor": "#1ABC9C",
      "points": [
        73.31595,
        15.34203,
        73.25506,
        15.05115,
        73.08166,
        14.80455,
        72.82214,
        14.63978,
        72.51602,
        14.58192,
        72.2099,
        14.63978,
        71.95039,
        14.80455,
        71.77699,
        15.05115,
        71.71609,
        15.34203,
        71.77699,
        15.63291,
        71.95039,
        15.87951,
        72.2099,
        16.04428,
        72.51602,
        16.10214,
        72.82214,
        16.04428,
        73.08166,
        15.87951,
        73.25506,
        15.63291,
        73.31595,
        15.34203
      ]
    }
  ]
}