{
  "width": 4,
  "height": 4,
  "fitSize": false,
  "comps": [
    {
      "type": "rect",
      "background": "rgb(43,39,39)",
      "borderColor": "#979797",
      "rect": [
        2.220446049250313e-16,
        1.887379141862766e-15,
        2.0000000000000013,
        1.9999999999999998
      ]
    },
    {
      "type": "rect",
      "background": "rgb(43,39,39)",
      "borderColor": "#979797",
      "rect": [
        2.0000000000000027,
        2,
        2.0000000000000013,
        1.9999999999999998
      ]
    }
  ]
}