{
    "width": 300,
    "height": 300,
    "comps": [
        {
            "type": "shape",
            "points": [
                96, 209, 43, 211, -1, 199, 7, 126,
                54, 127, 41, 89, 98, 60, 114, 95,
                159, -3, 290, 66, 251, 137, 296, 155,
                289, 199, 260, 213, 149, 213, 77, 261, 96, 209
            ],
            "segments": [1, 2, 4, 4, 4, 4, 2, 2, 2],
            "background": "#d6f0fd",
            "gradientColor": "#A6f0fd",
            "gradient": "linear.north"
        }
    ]
}