{
  "width": 300,
  "height": 300,
  "fitSize": false,
  "comps": [
    {
      "type": "image",
      "shadow": true,
      "shadowColor": "rgb(255,10,10)",
      "shadowBlur": 27,
      "name": "symbols/cloud/cloud.json",
      "rect": [
        0,
        0,
        150,
        150
      ]
    },
    {
      "type": "image",
      "shadow": true,
      "shadowColor": "rgb(255,10,10)",
      "shadowBlur": 27,
      "color": "yellow",
      "name": "symbols/cloud/cloud.json",
      "rotation": 0.7853981633974483,
      "rect": [
        150,
        150,
        150,
        150
      ]
    },
    {
      "type": "image",
      "shadow": true,
      "shadowColor": "rgb(255,10,10)",
      "shadowBlur": 27,
      "color": "orange",
      "name": "symbols/cloud/cloud.json",
      "rect": [
        150,
        0,
        150,
        150
      ]
    },
    {
      "type": "image",
      "shadow": true,
      "shadowColor": "rgb(255,10,10)",
      "shadowBlur": 27,
      "color": "green",
      "name": "symbols/cloud/cloud.json",
      "rect": [
        0,
        150,
        150,
        150
      ]
    },
    {
      "type": "image",
      "shadow": true,
      "shadowColor": "rgb(255,10,10)",
      "shadowBlur": 27,
      "color": "red",
      "name": "symbols/cloud/cloud.json",
      "rect": [
        30,
        120,
        240,
        60
      ]
    }
  ]
}