{
  "width": 100,
  "height": 60,
  "func": "__ht__function(g, rect, comp, data, view) {\nvar x = rect.x;\nvar y = rect.y;\nvar width = rect.width;\nvar height = rect.height;\n\nvar borderColor = comp.getValue('borderColor');\nvar borderWidth = comp.getValue('borderWidth');\nvar background = comp.getValue('background');\nvar rowCount = comp.getValue('rowCount');\nvar columnCount = comp.getValue('columnCount');\nvar rowLineColor = comp.getValue('rowLineColor');\nvar columnLineColor = comp.getValue('columnLineColor');\nvar rowLineWidth = comp.getValue('rowLineWidth');\nvar columnLineWidth = comp.getValue('columnLineWidth');\n\n// draw background\nif (background) {\n    g.fillStyle = background;\n    g.beginPath();\n    g.rect(x, y, width, height);\n    g.fill();\n}\n\n// draw border\nif (borderWidth) {\n    ht.Default.drawBorder(g, borderColor, x, y, width, height, borderWidth);\n}\n\nx += borderWidth;\ny += borderWidth;\nwidth -= borderWidth * 2;\nheight -= borderWidth * 2;\n\nvar rowHeight = height / rowCount;\nvar columnWidth = width / columnCount;\n\n// draw row lines\nif (rowLineWidth && rowCount > 1) {\n    g.beginPath();\n    for (var i = 1; i < rowCount ; i++) {\n        g.moveTo(x, y + rowHeight * i);\n        g.lineTo(x + width, y + rowHeight * i);\n    }\n    g.strokeStyle = rowLineColor;\n    g.lineWidth = rowLineWidth;\n    g.stroke();\n}\n\n// draw column lines\nif (columnLineWidth && columnCount > 1) {\n    g.beginPath();\n    for (var i = 1; i < columnCount ; i++) {\n        g.moveTo(x + columnWidth * i, y);\n        g.lineTo(x + columnWidth * i, y + height);\n    }\n    g.strokeStyle = columnLineColor;\n    g.lineWidth = columnLineWidth;\n    g.stroke();\n}\n}",
  "properties": {
    "borderColor": {
      "valueType": "Color",
      "defaultValue": "#6EF99A",
      "name": "TableBorderColor"
    },
    "borderWidth": {
      "valueType": "Int",
      "defaultValue": 1,
      "name": "TableBorderWidth"
    },
    "background": {
      "valueType": "Color",
      "defaultValue": "#3D4E63",
      "name": "TableBackground"
    },
    "rowCount": {
      "valueType": "Number",
      "defaultValue": 2,
      "name": "TableRowCount"
    },
    "columnCount": {
      "valueType": "Number",
      "defaultValue": 3,
      "name": "TableColumnCount"
    },
    "rowLineColor": {
      "valueType": "Color",
      "defaultValue": "#6EF99A",
      "name": "TableRowLineColor"
    },
    "columnLineColor": {
      "valueType": "Color",
      "defaultValue": "#6EF99A",
      "name": "TableColumnLineColor"
    },
    "rowLineWidth": {
      "valueType": "Int",
      "defaultValue": 1,
      "name": "TableRowLineWidth"
    },
    "columnLineWidth": {
      "valueType": "Int",
      "defaultValue": 1,
      "name": "TableColumnLineWidth"
    }
  }
}