{
  "modified": "Fri Mar 22 2019 16:58:58 GMT+0800 (中国标准时间)",
  "width": 100,
  "height": 100,
  "snapshotURL": "",
  "func": "__ht__function(g, rect, comp, data, view) {\nht.vector.comp.richTextPane.apply(this, arguments);\n}",
  "properties": {
    "content": {
      "valueType": "Object",
      "defaultValue": [],
      "name": "UIContent"
    },
    "background": {
      "valueType": "Color",
      "defaultValue": "rgb(247,247,247)",
      "name": "UIBackground"
    },
    "bgGradient": {
      "valueType": "Gradient",
      "defaultValue": null,
      "name": "editor.gradient"
    },
    "bgGradientColor": {
      "valueType": "Color",
      "defaultValue": "rgb(255,255,255)",
      "name": "editor.gradientcolor"
    },
    "showArrow": {
      "valueType": "Boolean",
      "defaultValue": true,
      "name": "UIShowArrow"
    },
    "arrowOrientation": {
      "valueType": "Orientation",
      "defaultValue": "bottom",
      "name": "UIArrowOrientation"
    },
    "arrowPosition": {
      "valueType": "Percentage",
      "defaultValue": 0.5,
      "name": "UIArrowPosition"
    },
    "padding": {
      "valueType": "String",
      "defaultValue": "5",
      "name": "UIPadding"
    },
    "vGap": {
      "valueType": "PositiveNumber",
      "defaultValue": 5,
      "name": "UIVGap"
    },
    "hGap": {
      "valueType": "PositiveNumber",
      "defaultValue": 5,
      "name": "UIHGap"
    },
    "borderWidth": {
      "valueType": "PositiveNumber",
      "defaultValue": 1,
      "name": "UIBorderWidth",
      "group": "editor.titleborder"
    },
    "borderColor": {
      "valueType": "Color",
      "defaultValue": "rgb(0,145,194)",
      "name": "UIBorderColor"
    },
    "dash": {
      "valueType": "Boolean",
      "defaultValue": false,
      "name": "editor.dash"
    },
    "dashPattern": {
      "valueType": "NumberArray",
      "defaultValue": [
        8,
        8
      ],
      "name": "editor.pattern"
    },
    "font": {
      "valueType": "Font",
      "defaultValue": "12px sans-serif, Arial",
      "name": "UIFont",
      "group": "UIDefaultSetting"
    },
    "color": {
      "valueType": "Color",
      "defaultValue": "#32D3EB",
      "name": "ChartLabelColor"
    },
    "vAlign": {
      "valueType": "VAlign",
      "defaultValue": "top",
      "name": "editor.valuetype.valign"
    }
  }
}