{
  "modified": "Mon Mar 25 2019 11:03:24 GMT+0800 (中国标准时间)",
  "width": 100,
  "height": 100,
  "snapshotURL": "",
  "func": "__ht__function(g, rect, comp, data, view) {\nht.vector.comp.verticalTextBox.apply(this, arguments);\n}",
  "properties": {
    "content": {
      "valueType": "Multiline",
      "defaultValue": "HT for Web\n构建先进2D和3D可视化所需要的一切",
      "name": "editor.content"
    },
    "font": {
      "valueType": "Font",
      "defaultValue": "14px sans-serif, Arial",
      "name": "UIFont"
    },
    "vAlign": {
      "valueType": "VAlign",
      "defaultValue": "middle",
      "name": "editor.valuetype.valign"
    },
    "startOnRight": {
      "valueType": "Boolean",
      "defaultValue": false,
      "name": "UIStartOnRight"
    },
    "wordBreak": {
      "valueType": "Boolean",
      "defaultValue": false,
      "name": "UIWordBreak"
    },
    "color": {
      "valueType": "Color",
      "defaultValue": "rgb(0,0,0)",
      "name": "editor.color"
    },
    "background": {
      "valueType": "Color",
      "defaultValue": null,
      "name": "UIBackground"
    },
    "bgGradient": {
      "valueType": "Gradient",
      "defaultValue": null,
      "name": "editor.gradient"
    },
    "bgGradientColor": {
      "valueType": "Color",
      "defaultValue": "rgb(255,255,255)",
      "name": "editor.gradientcolor"
    },
    "padding": {
      "valueType": "String",
      "defaultValue": "0",
      "name": "UIPadding"
    },
    "vGap": {
      "valueType": "PositiveNumber",
      "defaultValue": 0,
      "name": "UIVGap"
    },
    "hGap": {
      "valueType": "PositiveNumber",
      "defaultValue": 4,
      "name": "UIHGap"
    },
    "borderWidth": {
      "valueType": "PositiveNumber",
      "defaultValue": 0,
      "name": "UIBorderWidth",
      "group": "editor.titleborder"
    },
    "borderColor": {
      "valueType": "Color",
      "defaultValue": "rgb(61,61,61)",
      "name": "UIBorderColor"
    },
    "borderRadius": {
      "valueType": "String",
      "defaultValue": "0",
      "name": "UIBorderRadius"
    },
    "dash": {
      "valueType": "Boolean",
      "defaultValue": false,
      "name": "editor.dash"
    },
    "dashPattern": {
      "valueType": "NumberArray",
      "defaultValue": [
        8,
        8
      ],
      "name": "editor.pattern"
    }
  }
}