{
  "v": "6.0.0",
  "p": {
    "background": "#717171",
    "autoAdjustIndex": true
  },
  "d": [
    {
      "c": "ht.Block",
      "i": 1524,
      "p": {
        "displayName": "Color Block",
        "position": {
          "x": 764.392373062984,
          "y": 129.654456886613
        },
        "width": 1433.1831734672082,
        "height": 150
      }
    },
    {
      "c": "ht.Node",
      "i": 1525,
      "p": {
        "displayName": "Red",
        "parent": {
          "__i": 1524
        },
        "image": "assets/svg/bathroom-floor.svg",
        "position": {
          "x": 122.80078632937989,
          "y": 129.654456886613
        }
      },
      "s": {
        "body.color": "#FC463E",
        "label.font": "24px arial, sans-serif",
        "label.color": "rgb(255,255,255)",
        "label.offset.y": 20,
        "label": "Red"
      }
    },
    {
      "c": "ht.Node",
      "i": 1526,
      "p": {
        "displayName": "Orange",
        "parent": {
          "__i": 1524
        },
        "image": "assets/svg/bathroom-floor.svg",
        "position": {
          "x": 306.11266825326675,
          "y": 129.654456886613
        },
        "width": 150,
        "height": 150
      },
      "s": {
        "body.color": "#FD9F27",
        "label.font": "24px arial, sans-serif",
        "label.color": "rgb(255,255,255)",
        "label.offset.y": 20,
        "label": "Orange"
      }
    },
    {
      "c": "ht.Node",
      "i": 1527,
      "p": {
        "displayName": "Yellow",
        "parent": {
          "__i": 1524
        },
        "image": "assets/svg/bathroom-floor.svg",
        "position": {
          "x": 489.42455017715366,
          "y": 129.654456886613
        },
        "width": 150,
        "height": 150
      },
      "s": {
        "body.color": "#FED12F",
        "label.font": "24px arial, sans-serif",
        "label.color": "rgb(255,255,255)",
        "label.offset.y": 20,
        "label": "Yellow"
      }
    },
    {
      "c": "ht.Node",
      "i": 1528,
      "p": {
        "displayName": "Green",
        "parent": {
          "__i": 1524
        },
        "image": "assets/svg/bathroom-floor.svg",
        "position": {
          "x": 672.7364321010406,
          "y": 129.654456886613
        },
        "width": 150,
        "height": 150
      },
      "s": {
        "body.color": "#5CDC74",
        "label.font": "24px arial, sans-serif",
        "label.color": "rgb(255,255,255)",
        "label.offset.y": 20,
        "label": "Green"
      }
    },
    {
      "c": "ht.Node",
      "i": 1529,
      "p": {
        "displayName": "Teal Blue",
        "parent": {
          "__i": 1524
        },
        "image": "assets/svg/bathroom-floor.svg",
        "position": {
          "x": 856.0483140249274,
          "y": 129.654456886613
        },
        "width": 150,
        "height": 150
      },
      "s": {
        "body.color": "#6ACFF9",
        "label.font": "24px arial, sans-serif",
        "label.color": "rgb(255,255,255)",
        "label.offset.y": 20,
        "label": "Teal Blue"
      }
    },
    {
      "c": "ht.Node",
      "i": 1530,
      "p": {
        "displayName": "Blue",
        "parent": {
          "__i": 1524
        },
        "image": "assets/svg/bathroom-floor.svg",
        "position": {
          "x": 1039.3601959488144,
          "y": 129.654456886613
        },
        "width": 150,
        "height": 150
      },
      "s": {
        "body.color": "#1888FB",
        "label.font": "24px arial, sans-serif",
        "label.color": "rgb(255,255,255)",
        "label.offset.y": 20,
        "label": "Blue"
      }
    },
    {
      "c": "ht.Node",
      "i": 1531,
      "p": {
        "displayName": "Purple",
        "parent": {
          "__i": 1524
        },
        "image": "assets/svg/bathroom-floor.svg",
        "position": {
          "x": 1222.6720778727013,
          "y": 129.654456886613
        },
        "width": 150,
        "height": 150
      },
      "s": {
        "body.color": "#6464D8",
        "label.font": "24px arial, sans-serif",
        "label.color": "rgb(255,255,255)",
        "label.offset.y": 20,
        "label": "Purple"
      }
    },
    {
      "c": "ht.Node",
      "i": 1532,
      "p": {
        "displayName": "Pink",
        "parent": {
          "__i": 1524
        },
        "image": "assets/svg/bathroom-floor.svg",
        "position": {
          "x": 1405.9839597965881,
          "y": 129.654456886613
        },
        "width": 150,
        "height": 150
      },
      "s": {
        "body.color": "#FC3862",
        "label.font": "24px arial, sans-serif",
        "label.color": "rgb(255,255,255)",
        "label.offset.y": 20,
        "label": "Pink"
      }
    },
    {
      "c": "ht.Block",
      "i": 1533,
      "p": {
        "displayName": "Gray Block",
        "position": {
          "x": 662.3553121860966,
          "y": 409.54230233166646
        },
        "width": 1229.1090517134335,
        "height": 150
      }
    },
    {
      "c": "ht.Node",
      "i": 1534,
      "p": {
        "displayName": "White",
        "parent": {
          "__i": 1533
        },
        "image": "assets/svg/bathroom-floor.svg",
        "position": {
          "x": 122.80078632937989,
          "y": 409.54230233166646
        },
        "width": 150,
        "height": 150
      },
      "s": {
        "body.color": "#FFFFFF",
        "label": "White",
        "label.offset.y": 20,
        "label.font": "24px arial, sans-serif",
        "label.color": "rgb(255,255,255)"
      }
    },
    {
      "c": "ht.Node",
      "i": 1535,
      "p": {
        "displayName": "Custom Gray",
        "parent": {
          "__i": 1533
        },
        "image": "assets/svg/bathroom-floor.svg",
        "position": {
          "x": 302.65229494828543,
          "y": 409.54230233166646
        },
        "width": 150,
        "height": 150
      },
      "s": {
        "body.color": "#F1F1F5",
        "label": "Custom Gray",
        "label.font": "24px arial, sans-serif",
        "label.color": "rgb(255,255,255)",
        "label.offset.y": 20
      }
    },
    {
      "c": "ht.Node",
      "i": 1536,
      "p": {
        "displayName": "Light Gray",
        "parent": {
          "__i": 1533
        },
        "image": "assets/svg/bathroom-floor.svg",
        "position": {
          "x": 482.503803567191,
          "y": 409.54230233166646
        },
        "width": 150,
        "height": 150
      },
      "s": {
        "body.color": "#E8E9ED",
        "label": "Light Gray",
        "label.font": "24px arial, sans-serif",
        "label.color": "rgb(255,255,255)",
        "label.offset.y": 20
      }
    },
    {
      "c": "ht.Node",
      "i": 1537,
      "p": {
        "displayName": "Light Gray 2",
        "parent": {
          "__i": 1533
        },
        "image": "assets/svg/bathroom-floor.svg",
        "position": {
          "x": 662.3553121860966,
          "y": 409.54230233166646
        },
        "width": 150,
        "height": 150
      },
      "s": {
        "body.color": "#D7D7DB",
        "label": "Light Gray 2",
        "label.font": "24px arial, sans-serif",
        "label.color": "rgb(255,255,255)",
        "label.offset.y": 20
      }
    },
    {
      "c": "ht.Node",
      "i": 1538,
      "p": {
        "displayName": "Mid Gray",
        "parent": {
          "__i": 1533
        },
        "image": "assets/svg/bathroom-floor.svg",
        "position": {
          "x": 842.2068208050022,
          "y": 409.54230233166646
        },
        "width": 150,
        "height": 150
      },
      "s": {
        "body.color": "#CECED2",
        "label.font": "24px arial, sans-serif",
        "label.color": "rgb(255,255,255)",
        "label.offset.y": 20,
        "label": "Mid Gray"
      }
    },
    {
      "c": "ht.Node",
      "i": 1539,
      "p": {
        "displayName": "Gray",
        "parent": {
          "__i": 1533
        },
        "image": "assets/svg/bathroom-floor.svg",
        "position": {
          "x": 1022.0583294239077,
          "y": 409.54230233166646
        },
        "width": 150,
        "height": 150
      },
      "s": {
        "body.color": "#99999D",
        "label.font": "24px arial, sans-serif",
        "label.color": "rgb(255,255,255)",
        "label.offset.y": 20,
        "label": "Gray"
      }
    },
    {
      "c": "ht.Node",
      "i": 1540,
      "p": {
        "displayName": "Black",
        "parent": {
          "__i": 1533
        },
        "image": "assets/svg/bathroom-floor.svg",
        "position": {
          "x": 1201.9098380428134,
          "y": 409.54230233166646
        },
        "width": 150,
        "height": 150
      },
      "s": {
        "body.color": "#000000",
        "label.font": "24px arial, sans-serif",
        "label.color": "rgb(255,255,255)",
        "label.offset.y": 20,
        "label": "Black"
      }
    },
    {
      "c": "ht.Block",
      "i": 1541,
      "p": {
        "displayName": "Gray Block",
        "position": {
          "x": 662.3553121860966,
          "y": 969.3179932217733
        },
        "width": 1229.1090517134335,
        "height": 150
      }
    },
    {
      "c": "ht.Node",
      "i": 1542,
      "p": {
        "displayName": "White",
        "parent": {
          "__i": 1541
        },
        "image": "assets/svg/bathroom-floor.svg",
        "position": {
          "x": 122.80078632937989,
          "y": 969.3179932217733
        },
        "width": 150,
        "height": 150
      },
      "s": {
        "body.color": "#FFFFFF",
        "label": "White",
        "label.offset.y": 20,
        "label.font": "24px arial, sans-serif",
        "label.color": "rgb(255,255,255)",
        "shape": "rect"
      }
    },
    {
      "c": "ht.Node",
      "i": 1543,
      "p": {
        "displayName": "Custom Gray",
        "parent": {
          "__i": 1541
        },
        "image": "assets/svg/bathroom-floor.svg",
        "position": {
          "x": 302.65229494828543,
          "y": 969.3179932217733
        },
        "width": 150,
        "height": 150
      },
      "s": {
        "body.color": "#F1F1F5",
        "label": "Custom Gray",
        "label.font": "24px arial, sans-serif",
        "label.color": "rgb(255,255,255)",
        "label.offset.y": 20,
        "shape": "rect"
      }
    },
    {
      "c": "ht.Node",
      "i": 1544,
      "p": {
        "displayName": "Light Gray",
        "parent": {
          "__i": 1541
        },
        "image": "assets/svg/bathroom-floor.svg",
        "position": {
          "x": 482.50380356719097,
          "y": 969.3179932217733
        },
        "width": 150,
        "height": 150
      },
      "s": {
        "body.color": "#E8E9ED",
        "label": "Light Gray",
        "label.font": "24px arial, sans-serif",
        "label.color": "rgb(255,255,255)",
        "label.offset.y": 20,
        "shape": "rect"
      }
    },
    {
      "c": "ht.Node",
      "i": 1545,
      "p": {
        "displayName": "Light Gray 2",
        "parent": {
          "__i": 1541
        },
        "image": "assets/svg/bathroom-floor.svg",
        "position": {
          "x": 662.3553121860966,
          "y": 969.3179932217733
        },
        "width": 150,
        "height": 150
      },
      "s": {
        "body.color": "#D7D7DB",
        "label": "Light Gray 2",
        "label.font": "24px arial, sans-serif",
        "label.color": "rgb(255,255,255)",
        "label.offset.y": 20,
        "shape": "rect"
      }
    },
    {
      "c": "ht.Node",
      "i": 1546,
      "p": {
        "displayName": "Mid Gray",
        "parent": {
          "__i": 1541
        },
        "image": "assets/svg/bathroom-floor.svg",
        "position": {
          "x": 842.2068208050022,
          "y": 969.3179932217733
        },
        "width": 150,
        "height": 150
      },
      "s": {
        "body.color": "#CECED2",
        "label.font": "24px arial, sans-serif",
        "label.color": "rgb(255,255,255)",
        "label.offset.y": 20,
        "label": "Mid Gray",
        "shape": "rect"
      }
    },
    {
      "c": "ht.Node",
      "i": 1547,
      "p": {
        "displayName": "Gray",
        "parent": {
          "__i": 1541
        },
        "image": "assets/svg/bathroom-floor.svg",
        "position": {
          "x": 1022.0583294239077,
          "y": 969.3179932217733
        },
        "width": 150,
        "height": 150
      },
      "s": {
        "body.color": "#99999D",
        "label.font": "24px arial, sans-serif",
        "label.color": "rgb(255,255,255)",
        "label.offset.y": 20,
        "label": "Gray",
        "shape": "rect"
      }
    },
    {
      "c": "ht.Node",
      "i": 1548,
      "p": {
        "displayName": "Black",
        "parent": {
          "__i": 1541
        },
        "image": "assets/svg/bathroom-floor.svg",
        "position": {
          "x": 1201.9098380428136,
          "y": 969.3179932217733
        },
        "width": 150,
        "height": 150
      },
      "s": {
        "body.color": "#000000",
        "label.font": "24px arial, sans-serif",
        "label.color": "rgb(255,255,255)",
        "label.offset.y": 20,
        "label": "Black",
        "shape": "rect"
      }
    },
    {
      "c": "ht.Block",
      "i": 1549,
      "p": {
        "displayName": "Color Block",
        "position": {
          "x": 764.3923730629841,
          "y": 1249.2058386668268
        },
        "width": 1433.1831734672085,
        "height": 150
      }
    },
    {
      "c": "ht.Node",
      "i": 1550,
      "p": {
        "displayName": "Red",
        "parent": {
          "__i": 1549
        },
        "image": "assets/svg/bathroom-floor.svg",
        "position": {
          "x": 122.80078632937989,
          "y": 1249.2058386668268
        },
        "width": 150,
        "height": 150
      },
      "s": {
        "body.color": "#FC463E",
        "label.font": "24px arial, sans-serif",
        "label.color": "rgb(255,255,255)",
        "label.offset.y": 20,
        "label": "Red",
        "shape": "star"
      }
    },
    {
      "c": "ht.Node",
      "i": 1551,
      "p": {
        "displayName": "Teal Blue",
        "parent": {
          "__i": 1549
        },
        "image": "assets/svg/bathroom-floor.svg",
        "position": {
          "x": 856.0483140249274,
          "y": 1249.2058386668268
        },
        "width": 150,
        "height": 150
      },
      "s": {
        "body.color": "#6ACFF9",
        "label.font": "24px arial, sans-serif",
        "label.color": "rgb(255,255,255)",
        "label.offset.y": 20,
        "label": "Teal Blue",
        "shape": "star"
      }
    },
    {
      "c": "ht.Node",
      "i": 1552,
      "p": {
        "displayName": "Orange",
        "parent": {
          "__i": 1549
        },
        "image": "assets/svg/bathroom-floor.svg",
        "position": {
          "x": 306.11266825326675,
          "y": 1249.2058386668268
        },
        "width": 150,
        "height": 150
      },
      "s": {
        "body.color": "#FD9F27",
        "label.font": "24px arial, sans-serif",
        "label.color": "rgb(255,255,255)",
        "label.offset.y": 20,
        "label": "Orange",
        "shape": "star"
      }
    },
    {
      "c": "ht.Node",
      "i": 1553,
      "p": {
        "displayName": "Blue",
        "parent": {
          "__i": 1549
        },
        "image": "assets/svg/bathroom-floor.svg",
        "position": {
          "x": 1039.360195948815,
          "y": 1249.2058386668268
        },
        "width": 150,
        "height": 150
      },
      "s": {
        "body.color": "#1888FB",
        "label.font": "24px arial, sans-serif",
        "label.color": "rgb(255,255,255)",
        "label.offset.y": 20,
        "label": "Blue",
        "shape": "star"
      }
    },
    {
      "c": "ht.Node",
      "i": 1554,
      "p": {
        "displayName": "Yellow",
        "parent": {
          "__i": 1549
        },
        "image": "assets/svg/bathroom-floor.svg",
        "position": {
          "x": 489.4245501771536,
          "y": 1249.2058386668268
        },
        "width": 150,
        "height": 150
      },
      "s": {
        "body.color": "#FED12F",
        "label.font": "24px arial, sans-serif",
        "label.color": "rgb(255,255,255)",
        "label.offset.y": 20,
        "label": "Yellow",
        "shape": "star"
      }
    },
    {
      "c": "ht.Node",
      "i": 1555,
      "p": {
        "displayName": "Purple",
        "parent": {
          "__i": 1549
        },
        "image": "assets/svg/bathroom-floor.svg",
        "position": {
          "x": 1222.6720778727017,
          "y": 1249.2058386668268
        },
        "width": 150,
        "height": 150
      },
      "s": {
        "body.color": "#6464D8",
        "label.font": "24px arial, sans-serif",
        "label.color": "rgb(255,255,255)",
        "label.offset.y": 20,
        "label": "Purple",
        "shape": "star"
      }
    },
    {
      "c": "ht.Node",
      "i": 1556,
      "p": {
        "displayName": "Pink",
        "parent": {
          "__i": 1549
        },
        "image": "assets/svg/bathroom-floor.svg",
        "position": {
          "x": 1405.9839597965888,
          "y": 1249.2058386668268
        },
        "width": 150,
        "height": 150
      },
      "s": {
        "body.color": "#FC3862",
        "label.font": "24px arial, sans-serif",
        "label.color": "rgb(255,255,255)",
        "label.offset.y": 20,
        "label": "Pink",
        "shape": "star"
      }
    },
    {
      "c": "ht.Node",
      "i": 1557,
      "p": {
        "displayName": "Green",
        "parent": {
          "__i": 1549
        },
        "image": "assets/svg/bathroom-floor.svg",
        "position": {
          "x": 672.7364321010406,
          "y": 1249.2058386668268
        },
        "width": 150,
        "height": 150
      },
      "s": {
        "body.color": "#5CDC74",
        "label.font": "24px arial, sans-serif",
        "label.color": "rgb(255,255,255)",
        "label.offset.y": 20,
        "label": "Green",
        "shape": "star"
      }
    },
    {
      "c": "ht.Block",
      "i": 1558,
      "p": {
        "displayName": "Gray Block",
        "position": {
          "x": 662.3553121860967,
          "y": 1529.0936841118803
        },
        "width": 1229.1090517134337,
        "height": 149.9999999999999
      }
    },
    {
      "c": "ht.Node",
      "i": 1559,
      "p": {
        "displayName": "White",
        "parent": {
          "__i": 1558
        },
        "image": "assets/svg/bathroom-floor.svg",
        "position": {
          "x": 122.80078632937989,
          "y": 1529.0936841118805
        },
        "width": 150,
        "height": 150
      },
      "s": {
        "body.color": "#FFFFFF",
        "label": "White",
        "label.offset.y": 20,
        "label.font": "24px arial, sans-serif",
        "label.color": "rgb(255,255,255)",
        "shape": "star"
      }
    },
    {
      "c": "ht.Node",
      "i": 1560,
      "p": {
        "displayName": "Custom Gray",
        "parent": {
          "__i": 1558
        },
        "image": "assets/svg/bathroom-floor.svg",
        "position": {
          "x": 302.65229494828543,
          "y": 1529.0936841118805
        },
        "width": 150,
        "height": 150
      },
      "s": {
        "body.color": "#F1F1F5",
        "label": "Custom Gray",
        "label.font": "24px arial, sans-serif",
        "label.color": "rgb(255,255,255)",
        "label.offset.y": 20,
        "shape": "star"
      }
    },
    {
      "c": "ht.Node",
      "i": 1561,
      "p": {
        "displayName": "Light Gray",
        "parent": {
          "__i": 1558
        },
        "image": "assets/svg/bathroom-floor.svg",
        "position": {
          "x": 482.50380356719097,
          "y": 1529.0936841118805
        },
        "width": 150,
        "height": 150
      },
      "s": {
        "body.color": "#E8E9ED",
        "label": "Light Gray",
        "label.font": "24px arial, sans-serif",
        "label.color": "rgb(255,255,255)",
        "label.offset.y": 20,
        "shape": "star"
      }
    },
    {
      "c": "ht.Node",
      "i": 1562,
      "p": {
        "displayName": "Light Gray 2",
        "parent": {
          "__i": 1558
        },
        "image": "assets/svg/bathroom-floor.svg",
        "position": {
          "x": 662.3553121860966,
          "y": 1529.0936841118805
        },
        "width": 150,
        "height": 150
      },
      "s": {
        "body.color": "#D7D7DB",
        "label": "Light Gray 2",
        "label.font": "24px arial, sans-serif",
        "label.color": "rgb(255,255,255)",
        "label.offset.y": 20,
        "shape": "star"
      }
    },
    {
      "c": "ht.Node",
      "i": 1563,
      "p": {
        "displayName": "Mid Gray",
        "parent": {
          "__i": 1558
        },
        "image": "assets/svg/bathroom-floor.svg",
        "position": {
          "x": 842.2068208050022,
          "y": 1529.0936841118805
        },
        "width": 150,
        "height": 150
      },
      "s": {
        "body.color": "#CECED2",
        "label.font": "24px arial, sans-serif",
        "label.color": "rgb(255,255,255)",
        "label.offset.y": 20,
        "label": "Mid Gray",
        "shape": "star"
      }
    },
    {
      "c": "ht.Node",
      "i": 1564,
      "p": {
        "displayName": "Gray",
        "parent": {
          "__i": 1558
        },
        "image": "assets/svg/bathroom-floor.svg",
        "position": {
          "x": 1022.0583294239078,
          "y": 1529.0936841118805
        },
        "width": 150,
        "height": 150
      },
      "s": {
        "body.color": "#99999D",
        "label.font": "24px arial, sans-serif",
        "label.color": "rgb(255,255,255)",
        "label.offset.y": 20,
        "label": "Gray",
        "shape": "star"
      }
    },
    {
      "c": "ht.Node",
      "i": 1565,
      "p": {
        "displayName": "Black",
        "parent": {
          "__i": 1558
        },
        "image": "assets/svg/bathroom-floor.svg",
        "position": {
          "x": 1201.909838042814,
          "y": 1529.0936841118805
        },
        "width": 150,
        "height": 150
      },
      "s": {
        "body.color": "#000000",
        "label.font": "24px arial, sans-serif",
        "label.color": "rgb(255,255,255)",
        "label.offset.y": 20,
        "label": "Black",
        "shape": "star"
      }
    },
    {
      "c": "ht.Text",
      "i": 1566,
      "p": {
        "position": {
          "x": 249.73861739780108,
          "y": -73.07557335267222
        },
        "scale": {
          "x": 5,
          "y": 5
        },
        "width": 80.29351367413683,
        "height": 21.778684279664663
      },
      "s": {
        "text": "Color Palette",
        "text.color": "rgb(255,255,255)"
      }
    },
    {
      "c": "ht.Text",
      "i": 1567,
      "p": {
        "position": {
          "x": 1269.180682803548,
          "y": -73.07557335267222
        },
        "scale": {
          "x": 5,
          "y": 5
        },
        "width": 85.63518934465256,
        "height": 21.778684279664663
      },
      "s": {
        "text": "iOS 10",
        "text.align": "right",
        "text.color": "rgb(255,255,255)"
      }
    },
    {
      "c": "ht.Block",
      "i": 1568,
      "p": {
        "displayName": "Color Block",
        "position": {
          "x": 764.392373062984,
          "y": 689.4301477767199
        },
        "width": 1433.1831734672082,
        "height": 150
      }
    },
    {
      "c": "ht.Node",
      "i": 1569,
      "p": {
        "displayName": "Red",
        "parent": {
          "__i": 1568
        },
        "image": "assets/svg/bathroom-floor.svg",
        "position": {
          "x": 122.80078632937989,
          "y": 689.4301477767199
        },
        "width": 150,
        "height": 150
      },
      "s": {
        "body.color": "#FC463E",
        "label.font": "24px arial, sans-serif",
        "label.color": "rgb(255,255,255)",
        "label.offset.y": 20,
        "label": "Red",
        "shape": "roundRect"
      }
    },
    {
      "c": "ht.Node",
      "i": 1570,
      "p": {
        "displayName": "Teal Blue",
        "parent": {
          "__i": 1568
        },
        "image": "assets/svg/bathroom-floor.svg",
        "position": {
          "x": 856.0483140249274,
          "y": 689.4301477767199
        },
        "width": 150,
        "height": 150
      },
      "s": {
        "body.color": "#6ACFF9",
        "label.font": "24px arial, sans-serif",
        "label.color": "rgb(255,255,255)",
        "label.offset.y": 20,
        "label": "Teal Blue",
        "shape": "roundRect"
      }
    },
    {
      "c": "ht.Node",
      "i": 1571,
      "p": {
        "displayName": "Orange",
        "parent": {
          "__i": 1568
        },
        "image": "assets/svg/bathroom-floor.svg",
        "position": {
          "x": 306.11266825326675,
          "y": 689.4301477767199
        },
        "width": 150,
        "height": 150
      },
      "s": {
        "body.color": "#FD9F27",
        "label.font": "24px arial, sans-serif",
        "label.color": "rgb(255,255,255)",
        "label.offset.y": 20,
        "label": "Orange",
        "shape": "roundRect"
      }
    },
    {
      "c": "ht.Node",
      "i": 1572,
      "p": {
        "displayName": "Blue",
        "parent": {
          "__i": 1568
        },
        "image": "assets/svg/bathroom-floor.svg",
        "position": {
          "x": 1039.3601959488146,
          "y": 689.4301477767199
        },
        "width": 150,
        "height": 150
      },
      "s": {
        "body.color": "#1888FB",
        "label.font": "24px arial, sans-serif",
        "label.color": "rgb(255,255,255)",
        "label.offset.y": 20,
        "label": "Blue",
        "shape": "roundRect"
      }
    },
    {
      "c": "ht.Node",
      "i": 1573,
      "p": {
        "displayName": "Yellow",
        "parent": {
          "__i": 1568
        },
        "image": "assets/svg/bathroom-floor.svg",
        "position": {
          "x": 489.4245501771536,
          "y": 689.4301477767199
        },
        "width": 150,
        "height": 150
      },
      "s": {
        "body.color": "#FED12F",
        "label.font": "24px arial, sans-serif",
        "label.color": "rgb(255,255,255)",
        "label.offset.y": 20,
        "label": "Yellow",
        "shape": "roundRect"
      }
    },
    {
      "c": "ht.Node",
      "i": 1574,
      "p": {
        "displayName": "Purple",
        "parent": {
          "__i": 1568
        },
        "image": "assets/svg/bathroom-floor.svg",
        "position": {
          "x": 1222.6720778727013,
          "y": 689.4301477767199
        },
        "width": 150,
        "height": 150
      },
      "s": {
        "body.color": "#6464D8",
        "label.font": "24px arial, sans-serif",
        "label.color": "rgb(255,255,255)",
        "label.offset.y": 20,
        "label": "Purple",
        "shape": "roundRect"
      }
    },
    {
      "c": "ht.Node",
      "i": 1575,
      "p": {
        "displayName": "Pink",
        "parent": {
          "__i": 1568
        },
        "image": "assets/svg/bathroom-floor.svg",
        "position": {
          "x": 1405.9839597965884,
          "y": 689.4301477767199
        },
        "width": 150,
        "height": 150
      },
      "s": {
        "body.color": "#FC3862",
        "label.font": "24px arial, sans-serif",
        "label.color": "rgb(255,255,255)",
        "label.offset.y": 20,
        "label": "Pink",
        "shape": "roundRect"
      }
    },
    {
      "c": "ht.Node",
      "i": 1576,
      "p": {
        "displayName": "Green",
        "parent": {
          "__i": 1568
        },
        "image": "assets/svg/bathroom-floor.svg",
        "position": {
          "x": 672.7364321010406,
          "y": 689.4301477767199
        },
        "width": 150,
        "height": 150
      },
      "s": {
        "body.color": "#5CDC74",
        "label.font": "24px arial, sans-serif",
        "label.color": "rgb(255,255,255)",
        "label.offset.y": 20,
        "label": "Green",
        "shape": "roundRect"
      }
    }
  ]
}