{
  "previewURL": "symbol-switch.html",
  "dataBindings": [
    {
      "attr": "switch.state",
      "valueType": "SwitchState",
      "name": "SwitchState"
    }
  ],
  "width": 100,
  "height": 50,
  "fitSize": false,
  "comps": [
    {
      "type": "roundRect",
      "background": "#2C3E50",
      "gradient": "linear.north",
      "rect": [
        0,
        0,
        100,
        50
      ]
    },
    {
      "type": "circle",
      "background": "#34495E",
      "gradient": "radial.center",
      "rect": [
        10,
        10,
        10,
        10
      ]
    },
    {
      "type": "circle",
      "background": "#34495E",
      "gradient": "radial.center",
      "rect": [
        80,
        10,
        10,
        10
      ]
    },
    {
      "type": "shape",
      "borderWidth": 8,
      "borderColor": "#40ACFF",
      "border3d": true,
      "points": [
        10,
        40,
        40,
        40
      ]
    },
    {
      "type": "shape",
      "borderWidth": 8,
      "borderColor": "#40ACFF",
      "border3d": true,
      "points": [
        60,
        40,
        90,
        40
      ]
    },
    {
      "type": "shape",
      "borderWidth": 8,
      "borderColor": "#40ACFF",
      "border3d": true,
      "borderCap": "round",
      "rotation": {
        "func": "__ht__function(data, view) {\nreturn data.a('switch.state') === 'on' ? Math.PI / 180 * 320 : 0;\n}",
        "value": 5.585053606381854
      },
      "points": [
        5,
        40,
        35,
        40,
        65,
        40
      ],
      "segments": [
        1,
        1,
        2
      ]
    },
    {
      "type": "circle",
      "borderWidth": 5,
      "borderColor": "red",
      "border3d": true,
      "rect": [
        30,
        35,
        10,
        10
      ]
    },
    {
      "type": "circle",
      "borderWidth": 5,
      "borderColor": "red",
      "border3d": true,
      "rect": [
        60,
        35,
        10,
        10
      ]
    }
  ]
}