{
  "v": "6.2.7",
  "p": {
    "autoAdjustIndex": true,
    "hierarchicalRendering": true
  },
  "a": {
    "connectActionType": null,
    "rotateAsClock": false
  },
  "d": [
    {
      "c": "ht.Node",
      "i": 142921,
      "p": {
        "displayName": "Meter",
        "image": "symbols/demo/工业/Meter.json",
        "position": {
          "x": 100.7591,
          "y": 60.04648
        }
      },
      "a": {
        "sign": ",",
        "title": "Meter: Showing water meter uses",
        "header": "Water Meter",
        "footer": "m³"
      }
    }
  ],
  "modified": "Wed Nov 07 2018 15:27:53 GMT+0800 (中国标准时间)",
  "contentRect": {
    "x": 0.7591,
    "y": 0.04648,
    "width": 200,
    "height": 120
  }
}