{
  "v": "6.2.7",
  "p": {
    "autoAdjustIndex": true,
    "hierarchicalRendering": true
  },
  "a": {
    "connectActionType": null,
    "rotateAsClock": false
  },
  "d": [
    {
      "c": "ht.Node",
      "i": 143519,
      "p": {
        "displayName": "Switch",
        "image": "symbols/demo/工业/Switch.json",
        "position": {
          "x": 714.81229,
          "y": 392.12742
        }
      },
      "s": {
        "interactive": true
      },
      "a": {
        "state": true,
        "title": "Switch: State 1",
        "header": "Switch",
        "left": "0v",
        "right": "3.3v"
      }
    }
  ],
  "modified": "Wed Nov 07 2018 15:28:52 GMT+0800 (中国标准时间)",
  "contentRect": {
    "x": 674.81229,
    "y": 342.12742,
    "width": 80,
    "height": 100
  }
}