{
  "v": "6.2.1",
  "p": {
    "autoAdjustIndex": true,
    "hierarchicalRendering": true
  },
  "a": {
    "gridAngle": 2.0944,
    "gridRotation": 0.5236,
    "width": 1440,
    "height": 900
  },
  "d": [
    {
      "c": "ht.Shape",
      "i": 11744,
      "p": {
        "position": {
          "x": 1172.52509,
          "y": 575.62773
        },
        "width": 56.43855,
        "height": 156.20693,
        "segments": {
          "__a": [
            1,
            2,
            2,
            2
          ]
        },
        "points": {
          "__a": [
            {
              "x": 1200.74437,
              "y": 497.52426
            },
            {
              "x": 1180.30649,
              "y": 510.54935
            },
            {
              "x": 1180.30649,
              "y": 631.47623
            },
            {
              "x": 1144.30582,
              "y": 653.73119
            }
          ]
        }
      },
      "s": {
        "shape.background": null,
        "shape.border.color": "rgb(201,201,201)",
        "shape.border.width": 4,
        "shape.border.cap": "round"
      }
    },
    {
      "c": "ht.Shape",
      "i": 11745,
      "p": {
        "position": {
          "x": 658.78896,
          "y": 528.8602
        },
        "width": 904.98578,
        "height": 489.77065,
        "segments": {
          "__a": [
            1,
            2,
            1,
            2,
            2,
            2,
            1,
            2,
            1,
            2,
            1,
            2,
            2,
            1,
            2,
            2,
            2,
            2,
            1,
            2,
            1,
            2,
            2,
            1,
            2,
            1,
            2,
            1,
            2,
            1,
            2,
            1,
            2,
            1,
            2,
            2,
            1,
            2,
            2,
            1,
            2
          ]
        },
        "points": {
          "__a": [
            {
              "x": 294.25822,
              "y": 283.97487
            },
            {
              "x": 294.25822,
              "y": 423.9744
            },
            {
              "x": 381.06177,
              "y": 520.53206
            },
            {
              "x": 438.85629,
              "y": 486.31925
            },
            {
              "x": 438.85629,
              "y": 443.9747
            },
            {
              "x": 448.72613,
              "y": 438.45908
            },
            {
              "x": 549.81407,
              "y": 438.45908
            },
            {
              "x": 846.76182,
              "y": 438.45908
            },
            {
              "x": 954.49941,
              "y": 468.66148
            },
            {
              "x": 997.54667,
              "y": 492.95547
            },
            {
              "x": 1058.72174,
              "y": 523.97665
            },
            {
              "x": 1111.28185,
              "y": 553.88666
            },
            {
              "x": 1111.28185,
              "y": 620.00589
            },
            {
              "x": 1098.07905,
              "y": 746.44413
            },
            {
              "x": 1055.84665,
              "y": 773.74552
            },
            {
              "x": 997.54667,
              "y": 742.04551
            },
            {
              "x": 997.54667,
              "y": 711.08998
            },
            {
              "x": 987.09385,
              "y": 703.97576
            },
            {
              "x": 934.06262,
              "y": 687.59513
            },
            {
              "x": 886.71552,
              "y": 658.44521
            },
            {
              "x": 841.94473,
              "y": 658.44521
            },
            {
              "x": 589.89066,
              "y": 658.45157
            },
            {
              "x": 589.89066,
              "y": 698.44987
            },
            {
              "x": 661.20306,
              "y": 698.44987
            },
            {
              "x": 661.20306,
              "y": 658.45157
            },
            {
              "x": 729.09636,
              "y": 698.45191
            },
            {
              "x": 729.09636,
              "y": 658.45284
            },
            {
              "x": 796.98967,
              "y": 702.73189
            },
            {
              "x": 796.98967,
              "y": 658.45284
            },
            {
              "x": 796.98967,
              "y": 728.25452
            },
            {
              "x": 507.02294,
              "y": 728.25452
            },
            {
              "x": 448.72613,
              "y": 728.25452
            },
            {
              "x": 360.04147,
              "y": 728.25452
            },
            {
              "x": 260.79005,
              "y": 728.25452
            },
            {
              "x": 260.79005,
              "y": 646.63846
            },
            {
              "x": 206.29607,
              "y": 646.63846
            },
            {
              "x": 545.9767,
              "y": 508.51215
            },
            {
              "x": 580.31006,
              "y": 530.03165
            },
            {
              "x": 652.14815,
              "y": 486.31925
            },
            {
              "x": 260.79005,
              "y": 728.25452
            },
            {
              "x": 206.29607,
              "y": 728.25452
            }
          ]
        }
      },
      "s": {
        "shape.background": null,
        "shape.border.color": "rgb(51,153,255)",
        "shape.border.width": 4,
        "shape.border.cap": "round"
      }
    },
    {
      "c": "ht.Node",
      "i": 11746,
      "p": {
        "displayName": "mbr池",
        "image": "symbols/demo/污水平板膜处理/mbr池.json",
        "position": {
          "x": 900.73754,
          "y": 444.85287
        },
        "width": 164.20625,
        "height": 169.50322
      },
      "s": {
        "label": "MBR池",
        "label.color": "rgb(120,120,120)",
        "label.font": "12px arial, sans-serif",
        "label.scale": 1.5
      }
    },
    {
      "c": "ht.Node",
      "i": 11747,
      "p": {
        "displayName": "好氧池",
        "image": "symbols/demo/污水平板膜处理/好氧池.json",
        "position": {
          "x": 699.98431,
          "y": 434.39407
        },
        "width": 126.47922,
        "height": 157.34618
      },
      "s": {
        "label": "好氧池",
        "label.color": "rgb(120,120,120)",
        "label.font": "12px arial, sans-serif",
        "label.scale": 1.5
      }
    },
    {
      "c": "ht.Shape",
      "i": 11748,
      "p": {
        "position": {
          "x": 928.51615,
          "y": 332.61725
        },
        "width": 362.69493,
        "height": 157.27803,
        "segments": {
          "__a": [
            1,
            2,
            2,
            2,
            2,
            1,
            2
          ]
        },
        "points": {
          "__a": [
            {
              "x": 876.5866,
              "y": 411.25626
            },
            {
              "x": 876.5869,
              "y": 359.96995
            },
            {
              "x": 747.16868,
              "y": 281.33094
            },
            {
              "x": 789.55395,
              "y": 253.97824
            },
            {
              "x": 864.94678,
              "y": 253.97824
            },
            {
              "x": 950.67456,
              "y": 253.97824
            },
            {
              "x": 1109.86361,
              "y": 253.97824
            }
          ]
        }
      },
      "s": {
        "shape.background": null,
        "shape.border.color": "rgb(150,105,38)",
        "shape.border.width": 4,
        "shape.border.cap": "round"
      }
    },
    {
      "c": "ht.Shape",
      "i": 11749,
      "p": {
        "position": {
          "x": 598.0025,
          "y": 308.63001
        },
        "width": 487.88651,
        "height": 329.30832,
        "segments": {
          "__a": [
            1,
            2,
            2,
            2,
            1,
            2,
            2,
            2,
            1,
            2,
            1,
            2,
            2,
            2,
            1,
            2,
            2
          ]
        },
        "points": {
          "__a": [
            {
              "x": 369.90819,
              "y": 355.56046
            },
            {
              "x": 391.61154,
              "y": 343.74293
            },
            {
              "x": 391.61154,
              "y": 453.79324
            },
            {
              "x": 356.9704,
              "y": 473.28417
            },
            {
              "x": 354.05925,
              "y": 255.40557
            },
            {
              "x": 391.61154,
              "y": 233.73235
            },
            {
              "x": 391.61154,
              "y": 143.97585
            },
            {
              "x": 356.97158,
              "y": 163.97563
            },
            {
              "x": 841.94557,
              "y": 424.72642
            },
            {
              "x": 841.94557,
              "y": 413.66517
            },
            {
              "x": 841.94576,
              "y": 407.25516
            },
            {
              "x": 841.94576,
              "y": 374.81153
            },
            {
              "x": 721.88174,
              "y": 306.44152
            },
            {
              "x": 699.19935,
              "y": 319.27471
            },
            {
              "x": 760.90669,
              "y": 330.40627
            },
            {
              "x": 716.48118,
              "y": 355.56046
            },
            {
              "x": 716.48118,
              "y": 397.06001
            }
          ]
        }
      },
      "s": {
        "shape.background": null,
        "shape.border.color": "#FEB64D",
        "shape.border.width": 4,
        "shape.border.cap": "round"
      }
    },
    {
      "c": "ht.Node",
      "i": 11750,
      "p": {
        "displayName": "缺氧池",
        "image": "symbols/demo/污水平板膜处理/缺氧池.json",
        "position": {
          "x": 505.41901,
          "y": 434.39407
        },
        "width": 126.47922,
        "height": 157.34618
      },
      "s": {
        "label.color": "rgb(120,120,120)",
        "label": "缺氧池",
        "label.font": "12px arial, sans-serif",
        "label.scale": 1.5
      }
    },
    {
      "c": "ht.Text",
      "i": 11751,
      "p": {
        "position": {
          "x": 159.8302,
          "y": 280.34348
        },
        "scale": {
          "x": 1.5,
          "y": 1.5
        },
        "width": 61.95449,
        "height": 28.16555
      },
      "s": {
        "text": "餐饮污水"
      }
    },
    {
      "c": "ht.Text",
      "i": 11752,
      "p": {
        "position": {
          "x": 159.8302,
          "y": 458.13872
        },
        "scale": {
          "x": 1.5,
          "y": 1.5
        },
        "width": 61.95449,
        "height": 28.16555
      },
      "s": {
        "text": "生活污水"
      }
    },
    {
      "c": "ht.Text",
      "i": 11753,
      "p": {
        "position": {
          "x": 147.21094,
          "y": 682.65539
        },
        "scale": {
          "x": 1.5,
          "y": 1.5
        },
        "width": 61.95449,
        "height": 28.16555
      },
      "s": {
        "text": "溢流达标排放"
      }
    },
    {
      "c": "ht.Data",
      "i": 11754,
      "s": {
        "editor.folder": true
      }
    },
    {
      "c": "ht.Node",
      "i": 11755,
      "p": {
        "displayName": "鼓风机",
        "image": "symbols/demo/污水平板膜处理/鼓风机.json",
        "position": {
          "x": 357.1455,
          "y": 354.60749
        },
        "width": 44.77262,
        "height": 44.77262
      },
      "s": {
        "label": "鼓风机",
        "label.color": "rgb(120,120,120)"
      }
    },
    {
      "c": "ht.Node",
      "i": 11756,
      "p": {
        "displayName": "鼓风机",
        "image": "symbols/demo/污水平板膜处理/鼓风机.json",
        "position": {
          "x": 357.1455,
          "y": 163.97563
        },
        "width": 44.77262,
        "height": 44.77262
      },
      "s": {
        "label": "鼓风机",
        "label.color": "rgb(120,120,120)"
      }
    },
    {
      "c": "ht.Node",
      "i": 11757,
      "p": {
        "displayName": "旋流曝气除油池",
        "image": "symbols/demo/污水平板膜处理/旋流曝气除油池.json",
        "position": {
          "x": 304.53582,
          "y": 241.80199
        },
        "width": 118.9507,
        "height": 123.46781
      },
      "s": {
        "label": "旋流曝气除油池",
        "label.scale": 1.5,
        "label.color": "rgb(120,120,120)"
      }
    },
    {
      "c": "ht.Node",
      "i": 11758,
      "p": {
        "displayName": "鼓风机",
        "image": "symbols/demo/污水平板膜处理/鼓风机.json",
        "position": {
          "x": 689.17407,
          "y": 315.14297
        },
        "anchor": {
          "x": 0.45638,
          "y": 0.4479
        },
        "width": 44.77262,
        "height": 44.77262
      },
      "s": {
        "label": "鼓风机",
        "label.color": "rgb(120,120,120)"
      }
    },
    {
      "c": "ht.Node",
      "i": 11759,
      "p": {
        "displayName": "水泵",
        "image": "symbols/demo/污水平板膜处理/水泵.json",
        "position": {
          "x": 778.2436,
          "y": 240.71172
        },
        "width": 98.62368,
        "height": 87.33089
      },
      "s": {
        "label": "排泥泵",
        "label.color": "rgb(120,120,120)",
        "label.position": 32
      }
    },
    {
      "c": "ht.Node",
      "i": 11760,
      "p": {
        "displayName": "水泵",
        "image": "symbols/demo/污水平板膜处理/水泵.json",
        "position": {
          "x": 1032.15251,
          "y": 241.80199
        },
        "width": 98.62368,
        "height": 87.33089
      },
      "s": {
        "label": "污泥外排泵",
        "label.color": "rgb(120,120,120)"
      }
    },
    {
      "c": "ht.Node",
      "i": 11761,
      "p": {
        "displayName": "油罐",
        "image": "symbols/demo/污水平板膜处理/罐.json",
        "position": {
          "x": 1111.28185,
          "y": 689.50927
        },
        "width": 115.56092,
        "height": 202.16506
      },
      "s": {
        "label": "臭氧接触氧化塔",
        "label.color": "rgb(120,120,120)",
        "label.font": "12px arial, sans-serif",
        "label.scale": 1.5
      }
    },
    {
      "c": "ht.Node",
      "i": 11762,
      "p": {
        "displayName": "水泵",
        "image": "symbols/demo/污水平板膜处理/水泵.json",
        "position": {
          "x": 857.4824,
          "y": 647.50256
        },
        "width": 98.62368,
        "height": 87.33089
      },
      "s": {
        "label": "提升泵",
        "label.color": "rgb(120,120,120)"
      }
    },
    {
      "c": "ht.Node",
      "i": 11763,
      "p": {
        "displayName": "水泵",
        "image": "symbols/demo/污水平板膜处理/水泵.json",
        "position": {
          "x": 600.29187,
          "y": 501.93554
        },
        "width": 98.62368,
        "height": 87.33089
      },
      "s": {
        "label": "回流泵",
        "label.color": "rgb(120,120,120)"
      }
    },
    {
      "c": "ht.Node",
      "i": 11764,
      "p": {
        "displayName": "水泵",
        "image": "symbols/demo/污水平板膜处理/水泵.json",
        "position": {
          "x": 1032.15251,
          "y": 501.93554
        },
        "width": 98.62368,
        "height": 87.33089
      },
      "s": {
        "label": "膜出水泵",
        "label.color": "rgb(120,120,120)"
      }
    },
    {
      "c": "ht.Node",
      "i": 11765,
      "p": {
        "displayName": "旋流曝气除油池",
        "image": "symbols/demo/污水平板膜处理/污泥池.json",
        "position": {
          "x": 900.73754,
          "y": 241.80199
        },
        "width": 118.9507,
        "height": 123.46781
      },
      "s": {
        "label": "污泥池",
        "label.scale": 1.5,
        "label.color": "rgb(120,120,120)"
      }
    },
    {
      "c": "ht.Node",
      "i": 11766,
      "p": {
        "displayName": "旋流曝气除油池",
        "image": "symbols/demo/污水平板膜处理/调节池.json",
        "position": {
          "x": 304.53582,
          "y": 451.72098
        },
        "width": 118.9507,
        "height": 123.46781
      },
      "s": {
        "label": "调节池",
        "label.scale": 1.5,
        "label.color": "rgb(120,120,120)"
      }
    },
    {
      "c": "ht.Node",
      "i": 11767,
      "p": {
        "displayName": "臭氧",
        "image": "symbols/demo/污水平板膜处理/臭氧.json",
        "position": {
          "x": 1240.92748,
          "y": 463.24268
        },
        "width": 196.6549,
        "height": 196.6549
      },
      "s": {
        "label": "臭氧发生系统",
        "label.color": "rgb(120,120,120)",
        "label.font": "12px arial, sans-serif",
        "label.scale": 1.5,
        "label.offset.y": -16
      }
    },
    {
      "c": "ht.Node",
      "i": 11768,
      "p": {
        "displayName": "水泵",
        "image": "symbols/demo/污水平板膜处理/水泵.json",
        "position": {
          "x": 354.41251,
          "y": 495.38643
        },
        "width": 98.62368,
        "height": 87.33089
      },
      "s": {
        "label": "提升泵",
        "label.color": "rgb(120,120,120)"
      }
    },
    {
      "c": "ht.Node",
      "i": 11769,
      "p": {
        "displayName": "中水池",
        "image": "symbols/demo/污水平板膜处理/中水池.json",
        "position": {
          "x": 312.29614,
          "y": 703.77956
        },
        "width": 134.47135,
        "height": 138.80913
      },
      "s": {
        "label": "中水池",
        "label.color": "rgb(120,120,120)",
        "label.scale": 1.5
      }
    },
    {
      "c": "ht.Node",
      "i": 11770,
      "p": {
        "displayName": "消毒池",
        "image": "symbols/demo/污水平板膜处理/消毒池.json",
        "position": {
          "x": 467.41344,
          "y": 706.74455
        },
        "width": 95.2407,
        "height": 118.48397
      },
      "s": {
        "label": "消毒池",
        "label.color": "rgb(120,120,120)",
        "label.font": "12px arial, sans-serif",
        "label.scale": 1.5
      }
    },
    {
      "c": "ht.Text",
      "i": 11771,
      "p": {
        "position": {
          "x": 159.8302,
          "y": 479.26288
        },
        "scale": {
          "x": 1.5,
          "y": 1.5
        },
        "width": 61.95449,
        "height": 28.16555
      },
      "s": {
        "text": "生活废水"
      }
    },
    {
      "c": "ht.Text",
      "i": 11772,
      "p": {
        "position": {
          "x": 147.21094,
          "y": 770.28285
        },
        "scale": {
          "x": 1.5,
          "y": 1.5
        },
        "width": 61.95449,
        "height": 28.16555
      },
      "s": {
        "text": "中水回流"
      }
    },
    {
      "c": "ht.Shape",
      "i": 11773,
      "p": {
        "position": {
          "x": 152.58596,
          "y": 240.71172
        },
        "width": 78.44326,
        "height": 38.93222,
        "segments": {
          "__a": [
            1,
            2,
            2,
            2,
            2,
            2,
            2
          ]
        },
        "points": {
          "__a": [
            {
              "x": 113.36433,
              "y": 241.83483
            },
            {
              "x": 159.31133,
              "y": 233.52489
            },
            {
              "x": 159.31133,
              "y": 221.2456
            },
            {
              "x": 191.80759,
              "y": 241.83483
            },
            {
              "x": 159.31133,
              "y": 260.17783
            },
            {
              "x": 159.31133,
              "y": 248.51803
            },
            {
              "x": 113.36433,
              "y": 241.83483
            }
          ]
        }
      },
      "s": {
        "shape.background": "rgb(51,153,255)",
        "shape.border.color": "#979797"
      }
    },
    {
      "c": "ht.Node",
      "i": 11774,
      "p": {
        "displayName": "消毒池",
        "image": "symbols/demo/污水平板膜处理/集水池.json",
        "position": {
          "x": 945.68418,
          "y": 706.74455
        },
        "width": 95.2407,
        "height": 118.48397
      },
      "s": {
        "label": "集水池",
        "label.color": "rgb(120,120,120)",
        "label.scale": 1.5
      }
    },
    {
      "c": "ht.Shape",
      "i": 11775,
      "p": {
        "position": {
          "x": 152.58596,
          "y": 422.52103
        },
        "width": 78.44326,
        "height": 38.93222,
        "segments": {
          "__a": [
            1,
            2,
            2,
            2,
            2,
            2,
            2
          ]
        },
        "points": {
          "__a": [
            {
              "x": 113.36433,
              "y": 423.64415
            },
            {
              "x": 159.31133,
              "y": 415.33421
            },
            {
              "x": 159.31133,
              "y": 403.05492
            },
            {
              "x": 191.80759,
              "y": 423.64415
            },
            {
              "x": 159.31133,
              "y": 441.98715
            },
            {
              "x": 159.31133,
              "y": 430.32735
            },
            {
              "x": 113.36433,
              "y": 423.64415
            }
          ]
        }
      },
      "s": {
        "shape.background": "rgb(51,153,255)",
        "shape.border.color": "#979797"
      }
    },
    {
      "c": "ht.Shape",
      "i": 11776,
      "p": {
        "rotation": 3.14159,
        "position": {
          "x": 139.9667,
          "y": 729.69257
        },
        "width": 78.44326,
        "height": 38.93222,
        "segments": {
          "__a": [
            1,
            2,
            2,
            2,
            2,
            2,
            2
          ]
        },
        "points": {
          "__a": [
            {
              "x": 100.74507,
              "y": 730.81569
            },
            {
              "x": 146.69207,
              "y": 722.50575
            },
            {
              "x": 146.69207,
              "y": 710.22646
            },
            {
              "x": 179.18833,
              "y": 730.81569
            },
            {
              "x": 146.69207,
              "y": 749.15868
            },
            {
              "x": 146.69207,
              "y": 737.49889
            },
            {
              "x": 100.74507,
              "y": 730.81569
            }
          ]
        }
      },
      "s": {
        "shape.background": "rgb(51,153,255)",
        "shape.border.color": "#979797"
      }
    },
    {
      "c": "ht.Shape",
      "i": 11777,
      "p": {
        "rotation": 3.14159,
        "position": {
          "x": 139.9667,
          "y": 647.50256
        },
        "width": 78.44326,
        "height": 38.93222,
        "segments": {
          "__a": [
            1,
            2,
            2,
            2,
            2,
            2,
            2
          ]
        },
        "points": {
          "__a": [
            {
              "x": 100.74507,
              "y": 648.62568
            },
            {
              "x": 146.69207,
              "y": 640.31573
            },
            {
              "x": 146.69207,
              "y": 628.03645
            },
            {
              "x": 179.18833,
              "y": 648.62568
            },
            {
              "x": 146.69207,
              "y": 666.96867
            },
            {
              "x": 146.69207,
              "y": 655.30888
            },
            {
              "x": 100.74507,
              "y": 648.62568
            }
          ]
        }
      },
      "s": {
        "shape.background": "rgb(51,153,255)",
        "shape.border.color": "#979797"
      }
    },
    {
      "c": "ht.Shape",
      "i": 11778,
      "p": {
        "rotation": 3.72698,
        "position": {
          "x": 540.62019,
          "y": 505.09225
        },
        "width": 16.56778,
        "height": 19.84906,
        "segments": {
          "__a": [
            1,
            2,
            2
          ]
        },
        "points": {
          "__a": [
            {
              "x": 532.3363,
              "y": 495.16771
            },
            {
              "x": 548.90408,
              "y": 505.66485
            },
            {
              "x": 532.3363,
              "y": 515.01678
            }
          ]
        }
      },
      "s": {
        "shape.background": "rgb(51,153,255)",
        "shape.border.color": "#979797"
      }
    },
    {
      "c": "ht.Shape",
      "i": 11779,
      "p": {
        "rotation": 1.5708,
        "position": {
          "x": 1180.46426,
          "y": 606.71694
        },
        "width": 16.46084,
        "height": 19.84906,
        "segments": {
          "__a": [
            1,
            2,
            2
          ]
        },
        "points": {
          "__a": [
            {
              "x": 1172.23384,
              "y": 596.79241
            },
            {
              "x": 1188.69468,
              "y": 606.57668
            },
            {
              "x": 1172.23384,
              "y": 616.64147
            }
          ]
        }
      },
      "s": {
        "shape.background": "rgb(166,166,166)",
        "shape.border.color": "#979797"
      }
    },
    {
      "c": "ht.Shape",
      "i": 11780,
      "p": {
        "position": {
          "x": 1170.53973,
          "y": 253.97824
        },
        "width": 78.44326,
        "height": 38.93222,
        "segments": {
          "__a": [
            1,
            2,
            2,
            2,
            2,
            2,
            2
          ]
        },
        "points": {
          "__a": [
            {
              "x": 1131.3181,
              "y": 255.10135
            },
            {
              "x": 1177.2651,
              "y": 246.79141
            },
            {
              "x": 1177.2651,
              "y": 234.51212
            },
            {
              "x": 1209.76136,
              "y": 255.10135
            },
            {
              "x": 1177.2651,
              "y": 273.44435
            },
            {
              "x": 1177.2651,
              "y": 261.78455
            },
            {
              "x": 1131.3181,
              "y": 255.10135
            }
          ]
        }
      },
      "s": {
        "shape.background": "rgb(150,105,38)",
        "shape.border.color": "#979797"
      }
    },
    {
      "c": "ht.Node",
      "i": 11781,
      "p": {
        "displayName": "油罐",
        "image": "symbols/demo/污水平板膜处理/罐.json",
        "position": {
          "x": 796.35627,
          "y": 726.36294
        },
        "width": 62.39834,
        "height": 105.40327
      }
    },
    {
      "c": "ht.Node",
      "i": 11782,
      "p": {
        "displayName": "油罐",
        "image": "symbols/demo/污水平板膜处理/罐.json",
        "position": {
          "x": 727.62536,
          "y": 726.36294
        },
        "width": 62.39834,
        "height": 105.40327
      }
    },
    {
      "c": "ht.Node",
      "i": 11783,
      "p": {
        "displayName": "油罐",
        "image": "symbols/demo/污水平板膜处理/罐.json",
        "position": {
          "x": 658.89446,
          "y": 726.36294
        },
        "width": 62.39834,
        "height": 105.40327
      }
    },
    {
      "c": "ht.Node",
      "i": 11784,
      "p": {
        "displayName": "油罐",
        "image": "symbols/demo/污水平板膜处理/罐.json",
        "position": {
          "x": 590.16355,
          "y": 726.36294
        },
        "width": 62.39834,
        "height": 105.40327
      }
    },
    {
      "c": "ht.Text",
      "i": 11785,
      "p": {
        "position": {
          "x": 695.92023,
          "y": 803.01212
        },
        "scale": {
          "x": 1.5,
          "y": 1.5
        },
        "width": 61.95449,
        "height": 28.16555
      },
      "s": {
        "text": "活性炭过滤器",
        "text.color": "rgb(120,120,120)"
      }
    },
    {
      "c": "ht.Shape",
      "i": 11786,
      "p": {
        "position": {
          "x": 705.50817,
          "y": 436.85414
        },
        "width": 21.02684,
        "height": 66.11866,
        "segments": {
          "__a": [
            1,
            2,
            2
          ]
        },
        "points": {
          "__a": [
            {
              "x": 716.0216,
              "y": 403.79481
            },
            {
              "x": 716.0216,
              "y": 453.8398
            },
            {
              "x": 694.99475,
              "y": 469.91347
            }
          ]
        }
      },
      "s": {
        "shape.background": null,
        "shape.border.color": "rgba(255,185,79,0.42)",
        "shape.border.width": 4,
        "shape.border.cap": "round",
        "shape.dash.color": null,
        "shape.dash.pattern": [
          16,
          16
        ],
        "shape.border.pattern": [
          6,
          12
        ]
      }
    },
    {
      "c": "ht.Shape",
      "i": 11787,
      "p": {
        "position": {
          "x": 845.03261,
          "y": 451.01598
        },
        "width": 6.1737,
        "height": 39.67987,
        "segments": {
          "__a": [
            1,
            2,
            2
          ]
        },
        "points": {
          "__a": [
            {
              "x": 841.94576,
              "y": 431.17605
            },
            {
              "x": 841.94576,
              "y": 466.92382
            },
            {
              "x": 848.11945,
              "y": 470.85592
            }
          ]
        }
      },
      "s": {
        "shape.background": null,
        "shape.border.color": "rgba(255,185,79,0.42)",
        "shape.border.width": 4,
        "shape.border.cap": "round",
        "shape.dash.color": null,
        "shape.dash.pattern": [
          16,
          16
        ],
        "shape.border.pattern": [
          6,
          12
        ]
      }
    },
    {
      "c": "ht.Text",
      "i": 11788,
      "p": {
        "position": {
          "x": 356.8281,
          "y": 54.65359
        },
        "scale": {
          "x": 3,
          "y": 3
        },
        "width": 162.30918,
        "height": 19.89538
      },
      "s": {
        "text": "污水平板膜处理工艺流程图",
        "text.color": "rgb(51,153,255)"
      }
    }
  ]
}