{
  "v": "6.0.8",
  "p": {
    "autoAdjustIndex": true,
    "hierarchicalRendering": true
  },
  "a": {},
  "d": [
    {
      "c": "ht.Node",
      "i": 1558,
      "p": {
        "image": "symbols/【 O(∩_∩)O 中文 % 路径 % 测试 ^_^ 】/【 O(∩_∩)O 中文 % 路径 % 测试 ^_^ 】.json",
        "position": {
          "x": 96.38195,
          "y": 128.73268
        }
      }
    },
    {
      "c": "ht.Node",
      "i": 1559,
      "p": {
        "image": "symbols/【 O(∩_∩)O 中文 % 路径 % 测试 ^_^ 】/【 O(∩_∩)O 中文 % 路径 % 测试 ^_^ 】.json",
        "position": {
          "x": 205.88655,
          "y": 128.73268
        },
        "width": 100,
        "height": 100
      }
    },
    {
      "c": "ht.Node",
      "i": 1560,
      "p": {
        "image": "symbols/【 O(∩_∩)O 中文 % 路径 % 测试 ^_^ 】/【 O(∩_∩)O 中文 % 路径 % 测试 ^_^ 】.json",
        "position": {
          "x": 315.39114,
          "y": 128.73268
        },
        "width": 100,
        "height": 100
      }
    },
    {
      "c": "ht.Node",
      "i": 1561,
      "p": {
        "image": "symbols/【 O(∩_∩)O 中文 % 路径 % 测试 ^_^ 】/【 O(∩_∩)O 中文 % 路径 % 测试 ^_^ 】.json",
        "position": {
          "x": 424.89573,
          "y": 128.73268
        },
        "width": 100,
        "height": 100
      }
    },
    {
      "c": "ht.Node",
      "i": 1562,
      "p": {
        "image": "symbols/【 O(∩_∩)O 中文 % 路径 % 测试 ^_^ 】/【 O(∩_∩)O 中文 % 路径 % 测试 ^_^ 】.json",
        "position": {
          "x": 96.38195,
          "y": 250.04166
        },
        "width": 100,
        "height": 100
      },
      "a": {
        "【 O(∩_∩)O 中文 % 路径 % 测试 ^_^ 】": "rgb(103,212,240)"
      }
    },
    {
      "c": "ht.Node",
      "i": 1563,
      "p": {
        "image": "symbols/【 O(∩_∩)O 中文 % 路径 % 测试 ^_^ 】/【 O(∩_∩)O 中文 % 路径 % 测试 ^_^ 】.json",
        "position": {
          "x": 205.88655,
          "y": 250.04166
        },
        "width": 100,
        "height": 100
      },
      "a": {
        "【 O(∩_∩)O 中文 % 路径 % 测试 ^_^ 】": "rgb(217,43,110)"
      }
    },
    {
      "c": "ht.Node",
      "i": 1564,
      "p": {
        "image": "symbols/【 O(∩_∩)O 中文 % 路径 % 测试 ^_^ 】/【 O(∩_∩)O 中文 % 路径 % 测试 ^_^ 】.json",
        "position": {
          "x": 315.39114,
          "y": 250.04166
        },
        "width": 100,
        "height": 100
      },
      "a": {
        "【 O(∩_∩)O 中文 % 路径 % 测试 ^_^ 】": "rgb(128,235,127)",
        "center.image": "symbols/basic/david.json"
      }
    },
    {
      "c": "ht.Node",
      "i": 1565,
      "p": {
        "image": "symbols/【 O(∩_∩)O 中文 % 路径 % 测试 ^_^ 】/【 O(∩_∩)O 中文 % 路径 % 测试 ^_^ 】.json",
        "position": {
          "x": 424.89573,
          "y": 250.04166
        },
        "width": 100,
        "height": 100
      },
      "a": {
        "【 O(∩_∩)O 中文 % 路径 % 测试 ^_^ 】": "rgb(255,145,48)"
      }
    },
    {
      "c": "ht.Block",
      "i": 1566,
      "p": {
        "position": {
          "x": 265.39114,
          "y": 518.73831
        },
        "width": 428.51378,
        "height": 100
      }
    },
    {
      "c": "ht.Node",
      "i": 1567,
      "p": {
        "parent": {
          "__i": 1566
        },
        "image": "symbols/【 O(∩_∩)O 中文 % 路径 % 测试 ^_^ 】/【 O(∩_∩)O 中文 % 路径 % 测试 ^_^ 】.json",
        "rotation": -1.5708,
        "position": {
          "x": 101.13425,
          "y": 518.73831
        },
        "width": 100,
        "height": 100
      },
      "a": {
        "【 O(∩_∩)O 中文 % 路径 % 测试 ^_^ 】": "rgb(103,212,240)"
      }
    },
    {
      "c": "ht.Node",
      "i": 1568,
      "p": {
        "parent": {
          "__i": 1566
        },
        "image": "symbols/【 O(∩_∩)O 中文 % 路径 % 测试 ^_^ 】/【 O(∩_∩)O 中文 % 路径 % 测试 ^_^ 】.json",
        "rotation": -1.5708,
        "position": {
          "x": 210.63884,
          "y": 518.73831
        },
        "width": 100,
        "height": 100
      },
      "a": {
        "【 O(∩_∩)O 中文 % 路径 % 测试 ^_^ 】": "rgb(217,43,110)"
      }
    },
    {
      "c": "ht.Node",
      "i": 1569,
      "p": {
        "parent": {
          "__i": 1566
        },
        "image": "symbols/【 O(∩_∩)O 中文 % 路径 % 测试 ^_^ 】/【 O(∩_∩)O 中文 % 路径 % 测试 ^_^ 】.json",
        "rotation": -1.5708,
        "position": {
          "x": 320.14343,
          "y": 518.73831
        },
        "width": 100,
        "height": 100
      },
      "a": {
        "【 O(∩_∩)O 中文 % 路径 % 测试 ^_^ 】": "rgb(128,235,127)"
      }
    },
    {
      "c": "ht.Node",
      "i": 1570,
      "p": {
        "parent": {
          "__i": 1566
        },
        "image": "symbols/【 O(∩_∩)O 中文 % 路径 % 测试 ^_^ 】/【 O(∩_∩)O 中文 % 路径 % 测试 ^_^ 】.json",
        "rotation": -1.5708,
        "position": {
          "x": 429.64803,
          "y": 518.73831
        },
        "width": 100,
        "height": 100
      },
      "a": {
        "【 O(∩_∩)O 中文 % 路径 % 测试 ^_^ 】": "rgb(255,145,48)"
      }
    },
    {
      "c": "ht.Block",
      "i": 1571,
      "p": {
        "position": {
          "x": 260.63884,
          "y": 381.09896
        },
        "width": 428.51378,
        "height": 100
      }
    },
    {
      "c": "ht.Node",
      "i": 1572,
      "p": {
        "parent": {
          "__i": 1571
        },
        "image": "symbols/【 O(∩_∩)O 中文 % 路径 % 测试 ^_^ 】/【 O(∩_∩)O 中文 % 路径 % 测试 ^_^ 】.json",
        "rotation": 1.5708,
        "position": {
          "x": 96.38195,
          "y": 381.09896
        },
        "width": 100,
        "height": 100
      },
      "a": {
        "【 O(∩_∩)O 中文 % 路径 % 测试 ^_^ 】": "rgb(103,212,240)"
      }
    },
    {
      "c": "ht.Node",
      "i": 1573,
      "p": {
        "parent": {
          "__i": 1571
        },
        "image": "symbols/【 O(∩_∩)O 中文 % 路径 % 测试 ^_^ 】/【 O(∩_∩)O 中文 % 路径 % 测试 ^_^ 】.json",
        "rotation": 1.5708,
        "position": {
          "x": 205.88655,
          "y": 381.09896
        },
        "width": 100,
        "height": 100
      },
      "a": {
        "【 O(∩_∩)O 中文 % 路径 % 测试 ^_^ 】": "rgb(217,43,110)",
        "center.image": "symbols/basic/david.json"
      }
    },
    {
      "c": "ht.Node",
      "i": 1574,
      "p": {
        "parent": {
          "__i": 1571
        },
        "image": "symbols/【 O(∩_∩)O 中文 % 路径 % 测试 ^_^ 】/【 O(∩_∩)O 中文 % 路径 % 测试 ^_^ 】.json",
        "rotation": 1.5708,
        "position": {
          "x": 315.39114,
          "y": 381.09896
        },
        "width": 100,
        "height": 100
      },
      "a": {
        "【 O(∩_∩)O 中文 % 路径 % 测试 ^_^ 】": "rgb(128,235,127)"
      }
    },
    {
      "c": "ht.Node",
      "i": 1575,
      "p": {
        "parent": {
          "__i": 1571
        },
        "image": "symbols/【 O(∩_∩)O 中文 % 路径 % 测试 ^_^ 】/【 O(∩_∩)O 中文 % 路径 % 测试 ^_^ 】.json",
        "rotation": 1.5708,
        "position": {
          "x": 424.89573,
          "y": 381.09896
        },
        "width": 100,
        "height": 100
      },
      "a": {
        "【 O(∩_∩)O 中文 % 路径 % 测试 ^_^ 】": "rgb(255,145,48)"
      }
    }
  ]
}