{
  "v": "5.3.3",
  "p": {
    "autoAdjustIndex": true
  },
  "d": [
    {
      "c": "ht.Node",
      "i": 3828,
      "p": {
        "image": "symbols/cloud/cloud-oval.json",
        "position": {
          "x": 400,
          "y": 110
        },
        "width": 200,
        "height": 200
      }
    },
    {
      "c": "ht.Node",
      "i": 3827,
      "p": {
        "image": "symbols/cloud/cloud-rect.json",
        "position": {
          "x": 150,
          "y": 110.85514834205934
        },
        "width": 200,
        "height": 200
      }
    }
  ]
}