{
  "width": 220,
  "height": 150,
  "comps": [
    {
      "type": "shape",
      "points": [
        10,
        110,
        10,
        10,
        210,
        10,
        210,
        110
      ],
      "segments": [
        1,
        4
      ],
      "background": "yellow",
      "gradient": "linear.north"
    },
    {
      "type": "shape",
      "shadow": true,
      "points": [
        30,
        10,
        30,
        110,
        30,
        60,
        90,
        60,
        90,
        10,
        90,
        110,
        130,
        10,
        190,
        10,
        160,
        10,
        160,
        110
      ],
      "segments": [
        1,
        2,
        1,
        2,
        1,
        2,
        1,
        2,
        1,
        2
      ],
      "borderWidth": 10,
      "borderColor": "#1ABC9C",
      "borderCap": "butt",
      "dash": true,
      "dashPattern": [
        8
      ]
    },
    {
      "type": "shape",
      "points": [
        10,
        130,
        35,
        120,
        60,
        130,
        85,
        140,
        110,
        130,
        135,
        120,
        160,
        130,
        185,
        140,
        210,
        130
      ],
      "segments": [
        1,
        3,
        3,
        3,
        3
      ],
      "borderWidth": 10,
      "borderColor": "#3498DB",
      "dash": true,
      "dashPattern": [
        8,
        4,
        4,
        4
      ],
      "dash3d": true,
      "dash3dColor": "red"
    }
  ]
}