{
  "v": "5.3.3",
  "p": {
    "autoAdjustIndex": false
  },
  "d": [
    {
      "c": "ht.Node",
      "i": 1858,
      "p": {
        "image": "assets/ball.png",
        "position": {
          "x": 73.87031363884844,
          "y": 13.562995399052454
        },
        "width": 300,
        "height": 300
      },
      "s": {
        "body.color": "#FF0000",
        "select.color": "#FF0000",
        "note": "Critical",
        "note.color": "black",
        "note.offset.x": -20,
        "note.offset.y": 20,
        "note.background": "#FF0000"
      }
    },
    {
      "c": "ht.Node",
      "i": 1859,
      "p": {
        "image": "assets/ball.png",
        "position": {
          "x": 172.26477997448978,
          "y": 0.45553320881921877
        },
        "width": 300,
        "height": 300
      },
      "s": {
        "body.color": "#FFA000",
        "select.color": "#FFA000",
        "note": "Major",
        "note.color": "black",
        "note.offset.x": -20,
        "note.offset.y": 20,
        "note.background": "#FFA000"
      }
    },
    {
      "c": "ht.Node",
      "i": 1860,
      "p": {
        "image": "assets/ball.png",
        "position": {
          "x": 270.65924631013115,
          "y": -12.651928981414002
        },
        "width": 300,
        "height": 300
      },
      "s": {
        "body.color": "#FFFF00",
        "select.color": "#FFFF00",
        "note": "Minor",
        "note.color": "black",
        "note.offset.x": -20,
        "note.offset.y": 20,
        "note.background": "#FFFF00"
      }
    },
    {
      "c": "ht.Node",
      "i": 1861,
      "p": {
        "image": "assets/ball.png",
        "position": {
          "x": 369.0537126457725,
          "y": -25.759391171647238
        },
        "width": 300,
        "height": 300
      },
      "s": {
        "body.color": "#00FFFF",
        "select.color": "#00FFFF",
        "note": "Warning",
        "note.color": "black",
        "note.offset.x": -20,
        "note.offset.y": 20,
        "note.background": "#00FFFF"
      }
    },
    {
      "c": "ht.Node",
      "i": 1862,
      "p": {
        "image": "assets/ball.png",
        "position": {
          "x": 467.4481789814139,
          "y": -38.86685336188047
        },
        "width": 300,
        "height": 300
      },
      "s": {
        "body.color": "#C800FF",
        "select.color": "#C800FF",
        "note": "Indeterminate",
        "note.color": "black",
        "note.offset.x": -20,
        "note.offset.y": 20,
        "note.background": "#C800FF"
      }
    },
    {
      "c": "ht.Node",
      "i": 1863,
      "p": {
        "image": "assets/ball.png",
        "position": {
          "x": 565.8426453170553,
          "y": -51.974315552113694
        },
        "width": 300,
        "height": 300
      },
      "s": {
        "body.color": "#00FF00",
        "select.color": "#00FF00",
        "note": "Cleared",
        "note.color": "black",
        "note.offset.x": -20,
        "note.offset.y": 20,
        "note.background": "#00FF00"
      }
    }
  ]
}