{
  "v": "6.0.1",
  "p": {
    "autoAdjustIndex": true,
    "hierarchicalRendering": false
  },
  "d": [
    {
      "c": "ht.Edge",
      "i": 323,
      "p": {
        "source": {
          "__i": 332
        },
        "target": {
          "__i": 336
        }
      },
      "s": {
        "edge.width": 1,
        "edge.color": "#979797",
        "icons": {
          "symbols/arrow/toArrow2.json": {
            "position": 19,
            "keepOrien": true,
            "names": [
              "symbols/arrow/toArrow2.json"
            ]
          }
        },
        "edge.type": "boundary"
      }
    },
    {
      "c": "ht.Edge",
      "i": 324,
      "p": {
        "source": {
          "__i": 338
        },
        "target": {
          "__i": 336
        }
      },
      "s": {
        "edge.width": 1,
        "edge.color": "#979797",
        "icons": {
          "symbols/arrow/toArrow2.json": {
            "position": 19,
            "keepOrien": true,
            "names": [
              "symbols/arrow/toArrow2.json"
            ]
          }
        },
        "edge.type": "boundary"
      }
    },
    {
      "c": "ht.Edge",
      "i": 325,
      "p": {
        "source": {
          "__i": 337
        },
        "target": {
          "__i": 330
        }
      },
      "s": {
        "edge.width": 1,
        "edge.color": "#979797",
        "icons": {
          "symbols/arrow/toArrow2.json": {
            "position": 19,
            "keepOrien": true,
            "names": [
              "symbols/arrow/toArrow2.json"
            ]
          }
        },
        "edge.type": "boundary"
      }
    },
    {
      "c": "ht.Edge",
      "i": 326,
      "p": {
        "source": {
          "__i": 331
        },
        "target": {
          "__i": 330
        }
      },
      "s": {
        "edge.width": 1,
        "edge.color": "#979797",
        "icons": {
          "symbols/arrow/toArrow2.json": {
            "position": 19,
            "keepOrien": true,
            "names": [
              "symbols/arrow/toArrow2.json"
            ]
          }
        },
        "edge.type": "boundary"
      }
    },
    {
      "c": "ht.Edge",
      "i": 327,
      "p": {
        "source": {
          "__i": 339
        },
        "target": {
          "__i": 341
        }
      },
      "s": {
        "edge.width": 1,
        "edge.color": "#979797",
        "icons": {
          "symbols/arrow/toArrow2.json": {
            "position": 19,
            "keepOrien": true,
            "names": [
              "symbols/arrow/toArrow2.json"
            ]
          }
        },
        "edge.type": "boundary"
      }
    },
    {
      "c": "ht.Edge",
      "i": 328,
      "p": {
        "source": {
          "__i": 334
        },
        "target": {
          "__i": 341
        }
      },
      "s": {
        "edge.width": 1,
        "edge.color": "#979797",
        "icons": {
          "symbols/arrow/toArrow2.json": {
            "position": 19,
            "keepOrien": true,
            "names": [
              "symbols/arrow/toArrow2.json"
            ]
          }
        },
        "edge.type": "boundary"
      }
    },
    {
      "c": "ht.Edge",
      "i": 329,
      "p": {
        "source": {
          "__i": 333
        },
        "target": {
          "__i": 340
        }
      },
      "s": {
        "edge.width": 1,
        "edge.color": "#979797",
        "icons": {
          "symbols/arrow/toArrow2.json": {
            "position": 19,
            "keepOrien": true,
            "names": [
              "symbols/arrow/toArrow2.json"
            ]
          }
        },
        "edge.type": "boundary"
      }
    },
    {
      "c": "ht.Node",
      "i": 330,
      "p": {
        "displayName": "EditView",
        "position": {
          "x": 581.9962972920292,
          "y": 166.5924685277649
        },
        "width": 300,
        "height": 60
      },
      "s": {
        "shape": "roundRect",
        "shape.background": "rgb(252,73,63)",
        "shape.border.width": 1,
        "shape.border.color": "rgb(112,112,112)",
        "label": "EditView",
        "label.position": 17,
        "label.offset.y": 0,
        "label.scale": 1.6,
        "shape.gradient.color": "rgb(255,255,255)",
        "label.color": "rgb(255,255,255)"
      }
    },
    {
      "c": "ht.Node",
      "i": 331,
      "p": {
        "displayName": "DisplayView",
        "parent": {
          "__i": 330
        },
        "host": {
          "__i": 330
        },
        "position": {
          "x": 208.63213608151364,
          "y": 342.8294723428052
        },
        "width": 300,
        "height": 60
      },
      "s": {
        "shape": "roundRect",
        "shape.background": "rgb(252,73,63)",
        "shape.border.width": 1,
        "shape.border.color": "rgb(112,112,112)",
        "label": "DisplayView",
        "label.position": 17,
        "label.offset.y": 0,
        "label.scale": 1.6,
        "shape.gradient.color": "rgb(255,255,255)",
        "label.color": "rgb(255,255,255)"
      }
    },
    {
      "c": "ht.Node",
      "i": 332,
      "p": {
        "displayName": "DisplayGraphView",
        "parent": {
          "__i": 331
        },
        "host": {
          "__i": 331
        },
        "position": {
          "x": 170.03279166375057,
          "y": 276.1854102258697
        },
        "width": 218,
        "height": 60
      },
      "s": {
        "shape": "roundRect",
        "shape.background": "rgb(53,153,219)",
        "shape.border.width": 1,
        "shape.border.color": "rgb(112,112,112)",
        "label": "DisplayGraphView",
        "label.position": 17,
        "label.offset.y": 0,
        "label.scale": 1.6,
        "shape.gradient.color": "rgb(255,255,255)",
        "label.color": "rgb(255,255,255)"
      }
    },
    {
      "c": "ht.Node",
      "i": 333,
      "p": {
        "displayName": "DisplayTree",
        "parent": {
          "__i": 331
        },
        "host": {
          "__i": 331
        },
        "position": {
          "x": 166.88829703136827,
          "y": 415.2198502987972
        },
        "width": 218,
        "height": 60
      },
      "s": {
        "shape": "roundRect",
        "shape.background": "rgb(92,219,115)",
        "shape.border.width": 1,
        "shape.border.color": "rgb(112,112,112)",
        "label": "DisplayTree",
        "label.position": 17,
        "label.offset.y": 0,
        "label.scale": 1.6,
        "shape.gradient.color": "rgb(255,255,255)",
        "label.color": "rgb(255,255,255)"
      }
    },
    {
      "c": "ht.Node",
      "i": 334,
      "p": {
        "displayName": "DisplayList",
        "parent": {
          "__i": 331
        },
        "host": {
          "__i": 331
        },
        "position": {
          "x": 169.651913964399,
          "y": 488.4036851355832
        },
        "width": 218,
        "height": 60
      },
      "s": {
        "shape": "roundRect",
        "shape.background": "rgb(100,100,217)",
        "shape.border.width": 1,
        "shape.border.color": "rgb(112,112,112)",
        "label": "DisplayList",
        "label.position": 17,
        "label.offset.y": 0,
        "label.scale": 1.6,
        "shape.gradient.color": "rgb(255,255,255)",
        "label.color": "rgb(255,255,255)"
      }
    },
    {
      "c": "ht.Node",
      "i": 335,
      "p": {
        "displayName": "Ruler",
        "parent": {
          "__i": 330
        },
        "host": {
          "__i": 330
        },
        "position": {
          "x": 694.1504748130087,
          "y": 84.66022421926831
        },
        "width": 70.34244995804148,
        "height": 60
      },
      "s": {
        "shape": "roundRect",
        "shape.background": "rgb(107,207,250)",
        "shape.border.width": 1,
        "shape.border.color": "rgb(112,112,112)",
        "label": "Ruler",
        "label.position": 17,
        "label.offset.y": 0,
        "label.scale": 1.6,
        "shape.gradient.color": "rgb(255,255,255)",
        "label.color": "rgb(255,255,255)"
      }
    },
    {
      "c": "ht.Node",
      "i": 336,
      "p": {
        "displayName": "EditGraphView",
        "parent": {
          "__i": 330
        },
        "host": {
          "__i": 330
        },
        "position": {
          "x": 541.2515214457553,
          "y": 84.66022421926831
        },
        "width": 218,
        "height": 60
      },
      "s": {
        "shape": "roundRect",
        "shape.background": "rgb(53,153,219)",
        "shape.border.width": 1,
        "shape.border.color": "rgb(112,112,112)",
        "label": "EditGraphView",
        "label.position": 17,
        "label.offset.y": 0,
        "label.scale": 1.6,
        "shape.gradient.color": "rgb(255,255,255)",
        "label.color": "rgb(255,255,255)"
      }
    },
    {
      "c": "ht.Node",
      "i": 337,
      "p": {
        "displayName": "SymbolView",
        "parent": {
          "__i": 330
        },
        "host": {
          "__i": 330
        },
        "position": {
          "x": 932.8756840628672,
          "y": 352.44365178522014
        },
        "width": 300,
        "height": 60
      },
      "s": {
        "shape": "roundRect",
        "shape.background": "rgb(252,73,63)",
        "shape.border.width": 1,
        "shape.border.color": "rgb(112,112,112)",
        "label": "SymbolView",
        "label.position": 17,
        "label.offset.y": 0,
        "label.scale": 1.6,
        "shape.gradient.color": "rgb(255,255,255)",
        "label.color": "rgb(255,255,255)"
      }
    },
    {
      "c": "ht.Node",
      "i": 338,
      "p": {
        "displayName": "SymbolGraphView",
        "parent": {
          "__i": 337
        },
        "host": {
          "__i": 337
        },
        "position": {
          "x": 969.3949472609405,
          "y": 286.75276061484703
        },
        "width": 218,
        "height": 60
      },
      "s": {
        "shape": "roundRect",
        "shape.background": "rgb(53,153,219)",
        "shape.border.width": 1,
        "shape.border.color": "rgb(112,112,112)",
        "label": "SymbolGraphView",
        "label.position": 17,
        "label.offset.y": 0,
        "label.scale": 1.6,
        "shape.gradient.color": "rgb(255,255,255)",
        "label.color": "rgb(255,255,255)"
      }
    },
    {
      "c": "ht.Node",
      "i": 339,
      "p": {
        "displayName": "SymbolList",
        "parent": {
          "__i": 337
        },
        "host": {
          "__i": 337
        },
        "position": {
          "x": 971.0582383724512,
          "y": 422.13114780198487
        },
        "width": 218,
        "height": 60
      },
      "s": {
        "shape": "roundRect",
        "shape.background": "rgb(100,100,217)",
        "shape.border.width": 1,
        "shape.border.color": "rgb(112,112,112)",
        "label": "SymbolList",
        "label.position": 17,
        "label.offset.y": 0,
        "label.scale": 1.6,
        "shape.gradient.color": "rgb(255,255,255)",
        "label.color": "rgb(255,255,255)"
      }
    },
    {
      "c": "ht.Node",
      "i": 340,
      "p": {
        "displayName": "DNDTree",
        "host": {
          "__i": 331
        },
        "position": {
          "x": 591.6302517515145,
          "y": 416.7740486617388
        },
        "width": 218,
        "height": 60
      },
      "s": {
        "shape": "roundRect",
        "shape.background": "rgb(92,219,115)",
        "shape.border.width": 1,
        "shape.border.color": "rgb(112,112,112)",
        "label": "DNDTree",
        "label.position": 17,
        "label.offset.y": 0,
        "label.scale": 1.6,
        "shape.gradient.color": "rgb(255,255,255)",
        "label.color": "rgb(255,255,255)"
      }
    },
    {
      "c": "ht.Node",
      "i": 341,
      "p": {
        "displayName": "DNDIndexList",
        "host": {
          "__i": 330
        },
        "position": {
          "x": 597.5022654104287,
          "y": 614.7395541709203
        },
        "width": 218,
        "height": 60
      },
      "s": {
        "shape": "roundRect",
        "shape.background": "rgb(100,100,217)",
        "shape.border.width": 1,
        "shape.border.color": "rgb(112,112,112)",
        "label": "DNDIndexList",
        "label.position": 17,
        "label.offset.y": 0,
        "label.scale": 1.6,
        "shape.gradient.color": "rgb(255,255,255)",
        "label.color": "rgb(255,255,255)"
      }
    }
  ]
}