{
  "v": "5.3.3",
  "p": {
    "autoAdjustIndex": true
  },
  "d": [
    {
      "c": "ht.Shape",
      "i": 3292,
      "p": {
        "position": {
          "x": 0,
          "y": -150
        },
        "width": 800,
        "height": 100,
        "tall": 1,
        "elevation": 1,
        "points": {
          "__a": [
            {
              "x": -400,
              "y": -200
            },
            {
              "x": 400,
              "y": -200
            },
            {
              "x": 400,
              "y": -100
            },
            {
              "x": -400,
              "y": -100
            }
          ]
        },
        "thickness": -1,
        "closePath": true
      },
      "s": {
        "shape.repeat.image": "assets/grass.jpg",
        "repeat.uv.length": 128,
        "shape3d.visible": false,
        "shape3d.bottom.visible": false,
        "shape3d.top.image": "assets/grass.jpg",
        "shape3d.reverse.flip": true
      }
    },
    {
      "c": "ht.Shape",
      "i": 3293,
      "p": {
        "position": {
          "x": 200,
          "y": 26.456335616438356
        },
        "width": 400,
        "height": 150,
        "tall": 10,
        "elevation": 5,
        "points": {
          "__a": [
            {
              "x": 100,
              "y": -48.54366438356165
            },
            {
              "x": 300,
              "y": -48.54366438356165
            },
            {
              "x": 400,
              "y": 101.45633561643835
            },
            {
              "x": 0,
              "y": 101.45633561643835
            }
          ]
        },
        "thickness": -1,
        "closePath": true
      },
      "s": {
        "shape.border.width": 12,
        "shape.border.color": "yellow",
        "shape.repeat.image": "assets/floor1.png",
        "repeat.uv.length": 256,
        "shape3d.color": "yellow",
        "shape3d.top.image": "assets/floor1.png",
        "shape3d.bottom.image": "assets/floor1.png",
        "shape.dash": true,
        "shape.border.3d": true,
        "shape.border.3d.color": "rgb(0,255,238)"
      }
    },
    {
      "c": "ht.Shape",
      "i": 3294,
      "p": {
        "position": {
          "x": -252.5,
          "y": 30.244897959183668
        },
        "width": 297,
        "height": 264,
        "tall": 30,
        "elevation": 15,
        "segments": {
          "__a": [
            1,
            2,
            4,
            4,
            4,
            4,
            2,
            2
          ]
        },
        "points": {
          "__a": [
            {
              "x": -304,
              "y": 110.24489795918367
            },
            {
              "x": -357,
              "y": 112.24489795918367
            },
            {
              "x": -401,
              "y": 100.24489795918367
            },
            {
              "x": -393,
              "y": 27.244897959183668
            },
            {
              "x": -346,
              "y": 28.244897959183668
            },
            {
              "x": -359,
              "y": -9.755102040816332
            },
            {
              "x": -302,
              "y": -38.75510204081633
            },
            {
              "x": -286,
              "y": -3.7551020408163325
            },
            {
              "x": -241,
              "y": -101.75510204081633
            },
            {
              "x": -110,
              "y": -32.75510204081633
            },
            {
              "x": -149,
              "y": 38.24489795918367
            },
            {
              "x": -104,
              "y": 56.24489795918367
            },
            {
              "x": -111,
              "y": 100.24489795918367
            },
            {
              "x": -140,
              "y": 114.24489795918367
            },
            {
              "x": -251,
              "y": 114.24489795918367
            },
            {
              "x": -323,
              "y": 162.24489795918367
            }
          ]
        },
        "thickness": -1,
        "closePath": true
      },
      "s": {
        "shape.border.width": 10,
        "shape.repeat.image": "assets/floor2.png",
        "repeat.uv.length": 64,
        "shape3d.top.image": "assets/floor2.png",
        "shape3d.bottom.image": "assets/floor2.png"
      }
    }
  ]
}