{
  "v": "5.3.3",
  "p": {
    "autoAdjustIndex": false
  },
  "d": [
    {
      "c": "ht.Grid",
      "i": 2178,
      "p": {
        "width": 500,
        "height": 240
      },
      "s": {
        "grid.row.count": 2,
        "grid.column.count": 5,
        "grid.border": 8,
        "grid.gap": 8,
        "grid.depth": -5,
        "grid.cell.border.color": null,
        "grid.background": "#E5BB77",
        "select.width": 0
      }
    },
    {
      "c": "ht.Node",
      "i": 2179,
      "p": {
        "image": "assets/books/book0.jpg",
        "host": {
          "__i": 2178
        },
        "position": {
          "x": -193.6,
          "y": -56
        },
        "width": 76.8,
        "height": 92
      },
      "s": {
        "attach.padding": -2,
        "select.width": 0
      }
    },
    {
      "c": "ht.Node",
      "i": 2180,
      "p": {
        "image": "assets/books/book1.jpg",
        "host": {
          "__i": 2178
        },
        "position": {
          "x": -96.8,
          "y": -56
        },
        "width": 76.8,
        "height": 92
      },
      "s": {
        "attach.column.index": 1,
        "attach.padding": -2,
        "select.width": 0
      }
    },
    {
      "c": "ht.Node",
      "i": 2181,
      "p": {
        "image": "assets/books/book2.jpg",
        "host": {
          "__i": 2178
        },
        "position": {
          "x": 0,
          "y": -56
        },
        "width": 76.8,
        "height": 92
      },
      "s": {
        "attach.column.index": 2,
        "attach.padding": -2,
        "select.width": 0
      }
    },
    {
      "c": "ht.Node",
      "i": 2182,
      "p": {
        "image": "assets/books/book3.jpg",
        "host": {
          "__i": 2178
        },
        "position": {
          "x": 96.8,
          "y": -56
        },
        "width": 76.8,
        "height": 92
      },
      "s": {
        "attach.column.index": 3,
        "attach.padding": -2,
        "select.width": 0
      }
    },
    {
      "c": "ht.Node",
      "i": 2183,
      "p": {
        "image": "assets/books/book4.jpg",
        "host": {
          "__i": 2178
        },
        "position": {
          "x": -193.6,
          "y": 56
        },
        "width": 76.8,
        "height": 92
      },
      "s": {
        "attach.row.index": 1,
        "attach.padding": -2,
        "select.width": 0
      }
    },
    {
      "c": "ht.Node",
      "i": 2184,
      "p": {
        "image": "assets/books/book5.jpg",
        "host": {
          "__i": 2178
        },
        "position": {
          "x": -96.8,
          "y": 56
        },
        "width": 76.8,
        "height": 92
      },
      "s": {
        "attach.row.index": 1,
        "attach.column.index": 1,
        "attach.padding": -2,
        "select.width": 0
      }
    },
    {
      "c": "ht.Node",
      "i": 2185,
      "p": {
        "image": "assets/books/book6.jpg",
        "host": {
          "__i": 2178
        },
        "position": {
          "x": 0,
          "y": 56
        },
        "width": 76.8,
        "height": 92
      },
      "s": {
        "attach.row.index": 1,
        "attach.column.index": 2,
        "attach.padding": -2,
        "select.width": 0
      }
    },
    {
      "c": "ht.Node",
      "i": 2186,
      "p": {
        "image": "assets/books/book7.jpg",
        "host": {
          "__i": 2178
        },
        "position": {
          "x": 96.8,
          "y": 56
        },
        "width": 76.8,
        "height": 92
      },
      "s": {
        "attach.row.index": 1,
        "attach.column.index": 3,
        "attach.padding": -2,
        "select.width": 0
      }
    }
  ]
}