{
  "v": "5.3.6",
  "p": {
    "autoAdjustIndex": true
  },
  "d": [
    {
      "c": "ht.Group",
      "i": 269,
      "p": {
        "name": "Dash Group",
        "position": {
          "x": 387.0293015751955,
          "y": 261.40170367545636
        },
        "expanded": true
      },
      "s": {
        "select.width": 0,
        "group.type": "roundRect",
        "group.background": null,
        "group.border.width": 3,
        "group.border.pattern": [
          8,
          3,
          3,
          3
        ],
        "group.repeat.image": "assets/floor2.png"
      }
    },
    {
      "c": "ht.Group",
      "i": 270,
      "p": {
        "name": "Center Title Group",
        "position": {
          "x": 137.02930157519552,
          "y": 106.40170367545629
        },
        "expanded": true
      },
      "s": {
        "group.title.align": "center",
        "group.padding": 20,
        "group.depth": 5
      }
    },
    {
      "c": "ht.Node",
      "i": 271,
      "p": {
        "name": "Node1",
        "parent": {
          "__i": 270
        },
        "position": {
          "x": 87.02930157519552,
          "y": 106.40170367545629
        }
      }
    },
    {
      "c": "ht.Node",
      "i": 272,
      "p": {
        "name": "林意炜",
        "parent": {
          "__i": 270
        },
        "tag": "12",
        "position": {
          "x": 187.02930157519552,
          "y": 106.40170367545629
        }
      }
    },
    {
      "c": "ht.Group",
      "i": 273,
      "p": {
        "position": {
          "x": 387.0293015751955,
          "y": 96.40170367545629
        },
        "expanded": true
      },
      "s": {
        "group.toggleable": false,
        "group.padding": 20,
        "group.depth": -5,
        "note": "Always Expanded Group"
      }
    },
    {
      "c": "ht.Node",
      "i": 274,
      "p": {
        "name": "I am in a group without title",
        "parent": {
          "__i": 273
        },
        "position": {
          "x": 387.0293015751955,
          "y": 96.40170367545629
        }
      }
    },
    {
      "c": "ht.Group",
      "i": 275,
      "p": {
        "name": "Oval Group",
        "position": {
          "x": 137.02930157519552,
          "y": 261.40170367545636
        },
        "expanded": true
      },
      "s": {
        "select.type": "oval",
        "select.padding": 3,
        "select.width": 2,
        "group.type": "oval",
        "group.gradient": "radial.west",
        "group.gradient.color": "yellow",
        "group.background": "red",
        "group.border.width": 2
      }
    },
    {
      "c": "ht.Node",
      "i": 276,
      "p": {
        "name": "Node1",
        "parent": {
          "__i": 275
        },
        "position": {
          "x": 87.02930157519552,
          "y": 236.40170367545636
        }
      }
    },
    {
      "c": "ht.Node",
      "i": 277,
      "p": {
        "name": "Node12",
        "parent": {
          "__i": 275
        },
        "position": {
          "x": 187.02930157519552,
          "y": 286.4017036754565
        }
      }
    },
    {
      "c": "ht.Edge",
      "i": 278,
      "p": {
        "source": {
          "__i": 301
        },
        "target": {
          "__i": 302
        }
      },
      "s": {
        "edge.gap": 10,
        "edge.offset": 0,
        "edge.center": true,
        "edge.pattern": [
          10
        ]
      }
    },
    {
      "c": "ht.Edge",
      "i": 279,
      "p": {
        "source": {
          "__i": 301
        },
        "target": {
          "__i": 302
        }
      },
      "s": {
        "edge.gap": 10,
        "edge.offset": 0,
        "edge.center": true,
        "edge.pattern": [
          10
        ],
        "2d.editable": false
      }
    },
    {
      "c": "ht.Group",
      "i": 298,
      "p": {
        "name": "Group Image",
        "position": {
          "x": 672.0293015751955,
          "y": 116.40170367545629
        },
        "expanded": true
      },
      "s": {
        "group.image": "assets/background.jpg",
        "group.padding": 10,
        "group.depth": 0
      }
    },
    {
      "c": "ht.Node",
      "i": 299,
      "p": {
        "name": "Node1",
        "parent": {
          "__i": 298
        },
        "position": {
          "x": 607.0293015751955,
          "y": 106.40170367545629
        }
      },
      "s": {
        "label.color": "white",
        "body.color": "red",
        "note": "3 Alarms",
        "note.background": "red"
      }
    },
    {
      "c": "ht.Node",
      "i": 300,
      "p": {
        "name": "Node2",
        "parent": {
          "__i": 298
        },
        "position": {
          "x": 737.0293015751955,
          "y": 126.40170367545629
        }
      },
      "s": {
        "label.color": "white",
        "note": "I am fine"
      }
    },
    {
      "c": "ht.Node",
      "i": 301,
      "p": {
        "name": "Node1",
        "parent": {
          "__i": 269
        },
        "position": {
          "x": 317.0293015751955,
          "y": 236.40170367545636
        }
      }
    },
    {
      "c": "ht.Node",
      "i": 302,
      "p": {
        "name": "Node12",
        "parent": {
          "__i": 269
        },
        "position": {
          "x": 457.0293015751955,
          "y": 286.4017036754565
        }
      }
    },
    {
      "c": "ht.Group",
      "i": 303,
      "p": {
        "name": "Group Image",
        "position": {
          "x": 677.0293015751955,
          "y": 261.40170367545636
        },
        "expanded": true
      },
      "s": {
        "group.repeat.image": "assets/ie.png",
        "group.padding": 10,
        "group.depth": 0,
        "group.type": "oval",
        "group.border.width": 5,
        "select.type": "oval",
        "select.padding": 5,
        "select.width": 3
      }
    },
    {
      "c": "ht.Node",
      "i": 304,
      "p": {
        "name": "Node1",
        "parent": {
          "__i": 303
        },
        "position": {
          "x": 607.0293015751955,
          "y": 236.40170367545636
        }
      },
      "s": {
        "label.background": "yellow",
        "body.color": "red"
      }
    },
    {
      "c": "ht.Node",
      "i": 305,
      "p": {
        "name": "Node2",
        "parent": {
          "__i": 303
        },
        "position": {
          "x": 747.0293015751955,
          "y": 286.4017036754565
        }
      },
      "s": {
        "label.background": "yellow",
        "body.color": "green"
      }
    }
  ]
}