{
  "v": "5.3.6",
  "p": {
    "autoAdjustIndex": true
  },
  "d": [
    {
      "c": "ht.Shape",
      "i": 722,
      "p": {
        "position": {
          "x": 300,
          "y": 125
        },
        "width": 400,
        "height": 150,
        "points": {
          "__a": [
            {
              "x": 200,
              "y": 50
            },
            {
              "x": 400,
              "y": 50
            },
            {
              "x": 500,
              "y": 200
            },
            {
              "x": 100,
              "y": 200
            }
          ]
        },
        "thickness": 12,
        "closePath": true
      },
      "s": {
        "shape.background": null,
        "shape.border.width": 12
      }
    },
    {
      "c": "ht.Node",
      "i": 723,
      "p": {
        "image": "symbols/label/label.json",
        "host": {
          "__i": 722
        },
        "position": {
          "x": 300,
          "y": 50
        },
        "width": 40,
        "height": 28
      },
      "s": {
        "select.width": 0,
        "attach.index": 0,
        "attach.offset": 0.5,
        "attach.offset.relative": true
      },
      "a": {
        "color": "yellow"
      }
    },
    {
      "c": "ht.Node",
      "i": 724,
      "p": {
        "image": "symbols/label/label.json",
        "host": {
          "__i": 722
        },
        "rotation": 3.14,
        "position": {
          "x": 300,
          "y": 200
        },
        "width": 40,
        "height": 28
      },
      "s": {
        "select.width": 0,
        "attach.index": 2,
        "attach.offset": 0.5,
        "attach.offset.relative": true
      },
      "a": {
        "color": "yellow"
      }
    },
    {
      "c": "ht.Node",
      "i": 725,
      "p": {
        "image": "symbols/label/label.json",
        "host": {
          "__i": 722
        },
        "rotation": -0.98,
        "position": {
          "x": 150,
          "y": 125
        },
        "width": 40,
        "height": 28
      },
      "s": {
        "select.width": 0,
        "attach.index": 3,
        "attach.offset": 0.5,
        "attach.offset.relative": true
      },
      "a": {
        "color": "yellow"
      }
    },
    {
      "c": "ht.Node",
      "i": 726,
      "p": {
        "image": "symbols/label/label.json",
        "host": {
          "__i": 722
        },
        "position": {
          "x": 240,
          "y": 50
        },
        "width": 40,
        "height": 12
      },
      "s": {
        "select.width": 0,
        "attach.index": 0,
        "attach.offset": 40,
        "attach.thickness": 1
      },
      "a": {
        "color": "#00C149"
      }
    },
    {
      "c": "ht.Node",
      "i": 727,
      "p": {
        "image": "symbols/label/label.json",
        "host": {
          "__i": 722
        },
        "rotation": 0.98,
        "position": {
          "x": 422.19,
          "y": 83.28
        },
        "width": 40,
        "height": 12
      },
      "s": {
        "select.width": 0,
        "attach.index": 1,
        "attach.offset": 40,
        "attach.thickness": 1
      },
      "a": {
        "color": "#00C149"
      }
    },
    {
      "c": "ht.Node",
      "i": 728,
      "p": {
        "image": "symbols/label/label.json",
        "host": {
          "__i": 722
        },
        "rotation": 3.14,
        "position": {
          "x": 460,
          "y": 200
        },
        "width": 40,
        "height": 12
      },
      "s": {
        "select.width": 0,
        "attach.index": 2,
        "attach.offset": 40,
        "attach.thickness": 1
      },
      "a": {
        "color": "#00C149"
      }
    },
    {
      "c": "ht.Node",
      "i": 729,
      "p": {
        "image": "symbols/label/label.json",
        "host": {
          "__i": 722
        },
        "rotation": -0.98,
        "position": {
          "x": 122.19,
          "y": 166.72
        },
        "width": 40,
        "height": 12
      },
      "s": {
        "select.width": 0,
        "attach.index": 3,
        "attach.offset": 40,
        "attach.thickness": 1
      },
      "a": {
        "color": "#00C149"
      }
    },
    {
      "c": "ht.Node",
      "i": 730,
      "p": {
        "image": "symbols/label/label.json",
        "host": {
          "__i": 722
        },
        "position": {
          "x": 360,
          "y": 50
        },
        "width": 40,
        "height": 28
      },
      "s": {
        "select.width": 0,
        "attach.index": 0,
        "attach.offset": 40,
        "attach.offset.opposite": true
      },
      "a": {
        "color": "pink"
      }
    },
    {
      "c": "ht.Node",
      "i": 731,
      "p": {
        "image": "symbols/label/label.json",
        "host": {
          "__i": 722
        },
        "rotation": 3.14,
        "position": {
          "x": 140,
          "y": 200
        },
        "width": 40,
        "height": 28
      },
      "s": {
        "select.width": 0,
        "attach.index": 2,
        "attach.offset": 40,
        "attach.offset.opposite": true
      },
      "a": {
        "color": "pink"
      }
    },
    {
      "c": "ht.Node",
      "i": 732,
      "p": {
        "image": "symbols/label/label.json",
        "host": {
          "__i": 722
        },
        "rotation": -0.98,
        "position": {
          "x": 177.81,
          "y": 83.28
        },
        "width": 40,
        "height": 28
      },
      "s": {
        "select.width": 0,
        "attach.index": 3,
        "attach.offset": 40,
        "attach.offset.opposite": true
      },
      "a": {
        "color": "pink"
      }
    },
    {
      "c": "ht.Node",
      "i": 734,
      "p": {
        "image": "symbols/label/label.json",
        "host": {
          "__i": 722
        },
        "rotation": 3.14,
        "position": {
          "x": 380,
          "y": 220
        },
        "width": 40,
        "height": 28
      },
      "s": {
        "select.width": 0,
        "attach.index": 2,
        "attach.offset": 0.3,
        "attach.offset.relative": true,
        "attach.gap": -20
      },
      "a": {
        "color": "#A5BAD7"
      }
    },
    {
      "c": "ht.Node",
      "i": 735,
      "p": {
        "image": "symbols/label/label.json",
        "host": {
          "__i": 722
        },
        "rotation": 3.14,
        "position": {
          "x": 220,
          "y": 200
        },
        "width": 40,
        "height": 6
      },
      "s": {
        "select.width": 0,
        "attach.index": 2,
        "attach.offset": 0.3,
        "attach.offset.relative": true,
        "attach.offset.opposite": true,
        "attach.thickness": 0.5
      },
      "a": {
        "color": "orange"
      }
    },
    {
      "c": "ht.Node",
      "i": 736,
      "p": {
        "image": "symbols/label/label.json",
        "host": {
          "__i": 722
        },
        "rotation": 3.14,
        "position": {
          "x": 380,
          "y": 200
        },
        "width": 40,
        "height": 6
      },
      "s": {
        "select.width": 0,
        "attach.index": 2,
        "attach.offset": 0.3,
        "attach.offset.relative": true,
        "attach.thickness": 0.5
      },
      "a": {
        "color": "orange"
      }
    },
    {
      "c": "ht.Node",
      "i": 737,
      "p": {
        "image": "symbols/label/label.json",
        "host": {
          "__i": 722
        },
        "rotation": 0.98,
        "position": {
          "x": 450,
          "y": 125
        },
        "width": 40,
        "height": 28
      },
      "s": {
        "select.width": 0,
        "attach.index": 1,
        "attach.offset": 0.5,
        "attach.offset.relative": true
      },
      "a": {
        "color": "yellow"
      }
    },
    {
      "c": "ht.Node",
      "i": 738,
      "p": {
        "image": "symbols/label/label.json",
        "host": {
          "__i": 722
        },
        "rotation": 0.98,
        "position": {
          "x": 477.81,
          "y": 166.72
        },
        "width": 40,
        "height": 28
      },
      "s": {
        "select.width": 0,
        "attach.index": 1,
        "attach.offset": 40,
        "attach.offset.opposite": true
      },
      "a": {
        "color": "pink"
      }
    },
    {
      "c": "ht.Node",
      "i": 733,
      "p": {
        "image": "symbols/label/label.json",
        "host": {
          "__i": 722
        },
        "rotation": 3.14,
        "position": {
          "x": 220,
          "y": 180
        },
        "width": 40,
        "height": 28
      },
      "s": {
        "select.width": 0,
        "attach.index": 2,
        "attach.offset": 0.3,
        "attach.offset.relative": true,
        "attach.offset.opposite": true,
        "attach.gap": 20
      },
      "a": {
        "color": "#A5BAD7"
      }
    }
  ]
}