{
  "v": "5.2",
  "p": {
    "autoAdjustIndex": false
  },
  "d": [
    {
      "c": "ht.Group",
      "i": 1383,
      "p": {
        "name": "Double click on me",
        "position": {
          "x": 130,
          "y": 110
        },
        "expanded": true
      }
    },
    {
      "c": "ht.Node",
      "i": 1384,
      "p": {
        "name": "Node1",
        "parent": {
          "__i": 1383
        },
        "position": {
          "x": 80,
          "y": 80
        }
      }
    },
    {
      "c": "ht.Node",
      "i": 1385,
      "p": {
        "name": "Node2",
        "parent": {
          "__i": 1383
        },
        "position": {
          "x": 180,
          "y": 80
        }
      }
    },
    {
      "c": "ht.Node",
      "i": 1386,
      "p": {
        "name": "HT for Web",
        "parent": {
          "__i": 1383
        },
        "position": {
          "x": 130,
          "y": 140
        }
      },
      "s": {
        "label.font": "bold 21px arial",
        "label.color": "white",
        "label.offset.y": 8,
        "label.background": "#E74C3C"
      }
    },
    {
      "c": "ht.Node",
      "i": 1387,
      "p": {
        "name": "The Special One",
        "parent": {
          "__i": 1383
        },
        "position": {
          "x": 290,
          "y": 100
        }
      },
      "s": {
        "ingroup": false
      }
    }
  ]
}