{
  "v": "5.3.6",
  "p": {
    "autoAdjustIndex": true
  },
  "d": [
    {
      "c": "ht.Node",
      "i": 292,
      "p": {
        "name": "rect",
        "position": {
          "x": 70,
          "y": 50
        },
        "width": 60,
        "height": 40
      },
      "s": {
        "shape": "rect"
      }
    },
    {
      "c": "ht.Node",
      "i": 293,
      "p": {
        "name": "circle",
        "position": {
          "x": 150,
          "y": 50
        },
        "width": 60,
        "height": 40
      },
      "s": {
        "shape": "circle"
      }
    },
    {
      "c": "ht.Node",
      "i": 294,
      "p": {
        "name": "oval",
        "position": {
          "x": 230,
          "y": 50
        },
        "width": 60,
        "height": 40
      },
      "s": {
        "shape": "oval"
      }
    },
    {
      "c": "ht.Node",
      "i": 295,
      "p": {
        "name": "roundRect",
        "position": {
          "x": 310,
          "y": 50
        },
        "width": 60,
        "height": 40
      },
      "s": {
        "shape": "roundRect"
      }
    },
    {
      "c": "ht.Node",
      "i": 296,
      "p": {
        "name": "star",
        "position": {
          "x": 390,
          "y": 50
        },
        "width": 60,
        "height": 40
      },
      "s": {
        "shape": "star"
      }
    },
    {
      "c": "ht.Node",
      "i": 297,
      "p": {
        "name": "triangle",
        "position": {
          "x": 470,
          "y": 50
        },
        "width": 60,
        "height": 40
      },
      "s": {
        "shape": "triangle"
      }
    },
    {
      "c": "ht.Node",
      "i": 298,
      "p": {
        "name": "hexagon",
        "position": {
          "x": 550,
          "y": 50
        },
        "width": 60,
        "height": 40
      },
      "s": {
        "shape": "hexagon"
      }
    },
    {
      "c": "ht.Node",
      "i": 299,
      "p": {
        "name": "pentagon",
        "position": {
          "x": 630,
          "y": 50
        },
        "width": 60,
        "height": 40
      },
      "s": {
        "shape": "pentagon"
      }
    },
    {
      "c": "ht.Node",
      "i": 300,
      "p": {
        "name": "diamond",
        "position": {
          "x": 710,
          "y": 50
        },
        "width": 60,
        "height": 40
      },
      "s": {
        "shape": "diamond"
      }
    },
    {
      "c": "ht.Node",
      "i": 301,
      "p": {
        "name": "rightTriangle",
        "position": {
          "x": 790,
          "y": 50
        },
        "width": 60,
        "height": 40
      },
      "s": {
        "shape": "rightTriangle"
      }
    },
    {
      "c": "ht.Node",
      "i": 302,
      "p": {
        "name": "parallelogram",
        "position": {
          "x": 870,
          "y": 50
        },
        "width": 60,
        "height": 40
      },
      "s": {
        "shape": "parallelogram"
      }
    },
    {
      "c": "ht.Node",
      "i": 303,
      "p": {
        "name": "trapezoid",
        "position": {
          "x": 950,
          "y": 50
        },
        "width": 60,
        "height": 40
      },
      "s": {
        "shape": "trapezoid"
      }
    },
    {
      "c": "ht.Node",
      "i": 304,
      "p": {
        "name": "circle",
        "position": {
          "x": 150,
          "y": 150
        },
        "width": 60,
        "height": 40
      },
      "s": {
        "shape": "circle",
        "shape.border.width": 1,
        "shape.border.color": "yellow",
        "shape.repeat.image": "assets/ie.png"
      }
    },
    {
      "c": "ht.Node",
      "i": 305,
      "p": {
        "name": "oval",
        "position": {
          "x": 230,
          "y": 150
        },
        "width": 60,
        "height": 40
      },
      "s": {
        "shape": "oval",
        "shape.border.width": 1,
        "shape.border.color": "yellow",
        "shape.repeat.image": "assets/ie.png"
      }
    },
    {
      "c": "ht.Node",
      "i": 306,
      "p": {
        "name": "roundRect",
        "position": {
          "x": 310,
          "y": 150
        },
        "width": 60,
        "height": 40
      },
      "s": {
        "shape": "roundRect",
        "shape.border.width": 1,
        "shape.border.color": "yellow",
        "shape.repeat.image": "assets/ie.png"
      }
    },
    {
      "c": "ht.Node",
      "i": 307,
      "p": {
        "name": "star",
        "position": {
          "x": 390,
          "y": 150
        },
        "width": 60,
        "height": 40
      },
      "s": {
        "shape": "star",
        "shape.border.width": 1,
        "shape.border.color": "yellow",
        "shape.repeat.image": "assets/ie.png"
      }
    },
    {
      "c": "ht.Node",
      "i": 308,
      "p": {
        "name": "triangle",
        "position": {
          "x": 470,
          "y": 150
        },
        "width": 60,
        "height": 40
      },
      "s": {
        "shape": "triangle",
        "shape.border.width": 1,
        "shape.border.color": "yellow",
        "shape.repeat.image": "assets/ie.png"
      }
    },
    {
      "c": "ht.Node",
      "i": 309,
      "p": {
        "name": "hexagon",
        "position": {
          "x": 550,
          "y": 150
        },
        "width": 60,
        "height": 40
      },
      "s": {
        "shape": "hexagon",
        "shape.border.width": 1,
        "shape.border.color": "yellow",
        "shape.repeat.image": "assets/ie.png"
      }
    },
    {
      "c": "ht.Node",
      "i": 310,
      "p": {
        "name": "pentagon",
        "position": {
          "x": 630,
          "y": 150
        },
        "width": 60,
        "height": 40
      },
      "s": {
        "shape": "pentagon",
        "shape.border.width": 1,
        "shape.border.color": "yellow",
        "shape.repeat.image": "assets/ie.png"
      }
    },
    {
      "c": "ht.Node",
      "i": 311,
      "p": {
        "name": "diamond",
        "position": {
          "x": 710,
          "y": 150
        },
        "width": 60,
        "height": 40
      },
      "s": {
        "shape": "diamond",
        "shape.border.width": 1,
        "shape.border.color": "yellow",
        "shape.repeat.image": "assets/ie.png"
      }
    },
    {
      "c": "ht.Node",
      "i": 312,
      "p": {
        "name": "rightTriangle",
        "position": {
          "x": 790,
          "y": 150
        },
        "width": 60,
        "height": 40
      },
      "s": {
        "shape": "rightTriangle",
        "shape.border.width": 1,
        "shape.border.color": "yellow",
        "shape.repeat.image": "assets/ie.png"
      }
    },
    {
      "c": "ht.Node",
      "i": 313,
      "p": {
        "name": "parallelogram",
        "position": {
          "x": 870,
          "y": 150
        },
        "width": 60,
        "height": 40
      },
      "s": {
        "shape": "parallelogram",
        "shape.border.width": 1,
        "shape.border.color": "yellow",
        "shape.repeat.image": "assets/ie.png"
      }
    },
    {
      "c": "ht.Node",
      "i": 314,
      "p": {
        "name": "trapezoid",
        "position": {
          "x": 950,
          "y": 150
        },
        "width": 60,
        "height": 40
      },
      "s": {
        "shape": "trapezoid",
        "shape.border.width": 1,
        "shape.border.color": "yellow",
        "shape.repeat.image": "assets/ie.png"
      }
    },
    {
      "c": "ht.Node",
      "i": 315,
      "p": {
        "name": "rect",
        "position": {
          "x": 70,
          "y": 250
        },
        "width": 60,
        "height": 40
      },
      "s": {
        "shape": "rect",
        "shape.background": null,
        "shape.border.width": 5,
        "shape.border.3d": true
      }
    },
    {
      "c": "ht.Node",
      "i": 316,
      "p": {
        "name": "circle",
        "position": {
          "x": 150,
          "y": 250
        },
        "width": 60,
        "height": 40
      },
      "s": {
        "shape": "circle",
        "shape.background": null,
        "shape.border.width": 5,
        "shape.border.3d": true
      }
    },
    {
      "c": "ht.Node",
      "i": 317,
      "p": {
        "name": "oval",
        "position": {
          "x": 230,
          "y": 250
        },
        "width": 60,
        "height": 40
      },
      "s": {
        "shape": "oval",
        "shape.background": null,
        "shape.border.width": 5,
        "shape.border.3d": true
      }
    },
    {
      "c": "ht.Node",
      "i": 318,
      "p": {
        "name": "roundRect",
        "position": {
          "x": 310,
          "y": 250
        },
        "width": 60,
        "height": 40
      },
      "s": {
        "shape": "roundRect",
        "shape.background": null,
        "shape.border.width": 5,
        "shape.border.3d": true
      }
    },
    {
      "c": "ht.Node",
      "i": 319,
      "p": {
        "name": "star",
        "position": {
          "x": 390,
          "y": 250
        },
        "width": 60,
        "height": 40
      },
      "s": {
        "shape": "star",
        "shape.background": null,
        "shape.border.width": 5,
        "shape.border.3d": true
      }
    },
    {
      "c": "ht.Node",
      "i": 320,
      "p": {
        "name": "triangle",
        "position": {
          "x": 470,
          "y": 250
        },
        "width": 60,
        "height": 40
      },
      "s": {
        "shape": "triangle",
        "shape.background": null,
        "shape.border.width": 5,
        "shape.border.3d": true
      }
    },
    {
      "c": "ht.Node",
      "i": 321,
      "p": {
        "name": "hexagon",
        "position": {
          "x": 550,
          "y": 250
        },
        "width": 60,
        "height": 40
      },
      "s": {
        "shape": "hexagon",
        "shape.background": null,
        "shape.border.width": 5,
        "shape.border.3d": true
      }
    },
    {
      "c": "ht.Node",
      "i": 322,
      "p": {
        "name": "pentagon",
        "position": {
          "x": 630,
          "y": 250
        },
        "width": 60,
        "height": 40
      },
      "s": {
        "shape": "pentagon",
        "shape.background": null,
        "shape.border.width": 5,
        "shape.border.3d": true
      }
    },
    {
      "c": "ht.Node",
      "i": 323,
      "p": {
        "name": "diamond",
        "position": {
          "x": 710,
          "y": 250
        },
        "width": 60,
        "height": 40
      },
      "s": {
        "shape": "diamond",
        "shape.background": null,
        "shape.border.width": 5,
        "shape.border.3d": true
      }
    },
    {
      "c": "ht.Node",
      "i": 324,
      "p": {
        "name": "rightTriangle",
        "position": {
          "x": 790,
          "y": 250
        },
        "width": 60,
        "height": 40
      },
      "s": {
        "shape": "rightTriangle",
        "shape.background": null,
        "shape.border.width": 5,
        "shape.border.3d": true
      }
    },
    {
      "c": "ht.Node",
      "i": 325,
      "p": {
        "name": "parallelogram",
        "position": {
          "x": 870,
          "y": 250
        },
        "width": 60,
        "height": 40
      },
      "s": {
        "shape": "parallelogram",
        "shape.background": null,
        "shape.border.width": 5,
        "shape.border.3d": true
      }
    },
    {
      "c": "ht.Node",
      "i": 326,
      "p": {
        "name": "trapezoid",
        "position": {
          "x": 950,
          "y": 250
        },
        "width": 60,
        "height": 40
      },
      "s": {
        "shape": "trapezoid",
        "shape.background": null,
        "shape.border.width": 5,
        "shape.border.3d": true
      }
    },
    {
      "c": "ht.Node",
      "i": 327,
      "p": {
        "name": "rect",
        "position": {
          "x": 70,
          "y": 350
        },
        "width": 60,
        "height": 40
      },
      "s": {
        "shape": "rect",
        "shape.background": null,
        "shape.border.width": 1,
        "shape.border.pattern": [
          5,
          5
        ]
      }
    },
    {
      "c": "ht.Node",
      "i": 328,
      "p": {
        "name": "circle",
        "position": {
          "x": 150,
          "y": 350
        },
        "width": 60,
        "height": 40
      },
      "s": {
        "shape": "circle",
        "shape.background": null,
        "shape.border.width": 1,
        "shape.border.pattern": [
          5,
          5
        ]
      }
    },
    {
      "c": "ht.Node",
      "i": 329,
      "p": {
        "name": "oval",
        "position": {
          "x": 230,
          "y": 350
        },
        "width": 60,
        "height": 40
      },
      "s": {
        "shape": "oval",
        "shape.background": null,
        "shape.border.width": 1,
        "shape.border.pattern": [
          5,
          5
        ]
      }
    },
    {
      "c": "ht.Node",
      "i": 330,
      "p": {
        "name": "roundRect",
        "position": {
          "x": 310,
          "y": 350
        },
        "width": 60,
        "height": 40
      },
      "s": {
        "shape": "roundRect",
        "shape.background": null,
        "shape.border.width": 1,
        "shape.border.pattern": [
          5,
          5
        ]
      }
    },
    {
      "c": "ht.Node",
      "i": 331,
      "p": {
        "name": "star",
        "position": {
          "x": 390,
          "y": 350
        },
        "width": 60,
        "height": 40
      },
      "s": {
        "shape": "star",
        "shape.background": null,
        "shape.border.width": 1,
        "shape.border.pattern": [
          5,
          5
        ]
      }
    },
    {
      "c": "ht.Node",
      "i": 332,
      "p": {
        "name": "triangle",
        "position": {
          "x": 470,
          "y": 350
        },
        "width": 60,
        "height": 40
      },
      "s": {
        "shape": "triangle",
        "shape.background": null,
        "shape.border.width": 1,
        "shape.border.pattern": [
          5,
          5
        ]
      }
    },
    {
      "c": "ht.Node",
      "i": 333,
      "p": {
        "name": "hexagon",
        "position": {
          "x": 550,
          "y": 350
        },
        "width": 60,
        "height": 40
      },
      "s": {
        "shape": "hexagon",
        "shape.background": null,
        "shape.border.width": 1,
        "shape.border.pattern": [
          5,
          5
        ]
      }
    },
    {
      "c": "ht.Node",
      "i": 334,
      "p": {
        "name": "pentagon",
        "position": {
          "x": 630,
          "y": 350
        },
        "width": 60,
        "height": 40
      },
      "s": {
        "shape": "pentagon",
        "shape.background": null,
        "shape.border.width": 1,
        "shape.border.pattern": [
          5,
          5
        ]
      }
    },
    {
      "c": "ht.Node",
      "i": 335,
      "p": {
        "name": "diamond",
        "position": {
          "x": 710,
          "y": 350
        },
        "width": 60,
        "height": 40
      },
      "s": {
        "shape": "diamond",
        "shape.background": null,
        "shape.border.width": 1,
        "shape.border.pattern": [
          5,
          5
        ]
      }
    },
    {
      "c": "ht.Node",
      "i": 336,
      "p": {
        "name": "rightTriangle",
        "position": {
          "x": 790,
          "y": 350
        },
        "width": 60,
        "height": 40
      },
      "s": {
        "shape": "rightTriangle",
        "shape.background": null,
        "shape.border.width": 1,
        "shape.border.pattern": [
          5,
          5
        ]
      }
    },
    {
      "c": "ht.Node",
      "i": 337,
      "p": {
        "name": "parallelogram",
        "position": {
          "x": 870,
          "y": 350
        },
        "width": 60,
        "height": 40
      },
      "s": {
        "shape": "parallelogram",
        "shape.background": null,
        "shape.border.width": 1,
        "shape.border.pattern": [
          5,
          5
        ]
      }
    },
    {
      "c": "ht.Node",
      "i": 338,
      "p": {
        "name": "trapezoid",
        "position": {
          "x": 950,
          "y": 350
        },
        "width": 60,
        "height": 40
      },
      "s": {
        "shape": "trapezoid",
        "shape.background": null,
        "shape.border.width": 1,
        "shape.border.pattern": [
          5,
          5
        ]
      }
    },
    {
      "c": "ht.Node",
      "i": 339,
      "p": {
        "name": "rect",
        "position": {
          "x": 70,
          "y": 450
        },
        "width": 60,
        "height": 40
      },
      "s": {
        "shape": "rect",
        "shape.background": null,
        "shape.border.width": 6,
        "shape.dash": true,
        "shape.dash.3d": true,
        "shape.dash.pattern": [
          5
        ],
        "shape.dash.color": "red",
        "shape.dash.width": 4
      }
    },
    {
      "c": "ht.Node",
      "i": 340,
      "p": {
        "name": "circle",
        "position": {
          "x": 150,
          "y": 450
        },
        "width": 60,
        "height": 40
      },
      "s": {
        "shape": "circle",
        "shape.background": null,
        "shape.border.width": 6,
        "shape.dash": true,
        "shape.dash.3d": true,
        "shape.dash.pattern": [
          5
        ],
        "shape.dash.color": "red",
        "shape.dash.width": 4
      }
    },
    {
      "c": "ht.Node",
      "i": 341,
      "p": {
        "name": "oval",
        "position": {
          "x": 230,
          "y": 450
        },
        "width": 60,
        "height": 40
      },
      "s": {
        "shape": "oval",
        "shape.background": null,
        "shape.border.width": 6,
        "shape.dash": true,
        "shape.dash.3d": true,
        "shape.dash.pattern": [
          5
        ],
        "shape.dash.color": "red",
        "shape.dash.width": 4
      }
    },
    {
      "c": "ht.Node",
      "i": 342,
      "p": {
        "name": "roundRect",
        "position": {
          "x": 310,
          "y": 450
        },
        "width": 60,
        "height": 40
      },
      "s": {
        "shape": "roundRect",
        "shape.background": null,
        "shape.border.width": 6,
        "shape.dash": true,
        "shape.dash.3d": true,
        "shape.dash.pattern": [
          5
        ],
        "shape.dash.color": "red",
        "shape.dash.width": 4
      }
    },
    {
      "c": "ht.Node",
      "i": 343,
      "p": {
        "name": "star",
        "position": {
          "x": 390,
          "y": 450
        },
        "width": 60,
        "height": 40
      },
      "s": {
        "shape": "star",
        "shape.background": null,
        "shape.border.width": 6,
        "shape.dash": true,
        "shape.dash.3d": true,
        "shape.dash.pattern": [
          5
        ],
        "shape.dash.color": "red",
        "shape.dash.width": 4
      }
    },
    {
      "c": "ht.Node",
      "i": 344,
      "p": {
        "name": "triangle",
        "position": {
          "x": 470,
          "y": 450
        },
        "width": 60,
        "height": 40
      },
      "s": {
        "shape": "triangle",
        "shape.background": null,
        "shape.border.width": 6,
        "shape.dash": true,
        "shape.dash.3d": true,
        "shape.dash.pattern": [
          5
        ],
        "shape.dash.color": "red",
        "shape.dash.width": 4
      }
    },
    {
      "c": "ht.Node",
      "i": 345,
      "p": {
        "name": "hexagon",
        "position": {
          "x": 550,
          "y": 450
        },
        "width": 60,
        "height": 40
      },
      "s": {
        "shape": "hexagon",
        "shape.background": null,
        "shape.border.width": 6,
        "shape.dash": true,
        "shape.dash.3d": true,
        "shape.dash.pattern": [
          5
        ],
        "shape.dash.color": "red",
        "shape.dash.width": 4
      }
    },
    {
      "c": "ht.Node",
      "i": 346,
      "p": {
        "name": "pentagon",
        "position": {
          "x": 630,
          "y": 450
        },
        "width": 60,
        "height": 40
      },
      "s": {
        "shape": "pentagon",
        "shape.background": null,
        "shape.border.width": 6,
        "shape.dash": true,
        "shape.dash.3d": true,
        "shape.dash.pattern": [
          5
        ],
        "shape.dash.color": "red",
        "shape.dash.width": 4
      }
    },
    {
      "c": "ht.Node",
      "i": 347,
      "p": {
        "name": "diamond",
        "position": {
          "x": 710,
          "y": 450
        },
        "width": 60,
        "height": 40
      },
      "s": {
        "shape": "diamond",
        "shape.background": null,
        "shape.border.width": 6,
        "shape.dash": true,
        "shape.dash.3d": true,
        "shape.dash.pattern": [
          5
        ],
        "shape.dash.color": "red",
        "shape.dash.width": 4
      }
    },
    {
      "c": "ht.Node",
      "i": 348,
      "p": {
        "name": "rightTriangle",
        "position": {
          "x": 790,
          "y": 450
        },
        "width": 60,
        "height": 40
      },
      "s": {
        "shape": "rightTriangle",
        "shape.background": null,
        "shape.border.width": 6,
        "shape.dash": true,
        "shape.dash.3d": true,
        "shape.dash.pattern": [
          5
        ],
        "shape.dash.color": "red",
        "shape.dash.width": 4
      }
    },
    {
      "c": "ht.Node",
      "i": 349,
      "p": {
        "name": "parallelogram",
        "position": {
          "x": 870,
          "y": 450
        },
        "width": 60,
        "height": 40
      },
      "s": {
        "shape": "parallelogram",
        "shape.background": null,
        "shape.border.width": 6,
        "shape.dash": true,
        "shape.dash.3d": true,
        "shape.dash.pattern": [
          5
        ],
        "shape.dash.color": "red",
        "shape.dash.width": 4
      }
    },
    {
      "c": "ht.Node",
      "i": 350,
      "p": {
        "name": "trapezoid",
        "position": {
          "x": 950,
          "y": 450
        },
        "width": 60,
        "height": 40
      },
      "s": {
        "shape": "trapezoid",
        "shape.background": null,
        "shape.border.width": 6,
        "shape.dash": true,
        "shape.dash.3d": true,
        "shape.dash.pattern": [
          5
        ],
        "shape.dash.color": "red",
        "shape.dash.width": 4
      }
    },
    {
      "c": "ht.Node",
      "i": 351,
      "p": {
        "name": "Pology 3",
        "position": {
          "x": 70,
          "y": 550
        },
        "width": 60,
        "height": 40
      },
      "s": {
        "shape": "polygon",
        "shape.polygon.side": 3,
        "shape.border.width": 6,
        "shape.dash": true,
        "shape.dash.3d": true,
        "shape.dash.pattern": [
          5
        ],
        "shape.dash.color": "red",
        "shape.dash.width": 4,
        "shape.gradient": "linear.south",
        "shape.background": "yellow"
      }
    },
    {
      "c": "ht.Node",
      "i": 352,
      "p": {
        "name": "Pology 4",
        "position": {
          "x": 150,
          "y": 550
        },
        "width": 60,
        "height": 40
      },
      "s": {
        "shape": "polygon",
        "shape.polygon.side": 4,
        "shape.border.width": 6,
        "shape.dash": true,
        "shape.dash.3d": true,
        "shape.dash.pattern": [
          5
        ],
        "shape.dash.color": "red",
        "shape.dash.width": 4,
        "shape.gradient": "linear.south",
        "shape.background": "yellow"
      }
    },
    {
      "c": "ht.Node",
      "i": 353,
      "p": {
        "name": "Pology 5",
        "position": {
          "x": 230,
          "y": 550
        },
        "width": 60,
        "height": 40
      },
      "s": {
        "shape": "polygon",
        "shape.polygon.side": 5,
        "shape.border.width": 6,
        "shape.dash": true,
        "shape.dash.3d": true,
        "shape.dash.pattern": [
          5
        ],
        "shape.dash.color": "red",
        "shape.dash.width": 4,
        "shape.gradient": "linear.south",
        "shape.background": "yellow"
      }
    },
    {
      "c": "ht.Node",
      "i": 354,
      "p": {
        "name": "Pology 6",
        "position": {
          "x": 310,
          "y": 550
        },
        "width": 60,
        "height": 40
      },
      "s": {
        "shape": "polygon",
        "shape.border.width": 6,
        "shape.dash": true,
        "shape.dash.3d": true,
        "shape.dash.pattern": [
          5
        ],
        "shape.dash.color": "red",
        "shape.dash.width": 4,
        "shape.gradient": "linear.south",
        "shape.background": "yellow"
      }
    },
    {
      "c": "ht.Node",
      "i": 355,
      "p": {
        "name": "Pology 7",
        "position": {
          "x": 390,
          "y": 550
        },
        "width": 60,
        "height": 40
      },
      "s": {
        "shape": "polygon",
        "shape.polygon.side": 7,
        "shape.border.width": 6,
        "shape.dash": true,
        "shape.dash.3d": true,
        "shape.dash.pattern": [
          5
        ],
        "shape.dash.color": "red",
        "shape.dash.width": 4,
        "shape.gradient": "linear.south",
        "shape.background": "yellow"
      }
    },
    {
      "c": "ht.Node",
      "i": 356,
      "p": {
        "name": "Pology 8",
        "position": {
          "x": 470,
          "y": 550
        },
        "width": 60,
        "height": 40
      },
      "s": {
        "shape": "polygon",
        "shape.polygon.side": 8,
        "shape.border.width": 6,
        "shape.dash": true,
        "shape.dash.3d": true,
        "shape.dash.pattern": [
          5
        ],
        "shape.dash.color": "red",
        "shape.dash.width": 4,
        "shape.gradient": "linear.south",
        "shape.background": "yellow"
      }
    },
    {
      "c": "ht.Node",
      "i": 357,
      "p": {
        "name": "Pology 9",
        "position": {
          "x": 550,
          "y": 550
        },
        "width": 60,
        "height": 40
      },
      "s": {
        "shape": "polygon",
        "shape.polygon.side": 9,
        "shape.border.width": 6,
        "shape.dash": true,
        "shape.dash.3d": true,
        "shape.dash.pattern": [
          5
        ],
        "shape.dash.color": "red",
        "shape.dash.width": 4,
        "shape.gradient": "linear.south",
        "shape.background": "yellow"
      }
    },
    {
      "c": "ht.Node",
      "i": 358,
      "p": {
        "name": "Pology 10",
        "position": {
          "x": 630,
          "y": 550
        },
        "width": 60,
        "height": 40
      },
      "s": {
        "shape": "polygon",
        "shape.polygon.side": 10,
        "shape.border.width": 6,
        "shape.dash": true,
        "shape.dash.3d": true,
        "shape.dash.pattern": [
          5
        ],
        "shape.dash.color": "red",
        "shape.dash.width": 4,
        "shape.gradient": "linear.south",
        "shape.background": "yellow"
      }
    },
    {
      "c": "ht.Node",
      "i": 359,
      "p": {
        "name": "Pology 11",
        "position": {
          "x": 710,
          "y": 550
        },
        "width": 60,
        "height": 40
      },
      "s": {
        "shape": "polygon",
        "shape.polygon.side": 11,
        "shape.border.width": 6,
        "shape.dash": true,
        "shape.dash.3d": true,
        "shape.dash.pattern": [
          5
        ],
        "shape.dash.color": "red",
        "shape.dash.width": 4,
        "shape.gradient": "linear.south",
        "shape.background": "yellow"
      }
    },
    {
      "c": "ht.Node",
      "i": 360,
      "p": {
        "name": "Pology 12",
        "position": {
          "x": 790,
          "y": 550
        },
        "width": 60,
        "height": 40
      },
      "s": {
        "shape": "polygon",
        "shape.polygon.side": 12,
        "shape.border.width": 6,
        "shape.dash": true,
        "shape.dash.3d": true,
        "shape.dash.pattern": [
          5
        ],
        "shape.dash.color": "red",
        "shape.dash.width": 4,
        "shape.gradient": "linear.south",
        "shape.background": "yellow"
      }
    },
    {
      "c": "ht.Node",
      "i": 361,
      "p": {
        "name": "Pology 13",
        "position": {
          "x": 870,
          "y": 550
        },
        "width": 60,
        "height": 40
      },
      "s": {
        "shape": "polygon",
        "shape.polygon.side": 13,
        "shape.border.width": 6,
        "shape.dash": true,
        "shape.dash.3d": true,
        "shape.dash.pattern": [
          5
        ],
        "shape.dash.color": "red",
        "shape.dash.width": 4,
        "shape.gradient": "linear.south",
        "shape.background": "yellow"
      }
    },
    {
      "c": "ht.Node",
      "i": 362,
      "p": {
        "name": "Pology 14",
        "position": {
          "x": 950,
          "y": 550
        },
        "width": 60,
        "height": 40
      },
      "s": {
        "shape": "polygon",
        "shape.polygon.side": 14,
        "shape.border.width": 6,
        "shape.dash": true,
        "shape.dash.3d": true,
        "shape.dash.pattern": [
          5
        ],
        "shape.dash.color": "red",
        "shape.dash.width": 4,
        "shape.gradient": "linear.south",
        "shape.background": "yellow"
      }
    },
    {
      "c": "ht.Node",
      "i": 363,
      "p": {
        "name": "Arc 30",
        "position": {
          "x": 150,
          "y": 650
        },
        "width": 60,
        "height": 40
      },
      "s": {
        "shape": "arc",
        "shape.arc.from": 0.52,
        "shape.border.width": 4,
        "shape.dash": true,
        "shape.dash.3d": true,
        "shape.dash.pattern": [
          5
        ],
        "shape.dash.color": "red",
        "shape.gradient": "linear.south",
        "shape.repeat.image": "assets/ie.png"
      }
    },
    {
      "c": "ht.Node",
      "i": 364,
      "p": {
        "name": "Arc 60",
        "position": {
          "x": 230,
          "y": 650
        },
        "width": 60,
        "height": 40
      },
      "s": {
        "shape": "arc",
        "shape.arc.from": 1.05,
        "shape.border.width": 4,
        "shape.dash": true,
        "shape.dash.3d": true,
        "shape.dash.pattern": [
          5
        ],
        "shape.dash.color": "red",
        "shape.gradient": "linear.south",
        "shape.repeat.image": "assets/ie.png"
      }
    },
    {
      "c": "ht.Node",
      "i": 365,
      "p": {
        "name": "Arc 90",
        "position": {
          "x": 310,
          "y": 650
        },
        "width": 60,
        "height": 40
      },
      "s": {
        "shape": "arc",
        "shape.arc.from": 1.57,
        "shape.border.width": 4,
        "shape.dash": true,
        "shape.dash.3d": true,
        "shape.dash.pattern": [
          5
        ],
        "shape.dash.color": "red",
        "shape.gradient": "linear.south",
        "shape.repeat.image": "assets/ie.png"
      }
    },
    {
      "c": "ht.Node",
      "i": 367,
      "p": {
        "name": "Arc 150",
        "position": {
          "x": 470,
          "y": 650
        },
        "width": 60,
        "height": 40
      },
      "s": {
        "shape": "arc",
        "shape.arc.from": 2.62,
        "shape.border.width": 4,
        "shape.dash": true,
        "shape.dash.3d": true,
        "shape.dash.pattern": [
          5
        ],
        "shape.dash.color": "red",
        "shape.gradient": "linear.south",
        "shape.repeat.image": "assets/ie.png"
      }
    },
    {
      "c": "ht.Node",
      "i": 368,
      "p": {
        "name": "Arc 180",
        "position": {
          "x": 550,
          "y": 650
        },
        "width": 60,
        "height": 40
      },
      "s": {
        "shape": "arc",
        "shape.border.width": 4,
        "shape.dash": true,
        "shape.dash.3d": true,
        "shape.dash.pattern": [
          5
        ],
        "shape.dash.color": "red",
        "shape.gradient": "linear.south",
        "shape.repeat.image": "assets/ie.png"
      }
    },
    {
      "c": "ht.Node",
      "i": 369,
      "p": {
        "name": "Arc 210",
        "position": {
          "x": 630,
          "y": 650
        },
        "width": 60,
        "height": 40
      },
      "s": {
        "shape": "arc",
        "shape.arc.from": 3.67,
        "shape.border.width": 4,
        "shape.dash": true,
        "shape.dash.3d": true,
        "shape.dash.pattern": [
          5
        ],
        "shape.dash.color": "red",
        "shape.gradient": "linear.south",
        "shape.repeat.image": "assets/ie.png"
      }
    },
    {
      "c": "ht.Node",
      "i": 370,
      "p": {
        "name": "Arc 240",
        "position": {
          "x": 710,
          "y": 650
        },
        "width": 60,
        "height": 40
      },
      "s": {
        "shape": "arc",
        "shape.arc.from": 4.19,
        "shape.border.width": 4,
        "shape.dash": true,
        "shape.dash.3d": true,
        "shape.dash.pattern": [
          5
        ],
        "shape.dash.color": "red",
        "shape.gradient": "linear.south",
        "shape.repeat.image": "assets/ie.png"
      }
    },
    {
      "c": "ht.Node",
      "i": 371,
      "p": {
        "name": "Arc 270",
        "position": {
          "x": 790,
          "y": 650
        },
        "width": 60,
        "height": 40
      },
      "s": {
        "shape": "arc",
        "shape.arc.from": 4.71,
        "shape.border.width": 4,
        "shape.dash": true,
        "shape.dash.3d": true,
        "shape.dash.pattern": [
          5
        ],
        "shape.dash.color": "red",
        "shape.gradient": "linear.south",
        "shape.repeat.image": "assets/ie.png"
      }
    },
    {
      "c": "ht.Node",
      "i": 372,
      "p": {
        "name": "Arc 0",
        "position": {
          "x": 70,
          "y": 750
        },
        "width": 60,
        "height": 40
      },
      "s": {
        "shape": "arc",
        "shape.arc.oval": true,
        "shape.arc.from": 0,
        "shape.arc.close": false,
        "shape.background": null,
        "shape.border.width": 4,
        "shape.dash": true,
        "shape.dash.3d": true,
        "shape.dash.pattern": [
          5
        ],
        "shape.dash.color": "red"
      }
    },
    {
      "c": "ht.Node",
      "i": 373,
      "p": {
        "name": "Arc 30",
        "position": {
          "x": 150,
          "y": 750
        },
        "width": 60,
        "height": 40
      },
      "s": {
        "shape": "arc",
        "shape.arc.oval": true,
        "shape.arc.from": 0,
        "shape.arc.to": 5.76,
        "shape.arc.close": false,
        "shape.background": null,
        "shape.border.width": 4,
        "shape.dash": true,
        "shape.dash.3d": true,
        "shape.dash.pattern": [
          5
        ],
        "shape.dash.color": "red"
      }
    },
    {
      "c": "ht.Node",
      "i": 374,
      "p": {
        "name": "Arc 60",
        "position": {
          "x": 230,
          "y": 750
        },
        "width": 60,
        "height": 40
      },
      "s": {
        "shape": "arc",
        "shape.arc.oval": true,
        "shape.arc.from": 0,
        "shape.arc.to": 5.24,
        "shape.arc.close": false,
        "shape.background": null,
        "shape.border.width": 4,
        "shape.dash": true,
        "shape.dash.3d": true,
        "shape.dash.pattern": [
          5
        ],
        "shape.dash.color": "red"
      }
    },
    {
      "c": "ht.Node",
      "i": 375,
      "p": {
        "name": "Arc 90",
        "position": {
          "x": 310,
          "y": 750
        },
        "width": 60,
        "height": 40
      },
      "s": {
        "shape": "arc",
        "shape.arc.oval": true,
        "shape.arc.from": 0,
        "shape.arc.to": 4.71,
        "shape.arc.close": false,
        "shape.background": null,
        "shape.border.width": 4,
        "shape.dash": true,
        "shape.dash.3d": true,
        "shape.dash.pattern": [
          5
        ],
        "shape.dash.color": "red"
      }
    },
    {
      "c": "ht.Node",
      "i": 376,
      "p": {
        "name": "Arc 120",
        "position": {
          "x": 390,
          "y": 750
        },
        "width": 60,
        "height": 40
      },
      "s": {
        "shape": "arc",
        "shape.arc.oval": true,
        "shape.arc.from": 0,
        "shape.arc.to": 4.19,
        "shape.arc.close": false,
        "shape.background": null,
        "shape.border.width": 4,
        "shape.dash": true,
        "shape.dash.3d": true,
        "shape.dash.pattern": [
          5
        ],
        "shape.dash.color": "red"
      }
    },
    {
      "c": "ht.Node",
      "i": 377,
      "p": {
        "name": "Arc 150",
        "position": {
          "x": 470,
          "y": 750
        },
        "width": 60,
        "height": 40
      },
      "s": {
        "shape": "arc",
        "shape.arc.oval": true,
        "shape.arc.from": 0,
        "shape.arc.to": 3.67,
        "shape.arc.close": false,
        "shape.background": null,
        "shape.border.width": 4,
        "shape.dash": true,
        "shape.dash.3d": true,
        "shape.dash.pattern": [
          5
        ],
        "shape.dash.color": "red"
      }
    },
    {
      "c": "ht.Node",
      "i": 378,
      "p": {
        "name": "Arc 180",
        "position": {
          "x": 550,
          "y": 750
        },
        "width": 60,
        "height": 40
      },
      "s": {
        "shape": "arc",
        "shape.arc.oval": true,
        "shape.arc.from": 0,
        "shape.arc.to": 3.14,
        "shape.arc.close": false,
        "shape.background": null,
        "shape.border.width": 4,
        "shape.dash": true,
        "shape.dash.3d": true,
        "shape.dash.pattern": [
          5
        ],
        "shape.dash.color": "red"
      }
    },
    {
      "c": "ht.Node",
      "i": 379,
      "p": {
        "name": "Arc 210",
        "position": {
          "x": 630,
          "y": 750
        },
        "width": 60,
        "height": 40
      },
      "s": {
        "shape": "arc",
        "shape.arc.oval": true,
        "shape.arc.from": 0,
        "shape.arc.to": 2.62,
        "shape.arc.close": false,
        "shape.background": null,
        "shape.border.width": 4,
        "shape.dash": true,
        "shape.dash.3d": true,
        "shape.dash.pattern": [
          5
        ],
        "shape.dash.color": "red"
      }
    },
    {
      "c": "ht.Node",
      "i": 380,
      "p": {
        "name": "Arc 240",
        "position": {
          "x": 710,
          "y": 750
        },
        "width": 60,
        "height": 40
      },
      "s": {
        "shape": "arc",
        "shape.arc.oval": true,
        "shape.arc.from": 0,
        "shape.arc.to": 2.09,
        "shape.arc.close": false,
        "shape.background": null,
        "shape.border.width": 4,
        "shape.dash": true,
        "shape.dash.3d": true,
        "shape.dash.pattern": [
          5
        ],
        "shape.dash.color": "red"
      }
    },
    {
      "c": "ht.Node",
      "i": 381,
      "p": {
        "name": "Arc 270",
        "position": {
          "x": 790,
          "y": 750
        },
        "width": 60,
        "height": 40
      },
      "s": {
        "shape": "arc",
        "shape.arc.oval": true,
        "shape.arc.from": 0,
        "shape.arc.to": 1.57,
        "shape.arc.close": false,
        "shape.background": null,
        "shape.border.width": 4,
        "shape.dash": true,
        "shape.dash.3d": true,
        "shape.dash.pattern": [
          5
        ],
        "shape.dash.color": "red"
      }
    },
    {
      "c": "ht.Node",
      "i": 382,
      "p": {
        "name": "rect",
        "position": {
          "x": 70,
          "y": 150
        },
        "width": 60,
        "height": 40
      },
      "s": {
        "shape": "rect",
        "shape.border.width": 1,
        "shape.border.color": "yellow",
        "shape.repeat.image": "assets/ie.png"
      }
    },
    {
      "c": "ht.Node",
      "i": 383,
      "p": {
        "name": "Arc 0",
        "position": {
          "x": 70,
          "y": 650
        },
        "width": 60,
        "height": 40
      },
      "s": {
        "shape": "arc",
        "shape.arc.from": 0,
        "shape.border.width": 4,
        "shape.dash": true,
        "shape.dash.3d": true,
        "shape.dash.pattern": [
          5
        ],
        "shape.dash.color": "red",
        "shape.gradient": "linear.south",
        "shape.repeat.image": "assets/ie.png"
      }
    },
    {
      "c": "ht.Node",
      "i": 366,
      "p": {
        "name": "Arc 120",
        "position": {
          "x": 390,
          "y": 650
        },
        "width": 60,
        "height": 40
      },
      "s": {
        "shape": "arc",
        "shape.arc.from": 2.09,
        "shape.border.width": 4,
        "shape.dash": true,
        "shape.dash.3d": true,
        "shape.dash.pattern": [
          5
        ],
        "shape.dash.color": "red",
        "shape.gradient": "linear.south",
        "shape.repeat.image": "assets/ie.png"
      }
    },
    {
      "c": "ht.Node",
      "i": 405,
      "p": {
        "image": "symbols/basic/basic.json",
        "position": {
          "x": 414.2864957212346,
          "y": 970.8959393263602
        }
      }
    }
  ]
}