{
  "background": "rgb(102,101,101)",
  "width": 80,
  "height": 128,
  "comps": [
    {
      "type": "shape",
      "background": "#939598",
      "shadowColor": "#1ABC9C",
      "points": [
        56.2,
        125.98528,
        56.2,
        116.97074,
        49.9,
        116.97074,
        49.9,
        125.98528,
        49.9,
        126.48896,
        50.2,
        126.8919,
        50.8,
        127.29485,
        52,
        128,
        54,
        128,
        55.3,
        127.29485,
        55.9,
        126.8919,
        56.2,
        126.48896,
        56.2,
        125.98528,
        56.2,
        125.98528,
        56.2,
        125.98528
      ],
      "segments": [
        1,
        2,
        2,
        2,
        4,
        4,
        4,
        2,
        2
      ]
    },
    {
      "type": "shape",
      "background": "#7d7d7d",
      "shadowColor": "#1ABC9C",
      "points": [
        67,
        99.3,
        38.7,
        99.3,
        48.3,
        121.5,
        48.3,
        121.5,
        48.5,
        122,
        48.9,
        122.5,
        49.6,
        122.9,
        51.4,
        123.9,
        54.3,
        123.9,
        56.1,
        122.9,
        56.8,
        122.5,
        57.2,
        122,
        57.4,
        121.5,
        57.4,
        121.5,
        67,
        99.3,
        67,
        99.3,
        67,
        99.3
      ],
      "segments": [
        1,
        2,
        2,
        2,
        4,
        4,
        4,
        2,
        2,
        2,
        2
      ]
    },
    {
      "type": "shape",
      "background": "#939598",
      "shadowColor": "#1ABC9C",
      "points": [
        67.2,
        97.7,
        67.2,
        86.5,
        38.4,
        86.5,
        38.4,
        97.7,
        38.4,
        99.8,
        39.8,
        102,
        42.6,
        103.6,
        48.2,
        106.8,
        57.4,
        106.8,
        63,
        103.6,
        65.8,
        102,
        67.2,
        99.8,
        67.2,
        97.7,
        67.2,
        97.7,
        67.2,
        97.7
      ],
      "segments": [
        1,
        2,
        2,
        2,
        4,
        4,
        4,
        2,
        2
      ]
    },
    {
      "type": "shape",
      "background": "#bcbec2",
      "shadowColor": "#1ABC9C",
      "points": [
        63,
        92.4,
        57.4,
        95.7,
        48.2,
        95.7,
        42.6,
        92.4,
        37,
        89.2,
        37,
        83.9,
        42.6,
        80.6,
        48.2,
        77.4,
        57.4,
        77.4,
        63,
        80.6,
        68.6,
        83.9,
        68.6,
        89.2,
        63,
        92.4,
        63,
        92.4,
        63,
        92.4
      ],
      "segments": [
        1,
        4,
        4,
        4,
        4,
        2,
        2
      ]
    },
    {
      "type": "shape",
      "background": "#939598",
      "shadowColor": "#1ABC9C",
      "points": [
        60.8,
        86.1,
        60.8,
        83.5,
        59.5,
        83.5,
        59.2,
        83.3,
        58.9,
        83,
        58.5,
        82.8,
        55.4,
        81,
        50.3,
        81,
        47.2,
        82.8,
        46.8,
        83,
        46.5,
        83.3,
        46.2,
        83.5,
        44.9,
        83.5,
        44.9,
        86.1,
        44.9,
        87.3,
        45.7,
        88.5,
        47.2,
        89.4,
        50.3,
        91.2,
        55.4,
        91.2,
        58.5,
        89.4,
        60,
        88.5,
        60.8,
        87.3,
        60.8,
        86.1,
        60.8,
        86.1,
        60.8,
        86.1
      ],
      "segments": [
        1,
        2,
        2,
        4,
        4,
        4,
        2,
        2,
        4,
        4,
        4,
        2,
        2
      ]
    },
    {
      "type": "shape",
      "background": "#bcbec2",
      "shadowColor": "#1ABC9C",
      "points": [
        58.5,
        86.8,
        55.4,
        88.6,
        50.3,
        88.6,
        47.2,
        86.8,
        44.1,
        85,
        44.1,
        82.1,
        47.2,
        80.3,
        50.3,
        78.5,
        55.4,
        78.5,
        58.5,
        80.3,
        61.6,
        82.1,
        61.6,
        85,
        58.5,
        86.8,
        58.5,
        86.8,
        58.5,
        86.8
      ],
      "segments": [
        1,
        4,
        4,
        4,
        4,
        2,
        2
      ]
    },
    {
      "type": "shape",
      "background": "#ff9d26",
      "shadowColor": "#1ABC9C",
      "points": [
        52.8,
        91.1,
        40.5,
        84,
        52.8,
        76.9,
        65.2,
        84,
        52.8,
        91.1,
        52.8,
        91.1,
        52.8,
        91.1
      ]
    },
    {
      "type": "shape",
      "background": "#ba6000",
      "shadowColor": "#1ABC9C",
      "points": [
        65.2,
        86.3,
        52.8,
        93.4,
        52.8,
        91.1,
        65.2,
        84,
        65.2,
        86.3,
        65.2,
        86.3,
        65.2,
        86.3
      ]
    },
    {
      "type": "shape",
      "background": "#ff8400",
      "shadowColor": "#1ABC9C",
      "points": [
        52.8,
        93.4,
        40.5,
        86.3,
        40.5,
        84,
        52.8,
        91.1,
        52.8,
        93.4,
        52.8,
        93.4,
        52.8,
        93.4
      ]
    },
    {
      "type": "shape",
      "background": "#bcbec2",
      "shadowColor": "#1ABC9C",
      "points": [
        52.8,
        77.9,
        42.5,
        71.9,
        52.8,
        66,
        63.2,
        71.9,
        52.8,
        77.9,
        52.8,
        77.9,
        52.8,
        77.9
      ]
    },
    {
      "type": "shape",
      "background": "#7d7d7d",
      "shadowColor": "#1ABC9C",
      "points": [
        63.2,
        83.9,
        52.8,
        89.9,
        52.8,
        77.9,
        63.2,
        71.9,
        63.2,
        83.9,
        63.2,
        83.9,
        63.2,
        83.9
      ]
    },
    {
      "type": "shape",
      "background": "#939598",
      "shadowColor": "#1ABC9C",
      "points": [
        52.8,
        89.9,
        42.5,
        83.9,
        42.5,
        71.9,
        52.8,
        77.9,
        52.8,
        89.9,
        52.8,
        89.9,
        52.8,
        89.9
      ]
    },
    {
      "type": "shape",
      "background": "#ff8400",
      "shadowColor": "#1ABC9C",
      "points": [
        57.1,
        72,
        57.1,
        70.8,
        56.4,
        70.8,
        56.2,
        70.7,
        56.1,
        70.5,
        55.9,
        70.4,
        54.2,
        69.4,
        51.6,
        69.4,
        49.9,
        70.4,
        49.7,
        70.5,
        49.5,
        70.6,
        49.4,
        70.8,
        48.7,
        70.8,
        48.7,
        72,
        48.7,
        72.6,
        49.1,
        73.3,
        49.9,
        73.7,
        51.6,
        74.7,
        54.2,
        74.7,
        55.9,
        73.7,
        56.7,
        73.3,
        57.1,
        72.6,
        57.1,
        72,
        57.1,
        72,
        57.1,
        72
      ],
      "segments": [
        1,
        2,
        2,
        4,
        4,
        4,
        2,
        2,
        4,
        4,
        4,
        2,
        2
      ]
    },
    {
      "type": "shape",
      "background": "#ff9d26",
      "shadowColor": "#1ABC9C",
      "points": [
        55.8,
        72.6,
        54.1,
        73.6,
        51.5,
        73.6,
        49.8,
        72.6,
        48.1,
        71.6,
        48.1,
        70.1,
        49.8,
        69.1,
        51.5,
        68.1,
        54.1,
        68.1,
        55.8,
        69.1,
        57.5,
        70,
        57.5,
        71.6,
        55.8,
        72.6,
        55.8,
        72.6,
        55.8,
        72.6
      ],
      "segments": [
        1,
        4,
        4,
        4,
        4,
        2,
        2
      ]
    },
    {
      "type": "shape",
      "background": "#6d6e71",
      "shadowColor": "#1ABC9C",
      "points": [
        56.1,
        70.6,
        56.1,
        64,
        49.6,
        64,
        49.6,
        70.6,
        49.6,
        71.1,
        49.9,
        71.6,
        50.6,
        71.9,
        51.9,
        72.6,
        53.9,
        72.6,
        55.2,
        71.9,
        55.8,
        71.6,
        56.1,
        71.1,
        56.1,
        70.6,
        56.1,
        70.6,
        56.1,
        70.6
      ],
      "segments": [
        1,
        2,
        2,
        2,
        4,
        4,
        4,
        2,
        2
      ]
    },
    {
      "type": "shape",
      "background": "#24d2c1",
      "shadowColor": "#1ABC9C",
      "points": [
        55.1,
        65.3,
        53.8,
        66,
        51.8,
        66,
        50.5,
        65.3,
        49.2,
        64.6,
        49.2,
        63.4,
        50.5,
        62.6,
        51.8,
        61.9,
        53.8,
        61.9,
        55.1,
        62.6,
        56.4,
        63.4,
        56.4,
        64.6,
        55.1,
        65.3,
        55.1,
        65.3,
        55.1,
        65.3
      ],
      "segments": [
        1,
        4,
        4,
        4,
        4,
        2,
        2
      ]
    },
    {
      "type": "shape",
      "background": "#939598",
      "shadowColor": "#1ABC9C",
      "points": [
        52.8,
        59.5,
        27.5,
        44.8,
        52.8,
        30.2,
        52.8,
        59.5,
        52.8,
        59.5,
        52.8,
        59.5
      ]
    },
    {
      "type": "shape",
      "background": "#bcbec2",
      "shadowColor": "#1ABC9C",
      "points": [
        52.8,
        30.2,
        78.2,
        44.8,
        52.8,
        59.5,
        52.8,
        30.2,
        52.8,
        30.2,
        52.8,
        30.2
      ]
    },
    {
      "type": "shape",
      "background": "#24d2c1",
      "shadowColor": "#1ABC9C",
      "points": [
        52.8,
        70.2,
        42.4,
        64.1,
        52.8,
        58.1,
        63.2,
        64.1,
        52.8,
        70.2,
        52.8,
        70.2,
        52.8,
        70.2
      ]
    },
    {
      "type": "shape",
      "background": "#ff9d26",
      "shadowColor": "#1ABC9C",
      "points": [
        35.6,
        52.4,
        35.6,
        52.4,
        40.1,
        39.1,
        52.8,
        39.1,
        66.4,
        39.1,
        70.3,
        53.5,
        70.3,
        53.5,
        52.8,
        65.5,
        35.6,
        52.4,
        35.6,
        52.4,
        35.6,
        52.4
      ],
      "segments": [
        1,
        4,
        4,
        2,
        2,
        2,
        2
      ]
    },
    {
      "type": "shape",
      "background": "#ff8400",
      "shadowColor": "#1ABC9C",
      "points": [
        55.5,
        54.5,
        55.5,
        54.8,
        55.2,
        55.1,
        54.9,
        55.1,
        54.6,
        55.1,
        54.3,
        54.8,
        54.3,
        54.5,
        54.3,
        54.2,
        54.6,
        53.9,
        54.9,
        53.9,
        55.3,
        53.9,
        55.5,
        54.2,
        55.5,
        54.5,
        55.5,
        54.5,
        55.5,
        54.5
      ],
      "segments": [
        1,
        4,
        4,
        4,
        4,
        2,
        2
      ]
    },
    {
      "type": "shape",
      "background": "#ff8400",
      "shadowColor": "#1ABC9C",
      "points": [
        50.4,
        49.5,
        50.4,
        49.7,
        50.2,
        49.9,
        50,
        49.9,
        49.8,
        49.9,
        49.6,
        49.7,
        49.6,
        49.5,
        49.6,
        49.3,
        49.8,
        49.1,
        50,
        49.1,
        50.2,
        49.1,
        50.4,
        49.3,
        50.4,
        49.5,
        50.4,
        49.5,
        50.4,
        49.5
      ],
      "segments": [
        1,
        4,
        4,
        4,
        4,
        2,
        2
      ]
    },
    {
      "type": "shape",
      "background": "#ff8400",
      "shadowColor": "#1ABC9C",
      "points": [
        56.3,
        47.1,
        56.3,
        47.3,
        56.1,
        47.5,
        55.9,
        47.5,
        55.7,
        47.5,
        55.5,
        47.3,
        55.5,
        47.1,
        55.5,
        46.9,
        55.7,
        46.7,
        55.9,
        46.7,
        56.2,
        46.7,
        56.3,
        46.9,
        56.3,
        47.1,
        56.3,
        47.1,
        56.3,
        47.1
      ],
      "segments": [
        1,
        4,
        4,
        4,
        4,
        2,
        2
      ]
    },
    {
      "type": "shape",
      "background": "#ba6000",
      "shadowColor": "#1ABC9C",
      "points": [
        52.1,
        56.6,
        52.1,
        56.8,
        51.9,
        57,
        51.7,
        57,
        51.5,
        57,
        51.3,
        56.8,
        51.3,
        56.6,
        51.3,
        56.4,
        51.5,
        56.2,
        51.7,
        56.2,
        51.9,
        56.2,
        52.1,
        56.4,
        52.1,
        56.6,
        52.1,
        56.6,
        52.1,
        56.6
      ],
      "segments": [
        1,
        4,
        4,
        4,
        4,
        2,
        2
      ]
    },
    {
      "type": "shape",
      "background": "#ba6000",
      "shadowColor": "#1ABC9C",
      "points": [
        55,
        51.2,
        55,
        51.6,
        54.7,
        51.8,
        54.4,
        51.8,
        54,
        51.8,
        53.8,
        51.5,
        53.8,
        51.2,
        53.8,
        50.8,
        54.1,
        50.6,
        54.4,
        50.6,
        54.7,
        50.6,
        55,
        50.9,
        55,
        51.2,
        55,
        51.2,
        55,
        51.2
      ],
      "segments": [
        1,
        4,
        4,
        4,
        4,
        2,
        2
      ]
    },
    {
      "type": "shape",
      "background": "#ba6000",
      "shadowColor": "#1ABC9C",
      "points": [
        52.5,
        46.7,
        52.5,
        47,
        52.3,
        47.2,
        52,
        47.2,
        51.7,
        47.2,
        51.5,
        47,
        51.5,
        46.7,
        51.5,
        46.4,
        51.7,
        46.2,
        52,
        46.2,
        52.2,
        46.2,
        52.5,
        46.4,
        52.5,
        46.7,
        52.5,
        46.7,
        52.5,
        46.7
      ],
      "segments": [
        1,
        4,
        4,
        4,
        4,
        2,
        2
      ]
    },
    {
      "type": "shape",
      "background": "#ff8400",
      "shadowColor": "#1ABC9C",
      "points": [
        58.5,
        42.8,
        58.8,
        43,
        58.8,
        43.4,
        58.7,
        43.5,
        58.5,
        43.7,
        58.2,
        43.6,
        57.9,
        43.4,
        57.6,
        43.2,
        57.6,
        42.8,
        57.7,
        42.7,
        57.9,
        42.5,
        58.3,
        42.5,
        58.5,
        42.8,
        58.5,
        42.8,
        58.5,
        42.8
      ],
      "segments": [
        1,
        4,
        4,
        4,
        4,
        2,
        2
      ]
    },
    {
      "type": "shape",
      "background": "#ff8400",
      "shadowColor": "#1ABC9C",
      "points": [
        59.5,
        52.3,
        59.8,
        52.5,
        59.8,
        52.9,
        59.7,
        53,
        59.5,
        53.2,
        59.2,
        53.1,
        58.9,
        52.9,
        58.6,
        52.7,
        58.6,
        52.3,
        58.7,
        52.2,
        58.9,
        52.1,
        59.2,
        52.1,
        59.5,
        52.3,
        59.5,
        52.3,
        59.5,
        52.3
      ],
      "segments": [
        1,
        4,
        4,
        4,
        4,
        2,
        2
      ]
    },
    {
      "type": "shape",
      "background": "#ff8400",
      "shadowColor": "#1ABC9C",
      "points": [
        62.4,
        43.8,
        62.6,
        43.9,
        62.6,
        44.1,
        62.5,
        44.3,
        62.4,
        44.4,
        62.2,
        44.4,
        62,
        44.2,
        61.8,
        44.1,
        61.8,
        43.9,
        61.9,
        43.7,
        62,
        43.7,
        62.2,
        43.7,
        62.4,
        43.8,
        62.4,
        43.8,
        62.4,
        43.8
      ],
      "segments": [
        1,
        4,
        4,
        4,
        4,
        2,
        2
      ]
    },
    {
      "type": "shape",
      "background": "#ff8400",
      "shadowColor": "#1ABC9C",
      "points": [
        56,
        40.7,
        56.2,
        40.8,
        56.3,
        41,
        56.3,
        41.1,
        56.2,
        41.2,
        56,
        41.3,
        55.8,
        41.2,
        55.6,
        41.1,
        55.5,
        40.9,
        55.5,
        40.8,
        55.6,
        40.7,
        55.8,
        40.6,
        56,
        40.7,
        56,
        40.7,
        56,
        40.7
      ],
      "segments": [
        1,
        4,
        4,
        4,
        4,
        2,
        2
      ]
    },
    {
      "type": "shape",
      "background": "#ff8400",
      "shadowColor": "#1ABC9C",
      "points": [
        45.9,
        41.8,
        45.7,
        41.9,
        45.7,
        42.1,
        45.8,
        42.3,
        45.9,
        42.4,
        46.1,
        42.4,
        46.3,
        42.2,
        46.5,
        42.1,
        46.5,
        41.9,
        46.4,
        41.7,
        46.3,
        41.6,
        46.1,
        41.6,
        45.9,
        41.8,
        45.9,
        41.8,
        45.9,
        41.8
      ],
      "segments": [
        1,
        4,
        4,
        4,
        4,
        2,
        2
      ]
    },
    {
      "type": "shape",
      "background": "#ff8400",
      "shadowColor": "#1ABC9C",
      "points": [
        41,
        48.1,
        40.8,
        48.3,
        40.7,
        48.6,
        40.9,
        48.7,
        41,
        48.8,
        41.3,
        48.8,
        41.5,
        48.6,
        41.7,
        48.4,
        41.8,
        48.1,
        41.6,
        48,
        41.5,
        47.9,
        41.2,
        47.9,
        41,
        48.1,
        41,
        48.1,
        41,
        48.1
      ],
      "segments": [
        1,
        4,
        4,
        4,
        4,
        2,
        2
      ]
    },
    {
      "type": "shape",
      "background": "#ff8400",
      "shadowColor": "#1ABC9C",
      "points": [
        44.8,
        46.6,
        44.6,
        46.8,
        44.5,
        47.1,
        44.7,
        47.2,
        44.8,
        47.3,
        45.1,
        47.3,
        45.3,
        47.1,
        45.5,
        46.9,
        45.6,
        46.6,
        45.4,
        46.5,
        45.3,
        46.4,
        45,
        46.4,
        44.8,
        46.6,
        44.8,
        46.6,
        44.8,
        46.6
      ],
      "segments": [
        1,
        4,
        4,
        4,
        4,
        2,
        2
      ]
    },
    {
      "type": "shape",
      "background": "#ff8400",
      "shadowColor": "#1ABC9C",
      "points": [
        47.1,
        52.9,
        46.9,
        53.1,
        46.8,
        53.4,
        47,
        53.5,
        47.1,
        53.6,
        47.4,
        53.6,
        47.6,
        53.4,
        47.8,
        53.2,
        47.9,
        52.9,
        47.7,
        52.8,
        47.6,
        52.7,
        47.3,
        52.8,
        47.1,
        52.9,
        47.1,
        52.9,
        47.1,
        52.9
      ],
      "segments": [
        1,
        4,
        4,
        4,
        4,
        2,
        2
      ]
    },
    {
      "type": "shape",
      "background": "#ba6000",
      "shadowColor": "#1ABC9C",
      "points": [
        41.5,
        51.2,
        41.3,
        51.4,
        41.2,
        51.7,
        41.4,
        51.8,
        41.5,
        51.9,
        41.8,
        51.9,
        42,
        51.7,
        42.2,
        51.5,
        42.3,
        51.2,
        42.1,
        51.1,
        42,
        50.9,
        41.7,
        51,
        41.5,
        51.2,
        41.5,
        51.2,
        41.5,
        51.2
      ],
      "segments": [
        1,
        4,
        4,
        4,
        4,
        2,
        2
      ]
    },
    {
      "type": "shape",
      "background": "#ba6000",
      "shadowColor": "#1ABC9C",
      "points": [
        43.7,
        44.3,
        43.6,
        44.4,
        43.5,
        44.6,
        43.6,
        44.7,
        43.7,
        44.8,
        43.8,
        44.8,
        44,
        44.7,
        44.1,
        44.6,
        44.2,
        44.4,
        44.1,
        44.3,
        44,
        44.2,
        43.8,
        44.2,
        43.7,
        44.3,
        43.7,
        44.3,
        43.7,
        44.3
      ],
      "segments": [
        1,
        4,
        4,
        4,
        4,
        2,
        2
      ]
    },
    {
      "type": "shape",
      "background": "#ba6000",
      "shadowColor": "#1ABC9C",
      "points": [
        48.4,
        41.4,
        48.2,
        41.5,
        48.1,
        41.6,
        48.2,
        41.7,
        48.2,
        41.8,
        48.4,
        41.9,
        48.6,
        41.8,
        48.8,
        41.7,
        48.9,
        41.6,
        48.8,
        41.5,
        48.7,
        41.4,
        48.6,
        41.4,
        48.4,
        41.4,
        48.4,
        41.4,
        48.4,
        41.4
      ],
      "segments": [
        1,
        4,
        4,
        4,
        4,
        2,
        2
      ]
    },
    {
      "type": "shape",
      "background": "#ba6000",
      "shadowColor": "#1ABC9C",
      "points": [
        47.8,
        44.8,
        47.6,
        44.9,
        47.5,
        45.1,
        47.5,
        45.2,
        47.6,
        45.3,
        47.8,
        45.4,
        48,
        45.3,
        48.2,
        45.2,
        48.3,
        45,
        48.3,
        44.9,
        48.2,
        44.8,
        48,
        44.7,
        47.8,
        44.8,
        47.8,
        44.8,
        47.8,
        44.8
      ],
      "segments": [
        1,
        4,
        4,
        4,
        4,
        2,
        2
      ]
    },
    {
      "type": "shape",
      "background": "#ba6000",
      "shadowColor": "#1ABC9C",
      "points": [
        45.2,
        50.8,
        45,
        51,
        45,
        51.3,
        45.2,
        51.4,
        45.4,
        51.5,
        45.6,
        51.4,
        45.8,
        51.2,
        46,
        51,
        46,
        50.7,
        45.8,
        50.6,
        45.7,
        50.5,
        45.4,
        50.5,
        45.2,
        50.8,
        45.2,
        50.8,
        45.2,
        50.8
      ],
      "segments": [
        1,
        4,
        4,
        4,
        4,
        2,
        2
      ]
    },
    {
      "type": "shape",
      "background": "#ba6000",
      "shadowColor": "#1ABC9C",
      "points": [
        60.2,
        49.9,
        60.4,
        50.1,
        60.4,
        50.4,
        60.2,
        50.5,
        60,
        50.6,
        59.8,
        50.5,
        59.6,
        50.3,
        59.4,
        50.1,
        59.4,
        49.8,
        59.6,
        49.7,
        59.8,
        49.6,
        60,
        49.7,
        60.2,
        49.9,
        60.2,
        49.9,
        60.2,
        49.9
      ],
      "segments": [
        1,
        4,
        4,
        4,
        4,
        2,
        2
      ]
    },
    {
      "type": "shape",
      "background": "#ba6000",
      "shadowColor": "#1ABC9C",
      "points": [
        61.2,
        46.2,
        61.3,
        46.4,
        61.3,
        46.5,
        61.2,
        46.6,
        61.1,
        46.7,
        60.9,
        46.6,
        60.8,
        46.5,
        60.7,
        46.3,
        60.7,
        46.2,
        60.8,
        46.1,
        60.9,
        46,
        61,
        46.1,
        61.2,
        46.2,
        61.2,
        46.2,
        61.2,
        46.2
      ],
      "segments": [
        1,
        4,
        4,
        4,
        4,
        2,
        2
      ]
    },
    {
      "type": "shape",
      "background": "#ba6000",
      "shadowColor": "#1ABC9C",
      "points": [
        54.4,
        42.5,
        54.6,
        42.5,
        54.7,
        42.6,
        54.7,
        42.8,
        54.7,
        42.9,
        54.5,
        43,
        54.3,
        43,
        54.1,
        43,
        53.9,
        42.9,
        54,
        42.7,
        54,
        42.5,
        54.2,
        42.4,
        54.4,
        42.5,
        54.4,
        42.5,
        54.4,
        42.5
      ],
      "segments": [
        1,
        4,
        4,
        4,
        4,
        2,
        2
      ]
    },
    {
      "type": "shape",
      "background": "#ba6000",
      "shadowColor": "#1ABC9C",
      "points": [
        57.1,
        44.6,
        57.2,
        44.7,
        57.2,
        44.8,
        57.2,
        44.9,
        57.1,
        45,
        57,
        44.9,
        56.9,
        44.9,
        56.8,
        44.8,
        56.8,
        44.7,
        56.8,
        44.6,
        56.9,
        44.5,
        57,
        44.6,
        57.1,
        44.6,
        57.1,
        44.6,
        57.1,
        44.6
      ],
      "segments": [
        1,
        4,
        4,
        4,
        4,
        2,
        2
      ]
    },
    {
      "type": "shape",
      "background": "#ba6000",
      "shadowColor": "#1ABC9C",
      "points": [
        52.7,
        39.8,
        52.8,
        39.8,
        52.9,
        39.9,
        52.9,
        40,
        52.9,
        40.1,
        52.8,
        40.2,
        52.6,
        40.1,
        52.5,
        40.1,
        52.4,
        40,
        52.4,
        39.9,
        52.5,
        39.8,
        52.6,
        39.8,
        52.7,
        39.8,
        52.7,
        39.8,
        52.7,
        39.8
      ],
      "segments": [
        1,
        4,
        4,
        4,
        4,
        2,
        2
      ]
    },
    {
      "type": "shape",
      "background": "#ba6000",
      "shadowColor": "#1ABC9C",
      "points": [
        65.6,
        48.6,
        65.8,
        48.8,
        65.8,
        49,
        65.7,
        49.1,
        65.6,
        49.2,
        65.3,
        49.2,
        65.2,
        49,
        65,
        48.8,
        65,
        48.6,
        65.1,
        48.5,
        65.2,
        48.4,
        65.4,
        48.4,
        65.6,
        48.6,
        65.6,
        48.6,
        65.6,
        48.6
      ],
      "segments": [
        1,
        4,
        4,
        4,
        4,
        2,
        2
      ]
    },
    {
      "type": "shape",
      "background": "#ff8400",
      "shadowColor": "#1ABC9C",
      "points": [
        51,
        42.4,
        50.8,
        42.6,
        50.7,
        42.9,
        50.9,
        43,
        51,
        43.1,
        51.3,
        43.1,
        51.5,
        42.9,
        51.7,
        42.7,
        51.8,
        42.4,
        51.6,
        42.3,
        51.5,
        42.2,
        51.2,
        42.3,
        51,
        42.4,
        51,
        42.4,
        51,
        42.4
      ],
      "segments": [
        1,
        4,
        4,
        4,
        4,
        2,
        2
      ]
    },
    {
      "type": "shape",
      "background": "#ff8400",
      "shadowColor": "#1ABC9C",
      "points": [
        63.7,
        49.2,
        63.9,
        49.3,
        63.9,
        49.5,
        63.8,
        49.7,
        63.7,
        49.8,
        63.5,
        49.8,
        63.3,
        49.6,
        63.1,
        49.5,
        63.1,
        49.3,
        63.2,
        49.1,
        63.4,
        49,
        63.6,
        49,
        63.7,
        49.2,
        63.7,
        49.2,
        63.7,
        49.2
      ],
      "segments": [
        1,
        4,
        4,
        4,
        4,
        2,
        2
      ]
    },
    {
      "type": "shape",
      "background": "#bcbec2",
      "shadowColor": "#1ABC9C",
      "points": [
        52.8,
        70.3,
        42.3,
        64.2,
        27.5,
        44.8,
        52.8,
        59.5,
        52.8,
        70.3,
        52.8,
        70.3,
        52.8,
        70.3
      ]
    },
    {
      "type": "shape",
      "background": "#7d7d7d",
      "shadowColor": "#1ABC9C",
      "points": [
        52.8,
        70.3,
        63.4,
        64.2,
        78.2,
        44.8,
        52.8,
        59.5,
        52.8,
        70.3,
        52.8,
        70.3,
        52.8,
        70.3
      ]
    },
    {
      "type": "shape",
      "background": "#ff9d26",
      "shadowColor": "#1ABC9C",
      "points": [
        59.5,
        79.2,
        60.3,
        79.7,
        58.2,
        83.4,
        57.4,
        82.9,
        57.1,
        82.7,
        57,
        82.4,
        57,
        81.9,
        57,
        80.9,
        57.7,
        79.8,
        58.5,
        79.3,
        58.8,
        79,
        59.2,
        79,
        59.5,
        79.2,
        59.5,
        79.2,
        59.5,
        79.2
      ],
      "segments": [
        1,
        2,
        2,
        2,
        4,
        4,
        4,
        2,
        2
      ]
    },
    {
      "type": "shape",
      "background": "#ff8400",
      "shadowColor": "#1ABC9C",
      "points": [
        59.3,
        79.8,
        58.5,
        80.3,
        57.8,
        81.5,
        57.8,
        82.4,
        57.8,
        83.4,
        58.5,
        83.8,
        59.3,
        83.3,
        60.1,
        82.8,
        60.8,
        81.6,
        60.8,
        80.7,
        60.8,
        79.7,
        60.1,
        79.3,
        59.3,
        79.8,
        59.3,
        79.8,
        59.3,
        79.8
      ],
      "segments": [
        1,
        4,
        4,
        4,
        4,
        2,
        2
      ]
    },
    {
      "type": "shape",
      "background": "#939598",
      "shadowColor": "#1ABC9C",
      "points": [
        70.1,
        76.8,
        68.8,
        77.6,
        67.4,
        77.8,
        66.1,
        78,
        63.8,
        78.4,
        61.6,
        78.8,
        59.3,
        81.7,
        59.2,
        81.8,
        59.7,
        82.3,
        59.6,
        82.4,
        59,
        82.1,
        58.5,
        81.6,
        61.3,
        77.9,
        64,
        77.4,
        66.4,
        77,
        68.7,
        76.6,
        70.6,
        76.2,
        72.5,
        73.6,
        73.1,
        73.9,
        72.7,
        75.2,
        71.1,
        76.2,
        70.1,
        76.8,
        70.1,
        76.8,
        70.1,
        76.8
      ],
      "segments": [
        1,
        4,
        4,
        4,
        2,
        2,
        4,
        4,
        2,
        4,
        2,
        2
      ]
    },
    {
      "type": "shape",
      "background": "#7d7d7d",
      "shadowColor": "#1ABC9C",
      "points": [
        70.7,
        77.1,
        69.4,
        77.9,
        68,
        78.1,
        66.7,
        78.3,
        64.3,
        78.7,
        62,
        79.1,
        59.6,
        82.4,
        59.1,
        81.9,
        61.9,
        78.2,
        64.6,
        77.7,
        67,
        77.3,
        69.3,
        76.9,
        71.2,
        76.5,
        73.1,
        73.9,
        73.6,
        74.4,
        72.6,
        75.7,
        71.7,
        76.5,
        70.7,
        77.1,
        70.7,
        77.1,
        70.7,
        77.1
      ],
      "segments": [
        1,
        4,
        4,
        2,
        4,
        4,
        2,
        4,
        2,
        2
      ]
    },
    {
      "type": "shape",
      "background": "#232323",
      "shadowColor": "#1ABC9C",
      "points": [
        59.7,
        81.4,
        59.5,
        81.5,
        59.4,
        81.7,
        59.4,
        81.9,
        59.4,
        82.1,
        59.5,
        82.2,
        59.7,
        82.1,
        59.9,
        82,
        60,
        81.8,
        60,
        81.6,
        60,
        81.4,
        59.8,
        81.3,
        59.7,
        81.4,
        59.7,
        81.4,
        59.7,
        81.4
      ],
      "segments": [
        1,
        4,
        4,
        4,
        4,
        2,
        2
      ]
    },
    {
      "type": "shape",
      "background": "#ff9d26",
      "shadowColor": "#1ABC9C",
      "points": [
        73.2,
        74.3,
        77.7,
        76.9,
        77.7,
        77,
        77.7,
        77.1,
        77.7,
        77.3,
        77.6,
        77.5,
        77.4,
        77.6,
        77.3,
        77.6,
        77.3,
        77.7,
        72.8,
        75.1,
        72.7,
        75.1,
        72.7,
        75,
        72.7,
        74.9,
        72.7,
        74.7,
        72.8,
        74.5,
        73,
        74.4,
        73.2,
        74.3,
        73.2,
        74.3,
        73.2,
        74.3
      ],
      "segments": [
        1,
        2,
        2,
        2,
        4,
        2,
        2,
        2,
        4,
        4,
        2,
        2,
        2
      ]
    },
    {
      "type": "shape",
      "background": "#f5f5f5",
      "shadowColor": "#1ABC9C",
      "points": [
        0,
        46,
        1.2,
        45.3,
        1.2,
        41.6,
        0.2,
        42.2,
        0.2,
        41.3,
        0.8,
        40.8,
        1.2,
        40.4,
        1.6,
        39.9,
        2.5,
        39.4,
        2.5,
        44.6,
        3.5,
        44,
        3.5,
        45.2,
        0,
        47.2,
        0,
        46,
        0,
        46,
        0,
        46
      ],
      "segments": [
        1,
        2,
        2,
        2,
        2,
        4,
        2,
        2,
        2,
        2,
        2,
        2,
        2,
        2
      ]
    },
    {
      "type": "shape",
      "background": "#f5f5f5",
      "shadowColor": "#1ABC9C",
      "points": [
        5.3,
        42.4,
        5.7,
        42.1,
        6.1,
        42.4,
        6.1,
        42.9,
        6.1,
        43.4,
        5.8,
        44,
        5.3,
        44.3,
        4.9,
        44.6,
        4.5,
        44.3,
        4.5,
        43.8,
        4.5,
        43.2,
        4.8,
        42.7,
        5.3,
        42.4,
        5.3,
        42.4,
        5.3,
        42.4
      ],
      "segments": [
        1,
        4,
        4,
        4,
        4,
        2,
        2
      ]
    },
    {
      "type": "shape",
      "background": "#f5f5f5",
      "shadowColor": "#1ABC9C",
      "points": [
        11.5,
        33.9,
        12.2,
        33.5,
        12.8,
        33.6,
        13.2,
        33.8,
        12.5,
        35.1,
        12.2,
        35,
        11.9,
        34.9,
        11.5,
        35.2,
        10.7,
        35.7,
        10.1,
        36.8,
        10.1,
        38.1,
        10.1,
        39.4,
        10.6,
        39.9,
        11.5,
        39.4,
        12,
        39.1,
        12.3,
        38.7,
        12.6,
        38.2,
        13.3,
        38.7,
        12.8,
        39.6,
        12.2,
        40.3,
        11.5,
        40.7,
        10,
        41.5,
        8.8,
        41.1,
        8.8,
        38.9,
        8.8,
        36.7,
        10,
        34.8,
        11.5,
        33.9,
        11.5,
        33.9,
        11.5,
        33.9
      ],
      "segments": [
        1,
        4,
        2,
        4,
        4,
        4,
        4,
        2,
        4,
        4,
        4,
        2,
        2
      ]
    },
    {
      "type": "shape",
      "background": "#f5f5f5",
      "shadowColor": "#1ABC9C",
      "points": [
        15.4,
        34.8,
        16.1,
        34.4,
        16.8,
        34,
        17.1,
        33.5,
        17.1,
        32.8,
        17.1,
        32.2,
        16.7,
        32.2,
        16.1,
        32.5,
        15.4,
        32.9,
        15.4,
        34.8,
        15.4,
        34.8,
        15.4,
        34.8,
        17.1,
        37.3,
        16,
        35.6,
        15.3,
        36,
        15.3,
        38.3,
        14,
        39,
        14,
        32.5,
        16,
        31.3,
        17.2,
        30.6,
        18.2,
        30.5,
        18.2,
        32.1,
        18.2,
        33.1,
        17.8,
        33.9,
        17.2,
        34.6,
        18.5,
        36.5,
        17.1,
        37.3,
        17.1,
        37.3,
        17.1,
        37.3
      ],
      "segments": [
        1,
        2,
        4,
        4,
        2,
        2,
        2,
        2,
        1,
        2,
        2,
        2,
        2,
        2,
        2,
        4,
        4,
        2,
        2,
        2,
        2
      ]
    },
    {
      "type": "shape",
      "background": "#f5f5f5",
      "shadowColor": "#1ABC9C",
      "points": [
        19.4,
        29.5,
        20.7,
        28.8,
        20.7,
        32.4,
        20.7,
        33.7,
        21,
        33.9,
        21.7,
        33.6,
        22.3,
        33.2,
        22.7,
        32.6,
        22.7,
        31.3,
        22.7,
        27.7,
        23.9,
        27,
        23.9,
        30.5,
        23.9,
        32.7,
        23.1,
        34.1,
        21.7,
        34.9,
        20.2,
        35.7,
        19.4,
        35.3,
        19.4,
        33.1,
        19.4,
        29.5,
        19.4,
        29.5,
        19.4,
        29.5
      ],
      "segments": [
        1,
        2,
        2,
        4,
        4,
        2,
        2,
        2,
        4,
        4,
        2,
        2,
        2
      ]
    },
    {
      "type": "shape",
      "background": "#f5f5f5",
      "shadowColor": "#1ABC9C",
      "points": [
        25.5,
        30.7,
        25.9,
        30.9,
        26.4,
        30.8,
        26.9,
        30.6,
        27.4,
        30.3,
        27.7,
        29.9,
        27.7,
        29.5,
        27.7,
        29.1,
        27.4,
        29.1,
        26.9,
        29.2,
        26.2,
        29.3,
        25.6,
        29.4,
        25.1,
        29.1,
        25.1,
        28.2,
        25.1,
        27.1,
        25.9,
        25.8,
        27.1,
        25.1,
        27.7,
        24.7,
        28.4,
        24.6,
        28.9,
        24.9,
        28.3,
        26.2,
        27.9,
        26.1,
        27.6,
        26.1,
        27.1,
        26.4,
        26.7,
        26.7,
        26.4,
        27,
        26.4,
        27.4,
        26.4,
        27.8,
        26.8,
        27.7,
        27.3,
        27.7,
        28,
        27.6,
        28.7,
        27.5,
        29.1,
        27.8,
        29.1,
        28.7,
        29.1,
        29.8,
        28.3,
        31.2,
        27,
        31.9,
        26.3,
        32.3,
        25.5,
        32.5,
        24.9,
        32.2,
        25.5,
        30.7,
        25.5,
        30.7,
        25.5,
        30.7
      ],
      "segments": [
        1,
        4,
        4,
        4,
        2,
        4,
        4,
        4,
        2,
        4,
        4,
        4,
        2,
        4,
        4,
        4,
        2,
        2,
        2
      ]
    },
    {
      "type": "shape",
      "background": "#f5f5f5",
      "shadowColor": "#1ABC9C",
      "points": [
        29.9,
        23.4,
        31.2,
        22.7,
        31.2,
        25.2,
        33.1,
        24,
        33.1,
        21.5,
        34.4,
        20.8,
        34.4,
        27.3,
        33.1,
        28.1,
        33.1,
        25.3,
        31.2,
        26.5,
        31.2,
        29.2,
        29.9,
        29.9,
        29.9,
        23.4,
        29.9,
        23.4,
        29.9,
        23.4
      ]
    },
    {
      "type": "shape",
      "background": "#f5f5f5",
      "shadowColor": "#1ABC9C",
      "points": [
        35.7,
        20,
        37,
        19.3,
        37,
        25.8,
        35.7,
        26.5,
        35.7,
        20,
        35.7,
        20,
        35.7,
        20
      ]
    },
    {
      "type": "shape",
      "background": "#f5f5f5",
      "shadowColor": "#1ABC9C",
      "points": [
        38.4,
        18.5,
        39.7,
        17.7,
        41.2,
        20.1,
        41.8,
        21.2,
        41.8,
        21.2,
        41.7,
        20.5,
        41.6,
        19.7,
        41.6,
        18.9,
        41.6,
        16.6,
        42.8,
        15.9,
        42.8,
        22.4,
        41.5,
        23.2,
        40,
        20.8,
        39.4,
        19.7,
        39.4,
        19.7,
        39.5,
        20.4,
        39.6,
        21.2,
        39.6,
        22,
        39.6,
        24.3,
        38.4,
        25,
        38.4,
        18.5,
        38.4,
        18.5,
        38.4,
        18.5
      ],
      "segments": [
        1,
        2,
        2,
        2,
        2,
        4,
        2,
        2,
        2,
        2,
        2,
        2,
        2,
        4,
        2,
        2,
        2,
        2,
        2
      ]
    },
    {
      "type": "shape",
      "background": "#f5f5f5",
      "shadowColor": "#1ABC9C",
      "points": [
        46.6,
        13.6,
        47.4,
        13.1,
        48,
        13.2,
        48.3,
        13.4,
        47.6,
        14.7,
        47.3,
        14.6,
        47.1,
        14.5,
        46.6,
        14.8,
        45.7,
        15.3,
        45.1,
        16.4,
        45.1,
        17.8,
        45.1,
        19.1,
        45.6,
        19.6,
        46.7,
        19,
        46.9,
        18.9,
        47.2,
        18.7,
        47.3,
        18.5,
        47.3,
        17.4,
        46.4,
        17.9,
        46.4,
        16.7,
        48.5,
        15.5,
        48.5,
        18.5,
        48.1,
        19.2,
        47.4,
        19.9,
        46.6,
        20.4,
        45.1,
        21.3,
        43.9,
        20.8,
        43.9,
        18.6,
        43.8,
        16.5,
        45.1,
        14.5,
        46.6,
        13.6,
        46.6,
        13.6,
        46.6,
        13.6
      ],
      "segments": [
        1,
        4,
        2,
        4,
        4,
        4,
        4,
        2,
        2,
        2,
        2,
        2,
        4,
        4,
        4,
        2,
        2
      ]
    },
    {
      "type": "shape",
      "background": "#f5f5f5",
      "shadowColor": "#1ABC9C",
      "points": [
        51.4,
        11,
        52.8,
        10.2,
        53.7,
        12.6,
        54,
        13.5,
        54,
        13.5,
        54.3,
        12.2,
        55.2,
        8.7,
        56.5,
        7.9,
        56.5,
        14.4,
        55.3,
        15.1,
        55.3,
        12.7,
        55.3,
        12.1,
        55.4,
        11.1,
        55.5,
        10.4,
        55.5,
        10.4,
        55,
        12.2,
        54.1,
        15.2,
        53.6,
        15.5,
        52.7,
        13.5,
        52.2,
        12.3,
        52.2,
        12.3,
        52.3,
        12.9,
        52.4,
        13.8,
        52.4,
        14.4,
        52.4,
        16.8,
        51.2,
        17.5,
        51.2,
        11,
        51.4,
        11,
        51.4,
        11
      ],
      "segments": [
        1,
        2,
        2,
        2,
        2,
        2,
        2,
        2,
        2,
        2,
        2,
        4,
        2,
        2,
        2,
        2,
        2,
        2,
        2,
        4,
        2,
        2,
        2,
        2,
        2
      ]
    },
    {
      "type": "shape",
      "background": "#f5f5f5",
      "shadowColor": "#1ABC9C",
      "points": [
        60.4,
        9.6,
        60.3,
        9.1,
        60.1,
        8.5,
        60,
        7.9,
        59.8,
        7.3,
        59.8,
        7.3,
        59.7,
        8.1,
        59.5,
        8.9,
        59.4,
        9.7,
        59.3,
        10.4,
        60.4,
        9.6,
        60.4,
        9.6,
        60.4,
        9.6,
        60.7,
        10.6,
        59,
        11.6,
        58.7,
        13.3,
        57.4,
        14,
        59.2,
        6.5,
        60.7,
        5.6,
        62.5,
        11.1,
        61,
        11.9,
        60.7,
        10.6,
        60.7,
        10.6,
        60.7,
        10.6
      ],
      "segments": [
        1,
        2,
        4,
        2,
        4,
        2,
        2,
        2,
        2,
        1,
        2,
        2,
        2,
        2,
        2,
        2,
        2,
        2,
        2,
        2
      ]
    },
    {
      "type": "shape",
      "background": "#f5f5f5",
      "shadowColor": "#1ABC9C",
      "points": [
        63,
        4.3,
        64.3,
        3.6,
        64.3,
        8.8,
        66.5,
        7.5,
        66.5,
        8.8,
        63,
        10.8,
        63,
        4.3,
        63,
        4.3,
        63,
        4.3
      ]
    },
    {
      "type": "shape",
      "background": "#f5f5f5",
      "shadowColor": "#1ABC9C",
      "points": [
        67.5,
        2.9,
        66,
        3.8,
        66,
        2.6,
        70.4,
        0,
        70.4,
        1.3,
        68.8,
        2.2,
        68.8,
        7.4,
        67.5,
        8.2,
        67.5,
        2.9,
        67.5,
        2.9,
        67.5,
        2.9
      ]
    }
  ]
}