{
  "background": "rgb(102,101,101)",
  "width": 150,
  "height": 204,
  "comps": [
    {
      "type": "shape",
      "background": "#1d3649",
      "shadowColor": "#1ABC9C",
      "points": [
        104.3,
        140,
        106.4,
        138.8,
        106.9,
        138.5,
        107.4,
        138.3,
        107.9,
        138.3,
        108,
        138.3,
        108,
        138.3,
        108.1,
        138.3,
        108.1,
        138.3,
        108,
        138.3,
        107.9,
        138.4,
        107.9,
        138.4,
        106.8,
        139.1,
        105.6,
        139.6,
        104.3,
        140
      ],
      "segments": [
        1,
        2,
        4,
        4,
        2,
        4,
        4
      ]
    },
    {
      "type": "shape",
      "background": "#bcbec2",
      "shadowColor": "#1ABC9C",
      "points": [
        108.7,
        130.7,
        108.3,
        129.4,
        107.2,
        128.1,
        105.5,
        127.1,
        101,
        124.5,
        93.6,
        124.5,
        89.1,
        127.1,
        87.3,
        128.1,
        86.3,
        129.4,
        85.9,
        130.7,
        85.7,
        130.7,
        85.7,
        131.8,
        85.7,
        133.5,
        86.8,
        135.2,
        89.1,
        136.5,
        93.6,
        139.1,
        101,
        139.1,
        105.5,
        136.5,
        107.8,
        135.2,
        108.9,
        133.5,
        108.9,
        131.8,
        108.9,
        130.7,
        108.7,
        130.7
      ],
      "segments": [
        1,
        4,
        4,
        4,
        2,
        2,
        4,
        4,
        4,
        2,
        2
      ]
    },
    {
      "type": "shape",
      "background": "#cccccc",
      "shadowColor": "#1ABC9C",
      "points": [
        105.5,
        135.4,
        101,
        138,
        93.6,
        138,
        89.1,
        135.4,
        84.6,
        132.8,
        84.6,
        128.5,
        89.1,
        125.9,
        93.6,
        123.3,
        101,
        123.3,
        105.5,
        125.9,
        110,
        128.6,
        110,
        132.8,
        105.5,
        135.4
      ],
      "segments": [
        1,
        4,
        4,
        4,
        4
      ]
    },
    {
      "type": "shape",
      "background": "#ffffff",
      "shadowColor": "#1ABC9C",
      "points": [
        89,
        135.4,
        86.7,
        134.1,
        85.6,
        132.4,
        85.6,
        130.7,
        85.6,
        129,
        86.7,
        127.3,
        89,
        126,
        89.1,
        126.4,
        81.7,
        130.1,
        89,
        135.4
      ],
      "segments": [
        1,
        4,
        4,
        4
      ]
    },
    {
      "type": "shape",
      "background": "#e31b25",
      "shadowColor": "#1ABC9C",
      "points": [
        83.4,
        80.4,
        83.4,
        129.4,
        83.4,
        131.4,
        84.7,
        133.5,
        87.5,
        135,
        92.9,
        138.1,
        101.7,
        138.1,
        107.1,
        135,
        109.8,
        133.5,
        111.2,
        131.4,
        111.2,
        129.4,
        111.2,
        80.4,
        83.4,
        80.4
      ],
      "segments": [
        1,
        2,
        4,
        4,
        4,
        2,
        2
      ]
    },
    {
      "type": "shape",
      "background": "#ff9d26",
      "shadowColor": "#1ABC9C",
      "points": [
        95.5,
        111,
        95.5,
        118.2,
        92.9,
        122.6,
        89.8,
        120.7,
        86.6,
        118.9,
        84.1,
        111.6,
        84.1,
        104.4,
        84.1,
        97.2,
        86.7,
        92.9,
        89.8,
        94.7,
        92.9,
        96.5,
        95.5,
        103.8,
        95.5,
        111,
        95.5,
        111,
        95.5,
        111
      ],
      "segments": [
        1,
        4,
        4,
        4,
        4,
        2,
        2
      ]
    },
    {
      "type": "shape",
      "background": "#ff3f4a",
      "shadowColor": "#1ABC9C",
      "points": [
        111.1,
        79.8,
        111,
        78,
        108.6,
        74.6,
        106.2,
        73.2,
        101.3,
        70.3,
        93.3,
        70.3,
        88.3,
        73.2,
        86,
        74.5,
        83.7,
        77.8,
        83.4,
        79.6,
        83.4,
        79.7,
        83.4,
        79.7,
        83.4,
        79.7,
        83.1,
        82,
        84.4,
        84.3,
        87.4,
        86,
        92.8,
        89.1,
        101.6,
        89.1,
        107,
        86,
        109.8,
        84.4,
        111.2,
        82.2,
        111,
        80,
        111.1,
        80,
        111.1,
        80,
        111.1,
        79.8,
        111.1,
        79.8,
        111.1,
        79.8
      ],
      "segments": [
        1,
        4,
        4,
        4,
        2,
        2,
        2,
        4,
        4,
        4,
        4,
        2,
        2
      ]
    },
    {
      "type": "shape",
      "background": "#ffffff",
      "shadowColor": "#1ABC9C",
      "points": [
        88.3,
        73.2,
        86,
        74.5,
        83.7,
        77.8,
        83.4,
        79.6,
        83.4,
        79.7,
        83.4,
        79.7,
        83.4,
        79.7,
        83.1,
        82,
        84.4,
        84.3,
        87.4,
        86,
        79.7,
        80.7,
        85.5,
        75.9,
        88.3,
        73.2,
        88.3,
        73.2,
        88.3,
        73.2
      ],
      "segments": [
        1,
        4,
        2,
        2,
        2,
        4,
        4,
        2,
        2
      ]
    },
    {
      "type": "shape",
      "background": "#bababa",
      "shadowColor": "#1ABC9C",
      "points": [
        108.7,
        76.4,
        108.3,
        75.1,
        107.2,
        73.8,
        105.5,
        72.8,
        101,
        70.2,
        93.6,
        70.2,
        89.1,
        72.8,
        87.3,
        73.8,
        86.3,
        75.1,
        85.9,
        76.4,
        85.7,
        76.4,
        85.7,
        77.5,
        85.7,
        79.2,
        86.8,
        80.9,
        89.1,
        82.2,
        93.6,
        84.8,
        101,
        84.8,
        105.5,
        82.2,
        107.8,
        80.9,
        108.9,
        79.2,
        108.9,
        77.5,
        108.9,
        76.4,
        108.7,
        76.4,
        108.7,
        76.4,
        108.7,
        76.4
      ],
      "segments": [
        1,
        4,
        4,
        4,
        2,
        2,
        4,
        4,
        4,
        2,
        2,
        2,
        2
      ]
    },
    {
      "type": "shape",
      "background": "#cccccc",
      "shadowColor": "#1ABC9C",
      "points": [
        105.5,
        81.2,
        101,
        83.8,
        93.6,
        83.8,
        89.1,
        81.2,
        84.6,
        78.6,
        84.6,
        74.3,
        89.1,
        71.7,
        93.6,
        69.1,
        101,
        69.1,
        105.5,
        71.7,
        110,
        74.3,
        110,
        78.6,
        105.5,
        81.2,
        105.5,
        81.2,
        105.5,
        81.2
      ],
      "segments": [
        1,
        4,
        4,
        4,
        4,
        2,
        2
      ]
    },
    {
      "type": "shape",
      "background": "#ffffff",
      "shadowColor": "#1ABC9C",
      "points": [
        89,
        81.2,
        86.7,
        79.9,
        85.6,
        78.2,
        85.6,
        76.5,
        85.6,
        74.8,
        86.7,
        73.1,
        89,
        71.8,
        89.1,
        72.1,
        81.7,
        75.8,
        89,
        81.2,
        89,
        81.2,
        89,
        81.2
      ],
      "segments": [
        1,
        4,
        4,
        4,
        2,
        2
      ]
    },
    {
      "type": "shape",
      "background": "#8f8f8f",
      "shadowColor": "#1ABC9C",
      "points": [
        107.7,
        76.8,
        107.6,
        75.4,
        106.6,
        74,
        104.7,
        72.9,
        100.6,
        70.5,
        94,
        70.5,
        90,
        72.9,
        88.1,
        74,
        87.1,
        75.4,
        87,
        76.8,
        86.8,
        75.1,
        87.8,
        73.5,
        90,
        72.2,
        94.1,
        69.9,
        100.7,
        69.9,
        104.7,
        72.2,
        106.9,
        73.4,
        107.9,
        75.1,
        107.7,
        76.8,
        107.7,
        76.8,
        107.7,
        76.8
      ],
      "segments": [
        1,
        4,
        4,
        4,
        4,
        4,
        4,
        2,
        2
      ]
    },
    {
      "type": "shape",
      "background": "#b3b3b3",
      "shadowColor": "#1ABC9C",
      "points": [
        107.7,
        76.8,
        107.6,
        78.2,
        106.6,
        79.6,
        104.7,
        80.7,
        100.6,
        83.1,
        94,
        83.1,
        90,
        80.7,
        88.1,
        79.6,
        87.1,
        78.2,
        87,
        76.8,
        87.1,
        75.4,
        88.2,
        74,
        90,
        72.9,
        94.1,
        70.5,
        100.7,
        70.5,
        104.7,
        72.9,
        106.6,
        74,
        107.6,
        75.3,
        107.7,
        76.8,
        107.7,
        76.8,
        107.7,
        76.8
      ],
      "segments": [
        1,
        4,
        4,
        4,
        4,
        4,
        4,
        2,
        2
      ]
    },
    {
      "type": "shape",
      "background": "#8f8f8f",
      "shadowColor": "#1ABC9C",
      "points": [
        104,
        74.9,
        104,
        74.9,
        104,
        74.4,
        103.8,
        74.4,
        103.7,
        74.3,
        103.6,
        74.3,
        103.5,
        74.2,
        101.5,
        73,
        100.7,
        72.5,
        99.4,
        72.6,
        98.8,
        73.1,
        95.5,
        75.8,
        95.5,
        75.8,
        95.2,
        75.8,
        95.2,
        76.3,
        95.2,
        76.3,
        95.2,
        76.4,
        95.2,
        76.5,
        95.3,
        76.6,
        95.4,
        76.7,
        95.5,
        76.9,
        95.7,
        77,
        96.3,
        77.3,
        96.9,
        77.7,
        97.9,
        77.7,
        98.6,
        77.4,
        103.3,
        75.5,
        103.6,
        75.4,
        103.8,
        75.2,
        104,
        75,
        104,
        75.1,
        104,
        75,
        104,
        74.9,
        104,
        74.9,
        104,
        74.9
      ],
      "segments": [
        1,
        2,
        2,
        2,
        4,
        2,
        4,
        2,
        2,
        2,
        2,
        2,
        4,
        4,
        2,
        4,
        2,
        4,
        4,
        2,
        2
      ]
    },
    {
      "type": "shape",
      "background": "#cccccc",
      "shadowColor": "#1ABC9C",
      "points": [
        103.5,
        73.6,
        101.5,
        72.4,
        100.7,
        71.9,
        99.4,
        72,
        98.8,
        72.5,
        95.5,
        75.2,
        95.2,
        75.5,
        95.1,
        75.8,
        95.3,
        76.1,
        95.4,
        76.3,
        95.5,
        76.4,
        95.7,
        76.5,
        96.3,
        76.8,
        96.9,
        77.2,
        97.9,
        77.2,
        98.6,
        76.9,
        103.3,
        75,
        103.6,
        74.9,
        103.8,
        74.7,
        104,
        74.5,
        104.1,
        74.3,
        104,
        73.9,
        103.5,
        73.6,
        103.5,
        73.6,
        103.5,
        73.6
      ],
      "segments": [
        1,
        2,
        4,
        2,
        4,
        4,
        2,
        4,
        2,
        4,
        4,
        2,
        2
      ]
    },
    {
      "type": "shape",
      "background": "rgba(6,16,51,0.70)",
      "shadowColor": "#1ABC9C",
      "points": [
        61.1,
        156.5,
        58.1,
        156.5,
        55.1,
        156.2,
        52.3,
        155.5,
        54.2,
        154.4,
        56.4,
        154.8,
        58.7,
        155.1,
        61,
        155.1,
        61.2,
        155.1,
        61.5,
        155.1,
        61.7,
        155.1,
        64.1,
        156.5,
        63.1,
        156.5,
        62.1,
        156.5,
        61.1,
        156.5,
        65.2,
        156.3,
        62.9,
        155,
        67.6,
        154.8,
        72.2,
        153.6,
        75.8,
        151.5,
        76.2,
        151.3,
        76.5,
        151.1,
        76.8,
        150.9,
        78.3,
        151.8,
        77.8,
        152.2,
        77.3,
        152.5,
        76.7,
        152.8,
        73.5,
        154.7,
        69.5,
        155.8,
        65.2,
        156.3,
        51.5,
        155.3,
        49.3,
        154.7,
        47.3,
        153.9,
        45.4,
        152.8,
        43.6,
        151.8,
        42.2,
        150.6,
        41.2,
        149.4,
        41.8,
        149.3,
        42.4,
        149.1,
        42.9,
        148.9,
        43.8,
        149.8,
        45,
        150.7,
        46.3,
        151.5,
        48.4,
        152.7,
        50.8,
        153.6,
        53.3,
        154.2,
        51.5,
        155.3,
        78.9,
        151.3,
        77.4,
        150.4,
        78.3,
        149.8,
        79,
        149.1,
        79.6,
        148.4,
        80.2,
        148.4,
        80.9,
        148.5,
        81.6,
        148.5,
        80.9,
        149.5,
        80,
        150.5,
        78.9,
        151.3
      ],
      "segments": [
        1,
        4,
        2,
        4,
        4,
        2,
        4,
        1,
        2,
        4,
        4,
        2,
        4,
        4,
        1,
        4,
        4,
        4,
        4,
        4,
        2,
        1,
        2,
        4,
        4,
        4
      ]
    },
    {
      "type": "shape",
      "background": "#d9d9d9",
      "shadowColor": "#1ABC9C",
      "points": [
        80.8,
        96.6,
        80.9,
        99.6,
        79,
        102.7,
        75,
        105,
        67.3,
        109.5,
        54.8,
        109.5,
        47.1,
        105,
        43.1,
        102.7,
        41.2,
        99.6,
        41.3,
        96.6,
        40.1,
        96.6,
        40.1,
        143,
        40.1,
        146.1,
        42.1,
        149.2,
        46.2,
        151.5,
        54.4,
        156.2,
        67.6,
        156.2,
        75.7,
        151.5,
        79.8,
        149.1,
        81.8,
        146.1,
        81.8,
        143,
        81.8,
        98.8,
        81.8,
        96.7,
        80.8,
        96.7
      ],
      "segments": [
        1,
        4,
        4,
        4,
        2,
        2,
        4,
        4,
        4,
        2,
        2,
        2
      ]
    },
    {
      "type": "shape",
      "background": "#603913",
      "shadowColor": "#1ABC9C",
      "points": [
        79.9,
        112.9,
        80,
        115.8,
        78.2,
        118.7,
        74.4,
        120.9,
        67.1,
        125.1,
        55.2,
        125.1,
        47.9,
        120.9,
        44.1,
        118.7,
        42.3,
        115.8,
        42.4,
        112.9,
        41.3,
        112.9,
        41.3,
        136.2,
        41.3,
        139.1,
        43.2,
        142.1,
        47.1,
        144.3,
        54.9,
        148.8,
        67.4,
        148.8,
        75.2,
        144.3,
        79.1,
        142.1,
        81,
        139.1,
        81,
        136.2,
        81,
        114.9,
        81,
        112.9,
        79.9,
        112.9
      ],
      "segments": [
        1,
        4,
        4,
        4,
        2,
        2,
        4,
        4,
        4,
        2,
        2,
        2
      ]
    },
    {
      "type": "shape",
      "background": "#d1c699",
      "shadowColor": "#1ABC9C",
      "points": [
        79.9,
        105.6,
        80,
        108.5,
        78.2,
        111.4,
        74.4,
        113.6,
        67.1,
        117.8,
        55.2,
        117.8,
        47.9,
        113.6,
        44.1,
        111.4,
        42.3,
        108.5,
        42.4,
        105.6,
        41.3,
        105.6,
        41.3,
        114.7,
        41.3,
        117.6,
        43.2,
        120.6,
        47.1,
        122.8,
        54.9,
        127.3,
        67.4,
        127.3,
        75.2,
        122.8,
        79.1,
        120.6,
        81,
        117.6,
        81,
        114.7,
        81,
        107.6,
        81,
        105.6,
        79.9,
        105.6,
        79.9,
        105.6,
        79.9,
        105.6
      ],
      "segments": [
        1,
        4,
        4,
        4,
        2,
        2,
        4,
        4,
        4,
        2,
        2,
        2,
        2,
        2
      ]
    },
    {
      "type": "shape",
      "background": "#e0d5ac",
      "shadowColor": "#1ABC9C",
      "points": [
        75.1,
        97.9,
        67.3,
        93.4,
        54.8,
        93.4,
        47,
        97.9,
        39.2,
        102.4,
        39.2,
        109.6,
        47,
        114.1,
        54.8,
        118.6,
        67.3,
        118.6,
        75.1,
        114.1,
        82.9,
        109.6,
        82.9,
        102.4,
        75.1,
        97.9,
        75.1,
        97.9,
        75.1,
        97.9
      ],
      "segments": [
        1,
        4,
        4,
        4,
        4,
        2,
        2
      ]
    },
    {
      "type": "shape",
      "background": "#c4c4c4",
      "shadowColor": "#1ABC9C",
      "points": [
        75,
        105,
        67.3,
        109.5,
        54.8,
        109.5,
        47.1,
        105,
        39.4,
        100.5,
        39.4,
        93.4,
        47.1,
        88.9,
        54.8,
        84.4,
        67.3,
        84.4,
        75,
        88.9,
        82.8,
        93.3,
        82.8,
        100.5,
        75,
        105,
        75,
        105,
        75,
        105,
        75.8,
        88.5,
        67.7,
        83.8,
        54.4,
        83.8,
        46.3,
        88.5,
        38.1,
        93.2,
        38.1,
        100.8,
        46.3,
        105.5,
        54.5,
        110.2,
        67.7,
        110.2,
        75.8,
        105.5,
        84,
        100.8,
        84,
        93.2,
        75.8,
        88.5,
        75.8,
        88.5,
        75.8,
        88.5
      ],
      "segments": [
        1,
        4,
        4,
        4,
        4,
        2,
        2,
        1,
        4,
        4,
        4,
        4,
        2,
        2
      ]
    },
    {
      "type": "shape",
      "background": "#a6a6a6",
      "shadowColor": "#1ABC9C",
      "points": [
        49.4,
        118.9,
        49.4,
        120.9,
        48.5,
        122,
        47.4,
        121.4,
        46.3,
        120.8,
        45.4,
        118.7,
        45.4,
        116.7,
        45.4,
        114.7,
        46.3,
        113.6,
        47.4,
        114.2,
        48.5,
        114.8,
        49.4,
        116.9,
        49.4,
        118.9,
        49.4,
        118.9,
        49.4,
        118.9
      ],
      "segments": [
        1,
        4,
        4,
        4,
        4,
        2,
        2
      ]
    },
    {
      "type": "shape",
      "background": "#4a1e0c",
      "shadowColor": "#1ABC9C",
      "points": [
        49.6,
        140.9,
        49.6,
        143,
        48.7,
        144.2,
        47.5,
        143.5,
        46.4,
        142.8,
        45.4,
        140.6,
        45.4,
        138.5,
        45.4,
        136.4,
        46.3,
        135.2,
        47.5,
        135.9,
        48.7,
        136.5,
        49.6,
        138.8,
        49.6,
        140.9
      ],
      "segments": [
        1,
        4,
        4,
        4,
        4
      ]
    },
    {
      "type": "shape",
      "background": "#cfcfcf",
      "shadowColor": "#1ABC9C",
      "points": [
        35.2,
        120.9,
        35.2,
        120.9,
        45.9,
        114.7,
        46.2,
        114.5,
        48.9,
        113.1,
        50.5,
        121.2,
        47.8,
        121.2,
        46.9,
        121.1,
        46.1,
        119,
        46.1,
        119,
        43.8,
        120.3,
        35.2,
        125.3,
        35.2,
        125.3,
        33.4,
        126.4,
        31.9,
        128.9,
        31.9,
        131.1,
        31.9,
        144.3,
        31.9,
        146.4,
        33.4,
        147.3,
        35.2,
        146.2,
        45.8,
        140.1,
        45.8,
        140.1,
        45.3,
        136.7,
        46.6,
        136.2,
        48.7,
        135.6,
        50.4,
        142,
        48,
        143.2,
        47.5,
        143.5,
        36.1,
        150.1,
        36.1,
        150.1,
        32.8,
        152.2,
        28,
        150.8,
        28,
        144.9,
        28,
        133.2,
        28,
        126.6,
        31.2,
        123.2,
        35.2,
        120.9
      ],
      "segments": [
        1,
        4,
        4,
        4,
        4,
        4,
        2,
        4,
        2,
        4,
        4,
        4,
        4,
        2,
        4
      ]
    },
    {
      "type": "shape",
      "background": "#ffffff",
      "shadowColor": "#1ABC9C",
      "points": [
        46.2,
        115.4,
        46.2,
        115.4,
        32,
        122.4,
        29.8,
        126.7,
        27.6,
        131.1,
        28.8,
        146.7,
        28.8,
        146.7,
        28.8,
        146.7,
        28.1,
        132.2,
        30.4,
        127.2,
        32.7,
        122.3,
        46.2,
        115.4,
        46.2,
        115.4
      ],
      "segments": [
        1,
        4,
        4,
        4,
        4
      ]
    },
    {
      "type": "shape",
      "background": "rgba(6,16,51,0.70)",
      "shadowColor": "#1ABC9C",
      "points": [
        35,
        199.9,
        32,
        199.9,
        28.9,
        199.2,
        26.6,
        197.9,
        26.5,
        197.8,
        26.4,
        197.8,
        26.3,
        197.7,
        36.4,
        191.9,
        45,
        196.9,
        44.6,
        197.3,
        44.1,
        197.6,
        43.5,
        198,
        41.1,
        199.2,
        38,
        199.9,
        35,
        199.9,
        25.7,
        197.2,
        22,
        194.5,
        22.3,
        190.6,
        26.6,
        188.1,
        27.2,
        187.8,
        27.8,
        187.5,
        28.4,
        187.2,
        35.7,
        191.4,
        25.7,
        197.2,
        45.4,
        196.3,
        37,
        191.4,
        43.1,
        187.9,
        43.2,
        188,
        43.3,
        188,
        43.5,
        188.1,
        47.3,
        190.4,
        47.9,
        193.7,
        45.4,
        196.3,
        36.3,
        191.1,
        29.2,
        187,
        31,
        186.4,
        33,
        186.1,
        35,
        186.1,
        37.6,
        186.1,
        40.2,
        186.6,
        42.4,
        187.6,
        36.3,
        191.1
      ],
      "segments": [
        1,
        4,
        4,
        2,
        2,
        4,
        4,
        1,
        4,
        4,
        2,
        2,
        1,
        2,
        2,
        4,
        4,
        1,
        2,
        4,
        4,
        2
      ]
    },
    {
      "type": "shape",
      "background": "#5f788a",
      "shadowColor": "#1ABC9C",
      "points": [
        36.5,
        150,
        37.1,
        149.6,
        38.5,
        148.8,
        40.2,
        147.9,
        40.4,
        148.2,
        40.5,
        148.4,
        40.7,
        148.7,
        38.7,
        149.9,
        37.9,
        149.9,
        37.2,
        149.9,
        36.5,
        150,
        40.4,
        149.5,
        41.1,
        149.1,
        41.2,
        149.2,
        41.2,
        149.2,
        41.3,
        149.3,
        40.9,
        149.4,
        40.6,
        149.5,
        40.4,
        149.5
      ],
      "segments": [
        1,
        4,
        4,
        2,
        4,
        1,
        2,
        4,
        4
      ]
    },
    {
      "type": "shape",
      "background": "#566774",
      "shadowColor": "#1ABC9C",
      "points": [
        41.2,
        149.4,
        41.1,
        149.3,
        41.1,
        149.3,
        41,
        149.2,
        42.4,
        148.4,
        42.6,
        148.6,
        42.7,
        148.8,
        42.9,
        149,
        42.3,
        149.1,
        41.8,
        149.2,
        41.2,
        149.4,
        40.6,
        148.6,
        40.4,
        148.3,
        40.3,
        148.1,
        40.1,
        147.8,
        40.5,
        147.5,
        41,
        147.3,
        41.4,
        147,
        41.6,
        147.3,
        41.7,
        147.5,
        41.9,
        147.8,
        40.6,
        148.6
      ],
      "segments": [
        1,
        4,
        2,
        4,
        4,
        1,
        4,
        4,
        4,
        2
      ]
    },
    {
      "type": "shape",
      "background": "#d9d9d9",
      "shadowColor": "#1ABC9C",
      "points": [
        42.9,
        148.9,
        42.7,
        148.7,
        42.6,
        148.5,
        42.4,
        148.3,
        42.3,
        148.1,
        42.1,
        148,
        42,
        147.8,
        41.8,
        147.6,
        41.6,
        147.3,
        41.5,
        147,
        43.4,
        145.9,
        45.4,
        144.7,
        46.7,
        144,
        46.8,
        144.1,
        47,
        144.2,
        47.1,
        144.2,
        47.8,
        144.6,
        48.6,
        145,
        49.4,
        145.4,
        48.8,
        146,
        48,
        146.5,
        47.1,
        147,
        45.9,
        147.8,
        44.4,
        148.4,
        42.9,
        148.9
      ],
      "segments": [
        1,
        4,
        4,
        4,
        4,
        4,
        4,
        4,
        4
      ]
    },
    {
      "type": "shape",
      "background": "#566774",
      "shadowColor": "#1ABC9C",
      "points": [
        38.9,
        144.1,
        38.9,
        143.4,
        38.9,
        142.6,
        39.1,
        141.9,
        40.2,
        142.5,
        40.2,
        142.9,
        40.2,
        143,
        40.2,
        143.2,
        40.2,
        143.3,
        38.9,
        144.1,
        40.2,
        141.8,
        39.3,
        141.3,
        39.5,
        140.6,
        39.8,
        140,
        40.2,
        139.4,
        40.2,
        141.8
      ],
      "segments": [
        1,
        4,
        2,
        2,
        4,
        2,
        1,
        2,
        4,
        2
      ]
    },
    {
      "type": "shape",
      "background": "#d9d9d9",
      "shadowColor": "#1ABC9C",
      "points": [
        40.2,
        143.4,
        40.2,
        143.3,
        40.2,
        143.1,
        40.2,
        143,
        40.2,
        142.6,
        40.2,
        141.9,
        40.2,
        139.5,
        40.2,
        136.8,
        40.2,
        136.1,
        40.2,
        130.7,
        40.5,
        130.8,
        40.9,
        130.8,
        41.2,
        130.9,
        41.2,
        136.3,
        41.2,
        138.1,
        41.9,
        139.9,
        43.4,
        141.6,
        40.2,
        143.4
      ],
      "segments": [
        1,
        4,
        2,
        2,
        2,
        2,
        2,
        2,
        4,
        2,
        4,
        2
      ]
    },
    {
      "type": "shape",
      "background": "#85694f",
      "shadowColor": "#1ABC9C",
      "points": [
        49.4,
        145.5,
        48.6,
        145.2,
        47.8,
        144.8,
        47.1,
        144.3,
        47,
        144.2,
        46.8,
        144.1,
        46.7,
        144.1,
        47.1,
        143.9,
        47.4,
        143.7,
        47.6,
        143.6,
        47.8,
        143.7,
        48,
        143.8,
        48.2,
        143.8,
        49,
        143.8,
        49.7,
        142.7,
        49.7,
        141,
        49.7,
        138.9,
        48.8,
        136.6,
        47.6,
        136,
        47.4,
        135.9,
        47.2,
        135.8,
        47,
        135.8,
        46.2,
        135.8,
        45.5,
        136.9,
        45.5,
        138.6,
        45.5,
        139.2,
        45.6,
        139.8,
        45.7,
        140.4,
        43.5,
        141.7,
        42,
        140,
        41.3,
        138.2,
        41.3,
        136.4,
        41.3,
        131,
        43.4,
        131.5,
        45.5,
        132.2,
        47.2,
        133.2,
        53,
        136.4,
        53.8,
        141.6,
        49.4,
        145.5
      ],
      "segments": [
        1,
        4,
        4,
        4,
        4,
        4,
        4,
        4,
        4,
        4,
        2,
        4,
        2,
        4,
        4
      ]
    },
    {
      "type": "shape",
      "background": "#75564a",
      "shadowColor": "#1ABC9C",
      "points": [
        48.2,
        143.7,
        48,
        143.7,
        47.8,
        143.6,
        47.6,
        143.5,
        47.8,
        143.4,
        48,
        143.3,
        48,
        143.3,
        50.3,
        142.1,
        48.9,
        136.2,
        46.9,
        136.2,
        46.8,
        136.2,
        46.7,
        136.2,
        46.6,
        136.2,
        45.3,
        136.8,
        45.8,
        140.1,
        45.8,
        140.1,
        45.7,
        140.2,
        45.6,
        139.6,
        45.5,
        139,
        45.5,
        138.4,
        45.5,
        136.7,
        46.1,
        135.6,
        47,
        135.6,
        47.2,
        135.6,
        47.4,
        135.7,
        47.6,
        135.8,
        48.7,
        136.5,
        49.7,
        138.7,
        49.7,
        140.8,
        49.6,
        142.6,
        49,
        143.7,
        48.2,
        143.7
      ],
      "segments": [
        1,
        4,
        4,
        4,
        4,
        4,
        2,
        4,
        4,
        4,
        4,
        4
      ]
    },
    {
      "type": "shape",
      "background": "#d2d2d2",
      "shadowColor": "#1ABC9C",
      "points": [
        35,
        150,
        33.1,
        150,
        31.3,
        149.8,
        29.5,
        149.5,
        29.4,
        149.3,
        29.2,
        149.2,
        29.1,
        149,
        28.9,
        148.7,
        28.7,
        148.3,
        28.6,
        148,
        28.3,
        147.2,
        28.1,
        146.2,
        28.1,
        145.1,
        28.1,
        143.8,
        28.1,
        143.1,
        28.1,
        135.6,
        28.1,
        134.9,
        28.1,
        133.5,
        28.1,
        132.6,
        28.2,
        131.8,
        28.2,
        131.1,
        28.4,
        131,
        28.6,
        131,
        28.8,
        131,
        28,
        137.3,
        28.8,
        146.9,
        28.8,
        146.9,
        28.8,
        146.9,
        28.3,
        137.1,
        29.4,
        130.9,
        30.2,
        130.7,
        31.1,
        130.6,
        31.9,
        130.5,
        31.9,
        130.8,
        31.8,
        131.1,
        31.8,
        131.3,
        31.8,
        137.2,
        31.8,
        137.9,
        31.8,
        141,
        31.8,
        141.7,
        31.8,
        144.5,
        31.8,
        146,
        32.6,
        146.9,
        33.6,
        146.9,
        34,
        146.9,
        34.5,
        146.8,
        35.1,
        146.5,
        38.9,
        144.3,
        40.2,
        143.6,
        43.4,
        141.7,
        45.6,
        140.4,
        45.7,
        140.3,
        45.7,
        140.3,
        45.2,
        136.9,
        46.5,
        136.4,
        46.6,
        136.4,
        46.7,
        136.4,
        46.8,
        136.4,
        48.8,
        136.4,
        50.2,
        142.3,
        47.9,
        143.5,
        47.8,
        143.5,
        47.7,
        143.6,
        47.5,
        143.7,
        47.3,
        143.8,
        46.9,
        144,
        46.6,
        144.2,
        45.3,
        144.9,
        43.3,
        146.1,
        41.4,
        147.2,
        40.9,
        147.5,
        40.5,
        147.7,
        40.1,
        148,
        38.5,
        148.9,
        37.1,
        149.7,
        36.4,
        150.1,
        36,
        150,
        35.5,
        150,
        35,
        150
      ],
      "segments": [
        1,
        4,
        4,
        4,
        4,
        2,
        2,
        2,
        2,
        2,
        4,
        4,
        4,
        4,
        4,
        4,
        2,
        2,
        2,
        2,
        2,
        4,
        4,
        2,
        2,
        2,
        2,
        2,
        4,
        4,
        4,
        4,
        4,
        4,
        4,
        4,
        4
      ]
    },
    {
      "type": "shape",
      "background": "#f4f4f4",
      "shadowColor": "#1ABC9C",
      "points": [
        28.8,
        146.7,
        28.8,
        146.7,
        28.1,
        137.1,
        28.8,
        130.8,
        29,
        130.8,
        29.2,
        130.7,
        29.4,
        130.7,
        28.3,
        136.9,
        28.8,
        146.7,
        28.8,
        146.7
      ],
      "segments": [
        1,
        4,
        4,
        4
      ]
    },
    {
      "type": "shape",
      "background": "#d9d9d9",
      "shadowColor": "#1ABC9C",
      "points": [
        35,
        150.4,
        17.8,
        149.7,
        16.8,
        139.8,
        16.8,
        140.5,
        17,
        161.2,
        25.1,
        165.4,
        24.9,
        192.1,
        24.9,
        193.6,
        25.9,
        195.1,
        27.9,
        196.2,
        31.8,
        198.5,
        38.2,
        198.5,
        42.1,
        196.2,
        44.1,
        195.1,
        45.1,
        193.6,
        45.1,
        192.1,
        45,
        165.3,
        53.1,
        161.2,
        53.2,
        140.5,
        53.2,
        139.8,
        52.1,
        149.7,
        35,
        150.4,
        35,
        150.4,
        35,
        150.4
      ],
      "segments": [
        1,
        4,
        4,
        4,
        4,
        4,
        4,
        4,
        2,
        2
      ]
    },
    {
      "type": "shape",
      "background": "#3c2415",
      "shadowColor": "#1ABC9C",
      "points": [
        21.8,
        163.4,
        23.8,
        170.3,
        26.1,
        177.3,
        26,
        190.7,
        26,
        192,
        26.9,
        193.3,
        28.6,
        194.4,
        32.1,
        196.4,
        37.8,
        196.4,
        41.3,
        194.4,
        43.1,
        193.4,
        43.9,
        192.1,
        43.9,
        190.7,
        43.8,
        177.3,
        46.1,
        170.3,
        48.1,
        163.4,
        21.8,
        163.4,
        21.8,
        163.4,
        21.8,
        163.4
      ],
      "segments": [
        1,
        4,
        4,
        4,
        4,
        4,
        2,
        2,
        2
      ]
    },
    {
      "type": "shape",
      "background": "#d1c699",
      "shadowColor": "#1ABC9C",
      "points": [
        35,
        153.5,
        19.7,
        152.9,
        19.9,
        153.8,
        18.9,
        153.1,
        19.5,
        157,
        20.9,
        160.1,
        21.9,
        163.4,
        21.9,
        163.4,
        22.3,
        165,
        23.5,
        166.5,
        25.7,
        167.8,
        30.9,
        170.8,
        39.3,
        170.8,
        44.5,
        167.8,
        46.6,
        166.6,
        47.9,
        165,
        48.3,
        163.4,
        48.3,
        163.4,
        49.3,
        160.1,
        50.8,
        156.4,
        51.4,
        152.5,
        47.6,
        152.8,
        50.3,
        152.9,
        35,
        153.5,
        35,
        153.5,
        35,
        153.5
      ],
      "segments": [
        1,
        4,
        4,
        2,
        4,
        4,
        4,
        2,
        4,
        4,
        2,
        2
      ]
    },
    {
      "type": "shape",
      "background": "#e0d5ac",
      "shadowColor": "#1ABC9C",
      "points": [
        46.4,
        145.5,
        40.1,
        141.8,
        29.8,
        141.8,
        23.5,
        145.5,
        17.2,
        149.2,
        17.2,
        155.1,
        23.5,
        158.7,
        29.8,
        162.4,
        40.1,
        162.4,
        46.4,
        158.7,
        52.8,
        155.1,
        52.8,
        149.2,
        46.4,
        145.5,
        46.4,
        145.5,
        46.4,
        145.5
      ],
      "segments": [
        1,
        4,
        4,
        4,
        4,
        2,
        2
      ]
    },
    {
      "type": "shape",
      "background": "#c4c4c4",
      "shadowColor": "#1ABC9C",
      "points": [
        47.8,
        132.7,
        40.7,
        128.6,
        29.2,
        128.6,
        22,
        132.7,
        14.9,
        136.8,
        14.9,
        143.5,
        22,
        147.6,
        29.1,
        151.7,
        40.6,
        151.7,
        47.8,
        147.6,
        55,
        143.4,
        55,
        136.8,
        47.8,
        132.7,
        47.8,
        132.7,
        47.8,
        132.7,
        47.1,
        147.1,
        40.4,
        151,
        29.5,
        151,
        22.8,
        147.1,
        16.1,
        143.2,
        16.1,
        136.9,
        22.8,
        133,
        29.5,
        129.1,
        40.4,
        129.1,
        47.1,
        133,
        53.9,
        136.9,
        53.9,
        143.2,
        47.1,
        147.1,
        47.1,
        147.1,
        47.1,
        147.1
      ],
      "segments": [
        1,
        4,
        4,
        4,
        4,
        2,
        2,
        1,
        4,
        4,
        4,
        4,
        2,
        2
      ]
    },
    {
      "type": "shape",
      "background": "rgba(6,16,51,0.70)",
      "shadowColor": "#1ABC9C",
      "points": [
        123,
        176.4,
        122.8,
        176.4,
        122.6,
        176.4,
        122.3,
        176.4,
        117.4,
        173.6,
        119.2,
        174,
        121.1,
        174.2,
        123,
        174.2,
        126.8,
        174.2,
        130.7,
        173.4,
        133.6,
        171.7,
        133.9,
        171.5,
        134.1,
        171.4,
        134.4,
        171.2,
        136,
        172.2,
        130.2,
        175.6,
        128,
        176.1,
        125.5,
        176.4,
        123,
        176.4,
        121,
        176.3,
        117.7,
        176.1,
        114.5,
        175.3,
        111.8,
        173.9,
        114.3,
        172.5,
        114.5,
        172.6,
        114.7,
        172.6,
        114.8,
        172.7,
        121,
        176.3,
        133.4,
        174.4,
        136.7,
        172.5,
        136.7,
        172.5,
        136.2,
        172.8,
        135.7,
        173.2,
        135.2,
        173.5,
        134.6,
        173.8,
        134,
        174.1,
        133.4,
        174.4,
        111.2,
        173.6,
        111.1,
        173.6,
        111,
        173.5,
        111,
        173.5,
        108.2,
        171.9,
        106.5,
        169.8,
        106.1,
        167.7,
        110.7,
        170.3,
        111.2,
        170.8,
        111.9,
        171.2,
        112.6,
        171.6,
        113,
        171.8,
        113.3,
        172,
        113.7,
        172.2,
        111.2,
        173.6,
        136.7,
        171.8,
        135,
        170.8,
        137,
        169.3,
        138,
        167.4,
        138,
        165.6,
        138,
        161.7,
        140.7,
        164.5,
        140.9,
        167.8,
        138.6,
        170.7,
        136.7,
        171.8,
        109.2,
        168.8,
        105.9,
        166.9,
        105.8,
        166,
        106,
        165.1,
        106.3,
        164.3,
        108.1,
        163.3,
        108.1,
        165.6,
        108.1,
        166.7,
        108.5,
        167.8,
        109.2,
        168.8
      ],
      "segments": [
        1,
        4,
        2,
        4,
        4,
        4,
        2,
        2,
        4,
        1,
        4,
        2,
        4,
        2,
        1,
        2,
        2,
        4,
        4,
        1,
        4,
        4,
        2,
        4,
        4,
        2,
        1,
        2,
        4,
        2,
        4,
        2,
        1,
        2,
        4,
        2,
        2,
        4
      ]
    },
    {
      "type": "shape",
      "background": "#603913",
      "shadowColor": "#1ABC9C",
      "points": [
        138,
        116.4,
        138,
        110.5,
        134.6,
        105.5,
        129.6,
        103.1,
        131.6,
        93.2,
        129.1,
        82.6,
        129.1,
        72.4,
        125.1,
        72.4,
        121,
        72.4,
        117,
        72.4,
        117,
        82.6,
        114.5,
        93.1,
        116.5,
        103.1,
        111.5,
        105.5,
        108.1,
        110.5,
        108.1,
        116.4,
        108.1,
        165.6,
        108.1,
        167.8,
        109.6,
        170,
        112.5,
        171.7,
        118.3,
        175.1,
        127.8,
        175.1,
        133.7,
        171.7,
        136.6,
        170,
        138.1,
        167.8,
        138.1,
        165.6,
        138.1,
        116.4
      ],
      "segments": [
        1,
        4,
        4,
        4,
        4,
        4,
        2,
        4,
        4,
        4,
        2
      ]
    },
    {
      "type": "shape",
      "background": "#3c2415",
      "shadowColor": "#1ABC9C",
      "points": [
        116.5,
        103.1,
        116.5,
        103.1,
        116.6,
        105.6,
        123.1,
        107.1,
        116.7,
        108.1,
        116.5,
        103.1,
        116.5,
        103.1,
        116.5,
        103.1,
        116.5,
        103.1
      ],
      "segments": [
        1,
        4,
        4,
        2,
        2
      ]
    },
    {
      "type": "shape",
      "background": "#3c2415",
      "shadowColor": "#1ABC9C",
      "points": [
        117,
        68.9,
        117,
        74.8,
        117,
        75.7,
        117.6,
        76.6,
        118.8,
        77.3,
        121.2,
        78.7,
        125,
        78.7,
        127.4,
        77.3,
        128.6,
        76.6,
        129.2,
        75.7,
        129.2,
        74.8,
        129.2,
        68.9,
        117,
        68.9,
        117,
        68.9,
        117,
        68.9
      ],
      "segments": [
        1,
        2,
        4,
        4,
        4,
        2,
        2,
        2,
        2
      ]
    },
    {
      "type": "shape",
      "background": "#ff9d26",
      "shadowColor": "#1ABC9C",
      "points": [
        125.9,
        133.2,
        121.2,
        133.7,
        116.1,
        132.9,
        112.5,
        130.8,
        109.6,
        129.1,
        108.1,
        126.9,
        108.1,
        124.7,
        108.1,
        155.6,
        108.1,
        157.8,
        109.6,
        160,
        112.5,
        161.7,
        116.1,
        163.8,
        121.2,
        164.6,
        125.9,
        164.1,
        125.9,
        133.2,
        125.9,
        133.2,
        125.9,
        133.2
      ],
      "segments": [
        1,
        4,
        4,
        2,
        4,
        4,
        2,
        2,
        2
      ]
    },
    {
      "type": "shape",
      "background": "#603913",
      "shadowColor": "#1ABC9C",
      "points": [
        116.2,
        66.3,
        116.2,
        72.9,
        116.2,
        73.9,
        116.9,
        74.9,
        118.2,
        75.7,
        120.9,
        77.2,
        125.2,
        77.2,
        127.8,
        75.7,
        129.1,
        74.9,
        129.8,
        73.9,
        129.8,
        72.9,
        129.8,
        66.3,
        116.2,
        66.3,
        116.2,
        66.3,
        116.2,
        66.3
      ],
      "segments": [
        1,
        2,
        4,
        4,
        4,
        2,
        2,
        2,
        2
      ]
    },
    {
      "type": "shape",
      "background": "#3a822a",
      "shadowColor": "#1ABC9C",
      "points": [
        127.9,
        69.1,
        125.2,
        70.7,
        120.9,
        70.7,
        118.3,
        69.1,
        115.6,
        67.6,
        115.6,
        65.1,
        118.3,
        63.5,
        121,
        62,
        125.3,
        62,
        127.9,
        63.5,
        130.5,
        65.1,
        130.5,
        67.6,
        127.9,
        69.1,
        127.9,
        69.1,
        127.9,
        69.1
      ],
      "segments": [
        1,
        4,
        4,
        4,
        4,
        2,
        2
      ]
    },
    {
      "type": "shape",
      "background": "#90755a",
      "shadowColor": "#1ABC9C",
      "points": [
        112.2,
        111.9,
        112,
        111.9,
        111.9,
        111.9,
        111.7,
        111.8,
        111.1,
        111.4,
        111.3,
        110.2,
        112.1,
        109.1,
        112.7,
        108.3,
        113.5,
        107.8,
        114,
        107.8,
        114.2,
        107.8,
        114.4,
        107.9,
        114.5,
        108,
        115.1,
        108.4,
        114.9,
        109.6,
        114.1,
        110.6,
        113.6,
        111.4,
        112.8,
        111.9,
        112.2,
        111.9
      ],
      "segments": [
        1,
        4,
        4,
        4,
        4,
        4,
        4
      ]
    },
    {
      "type": "shape",
      "background": "#9c251f",
      "shadowColor": "#1ABC9C",
      "points": [
        115.8,
        66,
        115.8,
        68.8,
        115.8,
        69.9,
        116.5,
        70.9,
        117.9,
        71.8,
        120.7,
        73.5,
        125.4,
        73.5,
        128.2,
        71.8,
        129.6,
        71,
        130.3,
        69.9,
        130.3,
        68.8,
        130.3,
        66,
        115.8,
        66,
        115.8,
        66,
        115.8,
        66
      ],
      "segments": [
        1,
        2,
        4,
        4,
        4,
        2,
        2,
        2,
        2
      ]
    },
    {
      "type": "shape",
      "background": "#ff3f4a",
      "shadowColor": "#1ABC9C",
      "points": [
        128.2,
        69,
        125.4,
        70.7,
        120.7,
        70.7,
        117.9,
        69,
        115.1,
        67.4,
        115.1,
        64.7,
        117.9,
        63.1,
        120.7,
        61.5,
        125.4,
        61.5,
        128.2,
        63.1,
        131,
        64.7,
        131,
        67.3,
        128.2,
        69,
        128.2,
        69,
        128.2,
        69
      ],
      "segments": [
        1,
        4,
        4,
        4,
        4,
        2,
        2
      ]
    },
    {
      "type": "shape",
      "background": "rgba(6,16,51,0.70)",
      "shadowColor": "#1ABC9C",
      "points": [
        82,
        197.7,
        78.8,
        197.7,
        75.7,
        197.3,
        72.8,
        196.5,
        80.9,
        191.8,
        89.7,
        196.9,
        87.2,
        197.4,
        84.6,
        197.7,
        82,
        197.7,
        90.6,
        196.7,
        81.5,
        191.5,
        92,
        185.4,
        101.5,
        190.9,
        100.5,
        192,
        99.2,
        193,
        97.6,
        193.9,
        95.6,
        195.1,
        93.2,
        196.1,
        90.6,
        196.7,
        71.9,
        196.3,
        69.9,
        195.7,
        68,
        194.9,
        66.3,
        194,
        64.3,
        192.8,
        62.7,
        191.5,
        61.7,
        190.1,
        69.8,
        185.4,
        80.3,
        191.5,
        71.9,
        196.3,
        80.9,
        191.1,
        70.4,
        185,
        80.9,
        178.9,
        91.4,
        185,
        80.9,
        191.1,
        102,
        190.4,
        92.7,
        185,
        102.2,
        179.5,
        104.9,
        183,
        104.9,
        187,
        102,
        190.4,
        61.3,
        189.5,
        59.3,
        186.6,
        59.3,
        183.4,
        61.2,
        180.4,
        69.1,
        185,
        61.3,
        189.5,
        92.1,
        184.7,
        81.6,
        178.6,
        91,
        173.2,
        93.5,
        173.8,
        95.8,
        174.7,
        97.8,
        175.9,
        99.5,
        176.9,
        100.8,
        178,
        101.9,
        179.1,
        92.1,
        184.7,
        69.8,
        184.7,
        61.6,
        180,
        62.7,
        178.5,
        64.3,
        177.1,
        66.4,
        175.9,
        68,
        175,
        69.8,
        174.2,
        71.7,
        173.6,
        80.4,
        178.6,
        69.8,
        184.7,
        80.9,
        178.2,
        72.4,
        173.3,
        75.4,
        172.5,
        78.7,
        172.1,
        82,
        172.1,
        84.7,
        172.1,
        87.4,
        172.4,
        90,
        173,
        80.9,
        178.2
      ],
      "segments": [
        1,
        4,
        2,
        2,
        4,
        1,
        2,
        2,
        2,
        4,
        4,
        1,
        4,
        4,
        2,
        2,
        2,
        1,
        2,
        2,
        2,
        2,
        1,
        2,
        2,
        4,
        1,
        4,
        2,
        2,
        1,
        2,
        2,
        4,
        4,
        2,
        1,
        2,
        4,
        4,
        2,
        2,
        1,
        2,
        4,
        4,
        2
      ]
    },
    {
      "type": "shape",
      "background": "#cfcfcf",
      "shadowColor": "#1ABC9C",
      "points": [
        106.5,
        164.1,
        95.5,
        170.5,
        95.5,
        166.1,
        106.5,
        159.7,
        108.3,
        158.6,
        109.8,
        156.1,
        109.8,
        154,
        109.8,
        140.8,
        109.8,
        138.7,
        108.3,
        137.8,
        106.5,
        138.9,
        95.5,
        145.3,
        95.5,
        140.9,
        106.5,
        134.5,
        110.5,
        132.2,
        113.7,
        134.1,
        113.7,
        138.6,
        113.7,
        151.8,
        113.6,
        156.2,
        110.4,
        161.8,
        106.5,
        164.1
      ],
      "segments": [
        1,
        2,
        2,
        2,
        4,
        2,
        4,
        2,
        2,
        2,
        4,
        2,
        4
      ]
    },
    {
      "type": "shape",
      "background": "#ffffff",
      "shadowColor": "#1ABC9C",
      "points": [
        110.3,
        147.7,
        110.3,
        151.8,
        110.2,
        155,
        110.1,
        155,
        110,
        155,
        109.9,
        151.7,
        109.9,
        147.7,
        109.9,
        143.7,
        110,
        140.4,
        110.1,
        140.4,
        110.3,
        140.4,
        110.3,
        143.6,
        110.3,
        147.7,
        110.3,
        147.7,
        110.3,
        147.7
      ],
      "segments": [
        1,
        4,
        4,
        4,
        4,
        2,
        2
      ]
    },
    {
      "type": "shape",
      "background": "#ffffff",
      "shadowColor": "#1ABC9C",
      "points": [
        98,
        139.9,
        97.8,
        139.6,
        106.9,
        134.4,
        107.8,
        134.6,
        108.7,
        134.7,
        98.2,
        140.2,
        98,
        139.9
      ],
      "segments": [
        1,
        4,
        4
      ]
    },
    {
      "type": "shape",
      "background": "#5f788a",
      "shadowColor": "#1ABC9C",
      "points": [
        82,
        148.6,
        81.9,
        148.6,
        81.7,
        148.6,
        81.6,
        148.6,
        83.2,
        146.3,
        83.6,
        143.9,
        82.9,
        141.5,
        91.4,
        146.4,
        88.9,
        147.8,
        86.7,
        148.3,
        84.4,
        148.6,
        82,
        148.6,
        91.2,
        147.2,
        92.1,
        146.7,
        92.3,
        146.8,
        91.9,
        147,
        91.6,
        147.1,
        91.2,
        147.2,
        93.1,
        146.6,
        92.7,
        146.4,
        95.4,
        144.8,
        95.4,
        145.1,
        98.8,
        143.1,
        98,
        143.8,
        97.1,
        144.5,
        96,
        145.2,
        95.1,
        145.7,
        94.1,
        146.2,
        93.1,
        146.6,
        92.1,
        146,
        82.6,
        140.5,
        82.4,
        140.1,
        82.2,
        139.7,
        82,
        139.3,
        82,
        138.3,
        84.5,
        136.9,
        85.1,
        137.4,
        85.8,
        137.9,
        86.6,
        138.4,
        89.1,
        139.8,
        92.3,
        140.7,
        95.5,
        140.9,
        95.5,
        144,
        92.1,
        146,
        82,
        137.6,
        82,
        128,
        83.3,
        128.8,
        81.5,
        131.3,
        81.7,
        134.1,
        83.9,
        136.5,
        82,
        137.6,
        83.4,
        128.2,
        81.9,
        127.4,
        81.9,
        125.9,
        81.9,
        125.9,
        81.9,
        125.9,
        82,
        125.9,
        82.5,
        125.9,
        82.9,
        125.9,
        83.4,
        125.9,
        83.4,
        128.2
      ],
      "segments": [
        1,
        4,
        4,
        2,
        2,
        4,
        1,
        2,
        2,
        4,
        1,
        2,
        2,
        2,
        2,
        4,
        4,
        1,
        2,
        4,
        2,
        2,
        4,
        4,
        2,
        2,
        1,
        2,
        2,
        4,
        2,
        1,
        2,
        2,
        4,
        4,
        2
      ]
    },
    {
      "type": "shape",
      "background": "#566774",
      "shadowColor": "#1ABC9C",
      "points": [
        95.4,
        140.9,
        92.1,
        140.7,
        89,
        139.8,
        86.5,
        138.4,
        85.7,
        137.9,
        85,
        137.4,
        84.4,
        136.9,
        87.3,
        135.2,
        87.8,
        135.7,
        88.3,
        136.1,
        89,
        136.5,
        91.3,
        137.8,
        94.2,
        138.5,
        97.2,
        138.5,
        97.9,
        138.5,
        98.6,
        138.5,
        99.3,
        138.4,
        95.4,
        140.7,
        95.4,
        140.9,
        84,
        136.5,
        81.7,
        134.1,
        81.5,
        131.3,
        83.4,
        128.8,
        83.5,
        128.9,
        83.5,
        129.4,
        83.5,
        131.2,
        84.6,
        133,
        86.7,
        134.5,
        86.8,
        134.6,
        86.9,
        134.7,
        87,
        134.8,
        84,
        136.5
      ],
      "segments": [
        1,
        4,
        4,
        2,
        4,
        4,
        4,
        2,
        2,
        1,
        4,
        2,
        2,
        4,
        4,
        2
      ]
    },
    {
      "type": "shape",
      "background": "#c5c6c9",
      "shadowColor": "#1ABC9C",
      "points": [
        97.3,
        138.5,
        94.3,
        138.5,
        91.4,
        137.8,
        89.1,
        136.5,
        88.4,
        136.1,
        87.9,
        135.7,
        87.4,
        135.2,
        87.2,
        135,
        87.1,
        134.9,
        87,
        134.7,
        86.9,
        134.6,
        86.8,
        134.5,
        86.7,
        134.4,
        87,
        134.6,
        87.3,
        134.8,
        87.6,
        134.9,
        89.7,
        136.1,
        92.3,
        136.8,
        95,
        137.1,
        95.8,
        137.2,
        96.6,
        137.2,
        97.4,
        137.2,
        98.2,
        137.2,
        99,
        137.2,
        99.8,
        137.1,
        100.5,
        137,
        101.2,
        136.9,
        101.9,
        136.8,
        101.9,
        136.8,
        101.9,
        136.9,
        101.9,
        136.9,
        99.5,
        138.3,
        98.7,
        138.5,
        98,
        138.5,
        97.3,
        138.5
      ],
      "segments": [
        1,
        4,
        4,
        4,
        4,
        4,
        4,
        4,
        4,
        4,
        4,
        2,
        4
      ]
    },
    {
      "type": "shape",
      "background": "#d0d0d0",
      "shadowColor": "#1ABC9C",
      "points": [
        97.3,
        137.4,
        96.5,
        137.4,
        95.7,
        137.4,
        94.9,
        137.3,
        95.6,
        137.3,
        96.5,
        137.4,
        97.3,
        137.4,
        98.1,
        137.4,
        98.9,
        137.3,
        99.7,
        137.3,
        98.8,
        137.3,
        98,
        137.4,
        97.3,
        137.4
      ],
      "segments": [
        1,
        4,
        4,
        4,
        4
      ]
    },
    {
      "type": "shape",
      "background": "#e0545b",
      "shadowColor": "#1ABC9C",
      "points": [
        97.3,
        137.4,
        96.5,
        137.4,
        95.7,
        137.4,
        94.9,
        137.3,
        92.2,
        137,
        89.6,
        136.3,
        87.5,
        135.1,
        87.2,
        134.9,
        86.9,
        134.7,
        86.6,
        134.6,
        84.5,
        133.1,
        83.4,
        131.3,
        83.4,
        129.5,
        83.4,
        129,
        83.4,
        128.8,
        83.4,
        128.3,
        83.4,
        126,
        88,
        126.2,
        92.5,
        127.3,
        96,
        129.3,
        99.8,
        131.5,
        101.7,
        134.3,
        101.8,
        137.1,
        101.1,
        137.2,
        100.4,
        137.3,
        99.7,
        137.4,
        98.8,
        137.3,
        98,
        137.4,
        97.3,
        137.4
      ],
      "segments": [
        1,
        4,
        4,
        4,
        4,
        2,
        2,
        2,
        2,
        4,
        4,
        4,
        4
      ]
    },
    {
      "type": "shape",
      "background": "#566774",
      "shadowColor": "#1ABC9C",
      "points": [
        81.6,
        148.6,
        80.9,
        148.6,
        80.3,
        148.6,
        79.6,
        148.5,
        81.1,
        146.8,
        81.9,
        144.9,
        81.9,
        143,
        81.9,
        140.9,
        82.9,
        141.5,
        83.7,
        143.8,
        83.2,
        146.3,
        81.6,
        148.6,
        82.6,
        140.5,
        82,
        140.1,
        82,
        139.3,
        82.2,
        139.8,
        82.4,
        140.2,
        82.6,
        140.5
      ],
      "segments": [
        1,
        4,
        4,
        2,
        2,
        4,
        1,
        2,
        2,
        4
      ]
    },
    {
      "type": "shape",
      "background": "#d9d9d9",
      "shadowColor": "#1ABC9C",
      "points": [
        79.7,
        148.5,
        76.4,
        148.3,
        73.2,
        147.6,
        70.4,
        146.4,
        72.1,
        145.9,
        73.7,
        145.2,
        75.1,
        144.4,
        79,
        142.2,
        80.9,
        139.2,
        80.9,
        136.3,
        80.9,
        125.9,
        81.2,
        125.9,
        81.6,
        125.9,
        81.9,
        125.9,
        81.9,
        127.4,
        81.9,
        128.1,
        81.9,
        137.7,
        81.9,
        138.4,
        81.9,
        139.4,
        81.9,
        140.2,
        81.9,
        140.9,
        81.9,
        143,
        82,
        144.9,
        81.2,
        146.8,
        79.7,
        148.5
      ],
      "segments": [
        1,
        4,
        4,
        4,
        2,
        4,
        2,
        2,
        2,
        2,
        2,
        2,
        2,
        2,
        4
      ]
    },
    {
      "type": "shape",
      "background": "#85694f",
      "shadowColor": "#1ABC9C",
      "points": [
        70.4,
        146.4,
        69.6,
        146.1,
        68.8,
        145.7,
        68.1,
        145.3,
        60.4,
        140.8,
        60.4,
        133.7,
        68.1,
        129.2,
        71.7,
        127.1,
        76.3,
        126,
        81,
        125.9,
        81,
        136.3,
        81,
        139.2,
        79.1,
        142.2,
        75.2,
        144.4,
        73.7,
        145.2,
        72.1,
        145.8,
        70.4,
        146.4
      ],
      "segments": [
        1,
        4,
        4,
        4,
        2,
        4,
        4
      ]
    },
    {
      "type": "shape",
      "background": "#d2d2d2",
      "shadowColor": "#1ABC9C",
      "points": [
        95.4,
        145.1,
        95.4,
        144.8,
        95.4,
        144.1,
        95.4,
        141,
        95.4,
        140.7,
        99.3,
        138.4,
        101.7,
        137,
        101.7,
        137.1,
        101.7,
        137.3,
        101.7,
        137.4,
        99.6,
        138.6,
        97.8,
        139.7,
        97.9,
        139.9,
        97.9,
        139.9,
        97.9,
        139.9,
        97.9,
        139.9,
        98.2,
        139.9,
        99.8,
        139.2,
        101.6,
        138.2,
        101.3,
        139.9,
        100.4,
        141.6,
        98.7,
        143.1,
        95.4,
        145.1
      ],
      "segments": [
        1,
        2,
        2,
        2,
        2,
        2,
        2,
        4,
        4,
        4,
        4,
        4,
        2
      ]
    },
    {
      "type": "shape",
      "background": "#f4f4f4",
      "shadowColor": "#1ABC9C",
      "points": [
        98,
        139.9,
        98,
        139.9,
        98,
        139.9,
        98,
        139.9,
        97.9,
        139.8,
        99.7,
        138.6,
        101.8,
        137.4,
        101.8,
        137.7,
        101.8,
        137.9,
        101.7,
        138.2,
        99.9,
        139.2,
        98.3,
        139.9,
        98,
        139.9
      ],
      "segments": [
        1,
        4,
        4,
        4,
        4
      ]
    },
    {
      "type": "shape",
      "background": "#d9d9d9",
      "shadowColor": "#1ABC9C",
      "points": [
        101.8,
        136.8,
        101.9,
        139.8,
        100,
        142.9,
        96,
        145.2,
        88.3,
        149.7,
        75.8,
        149.7,
        68.1,
        145.2,
        64.1,
        142.9,
        62.2,
        139.8,
        62.3,
        136.8,
        61.1,
        136.8,
        61.1,
        183.2,
        61.1,
        186.3,
        63.1,
        189.4,
        67.2,
        191.7,
        75.4,
        196.4,
        88.6,
        196.4,
        96.7,
        191.7,
        100.8,
        189.3,
        102.8,
        186.3,
        102.8,
        183.2,
        102.8,
        139,
        102.8,
        136.9,
        101.8,
        136.9,
        101.8,
        136.8,
        101.8,
        136.8
      ],
      "segments": [
        1,
        4,
        4,
        4,
        2,
        2,
        4,
        4,
        4,
        2,
        2,
        2,
        2,
        2
      ]
    },
    {
      "type": "shape",
      "background": "#ba6000",
      "shadowColor": "#1ABC9C",
      "points": [
        100.8,
        152,
        100.9,
        154.9,
        99.1,
        157.8,
        95.3,
        160,
        88,
        164.2,
        76.1,
        164.2,
        68.8,
        160,
        65,
        157.8,
        63.2,
        154.9,
        63.3,
        152,
        62.2,
        152,
        62.2,
        176.4,
        62.2,
        179.3,
        64.1,
        182.3,
        68,
        184.5,
        75.8,
        189,
        88.3,
        189,
        96.1,
        184.5,
        100,
        182.3,
        101.9,
        179.3,
        101.9,
        176.4,
        101.9,
        154.1,
        101.9,
        152.1,
        100.8,
        152.1,
        100.8,
        152,
        100.8,
        152
      ],
      "segments": [
        1,
        4,
        4,
        4,
        2,
        2,
        4,
        4,
        4,
        2,
        2,
        2,
        2,
        2
      ]
    },
    {
      "type": "shape",
      "background": "#d1c699",
      "shadowColor": "#1ABC9C",
      "points": [
        100.8,
        144.7,
        100.9,
        147.6,
        99.1,
        150.5,
        95.3,
        152.7,
        88,
        156.9,
        76.1,
        156.9,
        68.8,
        152.7,
        65,
        150.5,
        63.2,
        147.6,
        63.3,
        144.7,
        62.2,
        144.7,
        62.2,
        153.8,
        62.2,
        156.7,
        64.1,
        159.7,
        68,
        161.9,
        75.8,
        166.4,
        88.3,
        166.4,
        96.1,
        161.9,
        100,
        159.7,
        101.9,
        156.7,
        101.9,
        153.8,
        101.9,
        146.7,
        101.9,
        144.7,
        100.8,
        144.7,
        100.8,
        144.7,
        100.8,
        144.7
      ],
      "segments": [
        1,
        4,
        4,
        4,
        2,
        2,
        4,
        4,
        4,
        2,
        2,
        2,
        2,
        2
      ]
    },
    {
      "type": "shape",
      "background": "#e0d5ac",
      "shadowColor": "#1ABC9C",
      "points": [
        96.1,
        137,
        88.4,
        132.5,
        75.8,
        132.5,
        68,
        137,
        60.2,
        141.5,
        60.2,
        148.7,
        68,
        153.2,
        75.8,
        157.7,
        88.3,
        157.7,
        96.1,
        153.2,
        103.8,
        148.7,
        103.8,
        141.5,
        96.1,
        137,
        96.1,
        137,
        96.1,
        137
      ],
      "segments": [
        1,
        4,
        4,
        4,
        4,
        2,
        2
      ]
    },
    {
      "type": "shape",
      "background": "#c4c4c4",
      "shadowColor": "#1ABC9C",
      "points": [
        96,
        145.2,
        88.3,
        149.7,
        75.8,
        149.7,
        68.1,
        145.2,
        60.4,
        140.7,
        60.4,
        133.6,
        68.1,
        129.1,
        75.8,
        124.6,
        88.3,
        124.6,
        96,
        129.1,
        103.7,
        133.6,
        103.7,
        140.8,
        96,
        145.2,
        96,
        145.2,
        96,
        145.2,
        96.8,
        128.7,
        88.7,
        124,
        75.4,
        124,
        67.3,
        128.7,
        59.1,
        133.4,
        59.1,
        141,
        67.3,
        145.7,
        75.5,
        150.4,
        88.7,
        150.4,
        96.8,
        145.7,
        104.9,
        141,
        104.9,
        133.4,
        96.8,
        128.7,
        96.8,
        128.7,
        96.8,
        128.7
      ],
      "segments": [
        1,
        4,
        4,
        4,
        4,
        2,
        2,
        1,
        4,
        4,
        4,
        4,
        2,
        2
      ]
    },
    {
      "type": "shape",
      "background": "#f5f5f5",
      "shadowColor": "#1ABC9C",
      "points": [
        0,
        93.9,
        2.4,
        92.5,
        2.4,
        85.2,
        0.3,
        86.4,
        0.3,
        84.6,
        1.5,
        83.6,
        2.3,
        82.8,
        3,
        81.9,
        4.9,
        80.8,
        4.9,
        91.1,
        7,
        89.9,
        7,
        92.3,
        0,
        96.3,
        0,
        93.9,
        0,
        93.9,
        0,
        93.9
      ],
      "segments": [
        1,
        2,
        2,
        2,
        2,
        4,
        2,
        2,
        2,
        2,
        2,
        2,
        2,
        2
      ]
    },
    {
      "type": "shape",
      "background": "#f5f5f5",
      "shadowColor": "#1ABC9C",
      "points": [
        14.1,
        81.8,
        14.1,
        78.3,
        13.4,
        77.9,
        12.6,
        78.4,
        11.8,
        78.9,
        11.1,
        80.1,
        11.1,
        83.5,
        11.1,
        87,
        11.8,
        87.5,
        12.6,
        87,
        13.4,
        86.5,
        14.1,
        85.3,
        14.1,
        81.8,
        14.1,
        81.8,
        14.1,
        81.8,
        8.6,
        85,
        8.6,
        80.7,
        10.2,
        77.5,
        12.5,
        76.2,
        14.9,
        74.8,
        16.4,
        76.1,
        16.4,
        80.5,
        16.4,
        84.8,
        14.8,
        88.1,
        12.5,
        89.4,
        10.2,
        90.7,
        8.6,
        89.3,
        8.6,
        85,
        8.6,
        85,
        8.6,
        85
      ],
      "segments": [
        1,
        4,
        4,
        4,
        4,
        2,
        2,
        1,
        4,
        4,
        4,
        4,
        2,
        2
      ]
    },
    {
      "type": "shape",
      "background": "#f5f5f5",
      "shadowColor": "#1ABC9C",
      "points": [
        19.7,
        81.5,
        20.6,
        81,
        21.2,
        81.4,
        21.2,
        82.5,
        21.2,
        83.5,
        20.5,
        84.7,
        19.7,
        85.2,
        18.8,
        85.7,
        18.2,
        85.3,
        18.2,
        84.2,
        18.2,
        83.2,
        18.8,
        82,
        19.7,
        81.5,
        19.7,
        81.5,
        19.7,
        81.5
      ],
      "segments": [
        1,
        4,
        4,
        4,
        4,
        2,
        2
      ]
    },
    {
      "type": "shape",
      "background": "#f5f5f5",
      "shadowColor": "#1ABC9C",
      "points": [
        30.3,
        76.5,
        32.2,
        75.4,
        33.5,
        73.6,
        33.5,
        70.5,
        33.5,
        67.4,
        32.2,
        67.2,
        30.3,
        68.3,
        29.8,
        68.6,
        29.8,
        76.9,
        30.3,
        76.5,
        30.3,
        76.5,
        30.3,
        76.5,
        27.2,
        67.6,
        30.4,
        65.8,
        33.8,
        63.8,
        36.1,
        64.5,
        36.1,
        69,
        36.1,
        73.5,
        33.9,
        76.9,
        30.6,
        78.8,
        27.3,
        80.7,
        27.3,
        67.6,
        27.2,
        67.6,
        27.2,
        67.6
      ],
      "segments": [
        1,
        4,
        4,
        2,
        2,
        2,
        2,
        2,
        1,
        2,
        4,
        4,
        2,
        2,
        2,
        2
      ]
    },
    {
      "type": "shape",
      "background": "#f5f5f5",
      "shadowColor": "#1ABC9C",
      "points": [
        40.8,
        65.7,
        42.1,
        64.9,
        43.4,
        64.1,
        44.2,
        63.1,
        44.2,
        61.8,
        44.2,
        60.5,
        43.5,
        60.5,
        42.1,
        61.3,
        40.8,
        62.1,
        40.8,
        65.7,
        40.8,
        65.7,
        40.8,
        65.7,
        44.4,
        70.7,
        42.2,
        67.2,
        40.8,
        68,
        40.8,
        72.7,
        38.3,
        74.2,
        38.3,
        61.2,
        42.4,
        58.8,
        44.8,
        57.4,
        46.8,
        57.2,
        46.8,
        60.4,
        46.8,
        62.3,
        46,
        64,
        44.8,
        65.3,
        47.4,
        69,
        44.4,
        70.7,
        44.4,
        70.7,
        44.4,
        70.7
      ],
      "segments": [
        1,
        2,
        4,
        4,
        2,
        2,
        2,
        2,
        1,
        2,
        2,
        2,
        2,
        2,
        2,
        4,
        4,
        2,
        2,
        2,
        2
      ]
    },
    {
      "type": "shape",
      "background": "#f5f5f5",
      "shadowColor": "#1ABC9C",
      "points": [
        48.9,
        55,
        51.5,
        53.6,
        51.5,
        66.6,
        48.9,
        68.1,
        48.9,
        55,
        48.9,
        55,
        48.9,
        55
      ]
    },
    {
      "type": "shape",
      "background": "#f5f5f5",
      "shadowColor": "#1ABC9C",
      "points": [
        54.1,
        52,
        56.7,
        50.5,
        59.6,
        55.3,
        60.7,
        57.5,
        60.8,
        57.5,
        60.7,
        56.2,
        60.5,
        54.5,
        60.5,
        52.9,
        60.5,
        48.3,
        62.9,
        46.9,
        62.9,
        59.9,
        60.3,
        61.4,
        57.4,
        56.6,
        56.3,
        54.4,
        56.2,
        54.4,
        56.3,
        55.8,
        56.5,
        57.4,
        56.5,
        58.9,
        56.5,
        63.5,
        54.1,
        64.9,
        54.1,
        52,
        54.1,
        52,
        54.1,
        52
      ],
      "segments": [
        1,
        2,
        2,
        2,
        2,
        4,
        2,
        2,
        2,
        2,
        2,
        2,
        2,
        4,
        2,
        2,
        2,
        2,
        2
      ]
    },
    {
      "type": "shape",
      "background": "#f5f5f5",
      "shadowColor": "#1ABC9C",
      "points": [
        65.6,
        45.4,
        68.2,
        43.9,
        68.2,
        49.3,
        68.3,
        49.2,
        71.6,
        41.9,
        74.4,
        40.3,
        71,
        47.5,
        75.1,
        53,
        72.3,
        54.6,
        69.5,
        50.7,
        68.2,
        53.5,
        68.2,
        57,
        65.6,
        58.4,
        65.6,
        45.4,
        65.6,
        45.4,
        65.6,
        45.4
      ]
    },
    {
      "type": "shape",
      "background": "#f5f5f5",
      "shadowColor": "#1ABC9C",
      "points": [
        76.3,
        39.2,
        78.8,
        37.8,
        78.8,
        50.8,
        76.3,
        52.3,
        76.3,
        39.2,
        76.3,
        39.2,
        76.3,
        39.2
      ]
    },
    {
      "type": "shape",
      "background": "#f5f5f5",
      "shadowColor": "#1ABC9C",
      "points": [
        81.5,
        36.2,
        84.1,
        34.7,
        87,
        39.5,
        88.1,
        41.7,
        88.2,
        41.7,
        88.1,
        40.4,
        87.9,
        38.7,
        87.9,
        37.1,
        87.9,
        32.5,
        90.3,
        31.1,
        90.3,
        44.1,
        87.7,
        45.6,
        84.8,
        40.8,
        83.7,
        38.6,
        83.6,
        38.6,
        83.7,
        40,
        83.9,
        41.6,
        83.9,
        43.1,
        83.9,
        47.7,
        81.5,
        49.1,
        81.5,
        36.2,
        81.5,
        36.2,
        81.5,
        36.2
      ],
      "segments": [
        1,
        2,
        2,
        2,
        2,
        4,
        2,
        2,
        2,
        2,
        2,
        2,
        2,
        4,
        2,
        2,
        2,
        2,
        2
      ]
    },
    {
      "type": "shape",
      "background": "#f5f5f5",
      "shadowColor": "#1ABC9C",
      "points": [
        98,
        26.4,
        99.6,
        25.5,
        100.8,
        25.6,
        101.5,
        26.1,
        100.1,
        28.7,
        99.5,
        28.4,
        99,
        28.3,
        98,
        28.9,
        96.3,
        29.9,
        95,
        32.2,
        95,
        34.8,
        95,
        37.5,
        96.1,
        38.4,
        98.2,
        37.2,
        98.7,
        36.9,
        99.1,
        36.5,
        99.4,
        36.1,
        99.4,
        33.9,
        97.5,
        35,
        97.5,
        32.6,
        101.6,
        30.2,
        101.6,
        36.2,
        100.8,
        37.5,
        99.4,
        39.1,
        97.8,
        40,
        94.8,
        41.8,
        92.3,
        40.9,
        92.3,
        36.5,
        92.5,
        32.2,
        95,
        28.2,
        98,
        26.4,
        98,
        26.4,
        98,
        26.4
      ],
      "segments": [
        1,
        4,
        2,
        4,
        4,
        4,
        4,
        2,
        2,
        2,
        2,
        2,
        4,
        4,
        4,
        2,
        2
      ]
    },
    {
      "type": "shape",
      "background": "#f5f5f5",
      "shadowColor": "#1ABC9C",
      "points": [
        111.6,
        29.6,
        113,
        28.8,
        113.7,
        27.8,
        113.7,
        26.6,
        113.7,
        25.5,
        113,
        25.4,
        111.6,
        26.2,
        110.2,
        27,
        110.2,
        30.4,
        111.6,
        29.6,
        111.6,
        29.6,
        111.6,
        29.6,
        111.4,
        24.2,
        112.6,
        23.5,
        113.2,
        22.5,
        113.2,
        21.6,
        113.2,
        20.6,
        112.6,
        20.5,
        111.4,
        21.2,
        110.2,
        21.9,
        110.2,
        24.9,
        111.4,
        24.2,
        111.4,
        24.2,
        111.4,
        24.2,
        107.7,
        21.1,
        111.6,
        18.9,
        113.9,
        17.5,
        115.8,
        17.2,
        115.8,
        19.7,
        115.8,
        20.9,
        115.2,
        22.5,
        113.9,
        23.6,
        113.9,
        23.7,
        115.5,
        23.1,
        116.3,
        23.6,
        116.3,
        25.4,
        116.3,
        28.1,
        114.4,
        30.4,
        111.9,
        31.8,
        107.7,
        34.2,
        107.7,
        21.1,
        107.7,
        21.1,
        107.7,
        21.1
      ],
      "segments": [
        1,
        4,
        4,
        2,
        2,
        2,
        2,
        2,
        1,
        4,
        4,
        2,
        2,
        2,
        2,
        2,
        1,
        2,
        4,
        4,
        2,
        4,
        4,
        2,
        2,
        2,
        2
      ]
    },
    {
      "type": "shape",
      "background": "#f5f5f5",
      "shadowColor": "#1ABC9C",
      "points": [
        118.1,
        15.1,
        125.2,
        11,
        125.2,
        13.5,
        120.7,
        16.1,
        120.7,
        18.7,
        124.5,
        16.5,
        124.5,
        18.9,
        120.7,
        21.2,
        120.7,
        24.2,
        125.4,
        21.5,
        125.4,
        23.9,
        118.1,
        28.1,
        118.1,
        15.1,
        118.1,
        15.1,
        118.1,
        15.1
      ]
    },
    {
      "type": "shape",
      "background": "#f5f5f5",
      "shadowColor": "#1ABC9C",
      "points": [
        127.6,
        9.6,
        134.7,
        5.5,
        134.7,
        8,
        130.2,
        10.6,
        130.2,
        13.2,
        134,
        11,
        134,
        13.5,
        130.2,
        15.7,
        130.2,
        18.7,
        134.9,
        16,
        134.9,
        18.5,
        127.6,
        22.6,
        127.6,
        9.6,
        127.6,
        9.6,
        127.6,
        9.6
      ]
    },
    {
      "type": "shape",
      "background": "#f5f5f5",
      "shadowColor": "#1ABC9C",
      "points": [
        139.7,
        8.6,
        141,
        7.8,
        142.3,
        7,
        143.1,
        6,
        143.1,
        4.7,
        143.1,
        3.4,
        142.4,
        3.4,
        141,
        4.2,
        139.7,
        5,
        139.7,
        8.6,
        139.7,
        8.6,
        139.7,
        8.6,
        143.2,
        13.6,
        141,
        10.1,
        139.6,
        10.9,
        139.6,
        15.6,
        137.1,
        17.1,
        137.1,
        4.1,
        141.2,
        1.7,
        143.6,
        0.3,
        145.5,
        0.1,
        145.5,
        3.3,
        145.5,
        5.2,
        144.7,
        6.9,
        143.5,
        8.2,
        146.1,
        11.9,
        143.2,
        13.6,
        143.2,
        13.6,
        143.2,
        13.6
      ],
      "segments": [
        1,
        2,
        4,
        4,
        2,
        2,
        2,
        2,
        1,
        2,
        2,
        2,
        2,
        2,
        2,
        4,
        4,
        2,
        2,
        2,
        2
      ]
    }
  ]
}