{
  "background": "rgb(102,101,101)",
  "width": 85,
  "height": 131,
  "comps": [
    {
      "type": "shape",
      "background": "rgba(6,16,51,0.70)",
      "shadowColor": "#1ABC9C",
      "points": [
        52,
        128.2,
        48.20812,
        128,
        44.52776,
        127.5,
        41.07045,
        126.8,
        40.62435,
        126.6,
        48.65422,
        122.4,
        49.76948,
        122.5,
        50.88474,
        122.6,
        51.88847,
        122.7,
        51.88847,
        128.2,
        39.95519,
        126.2,
        28.24497,
        120.1,
        32.48295,
        117.9,
        36.83247,
        120.1,
        42.07419,
        121.5,
        47.53896,
        122.2,
        39.95519,
        126.2,
        38.39383,
        126.1,
        35.04805,
        125.2,
        31.92532,
        124,
        29.02565,
        122.6,
        28.13344,
        122.1,
        27.24123,
        121.6,
        26.46055,
        121.1,
        27.57581,
        120.5,
        38.39383,
        126.1,
        25.7914,
        120.7,
        24.45308,
        119.8,
        23.2263,
        118.8,
        22.22256,
        117.8,
        26.79513,
        120.2,
        25.7914,
        120.7,
        27.57581,
        119.8,
        20.99578,
        116.4,
        19.88052,
        115.1,
        19.09984,
        113.7,
        18.65373,
        112.3,
        23.33782,
        109.9,
        24.78766,
        112.7,
        27.57581,
        115.4,
        31.8138,
        117.6,
        27.57581,
        119.8,
        18.43068,
        111.6,
        17.65,
        108.9,
        18.0961,
        106.1,
        19.54594,
        103.5,
        22.22256,
        104.9,
        22.22256,
        105.4,
        22.22256,
        106.7,
        22.55714,
        108,
        23.11477,
        109.3,
        18.43068,
        111.6,
        22.11104,
        104.1,
        19.76899,
        102.9,
        20.32662,
        101.9,
        21.10731,
        100.9,
        22.11104,
        100,
        22.11104,
        104.1
      ],
      "segments": [
        1,
        4,
        2,
        2,
        4,
        2,
        1,
        2,
        2,
        4,
        2,
        1,
        4,
        4,
        2,
        2,
        1,
        4,
        2,
        2,
        1,
        2,
        4,
        2,
        4,
        2,
        1,
        4,
        2,
        2,
        4,
        2,
        1,
        2,
        4,
        2
      ]
    },
    {
      "type": "shape",
      "background": "rgba(6,16,51,0.70)",
      "shadowColor": "#1ABC9C",
      "points": [
        51,
        128.2,
        51,
        124.4,
        55.39073,
        126.7,
        52.57616,
        128.2,
        52.01325,
        128.2,
        51.45033,
        128.2,
        51,
        128.2,
        54.2649,
        128,
        56.06623,
        127.1,
        57.19205,
        127.7,
        56.17881,
        127.7,
        55.27815,
        127.9,
        54.2649,
        128,
        58.31788,
        127.4,
        56.74172,
        126.7,
        68.56291,
        120.6,
        72.95364,
        122.9,
        68.6755,
        125,
        63.60927,
        126.5,
        58.31788,
        127.4,
        56.06623,
        126.3,
        51,
        123.7,
        51,
        122.8,
        56.62914,
        122.5,
        62.03311,
        121.4,
        66.87417,
        119.7,
        68,
        120.3,
        56.06623,
        126.3,
        73.74172,
        122.5,
        69.35099,
        120.2,
        81.17219,
        114.1,
        82.63576,
        114.9,
        80.94702,
        117.7,
        78.01987,
        120.3,
        73.74172,
        122.5,
        68.6755,
        119.9,
        67.66225,
        119.4,
        68.90066,
        118.9,
        70.02649,
        118.4,
        71.15232,
        117.9,
        74.19205,
        116.3,
        76.55629,
        114.6,
        78.13245,
        112.7,
        80.49669,
        113.9,
        68.6755,
        119.9,
        82.97351,
        114.4,
        81.84768,
        113.8,
        83.76159,
        112.8,
        83.53642,
        113.3,
        83.31126,
        113.9,
        82.97351,
        114.4,
        81.17219,
        113.4,
        78.4702,
        112,
        80.15894,
        109.9,
        80.94702,
        107.6,
        80.94702,
        105.4,
        80.94702,
        101.3,
        81.0596,
        101.2,
        81.50993,
        101.4,
        84.21192,
        104.7,
        85,
        108.3,
        83.98675,
        111.8,
        81.17219,
        113.4
      ],
      "segments": [
        1,
        2,
        2,
        2,
        4,
        1,
        2,
        2,
        4,
        1,
        2,
        2,
        2,
        4,
        1,
        2,
        2,
        4,
        2,
        2,
        1,
        2,
        2,
        2,
        4,
        1,
        2,
        4,
        4,
        2,
        2,
        1,
        2,
        2,
        4,
        1,
        2,
        4,
        2,
        2,
        2,
        4,
        2
      ]
    },
    {
      "type": "shape",
      "background": "#ff8400",
      "shadowColor": "#1ABC9C",
      "points": [
        83.2,
        107.8,
        83.2,
        105.8,
        77.8,
        105.8,
        76.7,
        104.8,
        75.3,
        103.9,
        73.8,
        103,
        61.4,
        95.8,
        41.2,
        95.8,
        28.8,
        103,
        27.3,
        103.9,
        26,
        104.8,
        24.8,
        105.8,
        19.4,
        105.8,
        19.4,
        107.8,
        19.4,
        112.5,
        22.5,
        117.2,
        28.7,
        120.8,
        41.1,
        128,
        61.3,
        128,
        73.7,
        120.8,
        80.1,
        117.2,
        83.3,
        112.5,
        83.2,
        107.8,
        83.2,
        107.8,
        83.2,
        107.8
      ],
      "segments": [
        1,
        2,
        2,
        4,
        4,
        4,
        2,
        2,
        4,
        4,
        4,
        2,
        2
      ]
    },
    {
      "type": "shape",
      "background": "#ff9d26",
      "shadowColor": "#1ABC9C",
      "points": [
        73.9,
        118.8,
        61.5,
        126,
        41.3,
        126,
        28.9,
        118.8,
        16.5,
        111.6,
        16.5,
        100,
        28.9,
        92.8,
        41.3,
        85.6,
        61.5,
        85.6,
        73.9,
        92.8,
        86.4,
        100,
        86.4,
        111.6,
        73.9,
        118.8,
        73.9,
        118.8,
        73.9,
        118.8
      ],
      "segments": [
        1,
        4,
        4,
        4,
        4,
        2,
        2
      ]
    },
    {
      "type": "shape",
      "background": "#939598",
      "shadowColor": "#1ABC9C",
      "points": [
        81.8,
        105.3,
        81.8,
        89.4,
        76.7,
        89.4,
        75.6,
        88.5,
        74.4,
        87.6,
        72.9,
        86.8,
        61.1,
        80,
        42,
        80,
        30.2,
        86.8,
        28.8,
        87.6,
        27.5,
        88.5,
        26.4,
        89.4,
        21.3,
        89.4,
        21.3,
        105.3,
        21.3,
        109.8,
        24.2,
        114.2,
        30.2,
        117.6,
        42,
        124.4,
        61.1,
        124.4,
        72.9,
        117.6,
        78.8,
        114.2,
        81.8,
        109.7,
        81.8,
        105.3
      ],
      "segments": [
        1,
        2,
        2,
        4,
        4,
        4,
        2,
        2,
        4,
        4,
        4
      ]
    },
    {
      "type": "shape",
      "background": "#bcbec2",
      "shadowColor": "#1ABC9C",
      "points": [
        72.9,
        101.7,
        61.1,
        108.5,
        42,
        108.5,
        30.2,
        101.7,
        18.4,
        94.9,
        18.4,
        83.8,
        30.2,
        77,
        42,
        70.2,
        61.1,
        70.2,
        72.9,
        77,
        84.7,
        83.8,
        84.7,
        94.9,
        72.9,
        101.7
      ],
      "segments": [
        1,
        4,
        4,
        4,
        4
      ]
    },
    {
      "type": "shape",
      "background": "#c8c9ca",
      "shadowColor": "#1ABC9C",
      "points": [
        21.8,
        92.4,
        21.7,
        92.3,
        21.5,
        91.5,
        21.4,
        90.4,
        21.5,
        91.1,
        21.6,
        91.8,
        21.8,
        92.4
      ],
      "segments": [
        1,
        4,
        4
      ]
    },
    {
      "type": "shape",
      "background": "#dddee0",
      "shadowColor": "#1ABC9C",
      "points": [
        21.8,
        92.5,
        21.8,
        92.5,
        21.8,
        92.5,
        21.8,
        92.5,
        21.6,
        91.8,
        21.4,
        91.1,
        21.4,
        90.4,
        21.3,
        89.3,
        21.3,
        87.8,
        21.8,
        86.2,
        22,
        86.1,
        44.9,
        80.7,
        44.9,
        80.7,
        45.2,
        81.8,
        21.8,
        92.5
      ],
      "segments": [
        1,
        4,
        4,
        4,
        4,
        2,
        2
      ]
    },
    {
      "type": "shape",
      "background": "#939598",
      "shadowColor": "#1ABC9C",
      "points": [
        58.5,
        80.7,
        58.5,
        77.8,
        57.3,
        77.8,
        57.1,
        77.6,
        56.8,
        77.4,
        56.4,
        77.2,
        53.7,
        75.6,
        49.3,
        75.6,
        46.6,
        77.2,
        46.3,
        77.4,
        46,
        77.6,
        45.7,
        77.8,
        44.5,
        77.8,
        44.5,
        80.7,
        44.5,
        81.7,
        45.2,
        82.8,
        46.5,
        83.5,
        49.2,
        85.1,
        53.6,
        85.1,
        56.3,
        83.5,
        57.8,
        82.7,
        58.5,
        81.7,
        58.5,
        80.7,
        58.5,
        80.7,
        58.5,
        80.7
      ],
      "segments": [
        1,
        2,
        2,
        4,
        4,
        4,
        2,
        2,
        4,
        4,
        4,
        2,
        2
      ]
    },
    {
      "type": "shape",
      "background": "#bcbec2",
      "shadowColor": "#1ABC9C",
      "points": [
        56.5,
        80.6,
        53.8,
        82.2,
        49.4,
        82.2,
        46.7,
        80.6,
        44,
        79,
        44,
        76.5,
        46.7,
        74.9,
        49.4,
        73.3,
        53.8,
        73.3,
        56.5,
        74.9,
        59.2,
        76.5,
        59.2,
        79.1,
        56.5,
        80.6,
        56.5,
        80.6,
        56.5,
        80.6
      ],
      "segments": [
        1,
        4,
        4,
        4,
        4,
        2,
        2
      ]
    },
    {
      "type": "shape",
      "background": "#7d7d7d",
      "shadowColor": "#1ABC9C",
      "points": [
        55.7,
        77.2,
        55.7,
        75.2,
        55,
        75.2,
        54.9,
        75.1,
        54.7,
        75,
        54.5,
        74.8,
        52.9,
        73.9,
        50.3,
        73.9,
        48.7,
        74.8,
        48.5,
        74.9,
        48.3,
        75,
        48.2,
        75.2,
        47.5,
        75.2,
        47.5,
        77.2,
        47.5,
        77.8,
        47.9,
        78.4,
        48.7,
        78.9,
        50.3,
        79.8,
        52.9,
        79.8,
        54.5,
        78.9,
        55.3,
        78.4,
        55.7,
        77.8,
        55.7,
        77.2,
        55.7,
        77.2,
        55.7,
        77.2
      ],
      "segments": [
        1,
        2,
        2,
        4,
        4,
        4,
        2,
        2,
        4,
        4,
        4,
        2,
        2
      ]
    },
    {
      "type": "shape",
      "background": "#24d2c1",
      "shadowColor": "#1ABC9C",
      "points": [
        54.5,
        76.8,
        52.9,
        77.7,
        50.3,
        77.7,
        48.7,
        76.8,
        47.1,
        75.9,
        47.1,
        74.4,
        48.7,
        73.4,
        50.3,
        72.5,
        52.9,
        72.5,
        54.5,
        73.4,
        56.1,
        74.4,
        56.1,
        75.9,
        54.5,
        76.8,
        54.5,
        76.8,
        54.5,
        76.8
      ],
      "segments": [
        1,
        4,
        4,
        4,
        4,
        2,
        2
      ]
    },
    {
      "type": "shape",
      "background": "#939598",
      "shadowColor": "#1ABC9C",
      "points": [
        55.9,
        75.7,
        55.9,
        67.1,
        55.2,
        67.1,
        55,
        67,
        54.9,
        66.8,
        54.7,
        66.7,
        53,
        65.7,
        50.3,
        65.7,
        48.6,
        66.7,
        48.4,
        66.8,
        48.2,
        66.9,
        48.1,
        67.1,
        47.4,
        67.1,
        47.4,
        75.7,
        47.4,
        76.3,
        47.8,
        77,
        48.7,
        77.5,
        50.4,
        78.5,
        53.1,
        78.5,
        54.8,
        77.5,
        55.4,
        77,
        55.9,
        76.3,
        55.9,
        75.7,
        55.9,
        75.7,
        55.9,
        75.7
      ],
      "segments": [
        1,
        2,
        2,
        4,
        4,
        4,
        2,
        2,
        4,
        4,
        4,
        2,
        2
      ]
    },
    {
      "type": "shape",
      "background": "#bcbec2",
      "shadowColor": "#1ABC9C",
      "points": [
        54.6,
        68.9,
        52.9,
        69.9,
        50.2,
        69.9,
        48.5,
        68.9,
        46.8,
        67.9,
        46.8,
        66.4,
        48.5,
        65.4,
        50.2,
        64.4,
        52.9,
        64.4,
        54.6,
        65.4,
        56.3,
        66.3,
        56.3,
        67.9,
        54.6,
        68.9,
        54.6,
        68.9,
        54.6,
        68.9
      ],
      "segments": [
        1,
        4,
        4,
        4,
        4,
        2,
        2
      ]
    },
    {
      "type": "shape",
      "background": "#939598",
      "shadowColor": "#1ABC9C",
      "points": [
        55.1,
        66.8,
        55.1,
        57.6,
        54.5,
        57.6,
        54.4,
        57.5,
        54.2,
        57.4,
        54.1,
        57.3,
        52.7,
        56.5,
        50.4,
        56.5,
        49.1,
        57.3,
        48.9,
        57.4,
        48.8,
        57.5,
        48.7,
        57.6,
        48.1,
        57.6,
        48.1,
        66.8,
        48.1,
        67.3,
        48.4,
        67.9,
        49.1,
        68.3,
        50.5,
        69.1,
        52.8,
        69.1,
        54.1,
        68.3,
        54.8,
        67.9,
        55.1,
        67.3,
        55.1,
        66.8,
        55.1,
        66.8,
        55.1,
        66.8
      ],
      "segments": [
        1,
        2,
        2,
        4,
        4,
        4,
        2,
        2,
        4,
        4,
        4,
        2,
        2
      ]
    },
    {
      "type": "shape",
      "background": "#bcbec2",
      "shadowColor": "#1ABC9C",
      "points": [
        54.1,
        59.1,
        52.7,
        59.9,
        50.4,
        59.9,
        49.1,
        59.1,
        47.8,
        58.3,
        47.7,
        57,
        49.1,
        56.2,
        50.5,
        55.4,
        52.8,
        55.4,
        54.1,
        56.2,
        55.5,
        57,
        55.5,
        58.3,
        54.1,
        59.1,
        54.1,
        59.1,
        54.1,
        59.1
      ],
      "segments": [
        1,
        4,
        4,
        4,
        4,
        2,
        2
      ]
    },
    {
      "type": "shape",
      "background": "#232323",
      "shadowColor": "#1ABC9C",
      "points": [
        53.4,
        58.7,
        52.4,
        59.3,
        50.8,
        59.3,
        49.8,
        58.7,
        48.8,
        58.1,
        48.8,
        57.2,
        49.8,
        56.6,
        50.8,
        56,
        52.4,
        56,
        53.4,
        56.6,
        54.4,
        57.2,
        54.4,
        58.1,
        53.4,
        58.7,
        53.4,
        58.7,
        53.4,
        58.7
      ],
      "segments": [
        1,
        4,
        4,
        4,
        4,
        2,
        2
      ]
    },
    {
      "type": "shape",
      "background": "#ba6000",
      "shadowColor": "#1ABC9C",
      "points": [
        46.6,
        73,
        46.6,
        72.6,
        46.7,
        72.2,
        46.8,
        72,
        46.9,
        71.9,
        46.9,
        72.3,
        47,
        72.2,
        47.9,
        73.8,
        47.9,
        73.9,
        48.2,
        73.8,
        48.2,
        73.9,
        48.2,
        74,
        48.2,
        74.1,
        48.2,
        74.2,
        47,
        74.9,
        46.8,
        74.3,
        46.6,
        73.6,
        46.6,
        73,
        46.6,
        73,
        46.6,
        73,
        47.5,
        75.6,
        48.7,
        74.9,
        49,
        75.1,
        49,
        75.6,
        49.8,
        77,
        49.7,
        77,
        50,
        77.3,
        49.9,
        77.3,
        49.6,
        77.3,
        49.3,
        77.2,
        49,
        77,
        48.4,
        76.7,
        47.9,
        76.2,
        47.5,
        75.6,
        47.5,
        75.6,
        47.5,
        75.6,
        49.5,
        75,
        49.5,
        74.9,
        49.6,
        74.8,
        49.6,
        74.7,
        49.6,
        74.6,
        49.6,
        74.5,
        49.6,
        74.4,
        50.5,
        73.9,
        51.1,
        75.2,
        51.4,
        76.4,
        50.8,
        77,
        49.5,
        75,
        49.5,
        75,
        49.5,
        75,
        50.1,
        73.2,
        49.2,
        73.7,
        48.9,
        73.5,
        48.8,
        73.4,
        48.7,
        73.4,
        48.6,
        73.4,
        47.5,
        71.4,
        47.9,
        71.3,
        48.4,
        71.4,
        48.9,
        71.7,
        49.4,
        72,
        49.7,
        72.6,
        50.1,
        73.2,
        50.1,
        73.2,
        50.1,
        73.2,
        46.6,
        75.7,
        47.2,
        76.7,
        48.1,
        77.1,
        48.9,
        77.6,
        49.4,
        77.9,
        49.9,
        78,
        50.4,
        78,
        50.4,
        78.1,
        51,
        77.8,
        52,
        77.1,
        52,
        75.1,
        50.9,
        73.2,
        50.3,
        72.2,
        49.6,
        71.5,
        48.9,
        71.1,
        48.2,
        70.7,
        47.5,
        70.6,
        47,
        70.9,
        47,
        70.9,
        46.5,
        71.2,
        46.5,
        71.3,
        45.8,
        72.1,
        45.7,
        74.1,
        46.6,
        75.7,
        46.6,
        75.7,
        46.6,
        75.7
      ],
      "segments": [
        1,
        4,
        4,
        2,
        4,
        4,
        2,
        4,
        2,
        2,
        1,
        2,
        2,
        2,
        2,
        4,
        4,
        4,
        2,
        2,
        1,
        4,
        4,
        2,
        4,
        2,
        2,
        2,
        1,
        2,
        2,
        4,
        2,
        4,
        4,
        2,
        2,
        1,
        4,
        4,
        2,
        2,
        4,
        4,
        4,
        2,
        2,
        2,
        4,
        2,
        2
      ]
    },
    {
      "type": "shape",
      "background": "#ff8400",
      "shadowColor": "#1ABC9C",
      "points": [
        48.4,
        77.2,
        47.9,
        76.9,
        47.4,
        76.4,
        47,
        75.8,
        48.2,
        75.1,
        48.4,
        75.3,
        48.7,
        75.5,
        49.9,
        77.5,
        49.4,
        77.6,
        48.9,
        77.5,
        48.4,
        77.2,
        48.4,
        77.2,
        48.4,
        77.2,
        50.2,
        77.3,
        49.1,
        75.3,
        49.1,
        75.2,
        49.2,
        75.1,
        49.2,
        75,
        49.2,
        74.9,
        49.2,
        74.8,
        49.2,
        74.7,
        50.4,
        74,
        50.9,
        75.3,
        50.9,
        76.7,
        50.2,
        77.3,
        50.2,
        77.3,
        50.2,
        77.3,
        48.4,
        72,
        48.9,
        72.3,
        49.4,
        72.8,
        49.8,
        73.4,
        48.7,
        74,
        48.5,
        73.8,
        48.4,
        73.7,
        48.3,
        73.7,
        48.2,
        73.7,
        47.1,
        71.7,
        47.4,
        71.6,
        47.9,
        71.7,
        48.4,
        72,
        48.4,
        72,
        48.4,
        72,
        46.6,
        75.2,
        46.3,
        74.6,
        46.1,
        73.9,
        46.1,
        73.3,
        46.1,
        72.7,
        46.3,
        72.2,
        46.6,
        72,
        47.8,
        74,
        47.8,
        74.1,
        47.8,
        74.2,
        47.8,
        74.2,
        47.8,
        74.3,
        47.8,
        74.4,
        47.8,
        74.5,
        46.6,
        75.2,
        46.6,
        75.2,
        46.6,
        75.2,
        46.4,
        75.8,
        47,
        76.8,
        47.7,
        77.5,
        48.4,
        77.9,
        49.1,
        78.3,
        49.8,
        78.4,
        50.4,
        78.1,
        51.5,
        77.5,
        51.5,
        75.4,
        50.4,
        73.5,
        49.8,
        72.5,
        49.1,
        71.8,
        48.4,
        71.4,
        47.7,
        71,
        47,
        70.9,
        46.4,
        71.2,
        45.3,
        71.8,
        45.3,
        73.8,
        46.4,
        75.8,
        46.4,
        75.8,
        46.4,
        75.8
      ],
      "segments": [
        1,
        4,
        2,
        2,
        2,
        2,
        4,
        2,
        2,
        1,
        2,
        4,
        4,
        2,
        4,
        2,
        2,
        1,
        4,
        2,
        2,
        4,
        2,
        4,
        2,
        2,
        1,
        4,
        4,
        2,
        4,
        4,
        2,
        2,
        2,
        1,
        4,
        4,
        4,
        4,
        4,
        4,
        2,
        2
      ]
    },
    {
      "type": "shape",
      "background": "#7d7d7d",
      "shadowColor": "#1ABC9C",
      "points": [
        47.9,
        74.5,
        48.2,
        74.3,
        48.2,
        74.3,
        48.4,
        74.3,
        48.5,
        74.4,
        48.7,
        74.6,
        48.7,
        74.7,
        48.6,
        74.9,
        48.3,
        75.1,
        47.9,
        74.5,
        47.9,
        74.5,
        47.9,
        74.5
      ],
      "segments": [
        1,
        2,
        2,
        2,
        4,
        2,
        2,
        2,
        2,
        2
      ]
    },
    {
      "type": "shape",
      "background": "#bcbec2",
      "shadowColor": "#1ABC9C",
      "points": [
        48.3,
        75,
        48.3,
        74.8,
        48.2,
        74.6,
        48,
        74.6,
        47.9,
        74.5,
        47.7,
        74.6,
        47.7,
        74.7,
        47.7,
        74.9,
        47.8,
        75.1,
        48,
        75.1,
        48.2,
        75.2,
        48.3,
        75.1,
        48.3,
        75,
        48.3,
        75,
        48.3,
        75
      ],
      "segments": [
        1,
        4,
        4,
        4,
        4,
        2,
        2
      ]
    },
    {
      "type": "shape",
      "background": "#7d7d7d",
      "shadowColor": "#1ABC9C",
      "points": [
        51.5,
        91.8,
        47.6,
        91.8,
        44.4,
        94.6,
        44.4,
        98,
        44.4,
        101.4,
        47.6,
        104.2,
        51.5,
        104.2,
        55.4,
        104.2,
        58.6,
        101.4,
        58.6,
        98,
        58.6,
        94.5,
        55.4,
        91.8,
        51.5,
        91.8,
        51.5,
        91.8,
        51.5,
        91.8
      ],
      "segments": [
        1,
        4,
        4,
        4,
        4,
        2,
        2
      ]
    },
    {
      "type": "shape",
      "background": "#1d374e",
      "shadowColor": "#1ABC9C",
      "points": [
        51.5,
        92.3,
        48.2,
        92.3,
        45.6,
        94.6,
        45.6,
        97.4,
        45.6,
        100.2,
        48.2,
        102.5,
        51.5,
        102.5,
        54.8,
        102.5,
        57.4,
        100.2,
        57.4,
        97.4,
        57.4,
        94.6,
        54.7,
        92.3,
        51.5,
        92.3,
        51.5,
        92.3,
        51.5,
        92.3
      ],
      "segments": [
        1,
        4,
        4,
        4,
        4,
        2,
        2
      ]
    },
    {
      "type": "shape",
      "background": "#ba6000",
      "shadowColor": "#1ABC9C",
      "points": [
        51.5,
        91.8,
        47.7,
        91.8,
        44.7,
        94.4,
        44.7,
        97.7,
        44.7,
        101,
        47.7,
        103.6,
        51.5,
        103.6,
        55.2,
        103.6,
        58.3,
        101,
        58.3,
        97.7,
        58.2,
        94.4,
        55.2,
        91.8,
        51.5,
        91.8,
        51.5,
        91.8,
        51.5,
        91.8,
        51.5,
        93,
        54.6,
        93,
        57.1,
        95.1,
        57.1,
        97.7,
        57.1,
        100.3,
        54.6,
        102.4,
        51.5,
        102.4,
        48.4,
        102.4,
        45.9,
        100.3,
        45.9,
        97.7,
        45.9,
        95.1,
        48.4,
        93,
        51.5,
        93,
        51.5,
        93,
        51.5,
        93
      ],
      "segments": [
        1,
        4,
        4,
        4,
        4,
        2,
        2,
        1,
        4,
        4,
        4,
        4,
        2,
        2
      ]
    },
    {
      "type": "shape",
      "background": "#ff9d26",
      "shadowColor": "#1ABC9C",
      "points": [
        51.5,
        90.9,
        47.7,
        90.9,
        44.7,
        93.6,
        44.7,
        96.8,
        44.7,
        100,
        47.7,
        102.7,
        51.5,
        102.7,
        55.2,
        102.7,
        58.3,
        100.1,
        58.3,
        96.8,
        58.3,
        93.5,
        55.2,
        90.9,
        51.5,
        90.9,
        51.5,
        90.9,
        51.5,
        90.9,
        51.5,
        92.2,
        54.6,
        92.2,
        57.1,
        94.3,
        57.1,
        96.9,
        57.1,
        99.5,
        54.5,
        101.5,
        51.5,
        101.5,
        48.4,
        101.5,
        45.9,
        99.4,
        45.9,
        96.8,
        45.9,
        94.2,
        48.4,
        92.2,
        51.5,
        92.2,
        51.5,
        92.2,
        51.5,
        92.2
      ],
      "segments": [
        1,
        4,
        4,
        4,
        4,
        2,
        2,
        1,
        4,
        4,
        4,
        4,
        2,
        2
      ]
    },
    {
      "type": "shape",
      "background": "#939598",
      "shadowColor": "#1ABC9C",
      "points": [
        56,
        57.6,
        56,
        54.7,
        55.2,
        54.7,
        55,
        54.6,
        54.9,
        54.4,
        54.6,
        54.3,
        52.8,
        53.3,
        50,
        53.3,
        48.3,
        54.3,
        48.1,
        54.4,
        47.9,
        54.6,
        47.7,
        54.7,
        46.9,
        54.7,
        46.9,
        57.6,
        46.9,
        58.3,
        47.3,
        58.9,
        48.2,
        59.4,
        50,
        60.4,
        52.8,
        60.4,
        54.5,
        59.4,
        55.6,
        58.9,
        56,
        58.3,
        56,
        57.6,
        56,
        57.6,
        56,
        57.6
      ],
      "segments": [
        1,
        2,
        2,
        4,
        4,
        4,
        2,
        2,
        4,
        4,
        4,
        2,
        2
      ]
    },
    {
      "type": "shape",
      "background": "#bcbec2",
      "shadowColor": "#1ABC9C",
      "points": [
        54.7,
        56.6,
        52.9,
        57.6,
        50.1,
        57.6,
        48.4,
        56.6,
        46.6,
        55.6,
        46.6,
        53.9,
        48.4,
        52.9,
        50.2,
        51.9,
        53,
        51.9,
        54.7,
        52.9,
        56.5,
        53.9,
        56.5,
        55.5,
        54.7,
        56.6,
        54.7,
        56.6,
        54.7,
        56.6
      ],
      "segments": [
        1,
        4,
        4,
        4,
        4,
        2,
        2
      ]
    },
    {
      "type": "shape",
      "background": "#f5f5f5",
      "shadowColor": "#1ABC9C",
      "points": [
        0.2,
        37.1,
        1.6,
        34.8,
        2.6,
        33.1,
        2.6,
        32.2,
        2.6,
        31.6,
        2.3,
        31.4,
        1.8,
        31.7,
        1.4,
        31.9,
        1.1,
        32.4,
        0.8,
        32.9,
        0.1,
        32.5,
        0.6,
        31.5,
        1.2,
        30.9,
        1.9,
        30.4,
        3,
        29.8,
        3.7,
        30.2,
        3.7,
        31.4,
        3.7,
        32.5,
        2.8,
        34.1,
        1.9,
        35.7,
        2.2,
        35.5,
        2.6,
        35.2,
        2.8,
        35.1,
        3.9,
        34.5,
        3.9,
        35.7,
        0,
        37.9,
        0,
        37.1,
        0.2,
        37.1,
        0.2,
        37.1
      ],
      "segments": [
        1,
        4,
        4,
        4,
        2,
        4,
        4,
        4,
        4,
        2,
        2,
        2,
        2,
        2,
        2
      ]
    },
    {
      "type": "shape",
      "background": "#f5f5f5",
      "shadowColor": "#1ABC9C",
      "points": [
        5.8,
        33,
        6.2,
        32.7,
        6.6,
        33,
        6.6,
        33.5,
        6.6,
        34,
        6.3,
        34.6,
        5.8,
        34.9,
        5.4,
        35.2,
        5,
        34.9,
        5,
        34.4,
        5,
        33.8,
        5.3,
        33.2,
        5.8,
        33,
        5.8,
        33,
        5.8,
        33
      ],
      "segments": [
        1,
        4,
        4,
        4,
        4,
        2,
        2
      ]
    },
    {
      "type": "shape",
      "background": "#f5f5f5",
      "shadowColor": "#1ABC9C",
      "points": [
        9.6,
        26,
        11,
        25.2,
        11.9,
        27.6,
        12.2,
        28.5,
        12.2,
        28.5,
        12.5,
        27.2,
        13.4,
        23.7,
        14.7,
        22.9,
        14.7,
        29.4,
        13.5,
        30.1,
        13.5,
        27.7,
        13.5,
        27.1,
        13.6,
        26.1,
        13.7,
        25.4,
        13.7,
        25.4,
        13.2,
        27.2,
        12.3,
        30.2,
        11.8,
        30.5,
        10.9,
        28.5,
        10.4,
        27.3,
        10.4,
        27.3,
        10.5,
        27.9,
        10.6,
        28.8,
        10.6,
        29.4,
        10.6,
        31.8,
        9.4,
        32.5,
        9.4,
        26,
        9.6,
        26,
        9.6,
        26
      ],
      "segments": [
        1,
        2,
        2,
        2,
        2,
        2,
        2,
        2,
        2,
        2,
        2,
        4,
        2,
        2,
        2,
        2,
        2,
        2,
        2,
        4,
        2,
        2,
        2,
        2,
        2
      ]
    },
    {
      "type": "shape",
      "background": "#f5f5f5",
      "shadowColor": "#1ABC9C",
      "points": [
        16.2,
        22.2,
        17.4,
        21.5,
        17.4,
        28,
        16.2,
        28.7,
        16.2,
        22.2,
        16.2,
        22.2,
        16.2,
        22.2
      ]
    },
    {
      "type": "shape",
      "background": "#f5f5f5",
      "shadowColor": "#1ABC9C",
      "points": [
        19.8,
        23.3,
        18.3,
        21,
        19.7,
        20.2,
        20.2,
        21.1,
        20.3,
        21.3,
        20.5,
        21.6,
        20.6,
        21.9,
        20.6,
        21.9,
        20.7,
        21.4,
        20.9,
        21,
        21,
        20.6,
        21.4,
        19.1,
        22.8,
        18.3,
        21.3,
        22.4,
        22.9,
        24.8,
        21.5,
        25.6,
        20.9,
        24.6,
        20.8,
        24.3,
        20.6,
        24.1,
        20.5,
        23.8,
        20.5,
        23.8,
        20.4,
        24.3,
        20.2,
        24.7,
        20.1,
        25.1,
        19.6,
        26.7,
        18.2,
        27.5,
        19.8,
        23.3,
        19.8,
        23.3,
        19.8,
        23.3
      ],
      "segments": [
        1,
        2,
        2,
        2,
        4,
        2,
        4,
        2,
        2,
        2,
        2,
        2,
        2,
        4,
        2,
        4,
        2,
        2,
        2,
        2,
        2
      ]
    },
    {
      "type": "shape",
      "background": "#f5f5f5",
      "shadowColor": "#1ABC9C",
      "points": [
        23.7,
        17.9,
        27.2,
        15.8,
        27.2,
        17.1,
        24.9,
        18.4,
        24.9,
        19.7,
        26.9,
        18.6,
        26.9,
        19.8,
        24.9,
        20.9,
        24.9,
        22.4,
        27.3,
        21.1,
        27.3,
        22.3,
        23.7,
        24.4,
        23.7,
        17.9,
        23.7,
        17.9,
        23.7,
        17.9
      ]
    },
    {
      "type": "shape",
      "background": "#f5f5f5",
      "shadowColor": "#1ABC9C",
      "points": [
        29.9,
        19.6,
        30.9,
        19,
        31.5,
        18.1,
        31.5,
        16.6,
        31.5,
        15,
        30.9,
        14.9,
        29.9,
        15.5,
        29.7,
        15.6,
        29.7,
        19.7,
        29.9,
        19.6,
        29.9,
        19.6,
        29.9,
        19.6,
        28.4,
        15.1,
        30,
        14.2,
        31.7,
        13.2,
        32.8,
        13.6,
        32.8,
        15.8,
        32.8,
        18,
        31.7,
        19.7,
        30,
        20.7,
        28.3,
        21.7,
        28.3,
        15.1,
        28.4,
        15.1,
        28.4,
        15.1
      ],
      "segments": [
        1,
        4,
        4,
        2,
        2,
        2,
        2,
        2,
        1,
        2,
        4,
        4,
        2,
        2,
        2,
        2
      ]
    },
    {
      "type": "shape",
      "background": "#f5f5f5",
      "shadowColor": "#1ABC9C",
      "points": [
        35.2,
        11.2,
        36.5,
        10.5,
        36.9,
        13.3,
        37,
        13.9,
        37.1,
        14.6,
        37.1,
        15.2,
        37.1,
        15.2,
        37.2,
        14.4,
        37.3,
        13.7,
        37.4,
        12.9,
        38,
        9.5,
        39.1,
        8.9,
        39.7,
        11.6,
        39.8,
        12.2,
        39.9,
        12.8,
        40,
        13.5,
        40,
        13.5,
        40.1,
        12.8,
        40.2,
        12,
        40.2,
        11.3,
        40.6,
        8,
        41.8,
        7.3,
        40.8,
        14.4,
        39.2,
        15.3,
        38.6,
        12.7,
        38.7,
        12.2,
        38.7,
        11.7,
        38.6,
        11.3,
        38.6,
        11.3,
        38.5,
        11.8,
        38.5,
        12.4,
        38.4,
        12.9,
        37.9,
        16.2,
        36.3,
        17.1,
        35.2,
        11.2,
        35.2,
        11.2,
        35.2,
        11.2
      ],
      "segments": [
        1,
        2,
        2,
        4,
        2,
        4,
        2,
        2,
        2,
        4,
        2,
        4,
        2,
        2,
        2,
        2,
        2,
        4,
        2,
        4,
        2,
        2,
        2,
        2,
        2
      ]
    },
    {
      "type": "shape",
      "background": "#f5f5f5",
      "shadowColor": "#1ABC9C",
      "points": [
        42.8,
        6.8,
        44,
        6.1,
        44,
        12.6,
        42.8,
        13.4,
        42.8,
        6.8,
        42.8,
        6.8,
        42.8,
        6.8
      ]
    },
    {
      "type": "shape",
      "background": "#f5f5f5",
      "shadowColor": "#1ABC9C",
      "points": [
        46.5,
        5.9,
        44.9,
        6.8,
        44.9,
        5.6,
        49.3,
        3.1,
        49.3,
        4.3,
        47.7,
        5.2,
        47.7,
        10.5,
        46.5,
        11.2,
        46.5,
        5.9,
        46.5,
        5.9,
        46.5,
        5.9
      ]
    },
    {
      "type": "shape",
      "background": "#f5f5f5",
      "shadowColor": "#1ABC9C",
      "points": [
        50.2,
        2.6,
        51.5,
        1.8,
        51.5,
        4.3,
        53.4,
        3.2,
        53.4,
        0.7,
        54.7,
        0,
        54.7,
        6.5,
        53.4,
        7.2,
        53.4,
        4.5,
        51.5,
        5.6,
        51.5,
        8.3,
        50.2,
        9.1,
        50.2,
        2.6,
        50.2,
        2.6,
        50.2,
        2.6
      ]
    },
    {
      "type": "shape",
      "background": "#f5f5f5",
      "shadowColor": "#1ABC9C",
      "points": [
        0,
        43.5,
        1.3,
        42.7,
        1.7,
        45.5,
        1.8,
        46.1,
        1.9,
        46.8,
        1.9,
        47.4,
        1.9,
        47.4,
        2,
        46.6,
        2.1,
        45.9,
        2.2,
        45.1,
        2.8,
        41.7,
        3.9,
        41.1,
        4.5,
        43.8,
        4.6,
        44.4,
        4.7,
        45,
        4.8,
        45.7,
        4.8,
        45.7,
        4.9,
        45,
        5,
        44.2,
        5,
        43.5,
        5.4,
        40.2,
        6.6,
        39.5,
        5.6,
        46.6,
        4,
        47.5,
        3.4,
        44.9,
        3.3,
        44.5,
        3.2,
        44,
        3.2,
        43.5,
        3.2,
        43.5,
        3.1,
        44,
        3.1,
        44.6,
        3,
        45.1,
        2.7,
        48.5,
        1.1,
        49.4,
        0,
        43.5,
        0,
        43.5,
        0,
        43.5
      ],
      "segments": [
        1,
        2,
        2,
        4,
        2,
        4,
        2,
        2,
        2,
        4,
        2,
        4,
        2,
        2,
        2,
        2,
        2,
        4,
        2,
        4,
        2,
        2,
        2,
        2,
        2
      ]
    },
    {
      "type": "shape",
      "background": "#f5f5f5",
      "shadowColor": "#1ABC9C",
      "points": [
        10,
        41.6,
        9.9,
        41.1,
        9.7,
        40.5,
        9.6,
        39.9,
        9.4,
        39.3,
        9.4,
        39.3,
        9.3,
        40.1,
        9.1,
        40.9,
        9,
        41.7,
        8.9,
        42.4,
        10,
        41.6,
        10,
        41.6,
        10,
        41.6,
        10.3,
        42.6,
        8.6,
        43.6,
        8.3,
        45.3,
        7,
        46,
        8.7,
        38.5,
        10.2,
        37.6,
        12,
        43.1,
        10.6,
        43.9,
        10.3,
        42.6,
        10.3,
        42.6,
        10.3,
        42.6
      ],
      "segments": [
        1,
        2,
        4,
        2,
        4,
        2,
        2,
        2,
        2,
        1,
        2,
        2,
        2,
        2,
        2,
        2,
        2,
        2,
        2,
        2
      ]
    },
    {
      "type": "shape",
      "background": "#f5f5f5",
      "shadowColor": "#1ABC9C",
      "points": [
        13.3,
        37.1,
        11.8,
        38,
        11.8,
        36.7,
        16.2,
        34.2,
        16.2,
        35.4,
        14.6,
        36.3,
        14.6,
        41.6,
        13.3,
        42.3,
        13.3,
        37.1,
        13.3,
        37.1,
        13.3,
        37.1
      ]
    },
    {
      "type": "shape",
      "background": "#f5f5f5",
      "shadowColor": "#1ABC9C",
      "points": [
        17.1,
        33.7,
        20.6,
        31.6,
        20.6,
        32.9,
        18.3,
        34.2,
        18.3,
        35.5,
        20.3,
        34.4,
        20.3,
        35.6,
        18.3,
        36.7,
        18.3,
        38.2,
        20.7,
        36.9,
        20.7,
        38.1,
        17.1,
        40.2,
        17.1,
        33.7,
        17.1,
        33.7,
        17.1,
        33.7
      ]
    },
    {
      "type": "shape",
      "background": "#f5f5f5",
      "shadowColor": "#1ABC9C",
      "points": [
        23.1,
        33.2,
        23.8,
        32.8,
        24.5,
        32.4,
        24.8,
        31.9,
        24.8,
        31.2,
        24.8,
        30.6,
        24.4,
        30.6,
        23.8,
        30.9,
        23.1,
        31.3,
        23.1,
        33.2,
        23.1,
        33.2,
        23.1,
        33.2,
        24.9,
        35.7,
        23.8,
        34,
        23.1,
        34.4,
        23.1,
        36.7,
        21.8,
        37.5,
        21.8,
        31,
        23.8,
        29.8,
        25,
        29.1,
        26,
        29,
        26,
        30.6,
        26,
        31.6,
        25.6,
        32.4,
        25,
        33.1,
        26.3,
        35,
        24.9,
        35.7,
        24.9,
        35.7,
        24.9,
        35.7
      ],
      "segments": [
        1,
        2,
        4,
        4,
        2,
        2,
        2,
        2,
        1,
        2,
        2,
        2,
        2,
        2,
        2,
        4,
        4,
        2,
        2,
        2,
        2
      ]
    }
  ]
}