{
  "background": "rgb(102,101,101)",
  "width": 68,
  "height": 126,
  "comps": [
    {
      "type": "shape",
      "background": "rgba(6,16,51,0.70)",
      "shadowColor": "#1ABC9C",
      "points": [
        35.2,
        124.9335,
        31.40812,
        124.7335,
        27.72776,
        124.2335,
        24.27045,
        123.5335,
        23.82435,
        123.3335,
        31.85422,
        119.1335,
        32.96948,
        119.2335,
        34.08474,
        119.3335,
        35.08847,
        119.4335,
        35.08847,
        124.9335,
        23.15519,
        122.9335,
        11.44497,
        116.8335,
        15.68295,
        114.6335,
        20.03247,
        116.8335,
        25.27419,
        118.2335,
        30.73896,
        118.9335,
        23.15519,
        122.9335,
        21.59383,
        122.8335,
        18.24805,
        121.9335,
        15.12532,
        120.7335,
        12.22565,
        119.3335,
        11.33344,
        118.8335,
        10.44123,
        118.3335,
        9.66055,
        117.8335,
        10.77581,
        117.2335,
        21.59383,
        122.8335,
        8.9914,
        117.4335,
        7.65308,
        116.5335,
        6.4263,
        115.5335,
        5.42256,
        114.5335,
        9.99513,
        116.9335,
        8.9914,
        117.4335,
        10.77581,
        116.5335,
        4.19578,
        113.1335,
        3.08052,
        111.8335,
        2.29984,
        110.4335,
        1.85373,
        109.0335,
        6.53782,
        106.6335,
        7.98766,
        109.4335,
        10.77581,
        112.1335,
        15.0138,
        114.3335,
        10.77581,
        116.5335,
        1.63068,
        108.3335,
        0.85,
        105.6335,
        1.2961,
        102.8335,
        2.74594,
        100.2335,
        5.42256,
        101.6335,
        5.42256,
        102.1335,
        5.42256,
        103.4335,
        5.75714,
        104.7335,
        6.31477,
        106.0335,
        1.63068,
        108.3335,
        5.31104,
        100.8335,
        2.96899,
        99.6335,
        3.52662,
        98.6335,
        4.30731,
        97.6335,
        5.31104,
        96.7335,
        5.31104,
        100.8335
      ],
      "segments": [
        1,
        4,
        2,
        2,
        4,
        2,
        1,
        2,
        2,
        4,
        2,
        1,
        4,
        4,
        2,
        2,
        1,
        4,
        2,
        2,
        1,
        2,
        4,
        2,
        4,
        2,
        1,
        4,
        2,
        2,
        4,
        2,
        1,
        2,
        4,
        2
      ]
    },
    {
      "type": "shape",
      "background": "rgba(6,16,51,0.70)",
      "shadowColor": "#1ABC9C",
      "points": [
        34.2,
        124.9335,
        34.2,
        121.1335,
        38.59073,
        123.4335,
        35.77616,
        124.9335,
        35.21325,
        124.9335,
        34.65033,
        124.9335,
        34.2,
        124.9335,
        37.4649,
        124.7335,
        39.26623,
        123.8335,
        40.39205,
        124.4335,
        39.37881,
        124.4335,
        38.47815,
        124.6335,
        37.4649,
        124.7335,
        41.51788,
        124.1335,
        39.94172,
        123.4335,
        51.76291,
        117.3335,
        56.15364,
        119.6335,
        51.8755,
        121.7335,
        46.80927,
        123.2335,
        41.51788,
        124.1335,
        39.26623,
        123.0335,
        34.2,
        120.4335,
        34.2,
        119.5335,
        39.82914,
        119.2335,
        45.23311,
        118.1335,
        50.07417,
        116.4335,
        51.2,
        117.0335,
        39.26623,
        123.0335,
        56.94172,
        119.2335,
        52.55099,
        116.9335,
        64.37219,
        110.8335,
        65.83576,
        111.6335,
        64.14702,
        114.4335,
        61.21987,
        117.0335,
        56.94172,
        119.2335,
        51.8755,
        116.6335,
        50.86225,
        116.1335,
        52.10066,
        115.6335,
        53.22649,
        115.1335,
        54.35232,
        114.6335,
        57.39205,
        113.0335,
        59.75629,
        111.3335,
        61.33245,
        109.4335,
        63.69669,
        110.6335,
        51.8755,
        116.6335,
        66.17351,
        111.1335,
        65.04768,
        110.5335,
        66.96159,
        109.5335,
        66.73642,
        110.0335,
        66.51126,
        110.6335,
        66.17351,
        111.1335,
        64.37219,
        110.1335,
        61.6702,
        108.7335,
        63.35894,
        106.6335,
        64.14702,
        104.3335,
        64.14702,
        102.1335,
        64.14702,
        98.0335,
        64.2596,
        97.9335,
        64.70993,
        98.1335,
        67.41192,
        101.4335,
        68.2,
        105.0335,
        67.18675,
        108.5335,
        64.37219,
        110.1335
      ],
      "segments": [
        1,
        2,
        2,
        2,
        4,
        1,
        2,
        2,
        4,
        1,
        2,
        2,
        2,
        4,
        1,
        2,
        2,
        4,
        2,
        2,
        1,
        2,
        2,
        2,
        4,
        1,
        2,
        4,
        4,
        2,
        2,
        1,
        2,
        2,
        4,
        1,
        2,
        4,
        2,
        2,
        2,
        4,
        2
      ]
    },
    {
      "type": "shape",
      "background": "#f5f5f5",
      "shadowColor": "#1ABC9C",
      "points": [
        9.2,
        25.2,
        9.5,
        25.4,
        9.9,
        25.4,
        10.4,
        25.1,
        10.9,
        24.8,
        11.3,
        24.3,
        11.3,
        23.8,
        11.3,
        23.2,
        11,
        23.1,
        9.8,
        23.7,
        9.8,
        22.7,
        10.8,
        22.1,
        11.1,
        21.6,
        11.1,
        21.1,
        11.1,
        20.7,
        10.9,
        20.5,
        10.4,
        20.8,
        10,
        21,
        9.7,
        21.4,
        9.4,
        22,
        8.8,
        21.5,
        9.3,
        20.7,
        9.9,
        20.1,
        10.5,
        19.7,
        11.6,
        19,
        12.4,
        19.2,
        12.4,
        20.3,
        12.4,
        21,
        12.1,
        21.6,
        11.5,
        22.2,
        11.5,
        22.2,
        12.1,
        22,
        12.6,
        22.3,
        12.6,
        23.1,
        12.6,
        24.3,
        11.7,
        25.5,
        10.6,
        26.1,
        9.7,
        26.6,
        9.1,
        26.6,
        8.7,
        26.3,
        9.2,
        25.2,
        9.2,
        25.2,
        9.2,
        25.2
      ],
      "segments": [
        1,
        4,
        4,
        4,
        2,
        4,
        4,
        4,
        2,
        4,
        4,
        4,
        2,
        4,
        4,
        4,
        2,
        2,
        2
      ]
    },
    {
      "type": "shape",
      "background": "#f5f5f5",
      "shadowColor": "#1ABC9C",
      "points": [
        14.3,
        22.3,
        14.7,
        22,
        15.1,
        22.3,
        15.1,
        22.8,
        15.1,
        23.3,
        14.8,
        23.9,
        14.3,
        24.2,
        13.9,
        24.5,
        13.5,
        24.2,
        13.5,
        23.7,
        13.5,
        23.1,
        13.9,
        22.5,
        14.3,
        22.3,
        14.3,
        22.3,
        14.3,
        22.3
      ],
      "segments": [
        1,
        4,
        4,
        4,
        4,
        2,
        2
      ]
    },
    {
      "type": "shape",
      "background": "#f5f5f5",
      "shadowColor": "#1ABC9C",
      "points": [
        20.1,
        19.5,
        20.8,
        19.1,
        21.1,
        18.6,
        21.1,
        18,
        21.1,
        17.4,
        20.8,
        17.4,
        20.1,
        17.8,
        19.4,
        18.2,
        19.4,
        19.9,
        20.1,
        19.5,
        20.1,
        19.5,
        20.1,
        19.5,
        20,
        16.8,
        20.6,
        16.4,
        20.9,
        16,
        20.9,
        15.5,
        20.9,
        15,
        20.6,
        15,
        20,
        15.3,
        19.4,
        15.6,
        19.4,
        17.1,
        20,
        16.8,
        20,
        16.8,
        20,
        16.8,
        18.1,
        15.3,
        20,
        14.2,
        21.2,
        13.5,
        22.1,
        13.4,
        22.1,
        14.6,
        22.1,
        15.2,
        21.8,
        16,
        21.2,
        16.6,
        21.2,
        16.6,
        22,
        16.3,
        22.4,
        16.6,
        22.4,
        17.4,
        22.4,
        18.7,
        21.4,
        19.9,
        20.2,
        20.6,
        18.1,
        21.8,
        18.1,
        15.3,
        18.1,
        15.3,
        18.1,
        15.3
      ],
      "segments": [
        1,
        4,
        4,
        2,
        2,
        2,
        2,
        2,
        1,
        4,
        4,
        2,
        2,
        2,
        2,
        2,
        1,
        2,
        4,
        4,
        2,
        4,
        4,
        2,
        2,
        2,
        2
      ]
    },
    {
      "type": "shape",
      "background": "#f5f5f5",
      "shadowColor": "#1ABC9C",
      "points": [
        26.9,
        13.5,
        26.9,
        12.2,
        26.4,
        11.7,
        25.6,
        12.1,
        24.8,
        12.5,
        24.3,
        13.6,
        24.3,
        14.9,
        24.3,
        16.2,
        24.8,
        16.8,
        25.6,
        16.3,
        26.4,
        15.9,
        26.9,
        14.8,
        26.9,
        13.5,
        26.9,
        13.5,
        26.9,
        13.5,
        23.1,
        15.7,
        23.1,
        13.6,
        24.1,
        11.8,
        25.7,
        10.9,
        27.2,
        10,
        28.3,
        10.7,
        28.3,
        12.8,
        28.3,
        14.9,
        27.3,
        16.8,
        25.7,
        17.7,
        24.1,
        18.5,
        23.1,
        17.8,
        23.1,
        15.7,
        23.1,
        15.7,
        23.1,
        15.7
      ],
      "segments": [
        1,
        4,
        4,
        4,
        4,
        2,
        2,
        1,
        4,
        4,
        4,
        4,
        2,
        2
      ]
    },
    {
      "type": "shape",
      "background": "#f5f5f5",
      "shadowColor": "#1ABC9C",
      "points": [
        29.2,
        8.9,
        30.5,
        8.1,
        30.5,
        14.6,
        29.2,
        15.4,
        29.2,
        8.9,
        29.2,
        8.9,
        29.2,
        8.9
      ]
    },
    {
      "type": "shape",
      "background": "#f5f5f5",
      "shadowColor": "#1ABC9C",
      "points": [
        31.9,
        7.3,
        33.1,
        6.6,
        33.1,
        11.9,
        35.4,
        10.6,
        35.4,
        11.8,
        31.9,
        13.9,
        31.9,
        7.3,
        31.9,
        7.3,
        31.9,
        7.3
      ]
    },
    {
      "type": "shape",
      "background": "#f5f5f5",
      "shadowColor": "#1ABC9C",
      "points": [
        36.3,
        4.8,
        39.9,
        2.7,
        39.9,
        4,
        37.6,
        5.3,
        37.6,
        6.6,
        39.5,
        5.5,
        39.5,
        6.7,
        37.6,
        7.8,
        37.6,
        9.3,
        40,
        7.9,
        40,
        9.2,
        36.3,
        11.3,
        36.3,
        4.8,
        36.3,
        4.8,
        36.3,
        4.8
      ]
    },
    {
      "type": "shape",
      "background": "#f5f5f5",
      "shadowColor": "#1ABC9C",
      "points": [
        42.4,
        4.3,
        43.1,
        3.9,
        43.8,
        3.5,
        44.1,
        3,
        44.1,
        2.3,
        44.1,
        1.7,
        43.7,
        1.7,
        43.1,
        2,
        42.4,
        2.4,
        42.4,
        4.3,
        42.4,
        4.3,
        42.4,
        4.3,
        44.1,
        6.8,
        43,
        5.1,
        42.3,
        5.5,
        42.3,
        7.8,
        41,
        8.5,
        41,
        2,
        43,
        0.8,
        44.2,
        0.1,
        45.2,
        0,
        45.2,
        1.6,
        45.2,
        2.6,
        44.8,
        3.4,
        44.2,
        4.1,
        45.5,
        6,
        44.1,
        6.8,
        44.1,
        6.8,
        44.1,
        6.8
      ],
      "segments": [
        1,
        2,
        4,
        4,
        2,
        2,
        2,
        2,
        1,
        2,
        2,
        2,
        2,
        2,
        2,
        4,
        4,
        2,
        2,
        2,
        2
      ]
    },
    {
      "type": "shape",
      "background": "#f5f5f5",
      "shadowColor": "#1ABC9C",
      "points": [
        8.6,
        32.8,
        9.9,
        32,
        10.3,
        34.8,
        10.4,
        35.4,
        10.5,
        36.1,
        10.5,
        36.7,
        10.5,
        36.7,
        10.6,
        35.9,
        10.7,
        35.2,
        10.8,
        34.4,
        11.4,
        31,
        12.5,
        30.4,
        13.1,
        33.1,
        13.2,
        33.7,
        13.3,
        34.3,
        13.4,
        35,
        13.4,
        35,
        13.5,
        34.3,
        13.6,
        33.5,
        13.6,
        32.8,
        14,
        29.5,
        15.2,
        28.8,
        14.2,
        35.9,
        12.6,
        36.8,
        12,
        34.2,
        11.9,
        33.8,
        11.8,
        33.3,
        11.8,
        32.8,
        11.8,
        32.8,
        11.7,
        33.3,
        11.7,
        33.9,
        11.6,
        34.4,
        11.1,
        37.7,
        9.5,
        38.6,
        8.6,
        32.8,
        8.6,
        32.8,
        8.6,
        32.8
      ],
      "segments": [
        1,
        2,
        2,
        4,
        2,
        4,
        2,
        2,
        2,
        4,
        2,
        4,
        2,
        2,
        2,
        2,
        2,
        4,
        2,
        4,
        2,
        2,
        2,
        2,
        2
      ]
    },
    {
      "type": "shape",
      "background": "#f5f5f5",
      "shadowColor": "#1ABC9C",
      "points": [
        16.2,
        28.4,
        17.4,
        27.7,
        17.4,
        34.2,
        16.2,
        34.9,
        16.2,
        28.4,
        16.2,
        28.4,
        16.2,
        28.4
      ]
    },
    {
      "type": "shape",
      "background": "#f5f5f5",
      "shadowColor": "#1ABC9C",
      "points": [
        19.9,
        27.5,
        18.3,
        28.4,
        18.3,
        27.2,
        22.7,
        24.6,
        22.7,
        25.9,
        21.1,
        26.8,
        21.1,
        32,
        19.9,
        32.8,
        19.9,
        27.5,
        19.9,
        27.5,
        19.9,
        27.5
      ]
    },
    {
      "type": "shape",
      "background": "#f5f5f5",
      "shadowColor": "#1ABC9C",
      "points": [
        23.6,
        24.1,
        24.8,
        23.4,
        24.8,
        25.9,
        26.8,
        24.8,
        26.8,
        22.3,
        28.1,
        21.5,
        28.1,
        28,
        26.8,
        28.8,
        26.8,
        26.1,
        24.8,
        27.2,
        24.8,
        29.9,
        23.6,
        30.6,
        23.6,
        24.1,
        23.6,
        24.1,
        23.6,
        24.1
      ]
    },
    {
      "type": "shape",
      "background": "#f5f5f5",
      "shadowColor": "#1ABC9C",
      "points": [
        31.2,
        19.7,
        32.5,
        19,
        32.5,
        21.5,
        34.4,
        20.4,
        34.4,
        17.9,
        35.7,
        17.1,
        35.7,
        23.6,
        34.4,
        24.4,
        34.4,
        21.7,
        32.5,
        22.8,
        32.5,
        25.5,
        31.2,
        26.2,
        31.2,
        19.7,
        31.2,
        19.7,
        31.2,
        19.7
      ]
    },
    {
      "type": "shape",
      "background": "#f5f5f5",
      "shadowColor": "#1ABC9C",
      "points": [
        40.6,
        17.5,
        40.6,
        16.2,
        40.1,
        15.7,
        39.3,
        16.1,
        38.5,
        16.5,
        38,
        17.6,
        38,
        18.9,
        38,
        20.2,
        38.5,
        20.8,
        39.3,
        20.3,
        40.1,
        19.9,
        40.6,
        18.8,
        40.6,
        17.5,
        40.6,
        17.5,
        40.6,
        17.5,
        36.8,
        19.7,
        36.8,
        17.6,
        37.8,
        15.8,
        39.4,
        14.9,
        41,
        14,
        42,
        14.7,
        42,
        16.8,
        42,
        18.9,
        41,
        20.8,
        39.4,
        21.7,
        37.8,
        22.6,
        36.8,
        21.9,
        36.8,
        19.7,
        36.8,
        19.7,
        36.8,
        19.7
      ],
      "segments": [
        1,
        4,
        4,
        4,
        4,
        2,
        2,
        1,
        4,
        4,
        4,
        4,
        2,
        2
      ]
    },
    {
      "type": "shape",
      "background": "#f5f5f5",
      "shadowColor": "#1ABC9C",
      "points": [
        45,
        14.9,
        45.7,
        14.5,
        46,
        13.9,
        46,
        13.3,
        46,
        12.6,
        45.6,
        12.6,
        45,
        13,
        44.3,
        13.4,
        44.3,
        15.4,
        45,
        14.9,
        45,
        14.9,
        45,
        14.9,
        43,
        12.9,
        45.1,
        11.7,
        46.3,
        11,
        47.3,
        10.9,
        47.3,
        12.5,
        47.3,
        14,
        46.3,
        15.3,
        45.1,
        16,
        44.3,
        16.5,
        44.3,
        18.7,
        43,
        19.4,
        43,
        12.9,
        43,
        12.9,
        43,
        12.9
      ],
      "segments": [
        1,
        4,
        4,
        2,
        2,
        2,
        2,
        2,
        1,
        2,
        4,
        4,
        2,
        2,
        2,
        2,
        2,
        2
      ]
    },
    {
      "type": "shape",
      "background": "#f5f5f5",
      "shadowColor": "#1ABC9C",
      "points": [
        48.5,
        14.4,
        48.9,
        14.6,
        49.4,
        14.5,
        49.9,
        14.3,
        50.4,
        14,
        50.7,
        13.6,
        50.7,
        13.2,
        50.7,
        12.8,
        50.4,
        12.8,
        49.9,
        12.9,
        49.2,
        13,
        48.6,
        13.1,
        48.1,
        12.8,
        48.1,
        11.9,
        48.1,
        10.8,
        48.9,
        9.5,
        50.1,
        8.8,
        50.7,
        8.4,
        51.4,
        8.3,
        51.9,
        8.6,
        51.3,
        9.9,
        50.9,
        9.8,
        50.6,
        9.8,
        50.1,
        10.1,
        49.7,
        10.4,
        49.4,
        10.7,
        49.4,
        11.1,
        49.4,
        11.5,
        49.8,
        11.4,
        50.3,
        11.4,
        51,
        11.3,
        51.7,
        11.2,
        52.1,
        11.5,
        52.1,
        12.4,
        52.1,
        13.5,
        51.3,
        14.9,
        50,
        15.6,
        49.3,
        16,
        48.5,
        16.2,
        47.9,
        15.9,
        48.5,
        14.4,
        48.5,
        14.4,
        48.5,
        14.4
      ],
      "segments": [
        1,
        4,
        4,
        4,
        2,
        4,
        4,
        4,
        2,
        4,
        4,
        4,
        2,
        4,
        4,
        4,
        2,
        2,
        2
      ]
    },
    {
      "type": "shape",
      "background": "#ff8400",
      "shadowColor": "#1ABC9C",
      "points": [
        66.7,
        104.5335,
        66.7,
        102.5335,
        61.3,
        102.5335,
        60.2,
        101.5335,
        58.8,
        100.6335,
        57.3,
        99.7335,
        44.9,
        92.5335,
        24.7,
        92.5335,
        12.3,
        99.7335,
        10.8,
        100.6335,
        9.5,
        101.5335,
        8.3,
        102.5335,
        2.9,
        102.5335,
        2.9,
        104.5335,
        2.9,
        109.2335,
        6,
        113.9335,
        12.2,
        117.5335,
        24.6,
        124.7335,
        44.8,
        124.7335,
        57.2,
        117.5335,
        63.6,
        113.9335,
        66.8,
        109.2335,
        66.7,
        104.5335,
        66.7,
        104.5335,
        66.7,
        104.5335
      ],
      "segments": [
        1,
        2,
        2,
        4,
        4,
        4,
        2,
        2,
        4,
        4,
        4,
        2,
        2
      ]
    },
    {
      "type": "shape",
      "background": "#ff9d26",
      "shadowColor": "#1ABC9C",
      "points": [
        57.4,
        115.5335,
        45,
        122.7335,
        24.8,
        122.7335,
        12.4,
        115.5335,
        0,
        108.3335,
        0,
        96.7335,
        12.4,
        89.5335,
        24.8,
        82.3335,
        45,
        82.3335,
        57.4,
        89.5335,
        69.9,
        96.7335,
        69.9,
        108.3335,
        57.4,
        115.5335,
        57.4,
        115.5335,
        57.4,
        115.5335
      ],
      "segments": [
        1,
        4,
        4,
        4,
        4,
        2,
        2
      ]
    },
    {
      "type": "shape",
      "background": "#939598",
      "shadowColor": "#1ABC9C",
      "points": [
        65.3,
        102.0335,
        65.3,
        86.1335,
        60.2,
        86.1335,
        59.1,
        85.2335,
        57.9,
        84.3335,
        56.4,
        83.5335,
        44.6,
        76.7335,
        25.5,
        76.7335,
        13.7,
        83.5335,
        12.3,
        84.3335,
        11,
        85.2335,
        9.9,
        86.1335,
        4.8,
        86.1335,
        4.8,
        102.0335,
        4.8,
        106.5335,
        7.7,
        110.9335,
        13.7,
        114.3335,
        25.5,
        121.1335,
        44.6,
        121.1335,
        56.4,
        114.3335,
        62.3,
        110.9335,
        65.3,
        106.4335,
        65.3,
        102.0335
      ],
      "segments": [
        1,
        2,
        2,
        4,
        4,
        4,
        2,
        2,
        4,
        4,
        4
      ]
    },
    {
      "type": "shape",
      "background": "#bcbec2",
      "shadowColor": "#1ABC9C",
      "points": [
        56.4,
        98.4335,
        44.6,
        105.2335,
        25.5,
        105.2335,
        13.7,
        98.4335,
        1.9,
        91.6335,
        1.9,
        80.5335,
        13.7,
        73.7335,
        25.5,
        66.9335,
        44.6,
        66.9335,
        56.4,
        73.7335,
        68.2,
        80.5335,
        68.2,
        91.6335,
        56.4,
        98.4335
      ],
      "segments": [
        1,
        4,
        4,
        4,
        4
      ]
    },
    {
      "type": "shape",
      "background": "#c8c9ca",
      "shadowColor": "#1ABC9C",
      "points": [
        5.3,
        89.1335,
        5.2,
        89.0335,
        5,
        88.2335,
        4.9,
        87.1335,
        5,
        87.8335,
        5.1,
        88.5335,
        5.3,
        89.1335
      ],
      "segments": [
        1,
        4,
        4
      ]
    },
    {
      "type": "shape",
      "background": "#dddee0",
      "shadowColor": "#1ABC9C",
      "points": [
        5.3,
        89.2335,
        5.3,
        89.2335,
        5.3,
        89.2335,
        5.3,
        89.2335,
        5.1,
        88.5335,
        4.9,
        87.8335,
        4.9,
        87.1335,
        4.8,
        86.0335,
        4.8,
        84.5335,
        5.3,
        82.9335,
        5.5,
        82.8335,
        28.4,
        77.4335,
        28.4,
        77.4335,
        28.7,
        78.5335,
        5.3,
        89.2335
      ],
      "segments": [
        1,
        4,
        4,
        4,
        4,
        2,
        2
      ]
    },
    {
      "type": "shape",
      "background": "#939598",
      "shadowColor": "#1ABC9C",
      "points": [
        42,
        77.4335,
        42,
        74.5335,
        40.8,
        74.5335,
        40.6,
        74.3335,
        40.3,
        74.1335,
        39.9,
        73.9335,
        37.2,
        72.3335,
        32.8,
        72.3335,
        30.1,
        73.9335,
        29.8,
        74.1335,
        29.5,
        74.3335,
        29.2,
        74.5335,
        28,
        74.5335,
        28,
        77.4335,
        28,
        78.4335,
        28.7,
        79.5335,
        30,
        80.2335,
        32.7,
        81.8335,
        37.1,
        81.8335,
        39.8,
        80.2335,
        41.3,
        79.4335,
        42,
        78.4335,
        42,
        77.4335,
        42,
        77.4335,
        42,
        77.4335
      ],
      "segments": [
        1,
        2,
        2,
        4,
        4,
        4,
        2,
        2,
        4,
        4,
        4,
        2,
        2
      ]
    },
    {
      "type": "shape",
      "background": "#bcbec2",
      "shadowColor": "#1ABC9C",
      "points": [
        40,
        77.3335,
        37.3,
        78.9335,
        32.9,
        78.9335,
        30.2,
        77.3335,
        27.5,
        75.7335,
        27.5,
        73.2335,
        30.2,
        71.6335,
        32.9,
        70.0335,
        37.3,
        70.0335,
        40,
        71.6335,
        42.7,
        73.2335,
        42.7,
        75.8335,
        40,
        77.3335,
        40,
        77.3335,
        40,
        77.3335
      ],
      "segments": [
        1,
        4,
        4,
        4,
        4,
        2,
        2
      ]
    },
    {
      "type": "shape",
      "background": "#7d7d7d",
      "shadowColor": "#1ABC9C",
      "points": [
        39.2,
        73.9335,
        39.2,
        71.9335,
        38.5,
        71.9335,
        38.4,
        71.8335,
        38.2,
        71.7335,
        38,
        71.5335,
        36.4,
        70.6335,
        33.8,
        70.6335,
        32.2,
        71.5335,
        32,
        71.6335,
        31.8,
        71.7335,
        31.7,
        71.9335,
        31,
        71.9335,
        31,
        73.9335,
        31,
        74.5335,
        31.4,
        75.1335,
        32.2,
        75.6335,
        33.8,
        76.5335,
        36.4,
        76.5335,
        38,
        75.6335,
        38.8,
        75.1335,
        39.2,
        74.5335,
        39.2,
        73.9335,
        39.2,
        73.9335,
        39.2,
        73.9335
      ],
      "segments": [
        1,
        2,
        2,
        4,
        4,
        4,
        2,
        2,
        4,
        4,
        4,
        2,
        2
      ]
    },
    {
      "type": "shape",
      "background": "#24d2c1",
      "shadowColor": "#1ABC9C",
      "points": [
        38,
        73.5335,
        36.4,
        74.4335,
        33.8,
        74.4335,
        32.2,
        73.5335,
        30.6,
        72.6335,
        30.6,
        71.1335,
        32.2,
        70.1335,
        33.8,
        69.2335,
        36.4,
        69.2335,
        38,
        70.1335,
        39.6,
        71.1335,
        39.6,
        72.6335,
        38,
        73.5335,
        38,
        73.5335,
        38,
        73.5335
      ],
      "segments": [
        1,
        4,
        4,
        4,
        4,
        2,
        2
      ]
    },
    {
      "type": "shape",
      "background": "#939598",
      "shadowColor": "#1ABC9C",
      "points": [
        39.4,
        72.4335,
        39.4,
        63.8335,
        38.7,
        63.8335,
        38.5,
        63.7335,
        38.4,
        63.5335,
        38.2,
        63.4335,
        36.5,
        62.4335,
        33.8,
        62.4335,
        32.1,
        63.4335,
        31.9,
        63.5335,
        31.7,
        63.6335,
        31.6,
        63.8335,
        30.9,
        63.8335,
        30.9,
        72.4335,
        30.9,
        73.0335,
        31.3,
        73.7335,
        32.2,
        74.2335,
        33.9,
        75.2335,
        36.6,
        75.2335,
        38.3,
        74.2335,
        38.9,
        73.7335,
        39.4,
        73.0335,
        39.4,
        72.4335,
        39.4,
        72.4335,
        39.4,
        72.4335
      ],
      "segments": [
        1,
        2,
        2,
        4,
        4,
        4,
        2,
        2,
        4,
        4,
        4,
        2,
        2
      ]
    },
    {
      "type": "shape",
      "background": "#bcbec2",
      "shadowColor": "#1ABC9C",
      "points": [
        38.1,
        65.6335,
        36.4,
        66.6335,
        33.7,
        66.6335,
        32,
        65.6335,
        30.3,
        64.6335,
        30.3,
        63.1335,
        32,
        62.1335,
        33.7,
        61.1335,
        36.4,
        61.1335,
        38.1,
        62.1335,
        39.8,
        63.0335,
        39.8,
        64.6335,
        38.1,
        65.6335,
        38.1,
        65.6335,
        38.1,
        65.6335
      ],
      "segments": [
        1,
        4,
        4,
        4,
        4,
        2,
        2
      ]
    },
    {
      "type": "shape",
      "background": "#939598",
      "shadowColor": "#1ABC9C",
      "points": [
        38.6,
        63.5335,
        38.6,
        54.3335,
        38,
        54.3335,
        37.9,
        54.2335,
        37.7,
        54.1335,
        37.6,
        54.0335,
        36.2,
        53.2335,
        33.9,
        53.2335,
        32.6,
        54.0335,
        32.4,
        54.1335,
        32.3,
        54.2335,
        32.2,
        54.3335,
        31.6,
        54.3335,
        31.6,
        63.5335,
        31.6,
        64.0335,
        31.9,
        64.6335,
        32.6,
        65.0335,
        34,
        65.8335,
        36.3,
        65.8335,
        37.6,
        65.0335,
        38.3,
        64.6335,
        38.6,
        64.0335,
        38.6,
        63.5335,
        38.6,
        63.5335,
        38.6,
        63.5335
      ],
      "segments": [
        1,
        2,
        2,
        4,
        4,
        4,
        2,
        2,
        4,
        4,
        4,
        2,
        2
      ]
    },
    {
      "type": "shape",
      "background": "#bcbec2",
      "shadowColor": "#1ABC9C",
      "points": [
        37.6,
        55.8335,
        36.2,
        56.6335,
        33.9,
        56.6335,
        32.6,
        55.8335,
        31.3,
        55.0335,
        31.2,
        53.7335,
        32.6,
        52.9335,
        34,
        52.1335,
        36.3,
        52.1335,
        37.6,
        52.9335,
        39,
        53.7335,
        39,
        55.0335,
        37.6,
        55.8335,
        37.6,
        55.8335,
        37.6,
        55.8335
      ],
      "segments": [
        1,
        4,
        4,
        4,
        4,
        2,
        2
      ]
    },
    {
      "type": "shape",
      "background": "#232323",
      "shadowColor": "#1ABC9C",
      "points": [
        36.9,
        55.4335,
        35.9,
        56.0335,
        34.3,
        56.0335,
        33.3,
        55.4335,
        32.3,
        54.8335,
        32.3,
        53.9335,
        33.3,
        53.3335,
        34.3,
        52.7335,
        35.9,
        52.7335,
        36.9,
        53.3335,
        37.9,
        53.9335,
        37.9,
        54.8335,
        36.9,
        55.4335,
        36.9,
        55.4335,
        36.9,
        55.4335
      ],
      "segments": [
        1,
        4,
        4,
        4,
        4,
        2,
        2
      ]
    },
    {
      "type": "shape",
      "background": "#ba6000",
      "shadowColor": "#1ABC9C",
      "points": [
        30.1,
        69.7335,
        30.1,
        69.3335,
        30.2,
        68.9335,
        30.3,
        68.7335,
        30.4,
        68.6335,
        30.4,
        69.0335,
        30.5,
        68.9335,
        31.4,
        70.5335,
        31.4,
        70.6335,
        31.7,
        70.5335,
        31.7,
        70.6335,
        31.7,
        70.7335,
        31.7,
        70.8335,
        31.7,
        70.9335,
        30.5,
        71.6335,
        30.3,
        71.0335,
        30.1,
        70.3335,
        30.1,
        69.7335,
        30.1,
        69.7335,
        30.1,
        69.7335,
        31,
        72.3335,
        32.2,
        71.6335,
        32.5,
        71.8335,
        32.5,
        72.3335,
        33.3,
        73.7335,
        33.2,
        73.7335,
        33.5,
        74.0335,
        33.4,
        74.0335,
        33.1,
        74.0335,
        32.8,
        73.9335,
        32.5,
        73.7335,
        31.9,
        73.4335,
        31.4,
        72.9335,
        31,
        72.3335,
        31,
        72.3335,
        31,
        72.3335,
        33,
        71.7335,
        33,
        71.6335,
        33.1,
        71.5335,
        33.1,
        71.4335,
        33.1,
        71.3335,
        33.1,
        71.2335,
        33.1,
        71.1335,
        34,
        70.6335,
        34.6,
        71.9335,
        34.9,
        73.1335,
        34.3,
        73.7335,
        33,
        71.7335,
        33,
        71.7335,
        33,
        71.7335,
        33.6,
        69.9335,
        32.7,
        70.4335,
        32.4,
        70.2335,
        32.3,
        70.1335,
        32.2,
        70.1335,
        32.1,
        70.1335,
        31,
        68.1335,
        31.4,
        68.0335,
        31.9,
        68.1335,
        32.4,
        68.4335,
        32.9,
        68.7335,
        33.2,
        69.3335,
        33.6,
        69.9335,
        33.6,
        69.9335,
        33.6,
        69.9335,
        30.1,
        72.4335,
        30.7,
        73.4335,
        31.6,
        73.8335,
        32.4,
        74.3335,
        32.9,
        74.6335,
        33.4,
        74.7335,
        33.9,
        74.7335,
        33.9,
        74.8335,
        34.5,
        74.5335,
        35.5,
        73.8335,
        35.5,
        71.8335,
        34.4,
        69.9335,
        33.8,
        68.9335,
        33.1,
        68.2335,
        32.4,
        67.8335,
        31.7,
        67.4335,
        31,
        67.3335,
        30.5,
        67.6335,
        30.5,
        67.6335,
        30,
        67.9335,
        30,
        68.0335,
        29.3,
        68.8335,
        29.2,
        70.8335,
        30.1,
        72.4335,
        30.1,
        72.4335,
        30.1,
        72.4335
      ],
      "segments": [
        1,
        4,
        4,
        2,
        4,
        4,
        2,
        4,
        2,
        2,
        1,
        2,
        2,
        2,
        2,
        4,
        4,
        4,
        2,
        2,
        1,
        4,
        4,
        2,
        4,
        2,
        2,
        2,
        1,
        2,
        2,
        4,
        2,
        4,
        4,
        2,
        2,
        1,
        4,
        4,
        2,
        2,
        4,
        4,
        4,
        2,
        2,
        2,
        4,
        2,
        2
      ]
    },
    {
      "type": "shape",
      "background": "#ff8400",
      "shadowColor": "#1ABC9C",
      "points": [
        31.9,
        73.9335,
        31.4,
        73.6335,
        30.9,
        73.1335,
        30.5,
        72.5335,
        31.7,
        71.8335,
        31.9,
        72.0335,
        32.2,
        72.2335,
        33.4,
        74.2335,
        32.9,
        74.3335,
        32.4,
        74.2335,
        31.9,
        73.9335,
        31.9,
        73.9335,
        31.9,
        73.9335,
        33.7,
        74.0335,
        32.6,
        72.0335,
        32.6,
        71.9335,
        32.7,
        71.8335,
        32.7,
        71.7335,
        32.7,
        71.6335,
        32.7,
        71.5335,
        32.7,
        71.4335,
        33.9,
        70.7335,
        34.4,
        72.0335,
        34.4,
        73.4335,
        33.7,
        74.0335,
        33.7,
        74.0335,
        33.7,
        74.0335,
        31.9,
        68.7335,
        32.4,
        69.0335,
        32.9,
        69.5335,
        33.3,
        70.1335,
        32.2,
        70.7335,
        32,
        70.5335,
        31.9,
        70.4335,
        31.8,
        70.4335,
        31.7,
        70.4335,
        30.6,
        68.4335,
        30.9,
        68.3335,
        31.4,
        68.4335,
        31.9,
        68.7335,
        31.9,
        68.7335,
        31.9,
        68.7335,
        30.1,
        71.9335,
        29.8,
        71.3335,
        29.6,
        70.6335,
        29.6,
        70.0335,
        29.6,
        69.4335,
        29.8,
        68.9335,
        30.1,
        68.7335,
        31.3,
        70.7335,
        31.3,
        70.8335,
        31.3,
        70.9335,
        31.3,
        70.9335,
        31.3,
        71.0335,
        31.3,
        71.1335,
        31.3,
        71.2335,
        30.1,
        71.9335,
        30.1,
        71.9335,
        30.1,
        71.9335,
        29.9,
        72.5335,
        30.5,
        73.5335,
        31.2,
        74.2335,
        31.9,
        74.6335,
        32.6,
        75.0335,
        33.3,
        75.1335,
        33.9,
        74.8335,
        35,
        74.2335,
        35,
        72.1335,
        33.9,
        70.2335,
        33.3,
        69.2335,
        32.6,
        68.5335,
        31.9,
        68.1335,
        31.2,
        67.7335,
        30.5,
        67.6335,
        29.9,
        67.9335,
        28.8,
        68.5335,
        28.8,
        70.5335,
        29.9,
        72.5335,
        29.9,
        72.5335,
        29.9,
        72.5335
      ],
      "segments": [
        1,
        4,
        2,
        2,
        2,
        2,
        4,
        2,
        2,
        1,
        2,
        4,
        4,
        2,
        4,
        2,
        2,
        1,
        4,
        2,
        2,
        4,
        2,
        4,
        2,
        2,
        1,
        4,
        4,
        2,
        4,
        4,
        2,
        2,
        2,
        1,
        4,
        4,
        4,
        4,
        4,
        4,
        2,
        2
      ]
    },
    {
      "type": "shape",
      "background": "#7d7d7d",
      "shadowColor": "#1ABC9C",
      "points": [
        31.4,
        71.2335,
        31.7,
        71.0335,
        31.7,
        71.0335,
        31.9,
        71.0335,
        32,
        71.1335,
        32.2,
        71.3335,
        32.2,
        71.4335,
        32.1,
        71.6335,
        31.8,
        71.8335,
        31.4,
        71.2335,
        31.4,
        71.2335,
        31.4,
        71.2335
      ],
      "segments": [
        1,
        2,
        2,
        2,
        4,
        2,
        2,
        2,
        2,
        2
      ]
    },
    {
      "type": "shape",
      "background": "#bcbec2",
      "shadowColor": "#1ABC9C",
      "points": [
        31.8,
        71.7335,
        31.8,
        71.5335,
        31.7,
        71.3335,
        31.5,
        71.3335,
        31.4,
        71.2335,
        31.2,
        71.3335,
        31.2,
        71.4335,
        31.2,
        71.6335,
        31.3,
        71.8335,
        31.5,
        71.8335,
        31.7,
        71.9335,
        31.8,
        71.8335,
        31.8,
        71.7335,
        31.8,
        71.7335,
        31.8,
        71.7335
      ],
      "segments": [
        1,
        4,
        4,
        4,
        4,
        2,
        2
      ]
    },
    {
      "type": "shape",
      "background": "#939598",
      "shadowColor": "#1ABC9C",
      "points": [
        39.5,
        54.3335,
        39.5,
        51.4335,
        38.7,
        51.4335,
        38.5,
        51.3335,
        38.4,
        51.1335,
        38.1,
        51.0335,
        36.3,
        50.0335,
        33.5,
        50.0335,
        31.8,
        51.0335,
        31.6,
        51.1335,
        31.4,
        51.3335,
        31.2,
        51.4335,
        30.4,
        51.4335,
        30.4,
        54.3335,
        30.4,
        55.0335,
        30.8,
        55.6335,
        31.7,
        56.1335,
        33.5,
        57.1335,
        36.3,
        57.1335,
        38,
        56.1335,
        39.1,
        55.6335,
        39.5,
        55.0335,
        39.5,
        54.3335,
        39.5,
        54.3335,
        39.5,
        54.3335
      ],
      "segments": [
        1,
        2,
        2,
        4,
        4,
        4,
        2,
        2,
        4,
        4,
        4,
        2,
        2
      ]
    },
    {
      "type": "shape",
      "background": "#bcbec2",
      "shadowColor": "#1ABC9C",
      "points": [
        38.2,
        53.3335,
        36.4,
        54.3335,
        33.6,
        54.3335,
        31.9,
        53.3335,
        30.1,
        52.3335,
        30.1,
        50.6335,
        31.9,
        49.6335,
        33.7,
        48.6335,
        36.5,
        48.6335,
        38.2,
        49.6335,
        40,
        50.6335,
        40,
        52.2335,
        38.2,
        53.3335,
        38.2,
        53.3335,
        38.2,
        53.3335
      ],
      "segments": [
        1,
        4,
        4,
        4,
        4,
        2,
        2
      ]
    }
  ]
}