{
  "background": "rgb(102,101,101)",
  "width": 90,
  "height": 212,
  "comps": [
    {
      "type": "shape",
      "background": "rgba(6,16,51,0.70)",
      "shadowColor": "#1ABC9C",
      "points": [
        19.55733,
        111.56206,
        18.81591,
        111.56206,
        18.07449,
        111.56206,
        17.33308,
        111.4687,
        17.05505,
        111.282,
        26.78612,
        105.58754,
        31.88333,
        108.5748,
        28.54697,
        110.62853,
        24.09849,
        111.56206,
        19.55733,
        111.56206,
        15.94292,
        111.37535,
        12.69924,
        111.00195,
        9.6409,
        110.06842,
        7.04596,
        108.5748,
        6.02651,
        108.01469,
        5.19242,
        107.36122,
        4.45101,
        106.70776,
        6.21186,
        105.68089,
        15.94292,
        111.37535,
        15.94292,
        111.37535,
        16.49898,
        111.00195,
        6.76793,
        105.30748,
        16.49898,
        99.61301,
        26.23006,
        105.30748,
        16.49898,
        111.00195,
        32.53207,
        108.29474,
        27.43485,
        105.30748,
        37.16591,
        99.61301,
        38,
        102.69363,
        36.4245,
        105.96094,
        32.53207,
        108.29474,
        3.98762,
        106.24099,
        3.15354,
        105.30748,
        2.50479,
        104.37396,
        2.13408,
        103.34709,
        5.56312,
        105.30748,
        3.98762,
        106.24099,
        26.87879,
        105.02742,
        17.14773,
        99.33296,
        26.87879,
        93.6385,
        36.60986,
        99.33296,
        26.87879,
        105.02742,
        6.21186,
        105.02742,
        1.94873,
        102.60027,
        1.3,
        99.61301,
        2.96817,
        96.43905,
        6.86061,
        94.10526,
        15.94292,
        99.42631,
        6.21186,
        105.02742,
        16.49898,
        98.95956,
        7.41666,
        93.6385,
        10.84571,
        91.77147,
        15.20151,
        90.83794,
        19.55733,
        90.83794,
        20.48409,
        90.83794,
        21.41086,
        90.83794,
        22.24495,
        90.9313,
        26.13737,
        93.26509,
        16.49898,
        98.95956,
        36.88789,
        98.77284,
        27.43485,
        93.26509,
        28.91768,
        92.42492,
        30.0298,
        92.79833,
        31.14192,
        93.35845,
        32.16136,
        93.91855,
        34.57096,
        95.31883,
        36.14646,
        96.99916,
        36.88789,
        98.77284,
        26.87879,
        92.98503,
        23.82046,
        91.21135,
        25.30328,
        91.39805,
        26.78612,
        91.77147,
        28.26894,
        92.23822,
        26.87879,
        92.98503
      ],
      "segments": [
        1,
        4,
        2,
        2,
        2,
        4,
        1,
        4,
        4,
        2,
        2,
        2,
        1,
        2,
        2,
        2,
        2,
        1,
        2,
        2,
        4,
        1,
        4,
        2,
        2,
        1,
        2,
        2,
        2,
        2,
        1,
        2,
        4,
        2,
        2,
        1,
        2,
        4,
        4,
        2,
        2,
        1,
        2,
        2,
        4,
        4,
        1,
        2,
        4,
        2
      ]
    },
    {
      "type": "shape",
      "background": "rgb(33,58,77)",
      "shadowColor": "#1ABC9C",
      "points": [
        66.51804,
        210.5,
        63.88878,
        210.371,
        61.33684,
        210.04849,
        58.93957,
        209.59698,
        58.63025,
        209.46797,
        64.1981,
        206.75891,
        64.97141,
        206.82341,
        65.74473,
        206.88791,
        66.44071,
        206.95241,
        66.44071,
        210.5,
        58.16626,
        209.20997,
        50.04647,
        205.27537,
        52.98506,
        203.85633,
        56.00098,
        205.27537,
        59.63555,
        206.17839,
        63.42479,
        206.6299,
        58.16626,
        209.20997,
        57.08362,
        209.14547,
        54.76368,
        208.56495,
        52.59841,
        207.79093,
        50.58779,
        206.88791,
        49.96914,
        206.5654,
        49.35049,
        206.24289,
        48.80917,
        205.92038,
        49.58249,
        205.53337,
        57.08362,
        209.14547,
        48.34518,
        205.66238,
        47.41721,
        205.08186,
        46.56656,
        204.43685,
        45.87058,
        203.79183,
        49.04117,
        205.33987,
        48.34518,
        205.66238,
        49.58249,
        205.08186,
        45.01994,
        202.88881,
        44.24663,
        202.05029,
        43.70531,
        201.14726,
        43.39598,
        200.24424,
        46.6439,
        198.6962,
        47.6492,
        200.50225,
        49.58249,
        202.24379,
        52.52107,
        203.66283,
        49.58249,
        205.08186,
        43.24132,
        199.79273,
        42.7,
        198.05119,
        43.00933,
        196.24514,
        44.01463,
        194.5681,
        45.87058,
        195.47112,
        45.87058,
        195.79363,
        45.87058,
        196.63215,
        46.10258,
        197.47067,
        46.48923,
        198.30919,
        43.24132,
        199.79273,
        45.79325,
        194.95511,
        44.16929,
        194.18109,
        44.55595,
        193.53607,
        45.09727,
        192.89106,
        45.79325,
        192.31054,
        45.79325,
        194.95511
      ],
      "segments": [
        1,
        4,
        2,
        2,
        4,
        2,
        1,
        2,
        2,
        4,
        2,
        1,
        4,
        4,
        2,
        2,
        1,
        4,
        2,
        2,
        1,
        2,
        4,
        2,
        4,
        2,
        1,
        4,
        2,
        2,
        4,
        2,
        1,
        2,
        4,
        2
      ]
    },
    {
      "type": "shape",
      "background": "rgb(33,58,77)",
      "shadowColor": "#1ABC9C",
      "points": [
        65.82465,
        210.5,
        65.82465,
        208.04894,
        68.86915,
        209.53248,
        66.91754,
        210.5,
        66.52722,
        210.5,
        66.1369,
        210.5,
        65.82465,
        210.5,
        68.08851,
        210.371,
        69.33753,
        209.79048,
        70.11817,
        210.17749,
        69.4156,
        210.17749,
        68.79108,
        210.3065,
        68.08851,
        210.371,
        70.89881,
        209.98399,
        69.80592,
        209.53248,
        78.00264,
        205.59788,
        81.04714,
        207.08141,
        78.08071,
        208.43595,
        74.56782,
        209.40347,
        70.89881,
        209.98399,
        69.33753,
        209.27447,
        65.82465,
        207.59743,
        65.82465,
        207.01691,
        69.72785,
        206.82341,
        73.47493,
        206.11389,
        76.83168,
        205.01736,
        77.61232,
        205.40437,
        69.33753,
        209.27447,
        81.59359,
        206.82341,
        78.54909,
        205.33987,
        86.74582,
        201.40527,
        87.76065,
        201.92128,
        86.58969,
        203.72733,
        84.56003,
        205.40437,
        81.59359,
        206.82341,
        78.08071,
        205.14636,
        77.37813,
        204.82386,
        78.23684,
        204.50135,
        79.01748,
        204.17884,
        79.79812,
        203.85633,
        81.90585,
        202.82431,
        83.54519,
        201.72778,
        84.63809,
        200.50225,
        86.27744,
        201.27627,
        78.08071,
        205.14636,
        87.99485,
        201.59878,
        87.21421,
        201.21177,
        88.5413,
        200.56675,
        88.38517,
        200.88926,
        88.22904,
        201.27627,
        87.99485,
        201.59878,
        86.74582,
        200.95376,
        84.87228,
        200.05074,
        86.04324,
        198.6962,
        86.58969,
        197.21266,
        86.58969,
        195.79363,
        86.58969,
        193.14906,
        86.66776,
        193.08456,
        86.98001,
        193.21356,
        88.85355,
        195.34212,
        89.4,
        197.66418,
        88.69742,
        199.92173,
        86.74582,
        200.95376
      ],
      "segments": [
        1,
        2,
        2,
        2,
        4,
        1,
        2,
        2,
        4,
        1,
        2,
        2,
        2,
        4,
        1,
        2,
        2,
        4,
        2,
        2,
        1,
        2,
        2,
        2,
        4,
        1,
        2,
        4,
        4,
        2,
        2,
        1,
        2,
        2,
        4,
        1,
        2,
        4,
        2,
        2,
        2,
        4,
        2
      ]
    },
    {
      "type": "shape",
      "background": "#7d7d7d",
      "shadowColor": "#1ABC9C",
      "points": [
        3.7,
        87.3,
        3.7,
        93.5,
        10.7,
        98.5,
        19.3,
        98.5,
        27.8,
        98.5,
        34.7,
        93.6,
        34.9,
        87.5,
        35,
        85.1,
        33.5,
        82.7,
        30.3,
        80.9,
        24.2,
        77.4,
        14.3,
        77.4,
        8.2,
        80.9,
        5.3,
        82.6,
        3.7,
        85,
        3.7,
        87.3,
        3.7,
        87.3,
        3.7,
        87.3,
        3.7,
        87.3
      ],
      "segments": [
        1,
        4,
        4,
        4,
        4,
        4,
        2,
        2,
        2
      ]
    },
    {
      "type": "shape",
      "background": "#ba6000",
      "shadowColor": "#1ABC9C",
      "points": [
        37.7,
        99.6,
        37.7,
        97.8,
        37.3,
        97.8,
        37.2,
        97.7,
        37.1,
        97.7,
        37,
        97.6,
        36,
        97,
        34.5,
        97,
        33.5,
        97.6,
        33.4,
        97.7,
        33.3,
        97.7,
        33.2,
        97.8,
        32.8,
        97.8,
        32.8,
        99.6,
        32.8,
        100,
        33,
        100.3,
        33.5,
        100.6,
        34.5,
        101.2,
        36,
        101.2,
        37,
        100.6,
        37.5,
        100.3,
        37.7,
        99.9,
        37.7,
        99.6,
        37.7,
        99.6,
        37.7,
        99.6
      ],
      "segments": [
        1,
        2,
        2,
        4,
        4,
        4,
        2,
        2,
        4,
        4,
        4,
        2,
        2
      ]
    },
    {
      "type": "shape",
      "background": "#ff8400",
      "shadowColor": "#1ABC9C",
      "points": [
        37,
        98.7,
        36,
        99.3,
        34.5,
        99.3,
        33.5,
        98.7,
        32.5,
        98.1,
        32.5,
        97.3,
        33.5,
        96.7,
        34.5,
        96.1,
        36,
        96.1,
        37,
        96.7,
        38,
        97.3,
        38,
        98.2,
        37,
        98.7,
        37,
        98.7,
        37,
        98.7
      ],
      "segments": [
        1,
        4,
        4,
        4,
        4,
        2,
        2
      ]
    },
    {
      "type": "shape",
      "background": "#939598",
      "shadowColor": "#1ABC9C",
      "points": [
        36.1,
        86.1,
        35.6,
        85.8,
        34.9,
        85.8,
        34.5,
        86.1,
        34.3,
        86.2,
        34.2,
        86.6,
        34.2,
        87.5,
        34.2,
        97.6,
        34.2,
        97.8,
        34.3,
        97.9,
        34.5,
        98.1,
        35,
        98.4,
        35.7,
        98.4,
        36.1,
        98.1,
        36.3,
        98,
        36.4,
        97.8,
        36.4,
        97.6,
        36.4,
        87.5,
        36.5,
        86.5,
        36.3,
        86.2,
        36.1,
        86.1,
        36.1,
        86.1,
        36.1,
        86.1
      ],
      "segments": [
        1,
        4,
        4,
        2,
        4,
        4,
        4,
        2,
        4,
        2,
        2
      ]
    },
    {
      "type": "shape",
      "background": "#ba6000",
      "shadowColor": "#1ABC9C",
      "points": [
        5.8,
        99.6,
        5.8,
        97.8,
        5.4,
        97.8,
        5.3,
        97.7,
        5.2,
        97.7,
        5.1,
        97.6,
        4.1,
        97,
        2.6,
        97,
        1.6,
        97.6,
        1.5,
        97.7,
        1.4,
        97.7,
        1.3,
        97.8,
        0.9,
        97.8,
        0.9,
        99.6,
        0.9,
        100,
        1.1,
        100.3,
        1.6,
        100.6,
        2.6,
        101.2,
        4.1,
        101.2,
        5.1,
        100.6,
        5.6,
        100.3,
        5.8,
        99.9,
        5.8,
        99.6,
        5.8,
        99.6,
        5.8,
        99.6
      ],
      "segments": [
        1,
        2,
        2,
        4,
        4,
        4,
        2,
        2,
        4,
        4,
        4,
        2,
        2
      ]
    },
    {
      "type": "shape",
      "background": "#ff8400",
      "shadowColor": "#1ABC9C",
      "points": [
        5.1,
        98.7,
        4.1,
        99.3,
        2.6,
        99.3,
        1.6,
        98.7,
        0.6,
        98.1,
        0.6,
        97.3,
        1.6,
        96.7,
        2.6,
        96.1,
        4.1,
        96.1,
        5.1,
        96.7,
        6.1,
        97.3,
        6.1,
        98.2,
        5.1,
        98.7,
        5.1,
        98.7,
        5.1,
        98.7
      ],
      "segments": [
        1,
        4,
        4,
        4,
        4,
        2,
        2
      ]
    },
    {
      "type": "shape",
      "background": "#939598",
      "shadowColor": "#1ABC9C",
      "points": [
        4.2,
        86.1,
        3.7,
        85.8,
        3,
        85.8,
        2.6,
        86.1,
        2.4,
        86.2,
        2.3,
        86.6,
        2.3,
        87.5,
        2.3,
        97.6,
        2.3,
        97.8,
        2.4,
        97.9,
        2.6,
        98.1,
        3.1,
        98.4,
        3.8,
        98.4,
        4.2,
        98.1,
        4.4,
        98,
        4.5,
        97.8,
        4.5,
        97.6,
        4.5,
        87.5,
        4.5,
        86.5,
        4.4,
        86.2,
        4.2,
        86.1,
        4.2,
        86.1,
        4.2,
        86.1
      ],
      "segments": [
        1,
        4,
        4,
        2,
        4,
        4,
        4,
        2,
        4,
        2,
        2
      ]
    },
    {
      "type": "shape",
      "background": "#939598",
      "shadowColor": "#1ABC9C",
      "points": [
        37,
        85.2,
        37,
        56.4,
        34,
        56.4,
        33.4,
        55.9,
        32.6,
        55.3,
        31.8,
        54.9,
        24.9,
        50.9,
        13.7,
        50.9,
        6.8,
        54.9,
        6,
        55.4,
        5.2,
        55.9,
        4.6,
        56.4,
        1.6,
        56.4,
        1.6,
        85.2,
        1.6,
        87.8,
        3.3,
        90.4,
        6.8,
        92.4,
        13.7,
        96.4,
        24.9,
        96.4,
        31.8,
        92.4,
        35.3,
        90.4,
        37,
        87.8,
        37,
        85.2,
        37,
        85.2,
        37,
        85.2
      ],
      "segments": [
        1,
        2,
        2,
        4,
        4,
        4,
        2,
        2,
        4,
        4,
        4,
        2,
        2
      ]
    },
    {
      "type": "shape",
      "background": "#bcbec2",
      "shadowColor": "#1ABC9C",
      "points": [
        31.9,
        63.6,
        25,
        67.6,
        13.8,
        67.6,
        6.9,
        63.6,
        0,
        59.6,
        0,
        53.1,
        6.9,
        49.2,
        13.8,
        45.2,
        25,
        45.2,
        31.9,
        49.2,
        38.8,
        53.2,
        38.8,
        59.6,
        31.9,
        63.6,
        31.9,
        63.6,
        31.9,
        63.6
      ],
      "segments": [
        1,
        4,
        4,
        4,
        4,
        2,
        2
      ]
    },
    {
      "type": "shape",
      "background": "#939598",
      "shadowColor": "#1ABC9C",
      "points": [
        35.6,
        55.6,
        35.6,
        53.7,
        32.9,
        53.7,
        32.3,
        53.2,
        31.7,
        52.7,
        30.9,
        52.3,
        24.6,
        48.6,
        14.3,
        48.6,
        8,
        52.3,
        7.2,
        52.7,
        6.6,
        53.2,
        6,
        53.7,
        3.3,
        53.7,
        3.3,
        55.6,
        3.3,
        58,
        4.9,
        60.4,
        8,
        62.2,
        14.3,
        65.9,
        24.6,
        65.9,
        30.9,
        62.2,
        34,
        60.4,
        35.6,
        58,
        35.6,
        55.6,
        35.6,
        55.6,
        35.6,
        55.6
      ],
      "segments": [
        1,
        2,
        2,
        4,
        4,
        4,
        2,
        2,
        4,
        4,
        4,
        2,
        2
      ]
    },
    {
      "type": "shape",
      "background": "#7d7d7d",
      "shadowColor": "#1ABC9C",
      "points": [
        5,
        78.2,
        3.9,
        78.8,
        9.6,
        88.7,
        10.7,
        88.1,
        11.4,
        87.7,
        11.9,
        86.8,
        11.9,
        85.5,
        11.9,
        82.9,
        10.1,
        79.8,
        7.9,
        78.5,
        6.8,
        77.8,
        5.7,
        77.8,
        5,
        78.2,
        5,
        78.2,
        5,
        78.2
      ],
      "segments": [
        1,
        2,
        2,
        2,
        4,
        4,
        4,
        2,
        2
      ]
    },
    {
      "type": "shape",
      "background": "#bcbec2",
      "shadowColor": "#1ABC9C",
      "points": [
        6.8,
        79.1,
        9,
        80.4,
        10.8,
        83.5,
        10.8,
        86.1,
        10.8,
        88.7,
        9,
        89.7,
        6.8,
        88.4,
        4.6,
        87.1,
        2.8,
        84,
        2.8,
        81.4,
        2.7,
        78.9,
        4.6,
        77.8,
        6.8,
        79.1,
        6.8,
        79.1,
        6.8,
        79.1
      ],
      "segments": [
        1,
        4,
        4,
        4,
        4,
        2,
        2
      ]
    },
    {
      "type": "shape",
      "background": "#ba6000",
      "shadowColor": "#1ABC9C",
      "points": [
        3,
        81.9,
        3,
        81.3,
        3.1,
        80.7,
        3.4,
        80.3,
        3.5,
        80.1,
        3.5,
        80.8,
        3.6,
        80.7,
        5.1,
        83.2,
        5.1,
        83.3,
        5.5,
        83.2,
        5.5,
        83.3,
        5.5,
        83.5,
        5.5,
        83.6,
        5.6,
        83.8,
        3.8,
        84.8,
        3.3,
        83.9,
        3,
        82.9,
        3,
        81.9,
        3,
        81.9,
        3,
        81.9,
        4.4,
        85.9,
        6.2,
        84.9,
        6.3,
        85,
        6.5,
        85.1,
        6.6,
        85.2,
        6.7,
        85.3,
        6.5,
        85.9,
        6.6,
        85.9,
        7.9,
        88.1,
        7.7,
        88.2,
        8.3,
        88.6,
        8,
        88.6,
        7.6,
        88.6,
        7.1,
        88.4,
        6.6,
        88.1,
        5.8,
        87.6,
        5,
        86.9,
        4.4,
        85.9,
        4.4,
        85.9,
        4.4,
        85.9,
        7.6,
        85,
        7.7,
        84.9,
        7.7,
        84.7,
        7.7,
        84.6,
        7.7,
        84.4,
        7.7,
        84.3,
        7.6,
        84.1,
        9,
        83.3,
        10,
        85.4,
        10.4,
        87.2,
        9.4,
        88.1,
        7.6,
        85,
        7.6,
        85,
        7.6,
        85,
        8.4,
        82.2,
        6.9,
        83,
        6.8,
        82.9,
        6.6,
        82.8,
        6.5,
        82.7,
        6.4,
        82.6,
        6.2,
        82.6,
        6.1,
        82.6,
        4.3,
        79.5,
        4.9,
        79.3,
        5.7,
        79.4,
        6.5,
        79.9,
        7.4,
        80.3,
        7.8,
        81.3,
        8.4,
        82.2,
        8.4,
        82.2,
        8.4,
        82.2,
        3,
        86.2,
        3.9,
        87.7,
        5.4,
        88.4,
        6.5,
        89.1,
        7.3,
        89.6,
        8.1,
        89.8,
        8.8,
        89.7,
        8.9,
        89.9,
        9.8,
        89.4,
        11.4,
        88.3,
        11.4,
        85.2,
        9.7,
        82.2,
        8.8,
        80.7,
        7.7,
        79.6,
        6.6,
        78.9,
        5.5,
        78.3,
        4.5,
        78.1,
        3.6,
        78.5,
        3.6,
        78.5,
        2.8,
        79,
        2.9,
        79.1,
        1.7,
        80.4,
        1.5,
        83.6,
        3,
        86.2,
        3,
        86.2,
        3,
        86.2
      ],
      "segments": [
        1,
        4,
        4,
        2,
        4,
        4,
        2,
        4,
        2,
        2,
        1,
        2,
        4,
        4,
        2,
        4,
        4,
        4,
        2,
        2,
        1,
        4,
        4,
        2,
        4,
        2,
        2,
        2,
        1,
        2,
        4,
        4,
        2,
        4,
        4,
        2,
        2,
        1,
        4,
        4,
        2,
        2,
        4,
        4,
        4,
        2,
        2,
        2,
        4,
        2,
        2
      ]
    },
    {
      "type": "shape",
      "background": "#ff8400",
      "shadowColor": "#1ABC9C",
      "points": [
        5.8,
        88.5,
        5,
        88,
        4.2,
        87.3,
        3.6,
        86.4,
        5.4,
        85.4,
        5.5,
        85.5,
        5.7,
        85.6,
        5.8,
        85.7,
        5.9,
        85.8,
        6,
        85.8,
        6.2,
        85.8,
        8,
        88.9,
        7.4,
        89.1,
        6.6,
        89,
        5.8,
        88.5,
        5.8,
        88.5,
        5.8,
        88.5,
        8.6,
        88.6,
        6.8,
        85.5,
        6.9,
        85.4,
        6.9,
        85.2,
        6.9,
        85.1,
        6.9,
        84.9,
        6.9,
        84.8,
        6.8,
        84.6,
        8.6,
        83.6,
        9.6,
        85.6,
        9.6,
        87.7,
        8.6,
        88.6,
        8.6,
        88.6,
        8.6,
        88.6,
        5.8,
        80.3,
        6.6,
        80.8,
        7.4,
        81.5,
        8,
        82.4,
        6.2,
        83.4,
        6.1,
        83.3,
        5.9,
        83.2,
        5.8,
        83.1,
        5.7,
        83,
        5.5,
        83,
        5.4,
        83,
        3.6,
        79.9,
        4.3,
        79.7,
        5,
        79.8,
        5.8,
        80.3,
        5.8,
        80.3,
        5.8,
        80.3,
        3,
        85.3,
        2.5,
        84.3,
        2.2,
        83.3,
        2.2,
        82.3,
        2.2,
        81.4,
        2.5,
        80.6,
        3,
        80.2,
        4.8,
        83.3,
        4.8,
        83.4,
        4.7,
        83.5,
        4.7,
        83.7,
        4.7,
        83.9,
        4.7,
        84,
        4.8,
        84.2,
        3,
        85.3,
        3,
        85.3,
        3,
        85.3,
        2.7,
        86.2,
        3.6,
        87.7,
        4.7,
        88.8,
        5.8,
        89.5,
        6.9,
        90.2,
        8.1,
        90.3,
        8.9,
        89.8,
        10.6,
        88.8,
        10.6,
        85.6,
        8.9,
        82.6,
        8,
        81.1,
        6.9,
        80,
        5.8,
        79.3,
        4.7,
        78.6,
        3.5,
        78.5,
        2.7,
        79,
        1,
        80,
        1,
        83.2,
        2.7,
        86.2,
        2.7,
        86.2,
        2.7,
        86.2
      ],
      "segments": [
        1,
        4,
        2,
        4,
        4,
        2,
        4,
        2,
        2,
        1,
        2,
        4,
        4,
        2,
        4,
        2,
        2,
        1,
        4,
        2,
        4,
        4,
        2,
        4,
        2,
        2,
        1,
        4,
        4,
        2,
        4,
        4,
        2,
        2,
        2,
        1,
        4,
        4,
        4,
        4,
        4,
        4,
        2,
        2
      ]
    },
    {
      "type": "shape",
      "background": "#7d7d7d",
      "shadowColor": "#1ABC9C",
      "points": [
        5,
        84.2,
        5.5,
        83.9,
        5.5,
        83.9,
        5.6,
        83.9,
        5.7,
        83.9,
        5.8,
        83.9,
        6,
        84,
        6.2,
        84.3,
        6.2,
        84.6,
        6.2,
        84.7,
        6.2,
        84.8,
        6.1,
        84.9,
        5.6,
        85.2,
        5,
        84.2,
        5,
        84.2,
        5,
        84.2
      ],
      "segments": [
        1,
        2,
        2,
        4,
        4,
        4,
        2,
        2,
        2,
        2
      ]
    },
    {
      "type": "shape",
      "background": "#bcbec2",
      "shadowColor": "#1ABC9C",
      "points": [
        5.7,
        85,
        5.7,
        84.7,
        5.5,
        84.4,
        5.3,
        84.3,
        5.1,
        84.2,
        4.9,
        84.3,
        4.9,
        84.5,
        4.9,
        84.8,
        5.1,
        85.1,
        5.3,
        85.2,
        5.5,
        85.3,
        5.7,
        85.2,
        5.7,
        85,
        5.7,
        85,
        5.7,
        85
      ],
      "segments": [
        1,
        4,
        4,
        4,
        4,
        2,
        2
      ]
    },
    {
      "type": "shape",
      "background": "#bcbec2",
      "shadowColor": "#1ABC9C",
      "points": [
        35.6,
        53.7,
        35.6,
        47.3,
        28.3,
        42,
        19.4,
        42,
        10.6,
        42,
        3.4,
        47.1,
        3.2,
        53.4,
        3.1,
        55.9,
        4.6,
        58.4,
        7.9,
        60.3,
        14.2,
        64,
        24.5,
        64,
        30.8,
        60.3,
        34,
        58.5,
        35.5,
        56.1,
        35.6,
        53.7,
        35.6,
        53.7,
        35.6,
        53.7,
        35.6,
        53.7
      ],
      "segments": [
        1,
        4,
        4,
        4,
        4,
        4,
        2,
        2,
        2
      ]
    },
    {
      "type": "shape",
      "background": "#ba6000",
      "shadowColor": "#1ABC9C",
      "points": [
        21.8,
        109.1,
        21.8,
        107.3,
        21.4,
        107.3,
        21.3,
        107.2,
        21.2,
        107.2,
        21.1,
        107.1,
        20.1,
        106.5,
        18.6,
        106.5,
        17.6,
        107.1,
        17.5,
        107.2,
        17.4,
        107.2,
        17.3,
        107.3,
        16.9,
        107.3,
        16.9,
        109.1,
        16.9,
        109.5,
        17.1,
        109.8,
        17.6,
        110.1,
        18.6,
        110.6,
        20.1,
        110.6,
        21.1,
        110.1,
        21.6,
        109.9,
        21.8,
        109.5,
        21.8,
        109.1,
        21.8,
        109.1,
        21.8,
        109.1
      ],
      "segments": [
        1,
        2,
        2,
        4,
        4,
        4,
        2,
        2,
        4,
        4,
        4,
        2,
        2
      ]
    },
    {
      "type": "shape",
      "background": "#ff8400",
      "shadowColor": "#1ABC9C",
      "points": [
        21.1,
        108.3,
        20.1,
        108.8,
        18.6,
        108.8,
        17.6,
        108.3,
        16.6,
        107.7,
        16.6,
        106.9,
        17.6,
        106.3,
        18.6,
        105.7,
        20.1,
        105.7,
        21.1,
        106.3,
        22,
        106.8,
        22,
        107.7,
        21.1,
        108.3,
        21.1,
        108.3,
        21.1,
        108.3
      ],
      "segments": [
        1,
        4,
        4,
        4,
        4,
        2,
        2
      ]
    },
    {
      "type": "shape",
      "background": "#939598",
      "shadowColor": "#1ABC9C",
      "points": [
        20.2,
        95.6,
        19.7,
        95.3,
        19,
        95.3,
        18.6,
        95.6,
        18.4,
        95.7,
        18.3,
        96.1,
        18.3,
        97,
        18.3,
        107.1,
        18.3,
        107.3,
        18.4,
        107.4,
        18.6,
        107.6,
        19,
        107.9,
        19.8,
        107.9,
        20.2,
        107.6,
        20.4,
        107.5,
        20.5,
        107.3,
        20.5,
        107.1,
        20.5,
        97,
        20.5,
        96.1,
        20.4,
        95.8,
        20.2,
        95.6,
        20.2,
        95.6,
        20.2,
        95.6
      ],
      "segments": [
        1,
        4,
        4,
        2,
        4,
        4,
        4,
        2,
        4,
        2,
        2
      ]
    },
    {
      "type": "shape",
      "background": "#939598",
      "shadowColor": "#1ABC9C",
      "points": [
        23.8,
        49.9,
        23.8,
        47,
        23,
        47,
        22.8,
        46.9,
        22.7,
        46.7,
        22.4,
        46.6,
        20.6,
        45.6,
        17.8,
        45.6,
        16.1,
        46.6,
        15.9,
        46.7,
        15.7,
        46.9,
        15.5,
        47,
        14.7,
        47,
        14.7,
        49.9,
        14.7,
        50.6,
        15.1,
        51.2,
        16,
        51.7,
        17.8,
        52.7,
        20.6,
        52.7,
        22.3,
        51.7,
        23.4,
        51.2,
        23.8,
        50.6,
        23.8,
        49.9,
        23.8,
        49.9,
        23.8,
        49.9
      ],
      "segments": [
        1,
        2,
        2,
        4,
        4,
        4,
        2,
        2,
        4,
        4,
        4,
        2,
        2
      ]
    },
    {
      "type": "shape",
      "background": "#bcbec2",
      "shadowColor": "#1ABC9C",
      "points": [
        22.5,
        48.9,
        20.7,
        49.9,
        17.9,
        49.9,
        16.2,
        48.9,
        14.4,
        47.9,
        14.4,
        46.2,
        16.2,
        45.2,
        18,
        44.2,
        20.8,
        44.2,
        22.5,
        45.2,
        24.3,
        46.2,
        24.3,
        47.9,
        22.5,
        48.9,
        22.5,
        48.9,
        22.5,
        48.9
      ],
      "segments": [
        1,
        4,
        4,
        4,
        4,
        2,
        2
      ]
    },
    {
      "type": "shape",
      "background": "#ff8400",
      "shadowColor": "#1ABC9C",
      "points": [
        88.3,
        196.4,
        88.3,
        194.6,
        84.5,
        194.6,
        83.7,
        193.9,
        82.8,
        193.3,
        81.7,
        192.6,
        73,
        187.6,
        58.9,
        187.6,
        50.2,
        192.6,
        49.1,
        193.2,
        48.2,
        193.9,
        47.4,
        194.6,
        43.7,
        194.6,
        43.7,
        196.4,
        43.7,
        199.7,
        45.9,
        203,
        50.2,
        205.5,
        58.9,
        210.5,
        73,
        210.5,
        81.7,
        205.5,
        86.1,
        203,
        88.3,
        199.7,
        88.3,
        196.4,
        88.3,
        196.4,
        88.3,
        196.4
      ],
      "segments": [
        1,
        2,
        2,
        4,
        4,
        4,
        2,
        2,
        4,
        4,
        4,
        2,
        2
      ]
    },
    {
      "type": "shape",
      "background": "#ff9d26",
      "shadowColor": "#1ABC9C",
      "points": [
        81.7,
        203.7,
        73,
        208.7,
        58.9,
        208.7,
        50.2,
        203.7,
        41.5,
        198.7,
        41.5,
        190.5,
        50.2,
        185.5,
        58.9,
        180.5,
        73,
        180.5,
        81.7,
        185.5,
        90.4,
        190.5,
        90.4,
        198.7,
        81.7,
        203.7,
        81.7,
        203.7,
        81.7,
        203.7
      ],
      "segments": [
        1,
        4,
        4,
        4,
        4,
        2,
        2
      ]
    },
    {
      "type": "shape",
      "background": "#939598",
      "shadowColor": "#1ABC9C",
      "points": [
        87.3,
        193.7,
        87.3,
        158.9,
        83.7,
        158.9,
        82.9,
        158.2,
        82.1,
        157.6,
        81,
        157,
        72.6,
        152.2,
        59.1,
        152.2,
        50.8,
        157,
        49.8,
        157.6,
        48.9,
        158.2,
        48.1,
        158.9,
        44.5,
        158.9,
        44.5,
        193.7,
        44.5,
        196.9,
        46.6,
        200,
        50.8,
        202.4,
        59.1,
        207.2,
        72.7,
        207.2,
        81,
        202.4,
        85.3,
        200,
        87.3,
        196.9,
        87.3,
        193.7,
        87.3,
        193.7,
        87.3,
        193.7
      ],
      "segments": [
        1,
        2,
        2,
        4,
        4,
        4,
        2,
        2,
        4,
        4,
        4,
        2,
        2
      ]
    },
    {
      "type": "shape",
      "background": "#bcbec2",
      "shadowColor": "#1ABC9C",
      "points": [
        81.1,
        167.6,
        72.7,
        172.4,
        59.2,
        172.4,
        50.9,
        167.6,
        42.6,
        162.8,
        42.6,
        155,
        50.9,
        150.1,
        59.2,
        145.3,
        72.8,
        145.3,
        81.1,
        150.1,
        89.4,
        155,
        89.4,
        162.8,
        81.1,
        167.6,
        81.1,
        167.6,
        81.1,
        167.6
      ],
      "segments": [
        1,
        4,
        4,
        4,
        4,
        2,
        2
      ]
    },
    {
      "type": "shape",
      "background": "#939598",
      "shadowColor": "#1ABC9C",
      "points": [
        85.5,
        157.9,
        85.5,
        155.6,
        82.2,
        155.6,
        81.5,
        155,
        80.7,
        154.4,
        79.8,
        153.9,
        72.2,
        149.5,
        59.7,
        149.5,
        52.1,
        153.9,
        51.2,
        154.4,
        50.4,
        155,
        49.7,
        155.6,
        46.4,
        155.6,
        46.4,
        157.9,
        46.4,
        160.8,
        48.3,
        163.7,
        52.1,
        165.9,
        59.7,
        170.3,
        72.2,
        170.3,
        79.8,
        165.9,
        83.6,
        163.7,
        85.5,
        160.8,
        85.5,
        157.9,
        85.5,
        157.9,
        85.5,
        157.9
      ],
      "segments": [
        1,
        2,
        2,
        4,
        4,
        4,
        2,
        2,
        4,
        4,
        4,
        2,
        2
      ]
    },
    {
      "type": "shape",
      "background": "#bcbec2",
      "shadowColor": "#1ABC9C",
      "points": [
        79.8,
        163.6,
        72.2,
        168,
        59.7,
        168,
        52.1,
        163.6,
        44.5,
        159.2,
        44.5,
        152,
        52.1,
        147.6,
        59.7,
        143.2,
        72.2,
        143.2,
        79.8,
        147.6,
        87.5,
        152,
        87.5,
        159.2,
        79.8,
        163.6,
        79.8,
        163.6,
        79.8,
        163.6
      ],
      "segments": [
        1,
        4,
        4,
        4,
        4,
        2,
        2
      ]
    },
    {
      "type": "shape",
      "background": "#939598",
      "shadowColor": "#1ABC9C",
      "points": [
        72.4,
        154.5,
        72.4,
        151.9,
        71.3,
        151.9,
        71.1,
        151.7,
        70.8,
        151.5,
        70.5,
        151.3,
        68,
        149.9,
        63.9,
        149.9,
        61.4,
        151.3,
        61.1,
        151.5,
        60.8,
        151.7,
        60.6,
        151.9,
        59.5,
        151.9,
        59.5,
        154.6,
        59.5,
        155.5,
        60.1,
        156.5,
        61.4,
        157.2,
        63.9,
        158.6,
        68,
        158.6,
        70.5,
        157.2,
        71.7,
        156.4,
        72.4,
        155.5,
        72.4,
        154.5,
        72.4,
        154.5,
        72.4,
        154.5
      ],
      "segments": [
        1,
        2,
        2,
        4,
        4,
        4,
        2,
        2,
        4,
        4,
        4,
        2,
        2
      ]
    },
    {
      "type": "shape",
      "background": "#bcbec2",
      "shadowColor": "#1ABC9C",
      "points": [
        70.5,
        154.5,
        68,
        155.9,
        63.9,
        155.9,
        61.4,
        154.5,
        58.9,
        153.1,
        58.9,
        150.7,
        61.4,
        149.3,
        63.9,
        147.9,
        68,
        147.9,
        70.5,
        149.3,
        73,
        150.7,
        73,
        153,
        70.5,
        154.5,
        70.5,
        154.5,
        70.5,
        154.5
      ],
      "segments": [
        1,
        4,
        4,
        4,
        4,
        2,
        2
      ]
    },
    {
      "type": "shape",
      "background": "#7d7d7d",
      "shadowColor": "#1ABC9C",
      "points": [
        69.7,
        151.3,
        69.7,
        149.4,
        69.1,
        149.4,
        69,
        149.3,
        68.8,
        149.2,
        68.6,
        149.1,
        67.1,
        148.2,
        64.7,
        148.2,
        63.2,
        149.1,
        63,
        149.2,
        62.9,
        149.3,
        62.7,
        149.4,
        62.1,
        149.4,
        62.1,
        151.3,
        62.1,
        151.9,
        62.5,
        152.4,
        63.2,
        152.9,
        64.7,
        153.8,
        67.1,
        153.8,
        68.6,
        152.9,
        69.4,
        152.4,
        69.7,
        151.9,
        69.7,
        151.3,
        69.7,
        151.3,
        69.7,
        151.3
      ],
      "segments": [
        1,
        2,
        2,
        4,
        4,
        4,
        2,
        2,
        4,
        4,
        4,
        2,
        2
      ]
    },
    {
      "type": "shape",
      "background": "#24d2c1",
      "shadowColor": "#1ABC9C",
      "points": [
        68.6,
        151,
        67.1,
        151.9,
        64.7,
        151.9,
        63.2,
        151,
        61.7,
        150.1,
        61.7,
        148.8,
        63.2,
        147.9,
        64.7,
        147,
        67.1,
        147,
        68.6,
        147.9,
        70.1,
        148.7,
        70.1,
        150.1,
        68.6,
        151,
        68.6,
        151,
        68.6,
        151
      ],
      "segments": [
        1,
        4,
        4,
        4,
        4,
        2,
        2
      ]
    },
    {
      "type": "shape",
      "background": "#939598",
      "shadowColor": "#1ABC9C",
      "points": [
        69.9,
        149.9,
        69.9,
        142,
        69.2,
        142,
        69.1,
        141.9,
        68.9,
        141.8,
        68.7,
        141.7,
        67.1,
        140.8,
        64.6,
        140.8,
        63.1,
        141.7,
        62.9,
        141.8,
        62.7,
        141.9,
        62.6,
        142,
        61.9,
        142,
        61.9,
        149.9,
        61.9,
        150.5,
        62.3,
        151.1,
        63.1,
        151.5,
        64.7,
        152.4,
        67.2,
        152.4,
        68.7,
        151.5,
        69.5,
        151.1,
        69.9,
        150.5,
        69.9,
        149.9,
        69.9,
        149.9,
        69.9,
        149.9
      ],
      "segments": [
        1,
        2,
        2,
        4,
        4,
        4,
        2,
        2,
        4,
        4,
        4,
        2,
        2
      ]
    },
    {
      "type": "shape",
      "background": "#bcbec2",
      "shadowColor": "#1ABC9C",
      "points": [
        68.8,
        143.6,
        67.2,
        144.5,
        64.7,
        144.5,
        63.2,
        143.6,
        61.6,
        142.7,
        61.6,
        141.2,
        63.2,
        140.3,
        64.8,
        139.4,
        67.3,
        139.4,
        68.8,
        140.3,
        70.3,
        141.3,
        70.3,
        142.7,
        68.8,
        143.6,
        68.8,
        143.6,
        68.8,
        143.6
      ],
      "segments": [
        1,
        4,
        4,
        4,
        4,
        2,
        2
      ]
    },
    {
      "type": "shape",
      "background": "#939598",
      "shadowColor": "#1ABC9C",
      "points": [
        69.2,
        141.7,
        69.2,
        133.2,
        68.7,
        133.2,
        68.6,
        133.1,
        68.4,
        133,
        68.3,
        132.9,
        67,
        132.2,
        64.9,
        132.2,
        63.6,
        132.9,
        63.4,
        133,
        63.3,
        133.1,
        63.2,
        133.2,
        62.6,
        133.2,
        62.6,
        141.7,
        62.6,
        142.2,
        62.9,
        142.7,
        63.6,
        143,
        64.9,
        143.7,
        67,
        143.7,
        68.3,
        143,
        68.9,
        142.7,
        69.2,
        142.2,
        69.2,
        141.7,
        69.2,
        141.7,
        69.2,
        141.7
      ],
      "segments": [
        1,
        2,
        2,
        4,
        4,
        4,
        2,
        2,
        4,
        4,
        4,
        2,
        2
      ]
    },
    {
      "type": "shape",
      "background": "#bcbec2",
      "shadowColor": "#1ABC9C",
      "points": [
        68.3,
        134.6,
        67,
        135.3,
        64.9,
        135.3,
        63.6,
        134.6,
        62.3,
        133.9,
        62.3,
        132.7,
        63.6,
        131.9,
        64.9,
        131.2,
        67,
        131.2,
        68.3,
        131.9,
        69.6,
        132.6,
        69.6,
        133.8,
        68.3,
        134.6,
        68.3,
        134.6,
        68.3,
        134.6
      ],
      "segments": [
        1,
        4,
        4,
        4,
        4,
        2,
        2
      ]
    },
    {
      "type": "shape",
      "background": "#232323",
      "shadowColor": "#1ABC9C",
      "points": [
        67.6,
        134.2,
        66.7,
        134.7,
        65.2,
        134.7,
        64.2,
        134.2,
        63.3,
        133.7,
        63.3,
        132.8,
        64.2,
        132.3,
        65.1,
        131.8,
        66.6,
        131.8,
        67.6,
        132.3,
        68.5,
        132.8,
        68.5,
        133.7,
        67.6,
        134.2,
        67.6,
        134.2,
        67.6,
        134.2
      ],
      "segments": [
        1,
        4,
        4,
        4,
        4,
        2,
        2
      ]
    },
    {
      "type": "shape",
      "background": "#939598",
      "shadowColor": "#1ABC9C",
      "points": [
        70.4,
        133.8,
        70.4,
        130.9,
        69.7,
        130.9,
        69.5,
        130.8,
        69.4,
        130.6,
        69.1,
        130.5,
        67.3,
        129.5,
        64.5,
        129.5,
        62.8,
        130.5,
        62.6,
        130.6,
        62.4,
        130.8,
        62.2,
        130.9,
        61.4,
        130.9,
        61.4,
        133.8,
        61.4,
        134.5,
        61.8,
        135.1,
        62.7,
        135.6,
        64.5,
        136.6,
        67.3,
        136.6,
        69,
        135.6,
        70,
        135.2,
        70.4,
        134.5,
        70.4,
        133.8,
        70.4,
        133.8,
        70.4,
        133.8
      ],
      "segments": [
        1,
        2,
        2,
        4,
        4,
        4,
        2,
        2,
        4,
        4,
        4,
        2,
        2
      ]
    },
    {
      "type": "shape",
      "background": "#bcbec2",
      "shadowColor": "#1ABC9C",
      "points": [
        69.1,
        132.8,
        67.3,
        133.8,
        64.5,
        133.8,
        62.8,
        132.8,
        61,
        131.8,
        61,
        130.1,
        62.8,
        129.1,
        64.6,
        128.1,
        67.4,
        128.1,
        69.1,
        129.1,
        70.9,
        130.1,
        70.9,
        131.8,
        69.1,
        132.8,
        69.1,
        132.8,
        69.1,
        132.8
      ],
      "segments": [
        1,
        4,
        4,
        4,
        4,
        2,
        2
      ]
    },
    {
      "type": "shape",
      "background": "#939598",
      "shadowColor": "#1ABC9C",
      "points": [
        69.5,
        130.4,
        69.5,
        130.4,
        69.5,
        132.9,
        66,
        132.9,
        62.5,
        132.9,
        62.5,
        130.4,
        62.5,
        130.4,
        62.5,
        59.6,
        62.5,
        51,
        57.9,
        43,
        50.4,
        38.7,
        30.4,
        27.1,
        28.8,
        26.2,
        27,
        26.2,
        25.4,
        27.1,
        23.8,
        28,
        22.9,
        29.6,
        22.9,
        31.4,
        22.9,
        46.7,
        22.9,
        46.7,
        22.9,
        48.9,
        19.4,
        48.9,
        15.9,
        48.9,
        15.9,
        46.7,
        15.9,
        46.7,
        15.9,
        31.4,
        15.9,
        27.1,
        18.1,
        23.2,
        21.9,
        21,
        25.7,
        18.8,
        30.1,
        18.8,
        33.9,
        21,
        53.9,
        32.6,
        63.5,
        38.1,
        69.5,
        48.5,
        69.5,
        59.6,
        69.5,
        130.4,
        69.5,
        130.4,
        69.5,
        130.4
      ],
      "segments": [
        1,
        4,
        4,
        2,
        4,
        2,
        4,
        4,
        2,
        4,
        4,
        2,
        4,
        4,
        2,
        4,
        2,
        2,
        2
      ]
    },
    {
      "type": "shape",
      "background": "#ffffff",
      "shadowColor": "#1ABC9C",
      "points": [
        13.6,
        2.1,
        13.3,
        2,
        11.6,
        1,
        11.4,
        0.9,
        11.3,
        0.6,
        11.4,
        0.3,
        11.5,
        0.1,
        11.8,
        0,
        12.1,
        0.1,
        13.8,
        1.1,
        14,
        1.2,
        14.1,
        1.5,
        14,
        1.8,
        14,
        2,
        13.8,
        2.1,
        13.6,
        2.1,
        13.6,
        2.1,
        13.6,
        2.1
      ],
      "segments": [
        1,
        2,
        2,
        4,
        4,
        2,
        4,
        4,
        2,
        2
      ]
    },
    {
      "type": "shape",
      "background": "#ffffff",
      "shadowColor": "#1ABC9C",
      "points": [
        20.9,
        6.3,
        20.7,
        6.2,
        17.1,
        4.1,
        16.9,
        4,
        16.8,
        3.7,
        16.9,
        3.4,
        17,
        3.2,
        17.3,
        3.1,
        17.6,
        3.2,
        21.2,
        5.3,
        21.4,
        5.4,
        21.5,
        5.7,
        21.4,
        6,
        21.2,
        6.2,
        21.1,
        6.3,
        20.9,
        6.3,
        20.9,
        6.3,
        20.9,
        6.3,
        28.2,
        10.5,
        28,
        10.4,
        24.4,
        8.3,
        24.2,
        8.2,
        24.1,
        7.9,
        24.2,
        7.6,
        24.3,
        7.4,
        24.6,
        7.3,
        24.9,
        7.4,
        28.5,
        9.5,
        28.7,
        9.6,
        28.8,
        9.9,
        28.7,
        10.2,
        28.5,
        10.4,
        28.3,
        10.5,
        28.2,
        10.5,
        28.2,
        10.5,
        28.2,
        10.5,
        35.4,
        14.7,
        35.1,
        14.6,
        31.5,
        12.5,
        31.3,
        12.4,
        31.2,
        12.1,
        31.3,
        11.8,
        31.4,
        11.6,
        31.7,
        11.5,
        32,
        11.6,
        35.6,
        13.7,
        35.8,
        13.8,
        35.9,
        14.1,
        35.8,
        14.4,
        35.7,
        14.6,
        35.6,
        14.7,
        35.4,
        14.7,
        35.4,
        14.7,
        35.4,
        14.7,
        42.7,
        18.9,
        42.5,
        18.8,
        38.9,
        16.7,
        38.7,
        16.6,
        38.6,
        16.3,
        38.7,
        16,
        38.8,
        15.8,
        39.1,
        15.7,
        39.4,
        15.8,
        43,
        17.9,
        43.2,
        18,
        43.3,
        18.3,
        43.2,
        18.6,
        43,
        18.8,
        42.8,
        18.9,
        42.7,
        18.9,
        42.7,
        18.9,
        42.7,
        18.9,
        49.9,
        23.1,
        49.7,
        23,
        46.1,
        20.9,
        45.9,
        20.8,
        45.8,
        20.5,
        45.9,
        20.2,
        46,
        20,
        46.3,
        19.9,
        46.6,
        20,
        50.2,
        22.1,
        50.4,
        22.2,
        50.5,
        22.5,
        50.4,
        22.8,
        50.3,
        23,
        50.1,
        23.1,
        49.9,
        23.1,
        49.9,
        23.1,
        49.9,
        23.1,
        57.2,
        27.3,
        57,
        27.2,
        53.4,
        25.1,
        53.2,
        25,
        53.1,
        24.7,
        53.2,
        24.4,
        53.3,
        24.2,
        53.6,
        24.1,
        53.9,
        24.2,
        57.5,
        26.3,
        57.7,
        26.4,
        57.8,
        26.7,
        57.7,
        27,
        57.5,
        27.2,
        57.3,
        27.3,
        57.2,
        27.3,
        57.2,
        27.3,
        57.2,
        27.3,
        64.4,
        31.5,
        64.1,
        31.4,
        60.5,
        29.3,
        60.3,
        29.2,
        60.2,
        28.9,
        60.3,
        28.6,
        60.4,
        28.4,
        60.7,
        28.3,
        61,
        28.4,
        64.6,
        30.5,
        64.8,
        30.6,
        64.9,
        30.9,
        64.8,
        31.2,
        64.8,
        31.4,
        64.6,
        31.5,
        64.4,
        31.5,
        64.4,
        31.5,
        64.4,
        31.5,
        71.7,
        35.6,
        71.4,
        35.5,
        67.8,
        33.4,
        67.6,
        33.3,
        67.5,
        33,
        67.6,
        32.7,
        67.7,
        32.5,
        68,
        32.4,
        68.3,
        32.5,
        71.9,
        34.6,
        72.1,
        34.7,
        72.2,
        35,
        72.1,
        35.3,
        72,
        35.5,
        71.9,
        35.6,
        71.7,
        35.6,
        71.7,
        35.6,
        71.7,
        35.6
      ],
      "segments": [
        1,
        2,
        2,
        4,
        4,
        2,
        4,
        4,
        2,
        2,
        1,
        2,
        2,
        4,
        4,
        2,
        4,
        4,
        2,
        2,
        1,
        2,
        2,
        4,
        4,
        2,
        4,
        4,
        2,
        2,
        1,
        2,
        2,
        4,
        4,
        2,
        4,
        4,
        2,
        2,
        1,
        2,
        2,
        4,
        4,
        2,
        4,
        4,
        2,
        2,
        1,
        2,
        2,
        4,
        4,
        2,
        4,
        4,
        2,
        2,
        1,
        2,
        2,
        4,
        4,
        2,
        4,
        4,
        2,
        2,
        1,
        2,
        2,
        4,
        4,
        2,
        4,
        4,
        2,
        2
      ]
    },
    {
      "type": "shape",
      "background": "#ffffff",
      "shadowColor": "#1ABC9C",
      "points": [
        77,
        38.7,
        76.8,
        38.6,
        75.1,
        37.6,
        74.9,
        37.5,
        74.8,
        37.2,
        74.9,
        36.9,
        75,
        36.7,
        75.3,
        36.6,
        75.6,
        36.7,
        77.3,
        37.7,
        77.5,
        37.8,
        77.6,
        38.1,
        77.5,
        38.4,
        77.4,
        38.6,
        77.2,
        38.7,
        77,
        38.7,
        77,
        38.7,
        77,
        38.7
      ],
      "segments": [
        1,
        2,
        2,
        4,
        4,
        2,
        4,
        4,
        2,
        2
      ]
    },
    {
      "type": "shape",
      "background": "#ffffff",
      "shadowColor": "#1ABC9C",
      "points": [
        11.9,
        40.2,
        11.6,
        40.2,
        11.4,
        40,
        11.4,
        39.7,
        11.4,
        37.7,
        11.4,
        37.4,
        11.6,
        37.2,
        11.9,
        37.2,
        12.2,
        37.2,
        12.4,
        37.4,
        12.4,
        37.7,
        12.4,
        39.7,
        12.4,
        40,
        12.2,
        40.2,
        11.9,
        40.2,
        11.9,
        40.2,
        11.9,
        40.2
      ],
      "segments": [
        1,
        4,
        2,
        4,
        4,
        2,
        4,
        2,
        2
      ]
    },
    {
      "type": "shape",
      "background": "#ffffff",
      "shadowColor": "#1ABC9C",
      "points": [
        11.9,
        10.9,
        11.6,
        10.9,
        11.4,
        10.7,
        11.4,
        10.4,
        11.4,
        6.5,
        11.4,
        6.2,
        11.6,
        6,
        11.9,
        6,
        12.2,
        6,
        12.4,
        6.2,
        12.4,
        6.5,
        12.4,
        10.4,
        12.4,
        10.7,
        12.2,
        10.9,
        11.9,
        10.9,
        11.9,
        10.9,
        11.9,
        10.9,
        11.9,
        18.7,
        11.6,
        18.7,
        11.4,
        18.5,
        11.4,
        18.2,
        11.4,
        14.3,
        11.4,
        14,
        11.6,
        13.8,
        11.9,
        13.8,
        12.2,
        13.8,
        12.4,
        14,
        12.4,
        14.3,
        12.4,
        18.2,
        12.4,
        18.5,
        12.2,
        18.7,
        11.9,
        18.7,
        11.9,
        18.7,
        11.9,
        18.7,
        11.9,
        26.5,
        11.6,
        26.5,
        11.4,
        26.3,
        11.4,
        26,
        11.4,
        22.1,
        11.4,
        21.8,
        11.6,
        21.6,
        11.9,
        21.6,
        12.2,
        21.6,
        12.4,
        21.8,
        12.4,
        22.1,
        12.4,
        26,
        12.4,
        26.3,
        12.2,
        26.5,
        11.9,
        26.5,
        11.9,
        26.5,
        11.9,
        26.5,
        11.9,
        34.3,
        11.6,
        34.3,
        11.4,
        34.1,
        11.4,
        33.8,
        11.4,
        29.9,
        11.4,
        29.6,
        11.6,
        29.4,
        11.9,
        29.4,
        12.2,
        29.4,
        12.4,
        29.6,
        12.4,
        29.9,
        12.4,
        33.8,
        12.4,
        34.1,
        12.2,
        34.3,
        11.9,
        34.3,
        11.9,
        34.3,
        11.9,
        34.3
      ],
      "segments": [
        1,
        4,
        2,
        4,
        4,
        2,
        4,
        2,
        2,
        1,
        4,
        2,
        4,
        4,
        2,
        4,
        2,
        2,
        1,
        4,
        2,
        4,
        4,
        2,
        4,
        2,
        2,
        1,
        4,
        2,
        4,
        4,
        2,
        4,
        2,
        2
      ]
    },
    {
      "type": "shape",
      "background": "#ffffff",
      "shadowColor": "#1ABC9C",
      "points": [
        11.9,
        3.1,
        11.6,
        3.1,
        11.4,
        2.9,
        11.4,
        2.6,
        11.4,
        0.6,
        11.4,
        0.3,
        11.6,
        0.1,
        11.9,
        0.1,
        12.2,
        0.1,
        12.4,
        0.3,
        12.4,
        0.6,
        12.4,
        2.6,
        12.4,
        2.9,
        12.2,
        3.1,
        11.9,
        3.1,
        11.9,
        3.1,
        11.9,
        3.1
      ],
      "segments": [
        1,
        4,
        2,
        4,
        4,
        2,
        4,
        2,
        2
      ]
    },
    {
      "type": "shape",
      "background": "#ffffff",
      "shadowColor": "#1ABC9C",
      "points": [
        77,
        40.7,
        76.7,
        40.7,
        76.5,
        40.5,
        76.5,
        40.2,
        76.5,
        38.2,
        76.5,
        37.9,
        76.7,
        37.7,
        77,
        37.7,
        77.3,
        37.7,
        77.5,
        37.9,
        77.5,
        38.2,
        77.5,
        40.2,
        77.5,
        40.5,
        77.3,
        40.7,
        77,
        40.7,
        77,
        40.7,
        77,
        40.7
      ],
      "segments": [
        1,
        4,
        2,
        4,
        4,
        2,
        4,
        2,
        2
      ]
    },
    {
      "type": "shape",
      "background": "#ffffff",
      "shadowColor": "#1ABC9C",
      "points": [
        77,
        48.7,
        76.7,
        48.7,
        76.5,
        48.5,
        76.5,
        48.2,
        76.5,
        44.2,
        76.5,
        43.9,
        76.7,
        43.7,
        77,
        43.7,
        77.3,
        43.7,
        77.5,
        43.9,
        77.5,
        44.2,
        77.5,
        48.2,
        77.5,
        48.5,
        77.3,
        48.7,
        77,
        48.7,
        77,
        48.7,
        77,
        48.7,
        77,
        56.7,
        76.7,
        56.7,
        76.5,
        56.5,
        76.5,
        56.2,
        76.5,
        52.2,
        76.5,
        51.9,
        76.7,
        51.7,
        77,
        51.7,
        77.3,
        51.7,
        77.5,
        51.9,
        77.5,
        52.2,
        77.5,
        56.2,
        77.5,
        56.5,
        77.3,
        56.7,
        77,
        56.7,
        77,
        56.7,
        77,
        56.7,
        77,
        64.7,
        76.7,
        64.7,
        76.5,
        64.5,
        76.5,
        64.2,
        76.5,
        60.2,
        76.5,
        59.9,
        76.7,
        59.7,
        77,
        59.7,
        77.3,
        59.7,
        77.5,
        59.9,
        77.5,
        60.2,
        77.5,
        64.2,
        77.5,
        64.5,
        77.3,
        64.7,
        77,
        64.7,
        77,
        64.7,
        77,
        64.7,
        77,
        72.7,
        76.7,
        72.7,
        76.5,
        72.5,
        76.5,
        72.2,
        76.5,
        68.2,
        76.5,
        67.9,
        76.7,
        67.7,
        77,
        67.7,
        77.3,
        67.7,
        77.5,
        67.9,
        77.5,
        68.2,
        77.5,
        72.2,
        77.5,
        72.4,
        77.3,
        72.7,
        77,
        72.7,
        77,
        72.7,
        77,
        72.7,
        77,
        80.6,
        76.7,
        80.6,
        76.5,
        80.4,
        76.5,
        80.1,
        76.5,
        76.1,
        76.5,
        75.8,
        76.7,
        75.6,
        77,
        75.6,
        77.3,
        75.6,
        77.5,
        75.8,
        77.5,
        76.1,
        77.5,
        80.1,
        77.5,
        80.4,
        77.3,
        80.6,
        77,
        80.6,
        77,
        80.6,
        77,
        80.6,
        77,
        88.6,
        76.7,
        88.6,
        76.5,
        88.4,
        76.5,
        88.1,
        76.5,
        84.1,
        76.5,
        83.8,
        76.7,
        83.6,
        77,
        83.6,
        77.3,
        83.6,
        77.5,
        83.8,
        77.5,
        84.1,
        77.5,
        88.1,
        77.5,
        88.4,
        77.3,
        88.6,
        77,
        88.6,
        77,
        88.6,
        77,
        88.6,
        77,
        96.6,
        76.7,
        96.6,
        76.5,
        96.4,
        76.5,
        96.1,
        76.5,
        92.1,
        76.5,
        91.8,
        76.7,
        91.6,
        77,
        91.6,
        77.3,
        91.6,
        77.5,
        91.8,
        77.5,
        92.1,
        77.5,
        96.1,
        77.5,
        96.4,
        77.3,
        96.6,
        77,
        96.6,
        77,
        96.6,
        77,
        96.6,
        77,
        104.6,
        76.7,
        104.6,
        76.5,
        104.4,
        76.5,
        104.1,
        76.5,
        100.1,
        76.5,
        99.8,
        76.7,
        99.6,
        77,
        99.6,
        77.3,
        99.6,
        77.5,
        99.8,
        77.5,
        100.1,
        77.5,
        104.1,
        77.5,
        104.4,
        77.3,
        104.6,
        77,
        104.6,
        77,
        104.6,
        77,
        104.6,
        77,
        112.6,
        76.7,
        112.6,
        76.5,
        112.4,
        76.5,
        112.1,
        76.5,
        108.1,
        76.5,
        107.8,
        76.7,
        107.6,
        77,
        107.6,
        77.3,
        107.6,
        77.5,
        107.8,
        77.5,
        108.1,
        77.5,
        112.1,
        77.5,
        112.3,
        77.3,
        112.6,
        77,
        112.6,
        77,
        112.6,
        77,
        112.6,
        77,
        120.5,
        76.7,
        120.5,
        76.5,
        120.3,
        76.5,
        120,
        76.5,
        116,
        76.5,
        115.7,
        76.7,
        115.5,
        77,
        115.5,
        77.3,
        115.5,
        77.5,
        115.7,
        77.5,
        116,
        77.5,
        120,
        77.5,
        120.3,
        77.3,
        120.5,
        77,
        120.5,
        77,
        120.5,
        77,
        120.5,
        77,
        128.5,
        76.7,
        128.5,
        76.5,
        128.3,
        76.5,
        128,
        76.5,
        124,
        76.5,
        123.7,
        76.7,
        123.5,
        77,
        123.5,
        77.3,
        123.5,
        77.5,
        123.7,
        77.5,
        124,
        77.5,
        128,
        77.5,
        128.3,
        77.3,
        128.5,
        77,
        128.5,
        77,
        128.5,
        77,
        128.5,
        77,
        136.5,
        76.7,
        136.5,
        76.5,
        136.3,
        76.5,
        136,
        76.5,
        132,
        76.5,
        131.7,
        76.7,
        131.5,
        77,
        131.5,
        77.3,
        131.5,
        77.5,
        131.7,
        77.5,
        132,
        77.5,
        136,
        77.5,
        136.3,
        77.3,
        136.5,
        77,
        136.5,
        77,
        136.5,
        77,
        136.5
      ],
      "segments": [
        1,
        4,
        2,
        4,
        4,
        2,
        4,
        2,
        2,
        1,
        4,
        2,
        4,
        4,
        2,
        4,
        2,
        2,
        1,
        4,
        2,
        4,
        4,
        2,
        4,
        2,
        2,
        1,
        4,
        2,
        4,
        4,
        2,
        4,
        2,
        2,
        1,
        4,
        2,
        4,
        4,
        2,
        4,
        2,
        2,
        1,
        4,
        2,
        4,
        4,
        2,
        4,
        2,
        2,
        1,
        4,
        2,
        4,
        4,
        2,
        4,
        2,
        2,
        1,
        4,
        2,
        4,
        4,
        2,
        4,
        2,
        2,
        1,
        4,
        2,
        4,
        4,
        2,
        4,
        2,
        2,
        1,
        4,
        2,
        4,
        4,
        2,
        4,
        2,
        2,
        1,
        4,
        2,
        4,
        4,
        2,
        4,
        2,
        2,
        1,
        4,
        2,
        4,
        4,
        2,
        4,
        2,
        2
      ]
    },
    {
      "type": "shape",
      "background": "#ffffff",
      "shadowColor": "#1ABC9C",
      "points": [
        77,
        142.5,
        76.7,
        142.5,
        76.5,
        142.3,
        76.5,
        142,
        76.5,
        140,
        76.5,
        139.7,
        76.7,
        139.5,
        77,
        139.5,
        77.3,
        139.5,
        77.5,
        139.7,
        77.5,
        140,
        77.5,
        142,
        77.5,
        142.3,
        77.3,
        142.5,
        77,
        142.5,
        77,
        142.5,
        77,
        142.5
      ],
      "segments": [
        1,
        4,
        2,
        4,
        4,
        2,
        4,
        2,
        2
      ]
    },
    {
      "type": "shape",
      "background": "#ffffff",
      "shadowColor": "#1ABC9C",
      "points": [
        85.5,
        70.4,
        88,
        67,
        86.5,
        66.2,
        86.5,
        56.4,
        84.6,
        55.3,
        84.6,
        65,
        83.1,
        64.2,
        85.5,
        70.4,
        85.5,
        70.4,
        85.5,
        70.4
      ]
    },
    {
      "type": "shape",
      "background": "#ffffff",
      "shadowColor": "#1ABC9C",
      "points": [
        85.5,
        123,
        88,
        119.6,
        86.5,
        118.7,
        86.5,
        109,
        84.6,
        107.8,
        84.6,
        117.6,
        83.1,
        116.7,
        85.5,
        123,
        85.5,
        123,
        85.5,
        123
      ]
    },
    {
      "type": "shape",
      "background": "#ffffff",
      "shadowColor": "#1ABC9C",
      "points": [
        5.7,
        14.9,
        3.2,
        18.3,
        4.7,
        19.2,
        4.7,
        28.9,
        6.6,
        30.1,
        6.6,
        20.3,
        8.1,
        21.2,
        5.7,
        14.9,
        5.7,
        14.9,
        5.7,
        14.9
      ]
    },
    {
      "type": "shape",
      "background": "#ffffff",
      "shadowColor": "#1ABC9C",
      "points": [
        57.3,
        18.9,
        50.6,
        17.9,
        52.1,
        17,
        43.7,
        12.1,
        45.6,
        11,
        54.1,
        15.9,
        55.6,
        15,
        57.3,
        18.9,
        57.3,
        18.9,
        57.3,
        18.9
      ]
    },
    {
      "type": "shape",
      "background": "#f5f5f5",
      "shadowColor": "#1ABC9C",
      "points": [
        11.8,
        155.7,
        11.8,
        154.7,
        11.8,
        154.3,
        11.8,
        153.7,
        11.9,
        153.3,
        11.9,
        153.3,
        11.8,
        153.7,
        11.6,
        154.2,
        11.5,
        154.6,
        10.8,
        156.4,
        11.8,
        155.7,
        11.8,
        155.7,
        11.8,
        155.7,
        13.6,
        155.8,
        13,
        156.2,
        13,
        157.7,
        11.8,
        158.4,
        11.8,
        156.9,
        9.4,
        158.3,
        9.4,
        157.3,
        11.4,
        152.3,
        13,
        151.4,
        13,
        155.1,
        13.6,
        154.7,
        13.6,
        155.8,
        13.6,
        155.8,
        13.6,
        155.8
      ],
      "segments": [
        1,
        2,
        4,
        2,
        4,
        2,
        2,
        2,
        2,
        1,
        2,
        2,
        2,
        2,
        2,
        2,
        2,
        2,
        2,
        2,
        2,
        2,
        2
      ]
    },
    {
      "type": "shape",
      "background": "#f5f5f5",
      "shadowColor": "#1ABC9C",
      "points": [
        15.1,
        154.7,
        15.5,
        154.4,
        15.9,
        154.7,
        15.9,
        155.2,
        15.9,
        155.7,
        15.6,
        156.3,
        15.1,
        156.6,
        14.7,
        156.9,
        14.3,
        156.6,
        14.3,
        156.1,
        14.3,
        155.5,
        14.7,
        154.9,
        15.1,
        154.7,
        15.1,
        154.7,
        15.1,
        154.7
      ],
      "segments": [
        1,
        4,
        4,
        4,
        4,
        2,
        2
      ]
    },
    {
      "type": "shape",
      "background": "#f5f5f5",
      "shadowColor": "#1ABC9C",
      "points": [
        21.3,
        146.2,
        22,
        145.8,
        22.6,
        145.9,
        23,
        146.1,
        22.3,
        147.4,
        22,
        147.3,
        21.7,
        147.2,
        21.3,
        147.5,
        20.5,
        148,
        19.9,
        149.1,
        19.9,
        150.4,
        19.9,
        151.7,
        20.4,
        152.2,
        21.3,
        151.7,
        21.8,
        151.4,
        22.1,
        151,
        22.4,
        150.5,
        23.1,
        151,
        22.6,
        151.9,
        22,
        152.6,
        21.3,
        153,
        19.8,
        153.8,
        18.6,
        153.4,
        18.6,
        151.2,
        18.6,
        149,
        19.8,
        147,
        21.3,
        146.2,
        21.3,
        146.2,
        21.3,
        146.2
      ],
      "segments": [
        1,
        4,
        2,
        4,
        4,
        4,
        4,
        2,
        4,
        4,
        4,
        2,
        2
      ]
    },
    {
      "type": "shape",
      "background": "#f5f5f5",
      "shadowColor": "#1ABC9C",
      "points": [
        23.9,
        144.8,
        25.2,
        144.1,
        25.2,
        149.4,
        27.4,
        148.1,
        27.4,
        149.3,
        23.9,
        151.3,
        23.9,
        144.8,
        23.9,
        144.8,
        23.9,
        144.8
      ]
    },
    {
      "type": "shape",
      "background": "#f5f5f5",
      "shadowColor": "#1ABC9C",
      "points": [
        28.4,
        142.2,
        31.9,
        140.2,
        31.9,
        141.4,
        29.7,
        142.7,
        29.7,
        144,
        31.6,
        142.9,
        31.6,
        144.2,
        29.7,
        145.3,
        29.7,
        146.8,
        32,
        145.4,
        32,
        146.7,
        28.4,
        148.7,
        28.4,
        142.2,
        28.4,
        142.2,
        28.4,
        142.2
      ]
    },
    {
      "type": "shape",
      "background": "#f5f5f5",
      "shadowColor": "#1ABC9C",
      "points": [
        35.5,
        141.9,
        35.4,
        141.4,
        35.2,
        140.8,
        35.1,
        140.2,
        34.9,
        139.6,
        34.9,
        139.6,
        34.8,
        140.4,
        34.6,
        141.2,
        34.5,
        142,
        34.4,
        142.7,
        35.5,
        141.9,
        35.5,
        141.9,
        35.5,
        141.9,
        35.8,
        142.9,
        34.1,
        143.9,
        33.8,
        145.6,
        32.5,
        146.4,
        34.3,
        138.9,
        35.8,
        138,
        37.6,
        143.5,
        36.2,
        144.3,
        35.8,
        142.9,
        35.8,
        142.9,
        35.8,
        142.9
      ],
      "segments": [
        1,
        2,
        4,
        2,
        4,
        2,
        2,
        2,
        2,
        1,
        2,
        2,
        2,
        2,
        2,
        2,
        2,
        2,
        2,
        2
      ]
    },
    {
      "type": "shape",
      "background": "#f5f5f5",
      "shadowColor": "#1ABC9C",
      "points": [
        39.4,
        138.9,
        40.1,
        138.5,
        40.8,
        138.1,
        41.1,
        137.6,
        41.1,
        136.9,
        41.1,
        136.3,
        40.7,
        136.2,
        40.1,
        136.6,
        39.4,
        137,
        39.4,
        138.9,
        39.4,
        138.9,
        39.4,
        138.9,
        41.2,
        141.4,
        40.1,
        139.7,
        39.4,
        140.1,
        39.4,
        142.4,
        38.1,
        143.1,
        38.1,
        136.6,
        40.1,
        135.4,
        41.3,
        134.7,
        42.3,
        134.6,
        42.3,
        136.2,
        42.3,
        137.2,
        41.9,
        138,
        41.3,
        138.7,
        42.6,
        140.6,
        41.2,
        141.4,
        41.2,
        141.4,
        41.2,
        141.4
      ],
      "segments": [
        1,
        2,
        4,
        4,
        2,
        2,
        2,
        2,
        1,
        2,
        2,
        2,
        2,
        2,
        2,
        4,
        4,
        2,
        2,
        2,
        2
      ]
    },
    {
      "type": "shape",
      "background": "#f5f5f5",
      "shadowColor": "#1ABC9C",
      "points": [
        43.4,
        133.5,
        44.7,
        132.8,
        44.7,
        139.3,
        43.4,
        140.1,
        43.4,
        133.5,
        43.4,
        133.5,
        43.4,
        133.5
      ]
    },
    {
      "type": "shape",
      "background": "#f5f5f5",
      "shadowColor": "#1ABC9C",
      "points": [
        46,
        132,
        47.3,
        131.2,
        48.8,
        133.6,
        49.4,
        134.7,
        49.4,
        134.7,
        49.3,
        134,
        49.2,
        133.2,
        49.2,
        132.4,
        49.2,
        130.1,
        50.4,
        129.4,
        50.4,
        135.9,
        49.1,
        136.7,
        47.6,
        134.3,
        47,
        133.2,
        47,
        133.2,
        47.1,
        133.9,
        47.2,
        134.7,
        47.2,
        135.5,
        47.2,
        137.9,
        46,
        138.6,
        46,
        132,
        46,
        132,
        46,
        132
      ],
      "segments": [
        1,
        2,
        2,
        2,
        2,
        4,
        2,
        2,
        2,
        2,
        2,
        2,
        2,
        4,
        2,
        2,
        2,
        2,
        2
      ]
    },
    {
      "type": "shape",
      "background": "#f5f5f5",
      "shadowColor": "#1ABC9C",
      "points": [
        54.3,
        127.1,
        55.1,
        126.6,
        55.7,
        126.7,
        56,
        126.9,
        55.3,
        128.2,
        55,
        128.1,
        54.8,
        128,
        54.3,
        128.3,
        53.4,
        128.8,
        52.8,
        129.9,
        52.8,
        131.3,
        52.8,
        132.6,
        53.3,
        133.1,
        54.4,
        132.5,
        54.6,
        132.4,
        54.9,
        132.2,
        55,
        131.9,
        55,
        130.9,
        54.1,
        131.4,
        54.1,
        130.2,
        56.2,
        129,
        56.2,
        132,
        55.8,
        132.7,
        55.1,
        133.4,
        54.3,
        133.9,
        52.8,
        134.8,
        51.6,
        134.3,
        51.6,
        132.1,
        51.5,
        130,
        52.8,
        128,
        54.3,
        127.1,
        54.3,
        127.1,
        54.3,
        127.1
      ],
      "segments": [
        1,
        4,
        2,
        4,
        4,
        4,
        4,
        2,
        2,
        2,
        2,
        2,
        4,
        4,
        4,
        2,
        2
      ]
    }
  ]
}