{
  "width": 67,
  "height": 74,
  "comps": [
    {
      "type": "shape",
      "background": "rgba(6,16,51,0.70)",
      "shadowColor": "#1ABC9C",
      "points": [
        23.79314,
        72.72712,
        7.65827,
        63.16069,
        7.41274,
        61.70959,
        13.11337,
        58.34133,
        31.91246,
        69.48739,
        26.15246,
        72.89073,
        32.9867,
        68.7565,
        14.1876,
        57.61044,
        32.9867,
        46.46439,
        51.78579,
        57.61044,
        32.9867,
        68.7565,
        52.86003,
        57.06228,
        34.06093,
        45.91622,
        42.83384,
        40.8,
        60.53995,
        51.29801,
        60.33568,
        52.70259,
        52.86003,
        57.06228
      ],
      "segments": [
        1,
        2,
        2,
        2,
        2,
        2,
        1,
        2,
        2,
        2,
        2,
        1,
        2,
        2,
        2,
        2,
        2
      ]
    },
    {
      "type": "shape",
      "background": "#939598",
      "shadowColor": "#1ABC9C",
      "points": [
        59.8,
        16.9,
        49.7,
        22.7,
        49.9,
        23,
        49.9,
        23.1,
        49.9,
        23.2,
        49.9,
        23.3,
        49.9,
        24.3,
        50.6,
        25.6,
        51.5,
        26.1,
        51.6,
        26.2,
        51.7,
        26.2,
        51.8,
        26.2,
        52,
        26.5,
        62.1,
        20.7,
        62.4,
        20.5,
        62.6,
        20.2,
        62.6,
        19.6,
        62.6,
        18.6,
        61.9,
        17.3,
        61,
        16.8,
        60.5,
        16.7,
        60.1,
        16.7,
        59.8,
        16.9,
        59.8,
        16.9,
        59.8,
        16.9
      ],
      "segments": [
        1,
        2,
        2,
        4,
        4,
        4,
        2,
        2,
        4,
        4,
        4,
        2,
        2
      ]
    },
    {
      "type": "shape",
      "background": "#24d2c1",
      "shadowColor": "#1ABC9C",
      "points": [
        50.9,
        22.8,
        51.8,
        23.3,
        52.5,
        24.6,
        52.5,
        25.6,
        52.5,
        26.6,
        51.8,
        27.1,
        50.9,
        26.5,
        50,
        26,
        49.3,
        24.7,
        49.3,
        23.7,
        49.2,
        22.7,
        50,
        22.3,
        50.9,
        22.8,
        50.9,
        22.8,
        50.9,
        22.8
      ],
      "segments": [
        1,
        4,
        4,
        4,
        4,
        2,
        2
      ]
    },
    {
      "type": "shape",
      "background": "#0a8074",
      "shadowColor": "#1ABC9C",
      "points": [
        50.9,
        23.4,
        51.5,
        23.8,
        52.1,
        24.7,
        52.1,
        25.4,
        52.1,
        26.1,
        51.6,
        26.5,
        50.9,
        26.1,
        50.3,
        25.7,
        49.7,
        24.8,
        49.7,
        24.1,
        49.7,
        23.3,
        50.2,
        23,
        50.9,
        23.4,
        50.9,
        23.4,
        50.9,
        23.4
      ],
      "segments": [
        1,
        4,
        4,
        4,
        4,
        2,
        2
      ]
    },
    {
      "type": "shape",
      "background": "#7d7d7d",
      "shadowColor": "#1ABC9C",
      "points": [
        57.2,
        19.3,
        46.8,
        13.3,
        45.8,
        12.7,
        44.9,
        12.7,
        44.2,
        13.1,
        44.2,
        13.1,
        42.5,
        14.1,
        43.2,
        15.8,
        43.2,
        39.2,
        43.2,
        41.4,
        44.8,
        44.2,
        46.7,
        45.3,
        57.1,
        51.3,
        57.3,
        51.4,
        57.5,
        51.5,
        57.7,
        51.6,
        58,
        52.5,
        59.7,
        51.5,
        59.7,
        51.5,
        60.3,
        51.1,
        60.6,
        50.3,
        60.6,
        49.3,
        60.6,
        25.5,
        60.7,
        23.2,
        59.1,
        20.5,
        57.2,
        19.3,
        57.2,
        19.3,
        57.2,
        19.3
      ],
      "segments": [
        1,
        2,
        4,
        2,
        2,
        2,
        2,
        4,
        2,
        4,
        2,
        2,
        2,
        4,
        2,
        4,
        2,
        2
      ]
    },
    {
      "type": "shape",
      "background": "#bcbec2",
      "shadowColor": "#1ABC9C",
      "points": [
        59.1,
        50.2,
        59.1,
        52.4,
        57.5,
        53.4,
        55.6,
        52.2,
        45.2,
        46.2,
        43.3,
        45.1,
        41.7,
        42.3,
        41.7,
        40.1,
        41.7,
        16.3,
        41.7,
        14.1,
        43.3,
        13.1,
        45.2,
        14.3,
        55.6,
        20.3,
        57.5,
        21.4,
        59.1,
        24.2,
        59.1,
        26.4,
        59.1,
        50.2,
        59.1,
        50.2,
        59.1,
        50.2
      ],
      "segments": [
        1,
        4,
        2,
        4,
        2,
        4,
        2,
        4,
        2,
        2,
        2
      ]
    },
    {
      "type": "shape",
      "background": "#ff8400",
      "shadowColor": "#1ABC9C",
      "points": [
        53.9,
        49.3,
        22.1,
        67.7,
        22.1,
        40.7,
        53.9,
        22.3,
        53.9,
        49.3,
        53.9,
        49.3,
        53.9,
        49.3
      ]
    },
    {
      "type": "shape",
      "background": "#ff8400",
      "shadowColor": "#1ABC9C",
      "points": [
        22.1,
        67.7,
        12.5,
        62.2,
        12.5,
        35.2,
        22.1,
        40.7,
        22.1,
        67.7,
        22.1,
        67.7,
        22.1,
        67.7
      ]
    },
    {
      "type": "shape",
      "background": "#ff9d26",
      "shadowColor": "#1ABC9C",
      "points": [
        22.1,
        40.7,
        12.5,
        35.2,
        44.4,
        16.8,
        53.9,
        22.3,
        22.1,
        40.7,
        22.1,
        40.7,
        22.1,
        40.7
      ]
    },
    {
      "type": "shape",
      "background": "#ff8400",
      "shadowColor": "#1ABC9C",
      "points": [
        57.6,
        34.4,
        25.7,
        52.9,
        25.7,
        47,
        57.6,
        28.6,
        57.6,
        34.4,
        57.6,
        34.4,
        57.6,
        34.4
      ]
    },
    {
      "type": "shape",
      "background": "#ff8400",
      "shadowColor": "#1ABC9C",
      "points": [
        25.7,
        52.9,
        22.1,
        50.8,
        22.1,
        44.9,
        25.7,
        47,
        25.7,
        52.9,
        25.7,
        52.9,
        25.7,
        52.9
      ]
    },
    {
      "type": "shape",
      "background": "#ff9d26",
      "shadowColor": "#1ABC9C",
      "points": [
        25.7,
        47,
        22.1,
        44.9,
        53.9,
        26.5,
        57.6,
        28.6,
        25.7,
        47,
        25.7,
        47,
        25.7,
        47
      ]
    },
    {
      "type": "shape",
      "background": "#ff8400",
      "shadowColor": "#1ABC9C",
      "points": [
        57.6,
        46,
        25.7,
        64.4,
        25.7,
        58.6,
        57.6,
        40.1,
        57.6,
        46,
        57.6,
        46,
        57.6,
        46
      ]
    },
    {
      "type": "shape",
      "background": "#ff8400",
      "shadowColor": "#1ABC9C",
      "points": [
        25.7,
        64.4,
        22.1,
        62.3,
        22.1,
        56.5,
        25.7,
        58.6,
        25.7,
        64.4,
        25.7,
        64.4,
        25.7,
        64.4
      ]
    },
    {
      "type": "shape",
      "background": "#ff9d26",
      "shadowColor": "#1ABC9C",
      "points": [
        25.7,
        58.6,
        22.1,
        56.5,
        53.9,
        38.1,
        57.6,
        40.1,
        25.7,
        58.6,
        25.7,
        58.6,
        25.7,
        58.6
      ]
    },
    {
      "type": "shape",
      "background": "#7d7d7d",
      "shadowColor": "#1ABC9C",
      "points": [
        25,
        37.9,
        14.6,
        31.9,
        13.6,
        31.3,
        12.7,
        31.3,
        12,
        31.7,
        12,
        31.7,
        10.3,
        32.7,
        11,
        34.4,
        11,
        57.8,
        11,
        60,
        12.6,
        62.8,
        14.5,
        63.9,
        24.9,
        69.9,
        25.1,
        70,
        25.3,
        70.1,
        25.5,
        70.2,
        25.8,
        71.1,
        27.5,
        70.1,
        27.5,
        70.1,
        28.1,
        69.7,
        28.4,
        68.9,
        28.4,
        67.9,
        28.4,
        44,
        28.5,
        41.8,
        26.9,
        39,
        25,
        37.9,
        25,
        37.9,
        25,
        37.9
      ],
      "segments": [
        1,
        2,
        4,
        2,
        2,
        2,
        2,
        4,
        2,
        4,
        2,
        2,
        2,
        4,
        2,
        4,
        2,
        2
      ]
    },
    {
      "type": "shape",
      "background": "#bcbec2",
      "shadowColor": "#1ABC9C",
      "points": [
        27,
        68.8,
        27,
        71,
        25.4,
        72,
        23.5,
        70.8,
        13.1,
        64.8,
        11.2,
        63.7,
        9.6,
        60.9,
        9.6,
        58.7,
        9.6,
        34.9,
        9.6,
        32.7,
        11.2,
        31.7,
        13.1,
        32.9,
        23.5,
        38.9,
        25.4,
        40,
        27,
        42.8,
        27,
        45,
        27,
        68.8,
        27,
        68.8,
        27,
        68.8
      ],
      "segments": [
        1,
        4,
        2,
        4,
        2,
        4,
        2,
        4,
        2,
        2,
        2
      ]
    },
    {
      "type": "shape",
      "background": "#ba6000",
      "shadowColor": "#1ABC9C",
      "points": [
        17.2,
        41,
        16,
        41.7,
        16.2,
        42.1,
        16.2,
        42.2,
        16.2,
        42.4,
        16.2,
        42.5,
        16.2,
        43.7,
        17.1,
        45.3,
        18.2,
        45.9,
        18.3,
        46,
        18.5,
        46,
        18.6,
        46.1,
        18.8,
        46.5,
        20,
        45.8,
        20.4,
        45.6,
        20.6,
        45.2,
        20.6,
        44.5,
        20.6,
        43.2,
        19.7,
        41.7,
        18.6,
        41.1,
        18,
        40.8,
        17.5,
        40.8,
        17.2,
        41,
        17.2,
        41,
        17.2,
        41
      ],
      "segments": [
        1,
        2,
        2,
        4,
        4,
        4,
        2,
        2,
        4,
        4,
        4,
        2,
        2
      ]
    },
    {
      "type": "shape",
      "background": "#ff8400",
      "shadowColor": "#1ABC9C",
      "points": [
        17.3,
        41.8,
        18.4,
        42.4,
        19.3,
        43.9,
        19.3,
        45.2,
        19.3,
        46.5,
        18.4,
        47,
        17.3,
        46.3,
        16.2,
        45.7,
        15.3,
        44.2,
        15.3,
        42.9,
        15.3,
        41.7,
        16.2,
        41.2,
        17.3,
        41.8,
        17.3,
        41.8,
        17.3,
        41.8
      ],
      "segments": [
        1,
        4,
        4,
        4,
        4,
        2,
        2
      ]
    },
    {
      "type": "shape",
      "background": "#939598",
      "shadowColor": "#1ABC9C",
      "points": [
        16,
        42.2,
        7.8,
        46.9,
        8,
        47.2,
        8,
        47.3,
        8,
        47.4,
        8,
        47.5,
        8,
        48.5,
        8.7,
        49.8,
        9.6,
        50.3,
        9.7,
        50.4,
        9.8,
        50.4,
        9.9,
        50.4,
        10.1,
        50.7,
        18.3,
        46,
        18.6,
        45.8,
        18.8,
        45.5,
        18.8,
        44.9,
        18.8,
        43.9,
        18.1,
        42.6,
        17.2,
        42.1,
        16.7,
        42.1,
        16.3,
        42,
        16,
        42.2,
        16,
        42.2,
        16,
        42.2
      ],
      "segments": [
        1,
        2,
        2,
        4,
        4,
        4,
        2,
        2,
        4,
        4,
        4,
        2,
        2
      ]
    },
    {
      "type": "shape",
      "background": "#bcbec2",
      "shadowColor": "#1ABC9C",
      "points": [
        9,
        47,
        9.9,
        47.5,
        10.6,
        48.8,
        10.6,
        49.8,
        10.6,
        50.8,
        9.9,
        51.3,
        9,
        50.7,
        8.1,
        50.2,
        7.4,
        48.9,
        7.4,
        47.9,
        7.3,
        46.9,
        8.1,
        46.5,
        9,
        47,
        9,
        47,
        9,
        47
      ],
      "segments": [
        1,
        4,
        4,
        4,
        4,
        2,
        2
      ]
    },
    {
      "type": "shape",
      "background": "#7d7d7d",
      "shadowColor": "#1ABC9C",
      "points": [
        9,
        47.5,
        9.6,
        47.9,
        10.2,
        48.8,
        10.2,
        49.5,
        10.2,
        50.2,
        9.7,
        50.6,
        9,
        50.2,
        8.4,
        49.8,
        7.8,
        48.9,
        7.8,
        48.2,
        7.8,
        47.5,
        8.3,
        47.2,
        9,
        47.5,
        9,
        47.5,
        9,
        47.5
      ],
      "segments": [
        1,
        4,
        4,
        4,
        4,
        2,
        2
      ]
    },
    {
      "type": "shape",
      "background": "#939598",
      "shadowColor": "#1ABC9C",
      "points": [
        8.3,
        44.9,
        6.2,
        46.1,
        6.5,
        46.7,
        6.5,
        46.9,
        6.4,
        47.1,
        6.4,
        47.3,
        6.4,
        49,
        7.6,
        51.1,
        9.1,
        51.9,
        9.3,
        52,
        9.5,
        52.1,
        9.6,
        52.1,
        9.9,
        52.7,
        12,
        51.5,
        12.5,
        51.2,
        12.8,
        50.6,
        12.8,
        49.8,
        12.8,
        48.1,
        11.6,
        46,
        10.1,
        45.2,
        9.5,
        44.7,
        8.8,
        44.6,
        8.3,
        44.9,
        8.3,
        44.9,
        8.3,
        44.9
      ],
      "segments": [
        1,
        2,
        2,
        4,
        4,
        4,
        2,
        2,
        4,
        4,
        4,
        2,
        2
      ]
    },
    {
      "type": "shape",
      "background": "#bcbec2",
      "shadowColor": "#1ABC9C",
      "points": [
        8.1,
        46.3,
        9.6,
        47.2,
        10.8,
        49.2,
        10.8,
        50.9,
        10.8,
        52.6,
        9.6,
        53.3,
        8.1,
        52.4,
        6.6,
        51.5,
        5.4,
        49.5,
        5.4,
        47.8,
        5.4,
        46.2,
        6.6,
        45.5,
        8.1,
        46.3,
        8.1,
        46.3,
        8.1,
        46.3
      ],
      "segments": [
        1,
        4,
        4,
        4,
        4,
        2,
        2
      ]
    },
    {
      "type": "shape",
      "background": "#f5f5f5",
      "shadowColor": "#1ABC9C",
      "points": [
        0.6,
        29,
        0.9,
        29.2,
        1.3,
        29.2,
        1.8,
        28.9,
        2.4,
        28.6,
        2.7,
        28,
        2.7,
        27.4,
        2.7,
        26.8,
        2.3,
        26.6,
        1.8,
        26.9,
        1.5,
        27.1,
        1.3,
        27.3,
        1,
        27.7,
        0.4,
        27.6,
        0.6,
        24.3,
        3.7,
        22.5,
        3.7,
        23.7,
        1.7,
        24.9,
        1.6,
        26.1,
        1.8,
        25.9,
        2,
        25.7,
        2.2,
        25.6,
        3.1,
        25.1,
        3.9,
        25.2,
        3.9,
        26.6,
        3.9,
        28,
        3,
        29.4,
        1.9,
        30,
        1,
        30.5,
        0.4,
        30.5,
        0,
        30.2,
        0.6,
        29,
        0.6,
        29,
        0.6,
        29
      ],
      "segments": [
        1,
        4,
        4,
        4,
        4,
        2,
        2,
        2,
        2,
        2,
        2,
        4,
        4,
        4,
        4,
        2,
        2,
        2
      ]
    },
    {
      "type": "shape",
      "background": "#f5f5f5",
      "shadowColor": "#1ABC9C",
      "points": [
        5.7,
        26,
        6.1,
        25.7,
        6.5,
        26,
        6.5,
        26.5,
        6.5,
        27,
        6.2,
        27.6,
        5.7,
        27.9,
        5.3,
        28.2,
        4.9,
        27.9,
        4.9,
        27.4,
        4.9,
        26.9,
        5.3,
        26.3,
        5.7,
        26,
        5.7,
        26,
        5.7,
        26
      ],
      "segments": [
        1,
        4,
        4,
        4,
        4,
        2,
        2
      ]
    },
    {
      "type": "shape",
      "background": "#f5f5f5",
      "shadowColor": "#1ABC9C",
      "points": [
        11.9,
        17.5,
        12.6,
        17.1,
        13.2,
        17.2,
        13.6,
        17.4,
        12.9,
        18.7,
        12.6,
        18.6,
        12.3,
        18.5,
        11.9,
        18.8,
        11.1,
        19.3,
        10.5,
        20.4,
        10.5,
        21.7,
        10.5,
        23,
        11,
        23.5,
        11.9,
        23,
        12.4,
        22.7,
        12.7,
        22.3,
        13,
        21.8,
        13.7,
        22.3,
        13.2,
        23.2,
        12.6,
        23.9,
        11.9,
        24.3,
        10.4,
        25.1,
        9.2,
        24.7,
        9.2,
        22.5,
        9.2,
        20.4,
        10.4,
        18.4,
        11.9,
        17.5,
        11.9,
        17.5,
        11.9,
        17.5
      ],
      "segments": [
        1,
        4,
        2,
        4,
        4,
        4,
        4,
        2,
        4,
        4,
        4,
        2,
        2
      ]
    },
    {
      "type": "shape",
      "background": "#f5f5f5",
      "shadowColor": "#1ABC9C",
      "points": [
        17.7,
        17.5,
        17.7,
        16.2,
        17.2,
        15.7,
        16.4,
        16.1,
        15.6,
        16.5,
        15.1,
        17.6,
        15.1,
        18.9,
        15.1,
        20.2,
        15.6,
        20.8,
        16.4,
        20.3,
        17.3,
        19.9,
        17.7,
        18.8,
        17.7,
        17.5,
        17.7,
        17.5,
        17.7,
        17.5,
        13.9,
        19.7,
        13.9,
        17.6,
        14.9,
        15.8,
        16.5,
        14.9,
        18,
        14,
        19.1,
        14.7,
        19.1,
        16.8,
        19.1,
        18.9,
        18.1,
        20.8,
        16.5,
        21.7,
        15,
        22.5,
        13.9,
        21.8,
        13.9,
        19.7,
        13.9,
        19.7,
        13.9,
        19.7
      ],
      "segments": [
        1,
        4,
        4,
        4,
        4,
        2,
        2,
        1,
        4,
        4,
        4,
        4,
        2,
        2
      ]
    },
    {
      "type": "shape",
      "background": "#f5f5f5",
      "shadowColor": "#1ABC9C",
      "points": [
        23.7,
        14.1,
        23.7,
        12.8,
        23.2,
        12.3,
        22.4,
        12.7,
        21.6,
        13.1,
        21.1,
        14.2,
        21.1,
        15.5,
        21.1,
        16.8,
        21.6,
        17.4,
        22.4,
        16.9,
        23.2,
        16.5,
        23.7,
        15.4,
        23.7,
        14.1,
        23.7,
        14.1,
        23.7,
        14.1,
        19.8,
        16.3,
        19.8,
        14.2,
        20.8,
        12.4,
        22.4,
        11.5,
        23.9,
        10.6,
        25,
        11.3,
        25,
        13.4,
        25,
        15.5,
        24,
        17.4,
        22.4,
        18.3,
        20.9,
        19.1,
        19.8,
        18.4,
        19.8,
        16.3,
        19.8,
        16.3,
        19.8,
        16.3
      ],
      "segments": [
        1,
        4,
        4,
        4,
        4,
        2,
        2,
        1,
        4,
        4,
        4,
        4,
        2,
        2
      ]
    },
    {
      "type": "shape",
      "background": "#f5f5f5",
      "shadowColor": "#1ABC9C",
      "points": [
        26,
        9.5,
        27.3,
        8.8,
        27.3,
        14,
        29.5,
        12.7,
        29.5,
        14,
        26,
        16,
        26,
        9.5,
        26,
        9.5,
        26,
        9.5
      ]
    },
    {
      "type": "shape",
      "background": "#f5f5f5",
      "shadowColor": "#1ABC9C",
      "points": [
        30.5,
        6.9,
        31.8,
        6.2,
        31.8,
        12.7,
        30.5,
        13.4,
        30.5,
        6.9,
        30.5,
        6.9,
        30.5,
        6.9
      ]
    },
    {
      "type": "shape",
      "background": "#f5f5f5",
      "shadowColor": "#1ABC9C",
      "points": [
        33.1,
        5.4,
        34.4,
        4.6,
        35.9,
        7,
        36.5,
        8.1,
        36.5,
        8.1,
        36.4,
        7.4,
        36.3,
        6.6,
        36.3,
        5.8,
        36.3,
        3.5,
        37.5,
        2.8,
        37.5,
        9.3,
        36.2,
        10.1,
        34.7,
        7.7,
        34.1,
        6.6,
        34.1,
        6.6,
        34.2,
        7.3,
        34.3,
        8.1,
        34.3,
        8.9,
        34.3,
        11.2,
        33.1,
        11.9,
        33.1,
        5.4,
        33.1,
        5.4,
        33.1,
        5.4
      ],
      "segments": [
        1,
        2,
        2,
        2,
        2,
        4,
        2,
        2,
        2,
        2,
        2,
        2,
        2,
        4,
        2,
        2,
        2,
        2,
        2
      ]
    },
    {
      "type": "shape",
      "background": "#f5f5f5",
      "shadowColor": "#1ABC9C",
      "points": [
        41.4,
        0.5,
        42.2,
        0,
        42.8,
        0.1,
        43.1,
        0.3,
        42.4,
        1.6,
        42.1,
        1.5,
        41.9,
        1.4,
        41.4,
        1.7,
        40.5,
        2.2,
        39.9,
        3.3,
        39.9,
        4.7,
        39.9,
        6,
        40.4,
        6.5,
        41.5,
        5.9,
        41.7,
        5.8,
        42,
        5.6,
        42.1,
        5.4,
        42.1,
        4.3,
        41.2,
        4.8,
        41.2,
        3.6,
        43.3,
        2.4,
        43.3,
        5.4,
        42.9,
        6.1,
        42.2,
        6.8,
        41.4,
        7.3,
        39.9,
        8.2,
        38.7,
        7.7,
        38.7,
        5.5,
        38.6,
        3.4,
        39.9,
        1.4,
        41.4,
        0.5,
        41.4,
        0.5,
        41.4,
        0.5
      ],
      "segments": [
        1,
        4,
        2,
        4,
        4,
        4,
        4,
        2,
        2,
        2,
        2,
        2,
        4,
        4,
        4,
        2,
        2
      ]
    }
  ]
}