{
  "background": "rgb(99,99,99)",
  "width": 75,
  "height": 119,
  "comps": [
    {
      "type": "shape",
      "background": "rgba(6,16,51,0.70)",
      "shadowColor": "#1ABC9C",
      "points": [
        44.49429,
        118.30867,
        43.87416,
        118.30867,
        43.25402,
        118.30867,
        42.63389,
        118.23115,
        42.40134,
        118.07612,
        50.54058,
        113.34761,
        54.80398,
        115.82814,
        52.01339,
        117.5335,
        48.2926,
        118.30867,
        44.49429,
        118.30867,
        41.47114,
        118.15363,
        38.75807,
        117.84357,
        36.20002,
        117.0684,
        34.02956,
        115.82814,
        33.17688,
        115.36304,
        32.47923,
        114.82042,
        31.8591,
        114.27781,
        33.33191,
        113.42513,
        41.47114,
        118.15363,
        41.47114,
        118.15363,
        41.93624,
        117.84357,
        33.79701,
        113.11506,
        41.93624,
        108.38655,
        50.07548,
        113.11506,
        41.93624,
        117.84357,
        55.3466,
        115.59559,
        51.08319,
        113.11506,
        59.22242,
        108.38655,
        59.92007,
        110.9446,
        58.60229,
        113.65767,
        55.3466,
        115.59559,
        31.47151,
        113.89022,
        30.77387,
        113.11506,
        30.23125,
        112.33989,
        29.92118,
        111.48721,
        32.78929,
        113.11506,
        31.47151,
        113.89022,
        50.61809,
        112.88251,
        42.47886,
        108.154,
        50.61809,
        103.4255,
        58.75733,
        108.154,
        50.61809,
        112.88251,
        33.33191,
        112.88251,
        29.76615,
        110.86708,
        29.22354,
        108.38655,
        30.61883,
        105.75099,
        33.87453,
        103.81308,
        41.47114,
        108.23152,
        33.33191,
        112.88251,
        41.93624,
        107.84394,
        34.33962,
        103.4255,
        37.20774,
        101.87517,
        40.85101,
        101.1,
        44.49429,
        101.1,
        45.26945,
        101.1,
        46.04462,
        101.1,
        46.74227,
        101.17752,
        49.99796,
        103.11543,
        41.93624,
        107.84394,
        58.98988,
        107.6889,
        51.08319,
        103.11543,
        52.32346,
        102.41778,
        53.25365,
        102.72785,
        54.18385,
        103.19295,
        55.03653,
        103.65804,
        57.05196,
        104.82079,
        58.36974,
        106.21609,
        58.98988,
        107.6889,
        50.61809,
        102.88288,
        48.06005,
        101.41007,
        49.30031,
        101.5651,
        50.54058,
        101.87517,
        51.78084,
        102.26275,
        50.61809,
        102.88288
      ],
      "segments": [
        1,
        4,
        2,
        2,
        2,
        4,
        1,
        4,
        4,
        2,
        2,
        2,
        1,
        2,
        2,
        2,
        2,
        1,
        2,
        2,
        4,
        1,
        4,
        2,
        2,
        1,
        2,
        2,
        2,
        2,
        1,
        2,
        4,
        2,
        2,
        1,
        2,
        4,
        4,
        2,
        2,
        1,
        2,
        2,
        4,
        4,
        1,
        2,
        4,
        2
      ]
    },
    {
      "type": "shape",
      "background": "#939598",
      "shadowColor": "#1ABC9C",
      "points": [
        57.35,
        97.1,
        57.35,
        97.3,
        57.25,
        97.5,
        57.05,
        97.6,
        56.95,
        97.6,
        56.85,
        97.6,
        56.55,
        97.4,
        45.05,
        90.7,
        44.95,
        90.7,
        44.95,
        90.6,
        44.95,
        90.5,
        44.95,
        90.3,
        45.05,
        90.1,
        45.25,
        90,
        45.45,
        90,
        56.95,
        96.7,
        57.25,
        96.9,
        57.35,
        97,
        57.35,
        97.1,
        57.35,
        97.1,
        57.35,
        97.1
      ],
      "segments": [
        1,
        4,
        4,
        2,
        4,
        4,
        2,
        2,
        4,
        2,
        2
      ]
    },
    {
      "type": "shape",
      "background": "#939598",
      "shadowColor": "#1ABC9C",
      "points": [
        32.35,
        97.2,
        32.35,
        97.4,
        32.45,
        97.6,
        32.65,
        97.7,
        32.75,
        97.7,
        32.85,
        97.7,
        33.15,
        97.5,
        44.65,
        90.8,
        44.75,
        90.8,
        44.75,
        90.7,
        44.75,
        90.6,
        44.75,
        90.4,
        44.65,
        90.2,
        44.45,
        90.1,
        44.25,
        90.1,
        32.75,
        96.9,
        32.45,
        97,
        32.35,
        97.1,
        32.35,
        97.2,
        32.35,
        97.2,
        32.35,
        97.2
      ],
      "segments": [
        1,
        4,
        4,
        2,
        4,
        4,
        2,
        2,
        4,
        2,
        2
      ]
    },
    {
      "type": "shape",
      "background": "#ba6000",
      "shadowColor": "#1ABC9C",
      "points": [
        58.25,
        109.8,
        58.25,
        108.8,
        58.05,
        108.8,
        57.85,
        108.7,
        57.35,
        108.4,
        56.55,
        108.4,
        56.05,
        108.7,
        55.85,
        108.8,
        55.65,
        108.8,
        55.65,
        109.8,
        55.65,
        110,
        55.75,
        110.2,
        56.05,
        110.3,
        56.55,
        110.6,
        57.35,
        110.6,
        57.85,
        110.3,
        58.15,
        110.1,
        58.25,
        110,
        58.25,
        109.8,
        58.25,
        109.8,
        58.25,
        109.8
      ],
      "segments": [
        1,
        2,
        2,
        2,
        4,
        2,
        2,
        2,
        4,
        4,
        4,
        2,
        2
      ]
    },
    {
      "type": "shape",
      "background": "#ff8400",
      "shadowColor": "#1ABC9C",
      "points": [
        57.85,
        109.3,
        57.35,
        109.6,
        56.55,
        109.6,
        56.05,
        109.3,
        55.55,
        109,
        55.55,
        108.5,
        56.05,
        108.2,
        56.55,
        107.9,
        57.35,
        107.9,
        57.85,
        108.2,
        58.35,
        108.5,
        58.35,
        109,
        57.85,
        109.3,
        57.85,
        109.3,
        57.85,
        109.3
      ],
      "segments": [
        1,
        4,
        4,
        4,
        4,
        2,
        2
      ]
    },
    {
      "type": "shape",
      "background": "#939598",
      "shadowColor": "#1ABC9C",
      "points": [
        57.55,
        108.7,
        57.55,
        83,
        57.45,
        83,
        57.35,
        82.9,
        57.15,
        82.8,
        56.75,
        82.8,
        56.45,
        82.9,
        56.35,
        83,
        56.35,
        83,
        56.35,
        108.7,
        56.35,
        108.8,
        56.45,
        108.9,
        56.55,
        109,
        56.75,
        109.1,
        57.15,
        109.1,
        57.45,
        109,
        57.55,
        108.9,
        57.55,
        108.8,
        57.55,
        108.7,
        57.55,
        108.7,
        57.55,
        108.7
      ],
      "segments": [
        1,
        2,
        2,
        2,
        4,
        2,
        2,
        2,
        4,
        4,
        4,
        2,
        2
      ]
    },
    {
      "type": "shape",
      "background": "#bcbec0",
      "shadowColor": "#1ABC9C",
      "points": [
        57.45,
        83.2,
        57.25,
        83.3,
        56.85,
        83.3,
        56.55,
        83.2,
        56.35,
        83.1,
        56.35,
        82.8,
        56.55,
        82.7,
        56.75,
        82.6,
        57.15,
        82.6,
        57.45,
        82.7,
        57.65,
        82.9,
        57.65,
        83.1,
        57.45,
        83.2,
        57.45,
        83.2,
        57.45,
        83.2
      ],
      "segments": [
        1,
        4,
        4,
        4,
        4,
        2,
        2
      ]
    },
    {
      "type": "shape",
      "background": "#ba6000",
      "shadowColor": "#1ABC9C",
      "points": [
        33.75,
        109.8,
        33.75,
        108.8,
        33.55,
        108.8,
        33.35,
        108.7,
        32.85,
        108.4,
        32.05,
        108.4,
        31.55,
        108.7,
        31.35,
        108.8,
        31.15,
        108.8,
        31.15,
        109.8,
        31.15,
        110,
        31.25,
        110.2,
        31.55,
        110.3,
        32.05,
        110.6,
        32.85,
        110.6,
        33.35,
        110.3,
        33.55,
        110.1,
        33.75,
        110,
        33.75,
        109.8,
        33.75,
        109.8,
        33.75,
        109.8
      ],
      "segments": [
        1,
        2,
        2,
        2,
        4,
        2,
        2,
        2,
        4,
        4,
        4,
        2,
        2
      ]
    },
    {
      "type": "shape",
      "background": "#ff8400",
      "shadowColor": "#1ABC9C",
      "points": [
        33.35,
        109.3,
        32.85,
        109.6,
        32.05,
        109.6,
        31.55,
        109.3,
        31.05,
        109,
        31.05,
        108.5,
        31.55,
        108.2,
        32.05,
        107.9,
        32.85,
        107.9,
        33.35,
        108.2,
        33.85,
        108.5,
        33.85,
        109,
        33.35,
        109.3,
        33.35,
        109.3,
        33.35,
        109.3
      ],
      "segments": [
        1,
        4,
        4,
        4,
        4,
        2,
        2
      ]
    },
    {
      "type": "shape",
      "background": "#939598",
      "shadowColor": "#1ABC9C",
      "points": [
        33.05,
        108.7,
        33.05,
        83,
        32.95,
        83,
        32.85,
        82.9,
        32.65,
        82.8,
        32.25,
        82.8,
        31.95,
        82.9,
        31.85,
        83,
        31.75,
        83,
        31.75,
        108.7,
        31.75,
        108.8,
        31.85,
        108.9,
        31.95,
        109,
        32.15,
        109.1,
        32.55,
        109.1,
        32.85,
        109,
        32.95,
        108.9,
        33.05,
        108.8,
        33.05,
        108.7,
        33.05,
        108.7,
        33.05,
        108.7
      ],
      "segments": [
        1,
        2,
        2,
        2,
        4,
        2,
        2,
        2,
        4,
        4,
        4,
        2,
        2
      ]
    },
    {
      "type": "shape",
      "background": "#bcbec0",
      "shadowColor": "#1ABC9C",
      "points": [
        32.85,
        83.2,
        32.65,
        83.3,
        32.25,
        83.3,
        31.95,
        83.2,
        31.75,
        83.1,
        31.75,
        82.8,
        31.95,
        82.7,
        32.15,
        82.6,
        32.55,
        82.6,
        32.85,
        82.7,
        33.05,
        82.9,
        33.05,
        83.1,
        32.85,
        83.2,
        32.85,
        83.2,
        32.85,
        83.2
      ],
      "segments": [
        1,
        4,
        4,
        4,
        4,
        2,
        2
      ]
    },
    {
      "type": "shape",
      "background": "#7d7d7d",
      "shadowColor": "#1ABC9C",
      "points": [
        57.65,
        83.6,
        31.75,
        83.6,
        40.55,
        103.9,
        40.55,
        103.9,
        40.65,
        104.4,
        41.05,
        104.8,
        41.75,
        105.2,
        43.35,
        106.2,
        46.05,
        106.2,
        47.75,
        105.2,
        48.35,
        104.8,
        48.75,
        104.4,
        48.95,
        103.9,
        48.95,
        103.9,
        57.65,
        83.6,
        57.65,
        83.6,
        57.65,
        83.6
      ],
      "segments": [
        1,
        2,
        2,
        2,
        4,
        4,
        4,
        2,
        2,
        2,
        2
      ]
    },
    {
      "type": "shape",
      "background": "#939598",
      "shadowColor": "#1ABC9C",
      "points": [
        57.85,
        82.1,
        57.85,
        55.5,
        31.55,
        55.5,
        31.55,
        82.1,
        31.55,
        84,
        32.85,
        86,
        35.45,
        87.5,
        40.55,
        90.5,
        48.95,
        90.5,
        54.05,
        87.5,
        56.55,
        86,
        57.85,
        84.1,
        57.85,
        82.1,
        57.85,
        82.1,
        57.85,
        82.1
      ],
      "segments": [
        1,
        2,
        2,
        2,
        4,
        4,
        4,
        2,
        2
      ]
    },
    {
      "type": "shape",
      "background": "#bcbec2",
      "shadowColor": "#1ABC9C",
      "points": [
        54.05,
        60.9,
        48.95,
        63.9,
        40.55,
        63.9,
        35.45,
        60.9,
        30.35,
        57.9,
        30.35,
        53.1,
        35.45,
        50.1,
        40.55,
        47.1,
        48.95,
        47.1,
        54.05,
        50.1,
        59.15,
        53.1,
        59.15,
        58,
        54.05,
        60.9,
        54.05,
        60.9,
        54.05,
        60.9
      ],
      "segments": [
        1,
        4,
        4,
        4,
        4,
        2,
        2
      ]
    },
    {
      "type": "shape",
      "background": "#939598",
      "shadowColor": "#1ABC9C",
      "points": [
        52.05,
        55.2,
        52.05,
        52.9,
        50.85,
        52.9,
        50.55,
        52.7,
        50.25,
        52.5,
        49.95,
        52.3,
        47.05,
        50.7,
        42.45,
        50.7,
        39.65,
        52.3,
        39.35,
        52.5,
        39.05,
        52.7,
        38.75,
        52.9,
        37.35,
        52.9,
        37.35,
        55.2,
        37.35,
        56.3,
        38.05,
        57.4,
        39.45,
        58.2,
        42.35,
        59.8,
        46.95,
        59.8,
        49.75,
        58.2,
        51.25,
        57.4,
        52.05,
        56.3,
        52.05,
        55.2,
        52.05,
        55.2,
        52.05,
        55.2
      ],
      "segments": [
        1,
        2,
        2,
        4,
        4,
        4,
        2,
        2,
        4,
        4,
        4,
        2,
        2
      ]
    },
    {
      "type": "shape",
      "background": "#bcbec2",
      "shadowColor": "#1ABC9C",
      "points": [
        49.85,
        55.8,
        46.95,
        57.4,
        42.35,
        57.4,
        39.55,
        55.8,
        36.65,
        54.2,
        36.65,
        51.5,
        39.55,
        49.8,
        42.45,
        48.2,
        47.05,
        48.2,
        49.85,
        49.8,
        52.75,
        51.5,
        52.75,
        54.2,
        49.85,
        55.8,
        49.85,
        55.8,
        49.85,
        55.8
      ],
      "segments": [
        1,
        4,
        4,
        4,
        4,
        2,
        2
      ]
    },
    {
      "type": "shape",
      "background": "#ba6000",
      "shadowColor": "#1ABC9C",
      "points": [
        37.45,
        76,
        36.85,
        76.3,
        34.45,
        72.3,
        35.05,
        71.9,
        37.45,
        73.3,
        37.45,
        76,
        37.45,
        76,
        37.45,
        76
      ]
    },
    {
      "type": "shape",
      "background": "#ff8400",
      "shadowColor": "#1ABC9C",
      "points": [
        36.85,
        76.3,
        34.45,
        75,
        34.45,
        72.3,
        36.85,
        73.6,
        36.85,
        76.3,
        36.85,
        76.3,
        36.85,
        76.3
      ]
    },
    {
      "type": "shape",
      "background": "#ba6000",
      "shadowColor": "#1ABC9C",
      "points": [
        36.65,
        74.8,
        36.65,
        75,
        34.75,
        73.9,
        34.75,
        72.7,
        34.85,
        72.8,
        34.85,
        73.8,
        36.65,
        74.8,
        36.65,
        74.8,
        36.65,
        74.8
      ]
    },
    {
      "type": "shape",
      "background": "#ffffff",
      "shadowColor": "#1ABC9C",
      "points": [
        36.65,
        73.8,
        36.65,
        74.8,
        34.85,
        73.8,
        34.85,
        72.8,
        36.65,
        73.8,
        36.65,
        73.8,
        36.65,
        73.8
      ]
    },
    {
      "type": "shape",
      "background": "#ba6000",
      "shadowColor": "#1ABC9C",
      "points": [
        37.45,
        79.8,
        36.85,
        80.1,
        34.45,
        76.1,
        35.05,
        75.7,
        37.45,
        77.1,
        37.45,
        79.8,
        37.45,
        79.8,
        37.45,
        79.8
      ]
    },
    {
      "type": "shape",
      "background": "#ff8400",
      "shadowColor": "#1ABC9C",
      "points": [
        36.85,
        80.1,
        34.45,
        78.8,
        34.45,
        76.1,
        36.85,
        77.4,
        36.85,
        80.1,
        36.85,
        80.1,
        36.85,
        80.1
      ]
    },
    {
      "type": "shape",
      "background": "#ba6000",
      "shadowColor": "#1ABC9C",
      "points": [
        36.65,
        78.6,
        36.65,
        78.8,
        34.75,
        77.7,
        34.75,
        76.5,
        34.85,
        76.6,
        34.85,
        77.6,
        36.65,
        78.6,
        36.65,
        78.6,
        36.65,
        78.6
      ]
    },
    {
      "type": "shape",
      "background": "#ffffff",
      "shadowColor": "#1ABC9C",
      "points": [
        36.65,
        77.6,
        36.65,
        78.6,
        34.85,
        77.6,
        34.85,
        76.6,
        36.65,
        77.6,
        36.65,
        77.6,
        36.65,
        77.6
      ]
    },
    {
      "type": "shape",
      "background": "#939598",
      "shadowColor": "#1ABC9C",
      "points": [
        44.75,
        104.4,
        44.75,
        104.6,
        44.85,
        104.8,
        45.05,
        104.9,
        45.15,
        104.9,
        45.25,
        104.9,
        45.55,
        104.7,
        57.05,
        98,
        57.15,
        98,
        57.15,
        97.9,
        57.15,
        97.8,
        57.15,
        97.6,
        57.05,
        97.4,
        56.85,
        97.3,
        56.65,
        97.3,
        45.15,
        104,
        44.75,
        104.2,
        44.75,
        104.3,
        44.75,
        104.4,
        44.75,
        104.4,
        44.75,
        104.4
      ],
      "segments": [
        1,
        4,
        4,
        2,
        4,
        4,
        2,
        2,
        4,
        2,
        2
      ]
    },
    {
      "type": "shape",
      "background": "#939598",
      "shadowColor": "#1ABC9C",
      "points": [
        44.75,
        104.4,
        44.75,
        104.6,
        44.65,
        104.8,
        44.45,
        104.9,
        44.35,
        104.9,
        44.25,
        104.9,
        43.95,
        104.7,
        32.35,
        98.1,
        32.25,
        98.1,
        32.25,
        98,
        32.25,
        97.9,
        32.25,
        97.7,
        32.35,
        97.5,
        32.55,
        97.4,
        32.75,
        97.4,
        44.25,
        104.1,
        44.65,
        104.2,
        44.75,
        104.3,
        44.75,
        104.4,
        44.75,
        104.4,
        44.75,
        104.4
      ],
      "segments": [
        1,
        4,
        4,
        2,
        4,
        4,
        2,
        2,
        4,
        2,
        2
      ]
    },
    {
      "type": "shape",
      "background": "#ba6000",
      "shadowColor": "#1ABC9C",
      "points": [
        45.95,
        116.9,
        45.95,
        115.9,
        45.75,
        115.9,
        45.55,
        115.8,
        45.05,
        115.5,
        44.25,
        115.5,
        43.75,
        115.8,
        43.55,
        115.9,
        43.35,
        115.9,
        43.35,
        116.9,
        43.35,
        117.1,
        43.45,
        117.3,
        43.75,
        117.4,
        44.25,
        117.7,
        45.05,
        117.7,
        45.55,
        117.4,
        45.85,
        117.2,
        45.95,
        117,
        45.95,
        116.9,
        45.95,
        116.9,
        45.95,
        116.9
      ],
      "segments": [
        1,
        2,
        2,
        2,
        4,
        2,
        2,
        2,
        4,
        4,
        4,
        2,
        2
      ]
    },
    {
      "type": "shape",
      "background": "#ff8400",
      "shadowColor": "#1ABC9C",
      "points": [
        45.65,
        116.4,
        45.15,
        116.7,
        44.35,
        116.7,
        43.85,
        116.4,
        43.35,
        116.1,
        43.35,
        115.6,
        43.85,
        115.3,
        44.35,
        115,
        45.15,
        115,
        45.65,
        115.3,
        46.15,
        115.6,
        46.15,
        116.1,
        45.65,
        116.4,
        45.65,
        116.4,
        45.65,
        116.4
      ],
      "segments": [
        1,
        4,
        4,
        4,
        4,
        2,
        2
      ]
    },
    {
      "type": "shape",
      "background": "#939598",
      "shadowColor": "#1ABC9C",
      "points": [
        45.15,
        89.9,
        44.95,
        89.8,
        44.55,
        89.8,
        44.25,
        89.9,
        44.15,
        90,
        44.05,
        90.2,
        44.05,
        90.6,
        44.05,
        115.7,
        44.05,
        115.8,
        44.15,
        115.9,
        44.25,
        116,
        44.45,
        116.1,
        44.85,
        116.1,
        45.15,
        116,
        45.25,
        115.9,
        45.35,
        115.8,
        45.35,
        115.7,
        45.35,
        90.6,
        45.35,
        90.1,
        45.25,
        90,
        45.15,
        89.9,
        45.15,
        89.9,
        45.15,
        89.9
      ],
      "segments": [
        1,
        4,
        4,
        2,
        4,
        4,
        4,
        2,
        4,
        2,
        2
      ]
    },
    {
      "type": "shape",
      "background": "#939598",
      "shadowColor": "#1ABC9C",
      "points": [
        47.7218,
        52.49528,
        47.7218,
        43.48075,
        41.4218,
        43.48075,
        41.4218,
        52.49528,
        41.4218,
        52.99896,
        41.7218,
        53.40191,
        42.3218,
        53.80485,
        43.5218,
        54.51,
        45.5218,
        54.51,
        46.8218,
        53.80485,
        47.4218,
        53.40191,
        47.7218,
        52.99896,
        47.7218,
        52.49528,
        47.7218,
        52.49528,
        47.7218,
        52.49528
      ],
      "segments": [
        1,
        2,
        2,
        2,
        4,
        4,
        4,
        2,
        2
      ]
    },
    {
      "type": "shape",
      "background": "#bcbec2",
      "shadowColor": "#1ABC9C",
      "points": [
        46.8218,
        44.78075,
        45.6218,
        45.48075,
        43.6218,
        45.48075,
        42.3218,
        44.78075,
        41.1218,
        44.08075,
        41.1218,
        42.88075,
        42.3218,
        42.18075,
        43.5218,
        41.48075,
        45.5218,
        41.48075,
        46.8218,
        42.18075,
        48.0218,
        42.88075,
        48.0218,
        43.98075,
        46.8218,
        44.78075,
        46.8218,
        44.78075,
        46.8218,
        44.78075
      ],
      "segments": [
        1,
        4,
        4,
        4,
        4,
        2,
        2
      ]
    },
    {
      "type": "shape",
      "background": "#f5f5f5",
      "shadowColor": "#1ABC9C",
      "points": [
        2.8,
        44.1,
        2.8,
        43.4,
        2.5,
        43.4,
        2.1,
        43.6,
        1.8,
        43.8,
        1.5,
        44.1,
        1.3,
        44.7,
        1.4,
        45.6,
        1.8,
        45.7,
        2.2,
        45.5,
        2.4,
        45.3,
        2.8,
        44.8,
        2.8,
        44.1,
        2.8,
        44.1,
        2.8,
        44.1,
        3.2,
        41,
        3,
        40.9,
        2.7,
        40.9,
        2.3,
        41,
        1.7,
        41.3,
        1.2,
        42.1,
        1.2,
        43.6,
        1.5,
        43,
        2,
        42.5,
        2.3,
        42.3,
        3.2,
        41.8,
        3.9,
        42,
        3.9,
        43.3,
        3.9,
        44.6,
        3.1,
        45.9,
        2.1,
        46.5,
        1,
        47.1,
        0,
        46.8,
        0,
        44.6,
        0,
        42.2,
        1.1,
        40.5,
        2.2,
        39.9,
        2.9,
        39.5,
        3.5,
        39.5,
        3.8,
        39.7,
        3.2,
        41,
        3.2,
        41,
        3.2,
        41
      ],
      "segments": [
        1,
        4,
        4,
        4,
        4,
        2,
        2,
        1,
        4,
        4,
        4,
        4,
        4,
        4,
        4,
        4,
        2,
        2,
        2
      ]
    },
    {
      "type": "shape",
      "background": "#f5f5f5",
      "shadowColor": "#1ABC9C",
      "points": [
        9.75,
        40.8,
        10.15,
        40.5,
        10.55,
        40.8,
        10.55,
        41.3,
        10.55,
        41.8,
        10.25,
        42.4,
        9.75,
        42.7,
        9.35,
        43,
        8.95,
        42.7,
        8.95,
        42.2,
        9.05,
        41.7,
        9.35,
        41.1,
        9.75,
        40.8,
        9.75,
        40.8,
        9.75,
        40.8
      ],
      "segments": [
        1,
        4,
        4,
        4,
        4,
        2,
        2
      ]
    },
    {
      "type": "shape",
      "background": "#f5f5f5",
      "shadowColor": "#1ABC9C",
      "points": [
        13.55,
        33.9,
        17.15,
        31.8,
        17.15,
        33.1,
        14.85,
        34.4,
        14.85,
        35.9,
        16.75,
        34.8,
        16.75,
        36,
        14.85,
        37.1,
        14.85,
        39.7,
        13.55,
        40.4,
        13.55,
        33.9,
        13.55,
        33.9,
        13.55,
        33.9
      ]
    },
    {
      "type": "shape",
      "background": "#f5f5f5",
      "shadowColor": "#1ABC9C",
      "points": [
        18.05,
        31.3,
        21.65,
        29.2,
        21.65,
        30.5,
        19.35,
        31.8,
        19.35,
        33.1,
        21.25,
        32,
        21.25,
        33.2,
        19.35,
        34.3,
        19.35,
        35.8,
        21.75,
        34.5,
        21.75,
        35.7,
        18.05,
        37.8,
        18.05,
        31.3,
        18.05,
        31.3,
        18.05,
        31.3
      ]
    },
    {
      "type": "shape",
      "background": "#f5f5f5",
      "shadowColor": "#1ABC9C",
      "points": [
        24.15,
        30.8,
        24.85,
        30.4,
        25.55,
        30,
        25.85,
        29.5,
        25.85,
        28.8,
        25.85,
        28.2,
        25.45,
        28.2,
        24.85,
        28.5,
        24.15,
        28.9,
        24.15,
        30.8,
        24.15,
        30.8,
        24.15,
        30.8,
        25.85,
        33.3,
        24.75,
        31.6,
        24.05,
        32,
        24.05,
        34.3,
        22.75,
        35,
        22.75,
        28.5,
        24.75,
        27.3,
        25.95,
        26.6,
        26.95,
        26.5,
        26.95,
        28.1,
        26.95,
        29.1,
        26.55,
        29.9,
        25.95,
        30.6,
        27.25,
        32.5,
        25.85,
        33.3,
        25.85,
        33.3,
        25.85,
        33.3
      ],
      "segments": [
        1,
        2,
        4,
        4,
        2,
        2,
        2,
        2,
        1,
        2,
        2,
        2,
        2,
        2,
        2,
        4,
        4,
        2,
        2,
        2,
        2
      ]
    },
    {
      "type": "shape",
      "background": "#f5f5f5",
      "shadowColor": "#1ABC9C",
      "points": [
        28.15,
        25.4,
        29.55,
        24.6,
        30.45,
        27,
        30.75,
        27.9,
        30.75,
        27.9,
        31.05,
        26.6,
        31.95,
        23.1,
        33.25,
        22.3,
        33.25,
        28.8,
        32.05,
        29.5,
        32.05,
        27.1,
        32.05,
        26.5,
        32.15,
        25.5,
        32.25,
        24.8,
        32.25,
        24.8,
        31.75,
        26.6,
        30.85,
        29.6,
        30.35,
        29.9,
        29.45,
        27.9,
        28.95,
        26.7,
        28.95,
        26.7,
        29.05,
        27.3,
        29.15,
        28.2,
        29.15,
        28.8,
        29.15,
        31.2,
        27.95,
        31.9,
        27.95,
        25.4,
        28.15,
        25.4,
        28.15,
        25.4
      ],
      "segments": [
        1,
        2,
        2,
        2,
        2,
        2,
        2,
        2,
        2,
        2,
        2,
        4,
        2,
        2,
        2,
        2,
        2,
        2,
        2,
        4,
        2,
        2,
        2,
        2,
        2
      ]
    },
    {
      "type": "shape",
      "background": "#f5f5f5",
      "shadowColor": "#1ABC9C",
      "points": [
        34.75,
        21.6,
        38.35,
        19.6,
        38.35,
        20.8,
        36.05,
        22.1,
        36.05,
        23.4,
        37.95,
        22.3,
        37.95,
        23.6,
        36.05,
        24.7,
        36.05,
        26.2,
        38.35,
        24.8,
        38.35,
        26.1,
        34.75,
        28.1,
        34.75,
        21.6,
        34.75,
        21.6,
        34.75,
        21.6
      ]
    },
    {
      "type": "shape",
      "background": "#f5f5f5",
      "shadowColor": "#1ABC9C",
      "points": [
        39.55,
        18.9,
        40.85,
        18.1,
        42.35,
        20.5,
        42.95,
        21.6,
        42.95,
        21.6,
        42.85,
        20.9,
        42.75,
        20.1,
        42.75,
        19.3,
        42.75,
        17,
        43.95,
        16.3,
        43.95,
        22.8,
        42.65,
        23.6,
        41.15,
        21.2,
        40.55,
        20.1,
        40.55,
        20.1,
        40.65,
        20.8,
        40.75,
        21.6,
        40.75,
        22.4,
        40.75,
        24.7,
        39.55,
        25.4,
        39.55,
        18.9,
        39.55,
        18.9,
        39.55,
        18.9
      ],
      "segments": [
        1,
        2,
        2,
        2,
        2,
        4,
        2,
        2,
        2,
        2,
        2,
        2,
        2,
        4,
        2,
        2,
        2,
        2,
        2
      ]
    },
    {
      "type": "shape",
      "background": "#f5f5f5",
      "shadowColor": "#1ABC9C",
      "points": [
        46.35,
        16.2,
        44.85,
        17.1,
        44.85,
        15.8,
        49.25,
        13.3,
        49.25,
        14.5,
        47.65,
        15.4,
        47.65,
        20.7,
        46.35,
        21.4,
        46.35,
        16.2,
        46.35,
        16.2,
        46.35,
        16.2
      ]
    },
    {
      "type": "shape",
      "background": "#f5f5f5",
      "shadowColor": "#1ABC9C",
      "points": [
        52.15,
        15.4,
        52.05,
        14.9,
        51.85,
        14.3,
        51.75,
        13.7,
        51.55,
        13.1,
        51.55,
        13.1,
        51.45,
        13.9,
        51.25,
        14.7,
        51.15,
        15.5,
        51.05,
        16.2,
        52.15,
        15.4,
        52.15,
        15.4,
        52.15,
        15.4,
        52.35,
        16.4,
        50.65,
        17.4,
        50.35,
        19.1,
        49.05,
        19.8,
        50.85,
        12.3,
        52.35,
        11.4,
        54.15,
        16.9,
        52.75,
        17.7,
        52.35,
        16.4,
        52.35,
        16.4,
        52.35,
        16.4
      ],
      "segments": [
        1,
        2,
        4,
        2,
        4,
        2,
        2,
        2,
        2,
        1,
        2,
        2,
        2,
        2,
        2,
        2,
        2,
        2,
        2,
        2
      ]
    },
    {
      "type": "shape",
      "background": "#f5f5f5",
      "shadowColor": "#1ABC9C",
      "points": [
        55.45,
        10.9,
        53.95,
        11.8,
        53.95,
        10.6,
        58.25,
        8.1,
        58.25,
        9.3,
        56.75,
        10.2,
        56.75,
        15.5,
        55.45,
        16.2,
        55.45,
        10.9,
        55.45,
        10.9,
        55.45,
        10.9
      ]
    },
    {
      "type": "shape",
      "background": "#f5f5f5",
      "shadowColor": "#1ABC9C",
      "points": [
        59.15,
        7.5,
        60.45,
        6.8,
        60.45,
        13.3,
        59.15,
        14.1,
        59.15,
        7.5,
        59.15,
        7.5,
        59.15,
        7.5
      ]
    },
    {
      "type": "shape",
      "background": "#f5f5f5",
      "shadowColor": "#1ABC9C",
      "points": [
        65.35,
        7.2,
        65.35,
        5.9,
        64.85,
        5.4,
        64.05,
        5.8,
        63.25,
        6.2,
        62.75,
        7.3,
        62.75,
        8.6,
        62.75,
        9.9,
        63.25,
        10.5,
        64.05,
        10,
        64.85,
        9.6,
        65.35,
        8.5,
        65.35,
        7.2,
        65.35,
        7.2,
        65.35,
        7.2,
        61.55,
        9.4,
        61.55,
        7.3,
        62.55,
        5.5,
        64.15,
        4.6,
        65.65,
        3.7,
        66.75,
        4.4,
        66.75,
        6.5,
        66.75,
        8.6,
        65.75,
        10.5,
        64.15,
        11.4,
        62.55,
        12.2,
        61.55,
        11.5,
        61.55,
        9.4,
        61.55,
        9.4,
        61.55,
        9.4
      ],
      "segments": [
        1,
        4,
        4,
        4,
        4,
        2,
        2,
        1,
        4,
        4,
        4,
        4,
        2,
        2
      ]
    },
    {
      "type": "shape",
      "background": "#f5f5f5",
      "shadowColor": "#1ABC9C",
      "points": [
        67.75,
        2.6,
        69.05,
        1.8,
        70.55,
        4.2,
        71.15,
        5.3,
        71.15,
        5.3,
        71.05,
        4.6,
        70.95,
        3.8,
        70.95,
        3,
        70.95,
        0.7,
        72.15,
        0,
        72.15,
        6.5,
        70.85,
        7.3,
        69.35,
        4.9,
        68.75,
        3.8,
        68.75,
        3.8,
        68.85,
        4.5,
        68.95,
        5.3,
        68.95,
        6.1,
        68.95,
        8.4,
        67.75,
        9.1,
        67.75,
        2.6,
        67.75,
        2.6,
        67.75,
        2.6
      ],
      "segments": [
        1,
        2,
        2,
        2,
        2,
        4,
        2,
        2,
        2,
        2,
        2,
        2,
        2,
        4,
        2,
        2,
        2,
        2,
        2
      ]
    }
  ]
}