{
  "width": 540,
  "height": 240,
  "scrollable": true,
  "comps": [
    {
      "type": "columnChart",
      "label": true,
      "series": [
        {
          "values": [
            56.15,
            19.15,
            17.17,
            5.55,
            1.58,
            0.4
          ],
          "colors": [
            "#E74C3C",
            "#E2E2E2",
            "#34495E",
            "#3498DB",
            "#1ABC9C",
            "yellow"
          ]
        }
      ],
      "rect": [
        20,
        30,
        500,
        200
      ]
    },
    {
      "type": "text",
      "text": "Browser Market Share",
      "align": "center",
      "font": "18px Arial",
      "rotation": -1.5708,
      "rect": [
        0,
        0,
        40,
        240
      ]
    },
    {
      "type": "rect",
      "background": "#E74C3C",
      "rect": [
        300,
        40,
        16,
        16
      ]
    },
    {
      "type": "rect",
      "background": "#E2E2E2",
      "rect": [
        300,
        60,
        16,
        16
      ]
    },
    {
      "type": "rect",
      "background": "#34495E",
      "rect": [
        300,
        80,
        16,
        16
      ]
    },
    {
      "type": "rect",
      "background": "#3498DB",
      "rect": [
        300,
        100,
        16,
        16
      ]
    },
    {
      "type": "rect",
      "background": "#1ABC9C",
      "rect": [
        300,
        120,
        16,
        16
      ]
    },
    {
      "type": "rect",
      "background": "yellow",
      "rect": [
        300,
        140,
        16,
        16
      ]
    },
    {
      "type": "text",
      "text": "IE",
      "rect": [
        319.9995,
        40,
        0.001,
        16
      ]
    },
    {
      "type": "text",
      "text": "Firefox",
      "rect": [
        319.9995,
        60,
        0.001,
        16
      ]
    },
    {
      "type": "text",
      "text": "Chrome",
      "rect": [
        319.9995,
        80,
        0.001,
        16
      ]
    },
    {
      "type": "text",
      "text": "Safari",
      "rect": [
        319.9995,
        100,
        0.001,
        16
      ]
    },
    {
      "type": "text",
      "text": "Opera",
      "rect": [
        319.9995,
        120,
        0.001,
        16
      ]
    },
    {
      "type": "text",
      "text": "Other",
      "rect": [
        319.9995,
        140,
        0.001,
        16
      ]
    },
    {
      "type": "pieChart",
      "hollow": true,
      "startAngle": 0.7854,
      "values": [
        56.15,
        19.15,
        17.17,
        5.55,
        1.58,
        0.4
      ],
      "colors": [
        "#E74C3C",
        "#E2E2E2",
        "#34495E",
        "#3498DB",
        "#1ABC9C",
        "yellow"
      ],
      "rotation": {
        "func": "attr@piechart.rotation",
        "value": 0
      },
      "rect": [
        380,
        40,
        120,
        120
      ],
      "onScroll": "__ht__function(event, data, view, point, width, height) {\nvar rotation = data.a('piechart.rotation') || 0;\nif (event.scrollDelta > 0) {\n    data.a('piechart.rotation', rotation + Math.PI / 30)\n}\nelse if (event.scrollDelta < 0) {\n    data.a('piechart.rotation', rotation - Math.PI / 30)\n}\n\ndata.a('piechart.rotation', rotation + event.scrollDelta * Math.PI / 60)\n}"
    }
  ]
}