{
  "dataBindings": [
    {
      "attr": "progressPercentage",
      "valueType": "Percentage",
      "name": "进度百分比",
      "description": "进度"
    },
    {
      "attr": "linearOuter",
      "valueType": "ColorArray",
      "name": "圆环渐变色",
      "description": "圆环渐变色"
    },
    {
      "attr": "linearInner",
      "valueType": "ColorArray",
      "name": "内圆渐变色",
      "description": "内圆渐变色"
    },
    {
      "attr": "fontScale",
      "valueType": "Number",
      "name": "字体缩放比例",
      "description": "默认为1倍"
    },
    {
      "attr": "showOrigin",
      "valueType": "Boolean",
      "name": "是否显示为原始值",
      "description": "false为百分比显示，true为原始值显示"
    },
    {
      "attr": "progressLineCap",
      "valueType": "CapStyle",
      "name": "进度条样式",
      "description": "分为平直/圆形/方形"
    },
    {
      "attr": "isAnimate",
      "valueType": "Boolean",
      "defaultValue": true,
      "name": "是否使用进度动画"
    }
  ],
  "width": 100,
  "height": 100,
  "comps": [
    {
      "type": "components/progressBar/circleProgressBar.json",
      "pixelPerfect": true,
      "displayName": "circleProgressBarSymbol",
      "rect": [
        0,
        0,
        100,
        100
      ],
      "progressPercentage": {
        "func": "attr@progressPercentage",
        "value": 1
      },
      "linearOuter": {
        "func": "attr@linearOuter",
        "value": [
          "#26a67b",
          "#0474d6"
        ]
      },
      "linearInner": {
        "func": "attr@linearInner",
        "value": [
          "#004e92",
          "#000000"
        ]
      },
      "fontScale": {
        "func": "attr@fontScale",
        "value": 1
      },
      "showOrigin": {
        "func": "attr@showOrigin",
        "value": false
      },
      "progressLineCap": {
        "func": "attr@progressLineCap",
        "value": "butt"
      }
    }
  ]
}