{
  "width": 88,
  "height": 116,
  "comps": [
    {
      "type": "shape",
      "background": "rgb(212,42,65)",
      "borderWidth": 1,
      "borderColor": "rgb(0,0,0)",
      "shadowColor": "#1ABC9C",
      "rotation": 2.43076,
      "closePath": true,
      "points": [
        8.99501,
        78.92687,
        5.32896,
        75.77046,
        10.86803,
        70.32563,
        10.86803,
        70.32563,
        10.86803,
        70.32563,
        12.15724,
        71.13551,
        13.11053,
        71.18218,
        14.06383,
        71.22884,
        15.27649,
        69.95058,
        15.27649,
        69.95058,
        15.27649,
        69.95058,
        19.29412,
        72.30321,
        19.90037,
        75.00825,
        20.50662,
        77.71329,
        18.08553,
        73.70695,
        16.68482,
        75.33381,
        15.28412,
        76.96067,
        19.02189,
        81.51665,
        13.9416,
        85.14347,
        14.61738,
        80.10767,
        11.30862,
        79.89746,
        10.7626,
        76.87388
      ],
      "segments": [
        1,
        4,
        4,
        4,
        4,
        4,
        4,
        4
      ]
    },
    {
      "type": "shape",
      "background": "#a4482d",
      "borderWidth": 1,
      "fillRule": "evenodd",
      "shadowColor": "#1ABC9C",
      "points": [
        57.56821,
        76.76316,
        57.56821,
        76.76316,
        51.49449,
        71.62465,
        51.49449,
        76.06926,
        51.49449,
        80.51387,
        53.88321,
        81.54063,
        53.88321,
        81.54063
      ],
      "segments": [
        1,
        4,
        4
      ]
    },
    {
      "type": "shape",
      "borderWidth": 1,
      "borderColor": "#000000",
      "shadowColor": "#1ABC9C",
      "points": [
        57.56821,
        76.76316,
        57.56821,
        76.76316,
        51.49449,
        71.62465,
        51.49449,
        76.06926,
        51.49449,
        80.51387,
        53.88321,
        81.54063,
        53.88321,
        81.54063
      ],
      "segments": [
        1,
        4,
        4
      ]
    },
    {
      "type": "shape",
      "background": "#a4482d",
      "borderWidth": 1,
      "fillRule": "evenodd",
      "shadowColor": "#1ABC9C",
      "points": [
        48.88467,
        84.0116,
        48.88467,
        84.0116,
        45.88121,
        77.88779,
        44.24881,
        81.77179,
        42.61641,
        85.65579,
        45.19967,
        88.78907,
        45.19967,
        88.78907
      ],
      "segments": [
        1,
        4,
        4
      ]
    },
    {
      "type": "shape",
      "borderWidth": 1,
      "borderColor": "#000000",
      "shadowColor": "#1ABC9C",
      "points": [
        48.88467,
        84.0116,
        48.88467,
        84.0116,
        45.88121,
        77.88779,
        44.24881,
        81.77179,
        42.61641,
        85.65579,
        45.19967,
        88.78907,
        45.19967,
        88.78907
      ],
      "segments": [
        1,
        4,
        4
      ]
    },
    {
      "type": "shape",
      "background": "#a4482d",
      "borderWidth": 1,
      "fillRule": "evenodd",
      "shadowColor": "#1ABC9C",
      "rotation": 0.51903,
      "points": [
        33.24685,
        88.03973,
        33.24685,
        88.03973,
        30.33025,
        84.15574,
        28.98101,
        88.03973,
        27.63178,
        91.92373,
        30.05324,
        93.76084,
        30.05324,
        93.76084
      ],
      "segments": [
        1,
        4,
        4
      ]
    },
    {
      "type": "shape",
      "borderWidth": 1,
      "borderColor": "#000000",
      "shadowColor": "#1ABC9C",
      "rotation": 0.51903,
      "points": [
        33.24685,
        88.03973,
        33.24685,
        88.03973,
        30.33025,
        84.15574,
        28.98101,
        88.03973,
        27.63178,
        91.92373,
        30.05324,
        93.76084,
        30.05324,
        93.76084
      ],
      "segments": [
        1,
        4,
        4
      ]
    },
    {
      "type": "shape",
      "background": "#a4482d",
      "borderWidth": 1,
      "fillRule": "evenodd",
      "shadowColor": "#1ABC9C",
      "points": [
        27.25862,
        88.88096,
        27.25862,
        88.88096,
        24.06122,
        81.54063,
        22.7529,
        86.23915
      ],
      "segments": [
        1,
        4
      ]
    },
    {
      "type": "shape",
      "borderWidth": 1,
      "borderColor": "#000000",
      "shadowColor": "#1ABC9C",
      "points": [
        27.25862,
        88.88096,
        27.25862,
        88.88096,
        24.06122,
        81.54063,
        22.7529,
        86.23915
      ],
      "segments": [
        1,
        4
      ]
    },
    {
      "type": "shape",
      "background": "rgb(212,42,65)",
      "borderWidth": 1,
      "fillRule": "evenodd",
      "shadowColor": "#1ABC9C",
      "points": [
        59.00672,
        75.272,
        59.00672,
        75.272,
        40.3949,
        95.57244,
        25.33607,
        87.50246,
        10.27723,
        79.43248,
        31.75387,
        103.98724,
        47.79363,
        102.40953,
        63.83338,
        100.83183,
        68.11873,
        87.36453,
        68.80927,
        82.74956
      ],
      "segments": [
        1,
        4,
        4,
        4
      ]
    },
    {
      "type": "shape",
      "borderWidth": 1,
      "borderColor": "#000000",
      "shadowColor": "#1ABC9C",
      "points": [
        59.00672,
        75.272,
        59.00672,
        75.272,
        40.3949,
        95.57244,
        25.33607,
        87.50246,
        10.27723,
        79.43248,
        31.75387,
        103.98724,
        47.79363,
        102.40953,
        63.83338,
        100.83183,
        68.11873,
        87.36453,
        68.80927,
        82.74956
      ],
      "segments": [
        1,
        4,
        4,
        4
      ]
    },
    {
      "type": "shape",
      "background": "rgba(0,0,0,0.50)",
      "borderColor": "#979797",
      "shadowColor": "#1ABC9C",
      "points": [
        29.10994,
        108.52504,
        29.23329,
        111.36956,
        43.81595,
        113.10333,
        56.85959,
        113.15849,
        69.90323,
        113.21365,
        81.3434,
        110.7866,
        80.78835,
        108.52504,
        80.2333,
        106.26347,
        65.81616,
        104.11222,
        54.63939,
        104.11222,
        43.46263,
        104.11222,
        43.1294,
        104.6802,
        35.05036,
        104.73536,
        26.97132,
        104.79052,
        25.4109,
        105.76081,
        19.05386,
        106.57988,
        25.4109,
        106.57988,
        29.10994,
        107.65019,
        29.10994,
        108.52504
      ],
      "segments": [
        1,
        4,
        4,
        4,
        4,
        4,
        4
      ]
    },
    {
      "type": "shape",
      "background": "rgb(240,217,137)",
      "borderWidth": 1,
      "fillRule": "evenodd",
      "shadowColor": "#1ABC9C",
      "points": [
        63.58585,
        77.82312,
        63.58585,
        77.82312,
        58.8041,
        95.92549,
        45.9636,
        96.32709,
        33.12311,
        96.72868,
        23.1861,
        85.36965,
        24.6573,
        92.299,
        30.1117,
        97.27954,
        39.65291,
        103.21027,
        47.79363,
        102.40953,
        63.83338,
        100.83183,
        68.11873,
        87.36453,
        68.80927,
        82.74956
      ],
      "segments": [
        1,
        4,
        4,
        4,
        4
      ]
    },
    {
      "type": "shape",
      "borderWidth": 1,
      "borderColor": "#000000",
      "shadowColor": "#1ABC9C",
      "points": [
        63.58585,
        77.82312,
        63.58585,
        77.82312,
        58.8041,
        95.92549,
        45.9636,
        96.32709,
        33.12311,
        96.72868,
        23.1861,
        85.36965,
        24.6573,
        92.299,
        30.1117,
        97.27954,
        39.65291,
        103.21027,
        47.79363,
        102.40953,
        63.83338,
        100.83183,
        68.11873,
        87.36453,
        68.80927,
        82.74956
      ],
      "segments": [
        1,
        4,
        4,
        4,
        4
      ]
    },
    {
      "type": "shape",
      "background": "rgba(0,0,0,0.10)",
      "borderColor": "rgb(0,0,0)",
      "shadowColor": "#1ABC9C",
      "anchorX": 0.54039,
      "anchorY": 0.60325,
      "points": [
        34.69302,
        99.4025,
        34.69302,
        99.4025,
        45.28934,
        103.62288,
        52.93594,
        101.67152,
        56.9463,
        100.64811,
        60.96121,
        97.08703,
        63.9035,
        93.95346,
        63.82724,
        92.30362,
        63.57465,
        92.50144,
        64.18569,
        91.78362,
        65.65522,
        90.05729,
        70.27125,
        90.86055,
        70.27125,
        90.86055,
        70.27125,
        88.96874,
        60.43877,
        90.86055,
        57.3537,
        94.23732,
        53.29599,
        98.77309,
        49.57779,
        99.4025,
        41.04854,
        100.84633,
        31.1624,
        97.37237,
        31.1624,
        97.37237
      ],
      "segments": [
        1,
        4,
        4,
        4,
        4,
        2,
        2,
        4,
        4
      ]
    },
    {
      "type": "shape",
      "background": "rgb(232,208,162)",
      "borderWidth": 1,
      "borderColor": "rgb(0,0,0)",
      "shadowColor": "#1ABC9C",
      "rotation": 0.51008,
      "closePath": true,
      "points": [
        40.35187,
        102.89845,
        36.82861,
        88.94966,
        46.92746,
        86.35923,
        44.49304,
        105.08807,
        40.35187,
        107.40491
      ]
    },
    {
      "type": "shape",
      "background": "rgb(232,208,162)",
      "borderWidth": 1,
      "borderColor": "rgb(0,0,0)",
      "shadowColor": "#1ABC9C",
      "closePath": true,
      "points": [
        66.1196,
        104.96685,
        65.61116,
        93.53081,
        62.99932,
        88.30679,
        71.73422,
        86.76465,
        72.98927,
        92.35205,
        70.01995,
        104.01962
      ]
    },
    {
      "type": "shape",
      "background": "rgb(232,208,162)",
      "borderWidth": 1,
      "borderColor": "rgb(0,0,0)",
      "shadowColor": "#1ABC9C",
      "anchorX": 0.54039,
      "anchorY": 0.60325,
      "points": [
        45.46778,
        48.85666,
        38.25711,
        48.85666,
        37.22717,
        52.28451,
        35.46085,
        54.44439,
        32.40668,
        58.17908,
        26.42667,
        65.11966,
        26.42667,
        67.91291,
        26.42667,
        69.32,
        33.87943,
        74.29575,
        33.87943,
        74.29575,
        41.26483,
        60.5328,
        42.03663,
        59.55852,
        41.26483,
        60.5328,
        42.03663,
        75.8249,
        42.03663,
        75.8249,
        42.03663,
        75.8249,
        46.86788,
        78.73859,
        55.16563,
        78.73859,
        63.46337,
        78.73859,
        68.34376,
        75.8249,
        68.34376,
        75.8249,
        68.34376,
        56.60696,
        68.34376,
        56.60696,
        69.50903,
        63.57121,
        77.13146,
        63.57121,
        85.78957,
        63.57121,
        85.68877,
        52.93395,
        75.09673,
        52.93395,
        74.42947,
        52.93395,
        72.81895,
        53.20523,
        71.98236,
        52.93395,
        71.17082,
        52.6708,
        75.79105,
        53.83875,
        73.45669,
        52.05726,
        64.89446,
        45.52293,
        45.46778,
        48.85666,
        45.46778,
        48.85666
      ],
      "segments": [
        1,
        4,
        4,
        4,
        2,
        2,
        2,
        2,
        2,
        4,
        4,
        2,
        4,
        4,
        4,
        4,
        4
      ]
    },
    {
      "type": "shape",
      "background": "rgb(219,55,55)",
      "borderWidth": 1,
      "borderColor": "rgb(0,0,0)",
      "shadowColor": "#1ABC9C",
      "points": [
        42.68715,
        73.4752,
        39.91373,
        87.98235,
        38.56257,
        89.40462,
        49.22959,
        91.82247,
        52.28747,
        91.82247,
        56.41205,
        85.56449,
        60.82108,
        91.18245,
        74.19041,
        87.98235,
        71.64181,
        82.55705,
        68.43022,
        75.09623,
        46.28246,
        72.70887
      ]
    },
    {
      "type": "shape",
      "background": "rgb(219,55,55)",
      "borderWidth": 1,
      "borderColor": "rgb(0,0,0)",
      "shadowColor": "#1ABC9C",
      "anchorX": 0.54039,
      "anchorY": 0.60325,
      "points": [
        45.46778,
        48.85666,
        44.65237,
        48.97858,
        43.03648,
        48.60171,
        43.20859,
        49.29313,
        44.25921,
        53.51385,
        45.46778,
        56.3637,
        45.46778,
        60.5328,
        45.46778,
        63.50513,
        41.31812,
        64.41166,
        41.31812,
        64.41166,
        40.27284,
        75.13242,
        40.27284,
        75.13242,
        46.86788,
        78.73859,
        55.16563,
        78.73859,
        63.46337,
        78.73859,
        69.67471,
        75.85838,
        69.67471,
        75.85838,
        68.34376,
        63.37047,
        68.34376,
        63.37047,
        65.32025,
        61.73678,
        65.32025,
        58.46939,
        65.32025,
        55.202,
        68.57922,
        48.87193,
        66.37212,
        48.84497,
        65.7292,
        48.83711,
        65.00003,
        48.85666,
        64.125,
        48.85666,
        60.24601,
        48.85666,
        45.46778,
        48.85666,
        45.46778,
        48.85666
      ],
      "segments": [
        1,
        4,
        4,
        4,
        2,
        4,
        4,
        2,
        4,
        4,
        4,
        4
      ]
    },
    {
      "type": "shape",
      "background": "rgba(38,38,38,0.10)",
      "borderColor": "rgb(0,0,0)",
      "shadowColor": "#1ABC9C",
      "anchorX": 0.54039,
      "anchorY": 0.60325,
      "points": [
        42.47645,
        59.28599,
        40.45662,
        59.28599,
        42.34092,
        63.87119,
        41.33622,
        69.48287,
        40.81331,
        72.40352,
        40.94529,
        74.92337,
        40.94529,
        74.92337,
        43.41647,
        77.43472,
        43.41647,
        77.43472,
        44.30236,
        78.7115,
        46.17252,
        78.7115,
        47.78656,
        78.7115,
        48.14425,
        79.47151,
        49.36903,
        79.84372,
        49.81832,
        79.98026,
        50.05363,
        79.35943,
        50.53982,
        79.4862,
        51.37025,
        79.70273,
        50.8471,
        80.40075,
        51.76843,
        80.56533,
        52.63308,
        80.71979,
        52.42139,
        79.76028,
        53.34807,
        79.84372,
        54.16985,
        79.91771,
        54.18711,
        80.56533,
        55.04472,
        80.56533,
        55.60863,
        80.56533,
        56.15444,
        79.86284,
        56.68287,
        79.84372,
        57.36472,
        79.81904,
        57.85026,
        80.60542,
        58.47225,
        80.56533,
        59.15866,
        80.52109,
        59.72705,
        79.92109,
        60.34328,
        79.84372,
        60.91367,
        79.77211,
        62.11955,
        80.6436,
        62.63011,
        80.56533,
        63.35132,
        80.45477,
        63.90302,
        79.65665,
        64.45956,
        79.4862,
        65.28515,
        79.23334,
        65.73503,
        80.01823,
        66.24562,
        79.84372,
        67.18072,
        79.5241,
        69.42856,
        76.02139,
        69.42856,
        76.02139,
        68.2729,
        60.1286,
        68.2729,
        60.1286,
        71.22223,
        63.42681,
        78.0328,
        63.42681,
        83.88248,
        63.42681,
        83.26098,
        61.07816,
        82.46098,
        55.91816,
        82.46098,
        55.93095,
        79.47677,
        52.71747,
        79.47677,
        53.94473,
        82.55677,
        59.12473,
        81.13284,
        61.96221,
        77.33464,
        61.96221,
        73.35204,
        61.96221,
        68.2729,
        60.1286,
        68.2729,
        60.1286,
        65.80717,
        61.96221,
        65.80717,
        61.96221,
        67.12103,
        68.2299,
        66.24562,
        71.62141,
        65.9163,
        72.89725,
        64.84453,
        73.38389,
        63.10454,
        73.79453,
        64.45956,
        74.29327,
        63.52851,
        75.27602,
        62.63011,
        76.02139,
        59.77055,
        78.39382,
        46.19291,
        79.06454,
        41.9552,
        73.79453,
        39.98946,
        71.34994,
        45.28398,
        64.09633,
        45.28398,
        61.59143,
        45.28398,
        58.18176,
        42.47645,
        59.28599,
        42.47645,
        59.28599
      ],
      "segments": [
        1,
        4,
        4,
        2,
        4,
        4,
        4,
        4,
        4,
        4,
        4,
        4,
        4,
        4,
        4,
        4,
        4,
        2,
        4,
        4,
        4,
        4,
        4,
        2,
        4,
        4,
        4,
        4,
        4,
        4
      ]
    },
    {
      "type": "shape",
      "background": "rgba(150,147,147,0.10)",
      "borderColor": "rgb(0,0,0)",
      "shadowColor": "#1ABC9C",
      "anchorX": 0.54039,
      "anchorY": 0.60325,
      "points": [
        49.0504,
        57.3322,
        49.0504,
        57.3322,
        50.60459,
        65.55217,
        58.13264,
        61.84546,
        62.70162,
        58.22371,
        61.97727,
        54.88056,
        61.97727,
        54.88056,
        49.0504,
        57.3322
      ],
      "segments": [
        1,
        4,
        4,
        2
      ]
    },
    {
      "type": "shape",
      "background": "rgb(214,194,159)",
      "borderColor": "rgb(0,0,0)",
      "borderCap": "round",
      "shadowColor": "#1ABC9C",
      "points": [
        60.38423,
        55.70408,
        60.38423,
        55.70408,
        57.8435,
        60.65894,
        55.01236,
        60.89824,
        52.18123,
        61.13753,
        49.05969,
        56.66125,
        49.05969,
        56.66125,
        46.39564,
        54.57834
      ],
      "segments": [
        1,
        4,
        4,
        2
      ]
    },
    {
      "type": "shape",
      "borderWidth": 1,
      "borderColor": "rgb(0,0,0)",
      "borderCap": "round",
      "shadowColor": "#1ABC9C",
      "points": [
        60.38423,
        55.70408,
        60.38423,
        55.70408,
        57.70571,
        60.75781,
        54.8483,
        60.99422,
        51.99089,
        61.23063,
        48.95459,
        56.64972,
        48.95459,
        56.64972
      ],
      "segments": [
        1,
        4,
        4
      ]
    },
    {
      "type": "shape",
      "borderWidth": 1,
      "borderColor": "rgb(0,0,0)",
      "borderCap": "round",
      "shadowColor": "#1ABC9C",
      "anchorX": 6,
      "anchorY": 0.60694,
      "points": [
        54.28569,
        83.18362,
        55.59424,
        78.85937,
        58.28233,
        80.35276
      ]
    },
    {
      "type": "shape",
      "background": "rgb(232,208,162)",
      "borderWidth": 1,
      "borderColor": "rgb(0,0,0)",
      "shadowColor": "#1ABC9C",
      "closePath": true,
      "points": [
        32.87926,
        29.75909,
        36.24967,
        19.77819,
        69.15947,
        17.24562,
        77.13442,
        28.95577,
        77.13442,
        28.95577,
        76.18009,
        36.85971,
        74.57269,
        42.14635,
        72.58207,
        48.69333,
        67.43852,
        56.02071,
        54.3857,
        56.02071,
        42.20454,
        56.02071,
        36.86878,
        49.63929,
        34.55693,
        43.46599,
        32.39111,
        37.68263,
        30.71725,
        37.28119,
        30.71725,
        37.28119
      ],
      "segments": [
        1,
        2,
        2,
        2,
        4,
        4,
        4,
        4
      ]
    },
    {
      "type": "shape",
      "background": "rgb(38,37,32)",
      "borderWidth": 1,
      "borderColor": "rgb(0,0,0)",
      "shadowColor": "#1ABC9C",
      "rotation": 3.14159,
      "closePath": true,
      "points": [
        31.87042,
        19.29893,
        31.87042,
        19.29893,
        31.80167,
        16.45315,
        32.09507,
        14.18318,
        32.32941,
        12.37014,
        32.77502,
        13.83343,
        33.80395,
        13.36177,
        36.34409,
        12.19737,
        36.03388,
        10.75592,
        36.28855,
        10.06134,
        36.37066,
        9.83742,
        36.83555,
        9.25085,
        37.37672,
        9.45938,
        39.01483,
        10.0906,
        38.15497,
        13.94421,
        39.71808,
        16.15279,
        41.75297,
        19.02795,
        41.85029,
        23.09004,
        41.85029,
        23.09004,
        41.85029,
        23.09004,
        46.49025,
        23.09007,
        54.85098,
        23.09007,
        63.21171,
        23.09007,
        70.14292,
        21.15563,
        70.14292,
        21.15563,
        70.14292,
        21.15563,
        70.22004,
        17.6511,
        71.41651,
        15.47757,
        72.58119,
        13.36177,
        72.01494,
        10.23927,
        73.21798,
        7.28989,
        75.13164,
        6.69891,
        73.87942,
        10.23761,
        75.71816,
        11.57794,
        76.48828,
        12.13932,
        76.57757,
        9.45938,
        76.57757,
        9.45938,
        77.99107,
        9.45938,
        77.05616,
        11.42316,
        78.39123,
        16.15279,
        79.33158,
        19.48409,
        78.70198,
        23.1036,
        78.3912,
        25.96283,
        78.32744,
        26.54947,
        79.59567,
        26.51332,
        79.4779,
        27.13983,
        78.61362,
        31.73766,
        75.50407,
        30.41766,
        75.05577,
        31.05197,
        71.96783,
        35.42113,
        66.0721,
        38.96758,
        54.85094,
        38.96758,
        29.64097,
        38.96758,
        31.87042,
        19.29893,
        31.87042,
        19.29893
      ],
      "segments": [
        1,
        4,
        4,
        4,
        4,
        4,
        4,
        4,
        4,
        4,
        4,
        4,
        4,
        4,
        4,
        4,
        4,
        4,
        4
      ]
    },
    {
      "type": "shape",
      "background": "rgba(0,0,0,0.3)",
      "borderColor": "rgb(0,0,0)",
      "shadowColor": "#1ABC9C",
      "anchorX": 0.54039,
      "anchorY": 0.60325,
      "points": [
        61.08576,
        90.65232,
        73.73403,
        87.86635,
        68.16364,
        76.13086,
        64.20758,
        77.691,
        71.56098,
        86.13906,
        69.38793,
        86.13906,
        69.38793,
        87.142,
        59.69278,
        89.81653
      ]
    },
    {
      "type": "shape",
      "background": "rgba(0,0,0,0.10)",
      "borderColor": "rgb(0,0,0)",
      "shadowColor": "#1ABC9C",
      "anchorX": 0.54039,
      "anchorY": 0.60325,
      "points": [
        70.75375,
        90.75846,
        72.53523,
        92.35565,
        71.8595,
        88.91555,
        64.18069,
        90.75846
      ]
    },
    {
      "type": "shape",
      "background": "rgba(0,0,0,0.10)",
      "borderColor": "rgb(0,0,0)",
      "shadowColor": "#1ABC9C",
      "anchorX": 0.54039,
      "anchorY": 0.60325,
      "points": [
        40.82418,
        90.15404,
        45.86662,
        92.9503,
        44.53724,
        99.32211,
        49.488,
        92.30853
      ]
    },
    {
      "type": "shape",
      "borderWidth": 2,
      "borderColor": "rgb(0,0,0)",
      "borderCap": "round",
      "shadowColor": "#1ABC9C",
      "rotation": 0.28031,
      "points": [
        58.20875,
        33.21454,
        57.91372,
        34.45149,
        59.32042,
        34.23417,
        59.48635,
        33.99874,
        61.39816,
        31.28625,
        64.8924,
        29.63751,
        64.8924,
        29.63751
      ],
      "segments": [
        1,
        4,
        4
      ]
    },
    {
      "type": "shape",
      "borderWidth": 2,
      "borderColor": "rgb(0,0,0)",
      "borderCap": "round",
      "shadowColor": "#1ABC9C",
      "rotation": -0.09675,
      "points": [
        49.07179,
        32.11364,
        48.94161,
        33.45504,
        48.349,
        33.12362,
        48.07321,
        32.93554,
        45.20661,
        30.9806,
        41.66334,
        30.71764,
        41.66334,
        30.71764
      ],
      "segments": [
        1,
        4,
        4
      ]
    },
    {
      "type": "oval",
      "background": "rgb(255,215,184)",
      "borderColor": "rgb(0,0,0)",
      "shadowColor": "#1ABC9C",
      "anchorX": 0.7275,
      "rect": [
        45.11251,
        40.12181,
        17.00884,
        1.08022
      ]
    },
    {
      "type": "arc",
      "background": "rgb(232,208,162)",
      "borderWidth": 1,
      "borderColor": "rgb(0,0,0)",
      "borderCap": "round",
      "arcFrom": 0,
      "arcTo": 3.97935,
      "arcClose": false,
      "arcOval": true,
      "shadowColor": "#1ABC9C",
      "rotation": 0.99769,
      "rect": [
        26.71861,
        34.52736,
        11.77613,
        9.1997
      ]
    },
    {
      "type": "arc",
      "background": "rgb(232,208,162)",
      "borderWidth": 1,
      "borderColor": "rgb(0,0,0)",
      "borderCap": "round",
      "arcFrom": 0,
      "arcTo": 3.97935,
      "arcClose": false,
      "arcOval": true,
      "shadowColor": "#1ABC9C",
      "scaleY": -1,
      "rotation": 2.06622,
      "rect": [
        70.30832,
        33.00771,
        11.77613,
        9.1997
      ]
    },
    {
      "type": "shape",
      "background": "rgba(28,26,22,0.2)",
      "borderColor": "rgb(0,0,0)",
      "shadowColor": "#1ABC9C",
      "rotation": 3.14159,
      "closePath": true,
      "points": [
        35.4221,
        15.5153,
        35.4221,
        15.5153,
        36.93022,
        15.52625,
        37.20261,
        14.3189,
        37.92993,
        11.09506,
        42.24168,
        10.89317,
        42.70789,
        10.4436,
        44.26804,
        8.93919,
        40.88017,
        6.85911,
        41.22203,
        6.51193,
        42.30721,
        5.40985,
        48.46418,
        5.12634,
        50.10766,
        6.51195,
        55.7835,
        11.29721,
        53.63289,
        5.76435,
        54.58781,
        5.6906,
        55.25095,
        5.63939,
        59.1706,
        8.99932,
        59.88931,
        8.99932,
        61.04802,
        8.99932,
        58.79356,
        5.62604,
        59.88932,
        5.69061,
        73.8269,
        6.51201,
        78.567,
        14.92647,
        78.56699,
        19.26774,
        78.56698,
        21.88139,
        77.71687,
        27.07018,
        74.39573,
        28.61991,
        75.02146,
        27.07018,
        73.69574,
        26.92919,
        73.50306,
        27.07017,
        69.46035,
        30.02815,
        63.14471,
        31.59768,
        54.58774,
        31.59768,
        48.12387,
        31.59768,
        41.0001,
        28.54762,
        37.71627,
        24.66116,
        37.49885,
        24.40383,
        40.21343,
        25.13802,
        41.22199,
        24.66116,
        39.35712,
        24.40546,
        36.99139,
        22.52775,
        37.71628,
        22.52775,
        39.25106,
        22.52776,
        39.05368,
        21.92735,
        38.92275,
        21.86128,
        36.25942,
        20.51735,
        35.69966,
        17.31947,
        35.4221,
        15.5153
      ],
      "segments": [
        1,
        4,
        4,
        4,
        4,
        4,
        4,
        4,
        4,
        4,
        4,
        4,
        4,
        4,
        4,
        4,
        4
      ]
    },
    {
      "type": "shape",
      "background": "rgb(28,26,22)",
      "borderWidth": 1,
      "borderColor": "rgb(0,0,0)",
      "shadowColor": "#1ABC9C",
      "rotation": 3.14159,
      "closePath": true,
      "points": [
        33.71915,
        13.17537,
        33.71915,
        13.17537,
        35.22727,
        13.18631,
        35.49966,
        11.97896,
        36.22698,
        8.75512,
        40.53873,
        8.55323,
        41.00494,
        8.10367,
        42.56509,
        6.59925,
        39.17723,
        4.51917,
        39.51908,
        4.17199,
        40.60426,
        3.06991,
        46.76123,
        2.7864,
        48.40471,
        4.17201,
        54.08055,
        8.95728,
        51.92994,
        3.42441,
        52.88486,
        3.35066,
        53.548,
        3.29945,
        57.46765,
        6.65938,
        58.18636,
        6.65938,
        59.34507,
        6.65938,
        57.09061,
        3.2861,
        58.18637,
        3.35068,
        72.12395,
        4.17207,
        76.86405,
        12.58653,
        76.86404,
        16.9278,
        76.86403,
        19.54145,
        75.49985,
        25.82773,
        72.17871,
        27.37746,
        72.80444,
        25.82773,
        70.6749,
        25.49864,
        70.05106,
        25.84496,
        66.02312,
        28.08096,
        60.2942,
        29.25774,
        52.88479,
        29.25774,
        46.42093,
        29.25774,
        39.29715,
        26.20768,
        36.01332,
        22.32122,
        35.7959,
        22.06389,
        38.51048,
        22.79808,
        39.51904,
        22.32123,
        37.65417,
        22.06552,
        35.28844,
        20.18781,
        36.01333,
        20.18781,
        37.54811,
        20.18782,
        37.35073,
        19.58741,
        37.2198,
        19.52135,
        34.55647,
        18.17741,
        33.99671,
        14.97954,
        33.71915,
        13.17537
      ],
      "segments": [
        1,
        4,
        4,
        4,
        4,
        4,
        4,
        4,
        4,
        4,
        4,
        4,
        4,
        4,
        4,
        4,
        4
      ]
    },
    {
      "type": "shape",
      "borderWidth": 1,
      "borderColor": "rgb(0,0,0)",
      "borderCap": "round",
      "shadowColor": "#1ABC9C",
      "points": [
        36.33703,
        40.12181,
        34.97566,
        39.65452
      ]
    },
    {
      "type": "shape",
      "borderWidth": 1,
      "borderColor": "rgb(0,0,0)",
      "borderCap": "round",
      "shadowColor": "#1ABC9C",
      "points": [
        36.33703,
        41.72088,
        35.50712,
        41.46838
      ]
    },
    {
      "type": "shape",
      "borderWidth": 1,
      "borderColor": "rgb(0,0,0)",
      "borderCap": "round",
      "shadowColor": "#1ABC9C",
      "points": [
        36.33703,
        41.72088,
        35.50712,
        41.46838
      ]
    },
    {
      "type": "shape",
      "borderWidth": 1,
      "borderColor": "rgb(0,0,0)",
      "borderCap": "round",
      "shadowColor": "#1ABC9C",
      "points": [
        72.98928,
        37.77593,
        71.54928,
        37.85593
      ]
    },
    {
      "type": "shape",
      "borderWidth": 1,
      "borderColor": "rgb(0,0,0)",
      "borderCap": "round",
      "shadowColor": "#1ABC9C",
      "points": [
        72.94675,
        39.80557,
        72.0318,
        39.97076
      ]
    },
    {
      "type": "shape",
      "borderWidth": 1,
      "borderColor": "rgb(0,0,0)",
      "borderCap": "round",
      "shadowColor": "#1ABC9C",
      "points": [
        36.14294,
        14.71253,
        38.30597,
        13.61534,
        42.25078,
        15.28067,
        44.24827,
        16.47332,
        49.03001,
        19.32836,
        54.3622,
        19.53102,
        54.3622,
        19.53102
      ],
      "segments": [
        1,
        4,
        4
      ]
    },
    {
      "type": "shape",
      "borderWidth": 1,
      "borderColor": "rgb(0,0,0)",
      "borderCap": "round",
      "shadowColor": "#1ABC9C",
      "points": [
        73.44069,
        22.20485,
        72.73765,
        19.72958
      ]
    },
    {
      "type": "shape",
      "borderWidth": 1,
      "borderColor": "rgb(0,0,0)",
      "borderCap": "round",
      "shadowColor": "#1ABC9C",
      "points": [
        36.58703,
        25.51277,
        36.12853,
        25.29577
      ]
    },
    {
      "type": "shape",
      "borderWidth": 1,
      "borderColor": "rgb(0,0,0)",
      "borderCap": "round",
      "shadowColor": "#1ABC9C",
      "points": [
        34.46884,
        24.03049,
        32.33052,
        22.52575
      ]
    },
    {
      "type": "oval",
      "background": "rgb(240,134,110)",
      "borderColor": "#979797",
      "shadowColor": "#1ABC9C",
      "rect": [
        49.5813,
        43.59801,
        2.9569,
        9.3569
      ]
    },
    {
      "type": "shape",
      "borderWidth": 1,
      "borderColor": "rgb(118,132,140)",
      "borderCap": "round",
      "shadowColor": "#1ABC9C",
      "points": [
        66.99804,
        14.67854,
        66.99804,
        13.25448,
        69.42449,
        12.95912,
        68.89529,
        10.84232
      ]
    },
    {
      "type": "shape",
      "borderWidth": 1,
      "borderColor": "rgb(0,0,0)",
      "borderCap": "round",
      "shadowColor": "#1ABC9C",
      "points": [
        67.01132,
        92.72539,
        65.69803,
        90.12561
      ]
    },
    {
      "type": "shape",
      "borderWidth": 1,
      "borderColor": "rgb(0,0,0)",
      "borderCap": "round",
      "shadowColor": "#1ABC9C",
      "anchorX": 6,
      "anchorY": 0.60694,
      "points": [
        60.32329,
        87.58776,
        57.38401,
        84.53429
      ]
    },
    {
      "type": "shape",
      "borderWidth": 1,
      "borderColor": "rgb(0,0,0)",
      "borderCap": "round",
      "shadowColor": "#1ABC9C",
      "points": [
        61.47431,
        89.3515,
        62.76839,
        88.84782
      ]
    },
    {
      "type": "arc",
      "background": "rgb(210,192,155)",
      "borderWidth": 1,
      "borderColor": "rgb(0,0,0)",
      "borderCap": "round",
      "arcFrom": -0.36652,
      "arcTo": 3.52556,
      "arcClose": false,
      "arcOval": true,
      "shadowColor": "#1ABC9C",
      "rotation": -1.41501,
      "rect": [
        81.66491,
        57.63567,
        2.75497,
        3.00693
      ]
    },
    {
      "type": "shape",
      "borderWidth": 1,
      "borderColor": "rgb(0,0,0)",
      "borderCap": "round",
      "shadowColor": "#1ABC9C",
      "anchorX": 1,
      "anchorY": 1,
      "points": [
        78.87971,
        61.23321,
        78.87971,
        61.23321,
        79.75815,
        61.23321,
        80.31171,
        60.48745
      ],
      "segments": [
        1,
        4
      ]
    },
    {
      "type": "arc",
      "background": "rgb(71,44,44)",
      "borderWidth": 1,
      "borderColor": "rgb(0,0,0)",
      "arcFrom": 0,
      "arcTo": 3.14159,
      "arcOval": true,
      "shadowColor": "#1ABC9C",
      "scaleY": -1,
      "rect": [
        33.39633,
        102.77526,
        10.23217,
        9.08004
      ]
    },
    {
      "type": "arc",
      "background": "rgb(71,44,44)",
      "borderWidth": 1,
      "borderColor": "rgb(0,0,0)",
      "arcFrom": 0,
      "arcTo": 3.14159,
      "arcOval": true,
      "shadowColor": "#1ABC9C",
      "scaleY": -1,
      "rect": [
        64.23429,
        102.80391,
        10.23217,
        8.43158
      ]
    },
    {
      "type": "shape",
      "borderWidth": 1,
      "borderColor": "rgb(0,0,0)",
      "borderCap": "round",
      "shadowColor": "#1ABC9C",
      "points": [
        72.58928,
        23.1493,
        70.50928,
        21.9293,
        70.75143,
        21.26041,
        70.75143,
        21.26041
      ],
      "segments": [
        1,
        4
      ]
    },
    {
      "type": "shape",
      "borderWidth": 1,
      "borderColor": "rgb(0,0,0)",
      "borderCap": "round",
      "shadowColor": "#1ABC9C",
      "points": [
        33.60032,
        14.37053,
        31.52032,
        13.15053,
        32.27677,
        10.98792,
        32.27677,
        10.98792
      ],
      "segments": [
        1,
        4
      ]
    },
    {
      "type": "shape",
      "borderWidth": 1,
      "borderColor": "rgb(0,0,0)",
      "borderCap": "round",
      "shadowColor": "#1ABC9C",
      "points": [
        43.2007,
        21.26439,
        38.69579,
        20.50382,
        37.93523,
        16.64247,
        37.93523,
        16.64247
      ],
      "segments": [
        1,
        4
      ]
    },
    {
      "type": "shape",
      "borderWidth": 1,
      "borderColor": "rgb(118,132,140)",
      "borderCap": "round",
      "shadowColor": "#1ABC9C",
      "points": [
        56.37649,
        16.97645,
        60.15753,
        18.36201,
        61.06998,
        16.97645,
        62.84781,
        17.61647,
        64.27008,
        15.48306
      ]
    },
    {
      "type": "shape",
      "borderWidth": 1,
      "borderColor": "rgb(118,132,140)",
      "borderCap": "round",
      "shadowColor": "#1ABC9C",
      "points": [
        46.76016,
        16.42254,
        48.62688,
        16.42254,
        51.52601,
        17.04189
      ]
    },
    {
      "type": "oval",
      "background": "rgb(56,49,49)",
      "borderWidth": 1,
      "borderColor": "rgb(0,0,0)",
      "shadowColor": "#1ABC9C",
      "rect": [
        60.60938,
        34.51368,
        3.2346,
        3.9534
      ]
    },
    {
      "type": "shape",
      "background": "rgb(255,255,255)",
      "borderColor": "rgb(255,255,255)",
      "borderCap": "round",
      "shadowColor": "#1ABC9C",
      "points": [
        61.91375,
        36.88545,
        66.5014,
        35.32944
      ]
    },
    {
      "type": "shape",
      "background": "rgb(255,255,255)",
      "borderColor": "#979797",
      "shadowColor": "#1ABC9C",
      "points": [
        59.67558,
        34.90874,
        62.22275,
        36.18232,
        60.04704,
        37.24364,
        59.56945,
        34.85567
      ]
    },
    {
      "type": "oval",
      "background": "rgb(56,49,49)",
      "borderWidth": 1,
      "borderColor": "rgb(0,0,0)",
      "shadowColor": "#1ABC9C",
      "rect": [
        44.15524,
        35.01424,
        3.2346,
        3.9534
      ]
    },
    {
      "type": "shape",
      "background": "rgb(255,255,255)",
      "borderColor": "#979797",
      "shadowColor": "#1ABC9C",
      "points": [
        43.22144,
        35.4093,
        45.7686,
        36.68288,
        43.5929,
        37.7442,
        43.1153,
        35.35623
      ]
    },
    {
      "type": "oval",
      "background": "rgb(250,212,115)",
      "borderColor": "rgba(0,0,0,0.3)",
      "shadowColor": "#1ABC9C",
      "rect": [
        49.60938,
        63.13413,
        11.30922,
        11.47147
      ]
    },
    {
      "type": "oval",
      "background": "rgb(252,129,35)",
      "borderColor": "rgba(0,0,0,0.3)",
      "shadowColor": "#1ABC9C",
      "rect": [
        49.35935,
        63.1661,
        10.33343,
        11
      ]
    },
    {
      "type": "oval",
      "background": "rgb(255,170,33)",
      "borderColor": "rgba(0,0,0,0.3)",
      "shadowColor": "#1ABC9C",
      "rect": [
        50.02496,
        63.6056,
        10.35927,
        10.56051
      ]
    },
    {
      "type": "shape",
      "borderWidth": 1,
      "borderColor": "rgb(0,0,0)",
      "borderCap": "round",
      "shadowColor": "#1ABC9C",
      "points": [
        36.14295,
        102.02261,
        38.77097,
        104.39794,
        39.73122,
        102.02261
      ]
    },
    {
      "type": "shape",
      "borderWidth": 1,
      "borderColor": "rgb(0,0,0)",
      "borderCap": "round",
      "shadowColor": "#1ABC9C",
      "anchorX": 6,
      "anchorY": 0.60694,
      "points": [
        45.57098,
        78.09518,
        45.32408,
        79.27033,
        43.26615,
        80.40001
      ]
    },
    {
      "type": "shape",
      "borderWidth": 1,
      "borderColor": "rgb(0,0,0)",
      "borderCap": "round",
      "shadowColor": "#1ABC9C",
      "anchorX": 0.36239,
      "points": [
        66.99804,
        78.73859,
        66.75114,
        79.91374,
        68.94151,
        80.21005
      ]
    },
    {
      "type": "shape",
      "background": "rgba(0,0,0,0.10)",
      "borderColor": "rgb(0,0,0)",
      "shadowColor": "#1ABC9C",
      "anchorX": 0.54039,
      "anchorY": 0.60325,
      "points": [
        39.2417,
        89.53706,
        45.51391,
        90.57261,
        46.33527,
        89.53706,
        47.45531,
        91.40379,
        51.26343,
        92.15048,
        56.49027,
        85.87827,
        51.26343,
        90.57261,
        48.02623,
        90.57261,
        46.33527,
        87.20524,
        44.98486,
        87.9472,
        41.54977,
        87.9472,
        40.80926,
        83.637
      ]
    },
    {
      "type": "shape",
      "background": "rgba(255,207,87,0.60)",
      "borderColor": "rgb(0,0,0)",
      "shadowColor": "#1ABC9C",
      "anchorX": 0.54039,
      "anchorY": 0.60325,
      "points": [
        14.20691,
        49.6593,
        23.09609,
        51.23897,
        19.89599,
        54.5813,
        28.60758,
        51.23897,
        28.60758,
        49.6593,
        22.1005,
        43.13203,
        23.90882,
        48.11336,
        14.20691,
        49.6593
      ]
    },
    {
      "type": "shape",
      "borderWidth": 1,
      "borderColor": "rgb(0,0,0)",
      "borderCap": "round",
      "shadowColor": "#1ABC9C",
      "points": [
        70.40912,
        101.4899,
        69.32084,
        104.11793,
        72.26928,
        102.23577
      ]
    },
    {
      "type": "shape",
      "background": "rgba(255,203,71,0.3)",
      "borderColor": "rgb(0,0,0)",
      "shadowColor": "#1ABC9C",
      "rotation": 2.43076,
      "closePath": true,
      "points": [
        11.82548,
        77.55315,
        8.15943,
        74.39674,
        13.03771,
        69.64878,
        13.03771,
        69.64878,
        13.03771,
        69.64878,
        13.75564,
        72.48681,
        16.53692,
        71.23363,
        19.3182,
        69.98046,
        16.19774,
        68.19885,
        16.19774,
        68.19885,
        16.19774,
        68.19885,
        20.58701,
        69.05194,
        21.19326,
        71.75698,
        21.79951,
        74.46203,
        19.00678,
        71.95522,
        17.60607,
        73.58208,
        16.20537,
        75.20894,
        21.02313,
        79.39251,
        16.78596,
        83.08985,
        17.46174,
        78.05405,
        13.73426,
        78.99393,
        13.18824,
        75.97035
      ],
      "segments": [
        1,
        4,
        4,
        4,
        4,
        4,
        4,
        4
      ]
    },
    {
      "type": "star",
      "background": "rgb(252,129,35)",
      "borderColor": "rgba(0,0,0,0.3)",
      "shadowColor": "#1ABC9C",
      "rotation": -0.45648,
      "rect": [
        53.34647,
        67.18007,
        5.09712,
        4.8514
      ]
    },
    {
      "type": "circle",
      "background": "rgb(232,208,162)",
      "borderWidth": 1,
      "borderColor": "rgb(0,0,0)",
      "borderCap": "round",
      "shadowColor": "#1ABC9C",
      "rotation": 0.99769,
      "rect": [
        20.81221,
        61.2128,
        17.65745,
        15.76949
      ]
    },
    {
      "type": "circle",
      "background": "rgb(232,208,162)",
      "borderWidth": 1,
      "borderColor": "rgb(0,0,0)",
      "borderCap": "round",
      "shadowColor": "#1ABC9C",
      "rotation": 1.22625,
      "rect": [
        59.10802,
        50.01349,
        15.35686,
        12.59148
      ]
    },
    {
      "type": "shape",
      "background": "rgb(232,208,162)",
      "borderWidth": 1,
      "borderColor": "rgb(0,0,0)",
      "borderCap": "round",
      "shadowColor": "#1ABC9C",
      "rotation": 1.31957,
      "points": [
        67.63121,
        61.24573,
        70.11701,
        61.24573,
        71.97635,
        61.15354,
        71.11917,
        62.96911,
        70.262,
        64.78469,
        66.17846,
        63.06131,
        66.17846,
        63.06131
      ],
      "segments": [
        1,
        4,
        4
      ]
    },
    {
      "type": "shape",
      "background": "rgb(232,208,162)",
      "borderWidth": 1,
      "borderColor": "rgb(0,0,0)",
      "borderCap": "round",
      "shadowColor": "#1ABC9C",
      "rotation": 3.09561,
      "points": [
        59.61641,
        49.81556,
        59.61641,
        49.81556,
        63.05509,
        49.28436,
        62.937,
        51.85077,
        62.81891,
        54.41718,
        58.16367,
        51.63113,
        58.16367,
        51.63113
      ],
      "segments": [
        1,
        4,
        4
      ]
    },
    {
      "type": "oval",
      "background": "rgb(222,109,109)",
      "borderColor": "#979797",
      "shadowColor": "#1ABC9C",
      "rect": [
        50.02496,
        49.17466,
        2.07729,
        3.78025
      ]
    },
    {
      "type": "arc",
      "background": "rgb(232,208,162)",
      "borderWidth": 1,
      "borderColor": "rgb(0,0,0)",
      "borderCap": "round",
      "arcFrom": 0,
      "arcTo": 3.36848,
      "arcClose": false,
      "shadowColor": "#1ABC9C",
      "rect": [
        45.96177,
        52.78665,
        10.5144,
        4.45363
      ]
    },
    {
      "type": "shape",
      "background": "rgb(232,208,162)",
      "borderWidth": 1,
      "borderColor": "rgb(0,0,0)",
      "borderCap": "round",
      "shadowColor": "#1ABC9C",
      "rotation": 1.31957,
      "points": [
        34.26095,
        69.81339,
        35.03662,
        68.4507,
        37.08401,
        67.28904,
        38.82007,
        69.86556,
        40.55613,
        72.44209,
        36.45806,
        72.3226,
        36.45806,
        72.3226
      ],
      "segments": [
        1,
        4,
        4
      ]
    },
    {
      "type": "shape",
      "background": "rgba(0,0,0,0.2)",
      "borderColor": "rgb(0,0,0)",
      "shadowColor": "#1ABC9C",
      "anchorX": 0.64955,
      "anchorY": 0.63121,
      "points": [
        71.61707,
        60.12628,
        71.61707,
        60.12628,
        71.07075,
        61.78235,
        70.44905,
        62.22501,
        69.90606,
        62.61162,
        69.00356,
        59.61087,
        68.05319,
        62.22501,
        66.28491,
        62.67362,
        63.99958,
        62.59726,
        62.2322,
        60.12628,
        61.5984,
        59.24016,
        60.31063,
        58.7623,
        61.12343,
        59.12465,
        65.63768,
        61.13708,
        67.38497,
        60.63652,
        69.00356,
        59.12465,
        71.02054,
        57.24065,
        71.12542,
        55.05432,
        70.87837,
        53.85569,
        70.662,
        52.80588,
        70.03744,
        51.67018,
        68.60344,
        50.3646,
        73.23331,
        51.09804,
        73.08222,
        57.55237,
        73.08222,
        57.55237
      ],
      "segments": [
        1,
        4,
        4,
        4,
        4,
        4,
        4,
        4,
        4
      ]
    },
    {
      "type": "shape",
      "background": "rgba(0,0,0,0.2)",
      "borderColor": "rgb(0,0,0)",
      "shadowColor": "#1ABC9C",
      "anchorX": 0.64955,
      "anchorY": 0.63121,
      "points": [
        37.48569,
        67.10362,
        37.48569,
        67.10362,
        37.82394,
        64.78259,
        34.46984,
        62.91203,
        31.11573,
        61.04147,
        30.59972,
        60.91247,
        30.59972,
        60.91247,
        38.59474,
        64.12467,
        40.11699,
        61.45106,
        41.64246,
        59.4515
      ],
      "segments": [
        1,
        4,
        4,
        4
      ]
    },
    {
      "type": "shape",
      "borderWidth": 1,
      "borderColor": "rgb(0,0,0)",
      "borderCap": "round",
      "shadowColor": "#1ABC9C",
      "anchorX": 1,
      "anchorY": 1,
      "points": [
        71.07843,
        55.0093,
        71.46132,
        56.46426,
        71.41028,
        58.4042,
        70.64451,
        59.32313
      ],
      "segments": [
        1,
        4
      ]
    },
    {
      "type": "shape",
      "background": "rgba(0,0,0,0.2)",
      "borderColor": "rgb(0,0,0)",
      "shadowColor": "#1ABC9C",
      "anchorX": 0.64955,
      "anchorY": 0.63121,
      "points": [
        32.35899,
        76.68643,
        35.42206,
        76.68643,
        36.72474,
        72.57015,
        36.72474,
        72.57015,
        34.83021,
        68.39358,
        35.80889,
        72.88629,
        34.72785,
        69.68474,
        32.92179,
        71.7488,
        37.88894,
        72.57015,
        30.86216,
        76.68643
      ],
      "segments": [
        1,
        4,
        4,
        4
      ]
    },
    {
      "type": "shape",
      "borderWidth": 1,
      "borderColor": "rgb(0,0,0)",
      "borderCap": "round",
      "shadowColor": "#1ABC9C",
      "points": [
        43.6285,
        95.86575,
        41.54846,
        96.29581
      ]
    },
    {
      "type": "oval",
      "background": "rgba(0,0,0,0.50)",
      "borderColor": "rgb(0,0,0)",
      "shadowColor": "#1ABC9C",
      "anchorX": 0.7275,
      "rect": [
        12.44528,
        105.72613,
        4.59777,
        2.30535
      ]
    }
  ]
}