{
  "background": "rgb(0,0,0)",
  "dataBindings": [
    {
      "attr": "ht.startAngle",
      "valueType": "Angle",
      "name": "ChartStartAngle"
    },
    {
      "attr": "ht.endAngle",
      "valueType": "Angle",
      "name": "ChartEndAngle"
    },
    {
      "attr": "ht.PoinertRadius",
      "valueType": "PositiveNumber",
      "name": "ChartPointerRadius"
    },
    {
      "attr": "ht.pointerColor",
      "valueType": "Color",
      "name": "ChartPointerColor"
    },
    {
      "attr": "ht.value",
      "valueType": "Number",
      "name": "ChartValue"
    },
    {
      "attr": "ht.min",
      "valueType": "Number",
      "name": "ChartMinValue"
    },
    {
      "attr": "ht.max",
      "valueType": "Number",
      "name": "ChartMaxValue"
    },
    {
      "attr": "ht.clockwise",
      "valueType": "Boolean",
      "name": "ChartClockwise"
    },
    {
      "attr": "ht.showLabel",
      "valueType": "Boolean",
      "name": "ChartShowLabel"
    },
    {
      "attr": "ht.labelEvery",
      "valueType": "PositiveNumber",
      "name": "ChartLabelEvery"
    },
    {
      "attr": "ht.labelColor",
      "valueType": "Color",
      "name": "ChartLabelColor"
    },
    {
      "attr": "ht.showTick",
      "valueType": "Boolean",
      "name": "ChartShowTick"
    },
    {
      "attr": "ht.tickEvery",
      "valueType": "PositiveNumber",
      "name": "ChartTickEvery"
    },
    {
      "attr": "ht.tickColor",
      "valueType": "Color",
      "name": "ChartTickColor"
    },
    {
      "attr": "ht.bigTickEvery",
      "valueType": "PositiveNumber",
      "name": "ChartBigTickEvery"
    },
    {
      "attr": "ht.bigTickColor",
      "valueType": "Color",
      "name": "ChartBigTickColor"
    }
  ],
  "width": 200,
  "height": 200,
  "comps": [
    {
      "type": "components/ht/gauge/gauge.json",
      "shadowColor": "rgb(176,215,255)",
      "shadowBlur": 15,
      "displayName": "gauge",
      "rect": [
        0,
        0,
        200,
        200
      ],
      "startAngle": {
        "func": "attr@ht.startAngle",
        "value": -3.66519
      },
      "endAngle": {
        "func": "attr@ht.endAngle",
        "value": 0.5236
      },
      "pointerRadius": {
        "func": "attr@ht.PoinertRadius",
        "value": 0.8
      },
      "pointerColor": {
        "func": "attr@ht.pointerColor",
        "value": "rgb(76,205,252)"
      },
      "value": {
        "func": "attr@ht.value",
        "value": 0
      },
      "min": {
        "func": "attr@ht.min",
        "value": 0
      },
      "max": {
        "func": "attr@ht.max",
        "value": 100
      },
      "clockwise": {
        "func": "attr@ht.clockwise",
        "value": true
      },
      "showLabel": {
        "func": "attr@ht.showLabel",
        "value": true
      },
      "labelEvery": {
        "func": "attr@ht.labelEvery",
        "value": 10
      },
      "labelColor": {
        "func": "attr@ht.labelColor",
        "value": "rgb(76,205,252)"
      },
      "showTick": {
        "func": "attr@ht.showTick",
        "value": true
      },
      "tickEvery": {
        "func": "attr@ht.tickEvery",
        "value": 5
      },
      "tickColor": {
        "func": "attr@ht.tickColor",
        "value": "#32D3EB"
      },
      "bigTickEvery": {
        "func": "attr@ht.bigTickEvery",
        "value": 30
      },
      "bigTickColor": {
        "func": "attr@ht.bigTickColor",
        "value": "#60ACFC"
      },
      "showShadow": true
    }
  ]
}