{
  "modified": "Tue Jan 22 2019 15:00:11 GMT+0800 (China Standard Time)",
  "background": "rgb(62,79,99)",
  "dataBindings": [
    {
      "valueType": "Color",
      "name": "PBGradientColor",
      "attr": "pb.gradient.color"
    },
    {
      "valueType": "Color",
      "name": "PBBackground",
      "attr": "pb.background"
    },
    {
      "valueType": "Color",
      "name": "PBBorderColor",
      "attr": "pb.border.color"
    },
    {
      "valueType": "Number",
      "name": "PBBorderWidth",
      "attr": "pb.border.width"
    },
    {
      "valueType": "Color",
      "name": "PBForeColor",
      "attr": "pb.fore.color"
    },
    {
      "valueType": "Percentage",
      "name": "PBValue",
      "attr": "pb.value"
    },
    {
      "valueType": "Color",
      "name": "PBValueColor",
      "attr": "pb.value.color"
    },
    {
      "valueType": "String",
      "name": "PBValueFont",
      "attr": "pb.value.font"
    },
    {
      "valueType": "Boolean",
      "name": "PBValueVisible",
      "attr": "pb.value.visible"
    }
  ],
  "width": 100,
  "height": 30,
  "fitSize": true,
  "attachStyle": "close",
  "comps": [
    {
      "type": "components/progressBar/progressBar.json",
      "rect": [
        0,
        0,
        100,
        30
      ],
      "background": {
        "func": "attr@pb.background",
        "value": "#20384A"
      },
      "borderColor": {
        "func": "attr@pb.border.color",
        "value": "rgb(255,255,255)"
      },
      "borderWidth": {
        "func": "attr@pb.border.width",
        "value": 0
      },
      "foreColor": {
        "func": "attr@pb.fore.color",
        "value": "#6EFE9F"
      },
      "value": {
        "func": "attr@pb.value",
        "value": 0.7
      },
      "valueVisible": {
        "func": "attr@pb.value.visible",
        "value": true
      },
      "valueColor": {
        "func": "attr@pb.value.color",
        "value": "#88CFFF"
      },
      "valueFont": {
        "func": "attr@pb.value.font",
        "value": "12px arial"
      },
      "gradientColor": {
        "func": "attr@pb.gradient.color",
        "value": null
      }
    }
  ]
}