{
  "width": 517,
  "height": 128,
  "comps": [
    {
      "type": "shape",
      "background": "#69c1f2",
      "points": [
        29.3461,
        68.15261,
        29.3461,
        39.26849,
        52.82439,
        15.84319,
        81.6555,
        15.84319,
        81.6555,
        15.84319,
        110.53964,
        15.84319,
        133.96493,
        39.32149,
        133.96493,
        68.15261,
        133.96493,
        68.15261,
        133.96493,
        97.03674,
        110.48664,
        120.46203,
        81.6555,
        120.46203,
        29.3461,
        120.46203,
        29.3461,
        68.15261
      ],
      "segments": [
        1,
        4,
        2,
        4,
        2,
        4,
        2,
        2
      ]
    },
    {
      "type": "shape",
      "gradientPack": [
        "L",
        18.879,
        -1067.365,
        18.879,
        -1160.7805,
        0.52998,
        0,
        0,
        0.52998,
        71.63881,
        678.42911,
        0,
        "#FFFFFF",
        0.999,
        "#69C1F2"
      ],
      "points": [
        70.57884,
        113.36024,
        81.6555,
        113.36024,
        87.75032,
        113.36024,
        92.73217,
        108.85537,
        92.73217,
        103.29055,
        92.73217,
        63.06477,
        70.57884,
        63.06477
      ],
      "segments": [
        1,
        2,
        4,
        2,
        2
      ]
    },
    {
      "type": "shape",
      "background": "#48f2e6",
      "opacity": 0.6,
      "points": [
        28.33913,
        42.97838,
        17.20947,
        42.97838,
        8.19975,
        33.96864,
        8.19975,
        22.83898,
        8.19975,
        22.83898,
        8.19975,
        11.70932,
        17.20947,
        2.6996,
        28.33913,
        2.6996,
        28.33913,
        2.6996,
        39.46879,
        2.6996,
        48.47851,
        11.70932,
        48.47851,
        22.83898,
        48.47851,
        42.97838,
        28.33913,
        42.97838
      ],
      "segments": [
        1,
        4,
        2,
        4,
        2,
        4,
        2,
        2
      ]
    },
    {
      "type": "shape",
      "background": "#ffffff",
      "points": [
        59.82018,
        64.07174,
        53.51337,
        64.07174,
        48.47851,
        59.56687,
        48.47851,
        54.00205,
        48.47851,
        43.93234,
        101.47692,
        43.93234,
        107.78373,
        43.93234,
        112.81857,
        48.43721,
        112.81857,
        54.00205,
        112.81857,
        54.00205,
        112.81857,
        59.56687,
        107.73073,
        64.07174,
        101.47692,
        64.07174
      ],
      "segments": [
        1,
        4,
        2,
        2,
        4,
        2,
        4
      ]
    },
    {
      "type": "shape",
      "gradientPack": [
        "L",
        155.8419,
        -1150.4653,
        836.5603,
        -1017.7467,
        0.52998,
        0,
        0,
        0.52998,
        71.63881,
        678.42911,
        0,
        "#48F2E6",
        1,
        "#69C1F2"
      ],
      "opacity": 0.6,
      "points": [
        175.78066,
        49.17919,
        175.78066,
        73.13446,
        209.22264,
        73.13446,
        209.22264,
        49.17919,
        213.8335,
        49.17919,
        213.8335,
        103.13156,
        209.22264,
        103.13156,
        209.22264,
        77.26833,
        175.78066,
        77.26833,
        175.78066,
        103.13156,
        171.16979,
        103.13156,
        171.16979,
        49.17919,
        175.78066,
        49.17919,
        175.78066,
        49.17919
      ]
    },
    {
      "type": "shape",
      "gradientPack": [
        "L",
        158.1282,
        -1162.1917,
        838.8466,
        -1029.473,
        0.52998,
        0,
        0,
        0.52998,
        71.63881,
        678.42911,
        0,
        "#48F2E6",
        1,
        "#69C1F2"
      ],
      "opacity": 0.6,
      "points": [
        231.42896,
        51.14012,
        232.17095,
        51.72311,
        232.54193,
        52.67707,
        232.54193,
        53.79004,
        232.54193,
        54.85001,
        232.06495,
        55.75099,
        231.32297,
        56.49297,
        230.581,
        57.18194,
        229.73302,
        57.55292,
        228.67305,
        57.55292,
        227.56008,
        57.55292,
        226.65913,
        57.18194,
        225.97014,
        56.49297,
        225.22815,
        55.75099,
        224.85717,
        54.85001,
        224.85717,
        53.79004,
        224.85717,
        52.67707,
        225.22815,
        51.77611,
        225.97014,
        51.14012,
        226.65913,
        50.39816,
        227.56008,
        50.02715,
        228.67305,
        50.02715,
        229.73302,
        50.02715,
        230.634,
        50.39816,
        231.42896,
        51.14012,
        231.42896,
        51.14012,
        230.95199,
        64.07174,
        230.95199,
        103.13156,
        226.39412,
        103.13156,
        226.39412,
        64.07174,
        230.95199,
        64.07174,
        230.95199,
        64.07174
      ],
      "segments": [
        1,
        4,
        4,
        4,
        4,
        4,
        4,
        4,
        4,
        2,
        1,
        2,
        2,
        2,
        2,
        2
      ]
    },
    {
      "type": "shape",
      "gradientPack": [
        "L",
        155.5226,
        -1148.8275,
        836.241,
        -1016.1089,
        0.52998,
        0,
        0,
        0.52998,
        71.63881,
        678.42911,
        0,
        "#48F2E6",
        1,
        "#69C1F2"
      ],
      "opacity": 0.6,
      "points": [
        272.82072,
        71.91549,
        272.82072,
        64.07174,
        277.37858,
        64.07174,
        277.37858,
        100.26963,
        277.37858,
        112.83025,
        271.49576,
        119.13707,
        259.83612,
        119.13707,
        254.69526,
        119.13707,
        250.77338,
        118.0241,
        247.96447,
        115.79817,
        245.31456,
        113.67823,
        243.67159,
        110.60433,
        242.98263,
        106.41745,
        247.54049,
        106.41745,
        248.07047,
        109.27937,
        249.28943,
        111.50529,
        251.14438,
        112.93626,
        253.10531,
        114.52621,
        255.96722,
        115.37419,
        259.83612,
        115.37419,
        268.47486,
        115.37419,
        272.82072,
        110.44532,
        272.82072,
        100.79963,
        272.82072,
        93.32686,
        269.95881,
        99.20966,
        265.24195,
        102.23058,
        258.82915,
        102.23058,
        253.3703,
        102.23058,
        249.02444,
        100.26963,
        245.73854,
        96.40075,
        242.71764,
        92.79686,
        241.18067,
        88.23899,
        241.18067,
        82.67417,
        241.18067,
        77.16233,
        242.71764,
        72.55148,
        245.73854,
        68.94759,
        248.97145,
        65.02571,
        253.3703,
        63.06477,
        258.82915,
        63.06477,
        265.24195,
        63.01177,
        269.95881,
        65.97967,
        272.82072,
        71.91549,
        272.82072,
        71.91549,
        249.28943,
        71.54451,
        246.9575,
        74.40642,
        245.79154,
        78.11631,
        245.79154,
        82.67417,
        245.79154,
        87.07303,
        246.85151,
        90.67692,
        249.02444,
        93.53885,
        251.35637,
        96.71874,
        254.74826,
        98.3087,
        259.20013,
        98.3087,
        263.49301,
        98.3087,
        266.88489,
        96.77174,
        269.32282,
        93.75084,
        271.60175,
        90.88893,
        272.71472,
        87.17904,
        272.71472,
        82.62117,
        272.71472,
        78.06331,
        271.60175,
        74.40642,
        269.32282,
        71.49151,
        266.88489,
        68.3116,
        263.49301,
        66.82765,
        259.25313,
        66.82765,
        255.06626,
        66.88065,
        251.72736,
        68.3646,
        249.28943,
        71.54451,
        249.28943,
        71.54451
      ],
      "segments": [
        1,
        2,
        2,
        2,
        4,
        4,
        4,
        2,
        4,
        4,
        4,
        2,
        4,
        4,
        4,
        4,
        4,
        4,
        2,
        1,
        4,
        4,
        4,
        4,
        4,
        4,
        4,
        4,
        2
      ]
    },
    {
      "type": "shape",
      "gradientPack": [
        "L",
        162.7062,
        -1185.6724,
        843.4246,
        -1052.9537,
        0.52998,
        0,
        0,
        0.52998,
        71.63881,
        678.42911,
        0,
        "#48F2E6",
        1,
        "#69C1F2"
      ],
      "opacity": 0.6,
      "points": [
        291.47615,
        48.11922,
        291.47615,
        71.17353,
        292.8541,
        68.52359,
        294.65606,
        66.50967,
        296.93499,
        65.07871,
        299.10793,
        63.70074,
        301.59885,
        63.06477,
        304.35477,
        63.06477,
        308.80662,
        63.06477,
        312.30452,
        64.33673,
        314.79544,
        66.98664,
        317.28636,
        69.63656,
        318.55832,
        73.39945,
        318.55832,
        78.2223,
        318.55832,
        103.13156,
        314.00048,
        103.13156,
        314.00048,
        78.80529,
        314.00048,
        75.04241,
        312.9935,
        72.07449,
        311.13855,
        69.95456,
        309.17762,
        67.94062,
        306.5277,
        66.93365,
        303.02981,
        66.93365,
        299.7969,
        66.93365,
        297.04099,
        68.20561,
        294.81505,
        70.85552,
        292.53612,
        73.39945,
        291.47615,
        76.68535,
        291.47615,
        80.50123,
        291.47615,
        103.07854,
        286.8653,
        103.07854,
        286.8653,
        48.06622,
        291.47615,
        48.06622,
        291.47615,
        48.11922
      ],
      "segments": [
        1,
        2,
        4,
        4,
        4,
        4,
        2,
        2,
        2,
        4,
        4,
        4,
        4,
        2,
        2,
        2,
        2,
        2
      ]
    },
    {
      "type": "shape",
      "gradientPack": [
        "L",
        166.7031,
        -1206.1729,
        847.4215,
        -1073.4542,
        0.52998,
        0,
        0,
        0.52998,
        71.63881,
        678.42911,
        0,
        "#48F2E6",
        1,
        "#69C1F2"
      ],
      "points": [
        347.12447,
        62.69378,
        357.30016,
        62.69378,
        357.30016,
        66.61566,
        347.12447,
        66.61566,
        347.12447,
        93.06185,
        347.12447,
        94.70481,
        347.44246,
        96.02977,
        348.02543,
        96.77174,
        348.60842,
        97.46072,
        349.77439,
        97.83171,
        351.41733,
        97.83171,
        356.34618,
        97.83171,
        356.34618,
        101.75358,
        350.83436,
        101.75358,
        347.81344,
        101.75358,
        345.6405,
        100.90562,
        344.31554,
        99.42167,
        343.09658,
        98.0437,
        342.56661,
        95.92377,
        342.56661,
        93.06185,
        342.56661,
        66.61566,
        334.24585,
        66.61566,
        334.24585,
        62.69378,
        342.56661,
        62.69378,
        342.56661,
        51.9881,
        347.12447,
        50.08015,
        347.12447,
        62.69378,
        347.12447,
        62.69378
      ],
      "segments": [
        1,
        2,
        2,
        2,
        2,
        4,
        4,
        2,
        2,
        2,
        4,
        4,
        2,
        2,
        2,
        2,
        2,
        2,
        2,
        2
      ]
    },
    {
      "type": "shape",
      "gradientPack": [
        "L",
        166.7481,
        -1206.4034,
        847.4664,
        -1073.6848,
        0.52998,
        0,
        0,
        0.52998,
        71.63881,
        678.42911,
        0,
        "#48F2E6",
        1,
        "#69C1F2"
      ],
      "points": [
        395.14101,
        67.83462,
        398.32091,
        71.7035,
        399.91087,
        76.52636,
        399.91087,
        82.25019,
        399.91087,
        87.97401,
        398.32091,
        92.74386,
        395.14101,
        96.61274,
        391.64312,
        100.69363,
        387.03225,
        102.81355,
        381.30844,
        102.81355,
        375.58461,
        102.81355,
        370.97374,
        100.69363,
        367.47584,
        96.61274,
        364.29595,
        92.74386,
        362.70599,
        88.027,
        362.70599,
        82.25019,
        362.70599,
        76.47336,
        364.29595,
        71.65051,
        367.52884,
        67.83462,
        370.92074,
        63.70074,
        375.53161,
        61.63381,
        381.25542,
        61.63381,
        387.03225,
        61.63381,
        391.64312,
        63.64774,
        395.14101,
        67.83462,
        395.14101,
        67.83462,
        370.81475,
        70.69653,
        368.48282,
        73.71745,
        367.31685,
        77.58633,
        367.31685,
        82.25019,
        367.31685,
        86.86104,
        368.42982,
        90.72992,
        370.81475,
        93.75084,
        373.35867,
        97.14274,
        376.85657,
        98.89168,
        381.30844,
        98.89168,
        385.76029,
        98.89168,
        389.31119,
        97.14274,
        391.90811,
        93.75084,
        394.18704,
        90.67692,
        395.406,
        86.80804,
        395.406,
        82.25019,
        395.406,
        77.58633,
        394.18704,
        73.71745,
        391.90811,
        70.69653,
        389.36418,
        67.19863,
        385.81329,
        65.55569,
        381.30844,
        65.55569,
        376.80357,
        65.55569,
        373.35867,
        67.19863,
        370.81475,
        70.69653,
        370.81475,
        70.69653
      ],
      "segments": [
        1,
        4,
        4,
        4,
        4,
        4,
        4,
        4,
        4,
        2,
        1,
        4,
        4,
        4,
        4,
        4,
        4,
        4,
        4,
        2
      ]
    },
    {
      "type": "shape",
      "gradientPack": [
        "L",
        166.812,
        -1206.7313,
        847.5304,
        -1074.0127,
        0.52998,
        0,
        0,
        0.52998,
        71.63881,
        678.42911,
        0,
        "#48F2E6",
        1,
        "#69C1F2"
      ],
      "points": [
        439.07669,
        67.88762,
        441.93859,
        71.65051,
        443.36955,
        76.42036,
        443.36955,
        82.30319,
        443.36955,
        88.027,
        441.93859,
        92.79686,
        439.12968,
        96.55975,
        435.94977,
        100.64063,
        431.65691,
        102.76056,
        426.03908,
        102.76056,
        419.78527,
        102.76056,
        415.2274,
        99.68666,
        412.36549,
        93.53885,
        412.36549,
        116.64615,
        407.80763,
        116.64615,
        407.80763,
        62.64079,
        412.1005,
        62.64079,
        412.1005,
        70.32555,
        414.96241,
        64.44272,
        419.52028,
        61.58081,
        425.82708,
        61.58081,
        431.4449,
        61.63381,
        435.84378,
        63.64774,
        439.07669,
        67.88762,
        439.07669,
        67.88762,
        415.49239,
        70.43154,
        413.31947,
        73.39945,
        412.2595,
        77.21533,
        412.2595,
        81.98519,
        412.2595,
        82.83317,
        412.2595,
        87.49703,
        413.37246,
        91.36591,
        415.75739,
        94.38681,
        418.08931,
        97.40773,
        421.26922,
        98.94467,
        425.29709,
        98.94467,
        429.74896,
        98.94467,
        433.14086,
        97.30173,
        435.57879,
        94.12182,
        437.69871,
        91.15392,
        438.75868,
        87.23204,
        438.75868,
        82.35619,
        438.75868,
        77.42734,
        437.69871,
        73.50544,
        435.68479,
        70.59054,
        433.24686,
        67.19863,
        429.85496,
        65.50269,
        425.5091,
        65.50269,
        421.16322,
        65.44969,
        417.87732,
        67.14564,
        415.49239,
        70.43154,
        415.49239,
        70.43154
      ],
      "segments": [
        1,
        4,
        4,
        4,
        4,
        2,
        2,
        2,
        2,
        2,
        4,
        4,
        2,
        1,
        4,
        2,
        4,
        4,
        4,
        4,
        4,
        4,
        4,
        2
      ]
    },
    {
      "type": "shape",
      "gradientPack": [
        "L",
        172.7722,
        -1237.3015,
        853.4906,
        -1104.5829,
        0.52998,
        0,
        0,
        0.52998,
        71.63881,
        678.42911,
        0,
        "#48F2E6",
        1,
        "#69C1F2"
      ],
      "points": [
        482.32337,
        67.83462,
        485.50326,
        71.7035,
        487.09323,
        76.52636,
        487.09323,
        82.25019,
        487.09323,
        87.97401,
        485.50326,
        92.74386,
        482.32337,
        96.61274,
        478.82548,
        100.69363,
        474.21461,
        102.81355,
        468.4908,
        102.81355,
        462.76696,
        102.81355,
        458.1561,
        100.69363,
        454.6582,
        96.61274,
        451.47831,
        92.74386,
        449.88834,
        88.027,
        449.88834,
        82.25019,
        449.88834,
        76.47336,
        451.47831,
        71.65051,
        454.7112,
        67.83462,
        458.1031,
        63.70074,
        462.71397,
        61.63381,
        468.43778,
        61.63381,
        474.21461,
        61.63381,
        478.82548,
        63.64774,
        482.32337,
        67.83462,
        482.32337,
        67.83462,
        457.99711,
        70.69653,
        455.66517,
        73.71745,
        454.49921,
        77.58633,
        454.49921,
        82.25019,
        454.49921,
        86.86104,
        455.61218,
        90.72992,
        457.99711,
        93.75084,
        460.54103,
        97.14274,
        464.03892,
        98.89168,
        468.4908,
        98.89168,
        472.94265,
        98.89168,
        476.49354,
        97.14274,
        479.09046,
        93.75084,
        481.3694,
        90.67692,
        482.58836,
        86.80804,
        482.58836,
        82.25019,
        482.58836,
        77.58633,
        481.3694,
        73.71745,
        479.09046,
        70.69653,
        476.54654,
        67.19863,
        472.99565,
        65.55569,
        468.4908,
        65.55569,
        464.03892,
        65.55569,
        460.54103,
        67.19863,
        457.99711,
        70.69653,
        457.99711,
        70.69653
      ],
      "segments": [
        1,
        4,
        4,
        4,
        4,
        4,
        4,
        4,
        4,
        2,
        1,
        4,
        4,
        4,
        4,
        4,
        4,
        4,
        4,
        2
      ]
    },
    {
      "type": "shape",
      "background": "#f2f2f2",
      "points": [
        133.48795,
        116.64615,
        236.88781,
        116.64615,
        236.88781,
        116.64615,
        236.88781,
        116.64615,
        236.88781,
        120.46203,
        236.88781,
        120.46203,
        236.88781,
        120.46203,
        133.48795,
        120.46203,
        133.48795,
        120.46203,
        133.48795,
        120.46203,
        133.48795,
        116.64615,
        133.48795,
        116.64615,
        133.48795,
        116.64615,
        133.48795,
        116.64615
      ],
      "segments": [
        1,
        2,
        3,
        2,
        3,
        2,
        3,
        2,
        3,
        2
      ]
    },
    {
      "type": "shape",
      "background": "#f2f2f2",
      "points": [
        281.93645,
        116.64615,
        511.57849,
        116.64615,
        511.57849,
        116.64615,
        511.57849,
        116.64615,
        511.57849,
        120.46203,
        511.57849,
        120.46203,
        511.57849,
        120.46203,
        281.93645,
        120.46203,
        281.93645,
        120.46203,
        281.93645,
        120.46203,
        281.93645,
        116.64615,
        281.93645,
        116.64615,
        281.93645,
        116.64615,
        281.93645,
        116.64615
      ],
      "segments": [
        1,
        2,
        3,
        2,
        3,
        2,
        3,
        2,
        3,
        2
      ]
    }
  ]
}