{
  "width": 396,
  "height": 230,
  "comps": [
    {
      "type": "shape",
      "background": "#69c1f2",
      "points": [
        156.3963,
        74.94155,
        156.3963,
        46.05744,
        179.87459,
        22.63213,
        208.7057,
        22.63213,
        208.7057,
        22.63213,
        237.58984,
        22.63213,
        261.01513,
        46.11043,
        261.01513,
        74.94155,
        261.01513,
        74.94155,
        261.01513,
        103.82568,
        237.53684,
        127.25097,
        208.7057,
        127.25097,
        156.3963,
        127.25097,
        156.3963,
        74.94155
      ],
      "segments": [
        1,
        4,
        2,
        4,
        2,
        4,
        2,
        2
      ]
    },
    {
      "type": "shape",
      "gradientPack": [
        "L",
        18.879,
        -1067.365,
        18.879,
        -1160.7805,
        0.52998,
        0,
        0,
        0.52998,
        198.68901,
        685.21805,
        0,
        "#FFFFFF",
        0.999,
        "#69C1F2"
      ],
      "points": [
        197.62904,
        120.14918,
        208.7057,
        120.14918,
        214.80052,
        120.14918,
        219.78237,
        115.64431,
        219.78237,
        110.07949,
        219.78237,
        69.85371,
        197.62904,
        69.85371
      ],
      "segments": [
        1,
        2,
        4,
        2,
        2
      ]
    },
    {
      "type": "shape",
      "background": "#48f2e6",
      "opacity": 0.6,
      "points": [
        155.38933,
        49.76732,
        144.25967,
        49.76732,
        135.24995,
        40.75758,
        135.24995,
        29.62792,
        135.24995,
        29.62792,
        135.24995,
        18.49826,
        144.25967,
        9.48854,
        155.38933,
        9.48854,
        155.38933,
        9.48854,
        166.51899,
        9.48854,
        175.52871,
        18.49826,
        175.52871,
        29.62792,
        175.52871,
        49.76732,
        155.38933,
        49.76732
      ],
      "segments": [
        1,
        4,
        2,
        4,
        2,
        4,
        2,
        2
      ]
    },
    {
      "type": "shape",
      "background": "#ffffff",
      "points": [
        186.87038,
        70.86068,
        180.56357,
        70.86068,
        175.52871,
        66.35581,
        175.52871,
        60.79099,
        175.52871,
        50.72128,
        228.52712,
        50.72128,
        234.83393,
        50.72128,
        239.86877,
        55.22615,
        239.86877,
        60.79099,
        239.86877,
        60.79099,
        239.86877,
        66.35581,
        234.78093,
        70.86068,
        228.52712,
        70.86068
      ],
      "segments": [
        1,
        4,
        2,
        2,
        4,
        2,
        4
      ]
    },
    {
      "type": "shape",
      "gradientPack": [
        "L",
        155.8419,
        -1150.4653,
        836.5603,
        -1017.7467,
        0.46063,
        0,
        0,
        0.46063,
        -20.06732,
        702.1429,
        0,
        "#48F2E6",
        1,
        "#69C1F2"
      ],
      "opacity": 0.6,
      "points": [
        70.44858,
        155.22419,
        70.44858,
        176.04514,
        99.51501,
        176.04514,
        99.51501,
        155.22419,
        103.52259,
        155.22419,
        103.52259,
        202.11741,
        99.51501,
        202.11741,
        99.51501,
        179.63813,
        70.44858,
        179.63813,
        70.44858,
        202.11741,
        66.441,
        202.11741,
        66.441,
        155.22419,
        70.44858,
        155.22419,
        70.44858,
        155.22419
      ]
    },
    {
      "type": "shape",
      "gradientPack": [
        "L",
        158.1282,
        -1162.1917,
        838.8466,
        -1029.473,
        0.46063,
        0,
        0,
        0.46063,
        -20.06732,
        702.1429,
        0,
        "#48F2E6",
        1,
        "#69C1F2"
      ],
      "opacity": 0.6,
      "points": [
        118.81585,
        156.92855,
        119.46076,
        157.43526,
        119.7832,
        158.2644,
        119.7832,
        159.23175,
        119.7832,
        160.15303,
        119.36863,
        160.93613,
        118.72373,
        161.58103,
        118.07884,
        162.17986,
        117.34181,
        162.5023,
        116.42052,
        162.5023,
        115.45318,
        162.5023,
        114.6701,
        162.17986,
        114.07126,
        161.58103,
        113.42636,
        160.93613,
        113.10391,
        160.15303,
        113.10391,
        159.23175,
        113.10391,
        158.2644,
        113.42636,
        157.48133,
        114.07126,
        156.92855,
        114.6701,
        156.28366,
        115.45318,
        155.9612,
        116.42052,
        155.9612,
        117.34181,
        155.9612,
        118.1249,
        156.28366,
        118.81585,
        156.92855,
        118.81585,
        156.92855,
        118.40128,
        168.16819,
        118.40128,
        202.11741,
        114.43977,
        202.11741,
        114.43977,
        168.16819,
        118.40128,
        168.16819,
        118.40128,
        168.16819
      ],
      "segments": [
        1,
        4,
        4,
        4,
        4,
        4,
        4,
        4,
        4,
        2,
        1,
        2,
        2,
        2,
        2,
        2
      ]
    },
    {
      "type": "shape",
      "gradientPack": [
        "L",
        155.5226,
        -1148.8275,
        836.241,
        -1016.1089,
        0.46063,
        0,
        0,
        0.46063,
        -20.06732,
        702.1429,
        0,
        "#48F2E6",
        1,
        "#69C1F2"
      ],
      "opacity": 0.6,
      "points": [
        154.7919,
        174.98567,
        154.7919,
        168.16819,
        158.75341,
        168.16819,
        158.75341,
        199.62994,
        158.75341,
        210.54713,
        153.6403,
        216.02876,
        143.50621,
        216.02876,
        139.03798,
        216.02876,
        135.62924,
        215.06142,
        133.18785,
        213.12672,
        130.88465,
        211.28416,
        129.45665,
        208.61245,
        128.85783,
        204.97338,
        132.81934,
        204.97338,
        133.27998,
        207.46085,
        134.33945,
        209.39553,
        135.9517,
        210.63927,
        137.65606,
        212.02119,
        140.14352,
        212.75822,
        143.50621,
        212.75822,
        151.01465,
        212.75822,
        154.7919,
        208.47424,
        154.7919,
        200.09059,
        154.7919,
        193.59556,
        152.30444,
        198.70866,
        148.20474,
        201.33432,
        142.63099,
        201.33432,
        137.88638,
        201.33432,
        134.10913,
        199.62994,
        131.25316,
        196.26727,
        128.62751,
        193.13491,
        127.29164,
        189.1734,
        127.29164,
        184.33668,
        127.29164,
        179.54601,
        128.62751,
        175.53844,
        131.25316,
        172.40609,
        134.06307,
        168.99735,
        137.88638,
        167.29297,
        142.63099,
        167.29297,
        148.20474,
        167.24691,
        152.30444,
        169.82649,
        154.7919,
        174.98567,
        154.7919,
        174.98567,
        134.33945,
        174.66322,
        132.31263,
        177.15068,
        131.29922,
        180.37516,
        131.29922,
        184.33668,
        131.29922,
        188.15999,
        132.2205,
        191.29234,
        134.10913,
        193.77982,
        136.13596,
        196.54365,
        139.08404,
        197.92558,
        142.95343,
        197.92558,
        146.68463,
        197.92558,
        149.63272,
        196.58971,
        151.75167,
        193.96407,
        153.73242,
        191.47661,
        154.69977,
        188.25213,
        154.69977,
        184.29061,
        154.69977,
        180.3291,
        153.73242,
        177.15068,
        151.75167,
        174.61716,
        149.63272,
        171.85331,
        146.68463,
        170.56352,
        142.9995,
        170.56352,
        139.36044,
        170.60958,
        136.4584,
        171.89937,
        134.33945,
        174.66322,
        134.33945,
        174.66322
      ],
      "segments": [
        1,
        2,
        2,
        2,
        4,
        4,
        4,
        2,
        4,
        4,
        4,
        2,
        4,
        4,
        4,
        4,
        4,
        4,
        2,
        1,
        4,
        4,
        4,
        4,
        4,
        4,
        4,
        4,
        2
      ]
    },
    {
      "type": "shape",
      "gradientPack": [
        "L",
        162.7062,
        -1185.6724,
        843.4246,
        -1052.9537,
        0.46063,
        0,
        0,
        0.46063,
        -20.06732,
        702.1429,
        0,
        "#48F2E6",
        1,
        "#69C1F2"
      ],
      "opacity": 0.6,
      "points": [
        171.00645,
        154.30291,
        171.00645,
        174.34078,
        172.20411,
        172.03756,
        173.7703,
        170.28714,
        175.75105,
        169.04341,
        177.63969,
        167.84573,
        179.8047,
        167.29297,
        182.20002,
        167.29297,
        186.0694,
        167.29297,
        189.10963,
        168.39851,
        191.27464,
        170.70171,
        193.43965,
        173.00491,
        194.54519,
        176.27546,
        194.54519,
        180.46729,
        194.54519,
        202.11741,
        190.58369,
        202.11741,
        190.58369,
        180.974,
        190.58369,
        177.70346,
        189.70847,
        175.12386,
        188.09622,
        173.28131,
        186.39186,
        171.53087,
        184.08865,
        170.65565,
        181.04842,
        170.65565,
        178.23851,
        170.65565,
        175.84318,
        171.76118,
        173.90849,
        174.06438,
        171.92773,
        176.27546,
        171.00645,
        179.13144,
        171.00645,
        182.44805,
        171.00645,
        202.07134,
        166.99888,
        202.07134,
        166.99888,
        154.25684,
        171.00645,
        154.25684,
        171.00645,
        154.30291
      ],
      "segments": [
        1,
        2,
        4,
        4,
        4,
        4,
        2,
        2,
        2,
        4,
        4,
        4,
        4,
        2,
        2,
        2,
        2,
        2
      ]
    },
    {
      "type": "shape",
      "gradientPack": [
        "L",
        166.7031,
        -1206.1729,
        847.4215,
        -1073.4542,
        0.46063,
        0,
        0,
        0.46063,
        -20.06732,
        702.1429,
        0,
        "#48F2E6",
        1,
        "#69C1F2"
      ],
      "points": [
        219.37373,
        166.97053,
        228.21803,
        166.97053,
        228.21803,
        170.37927,
        219.37373,
        170.37927,
        219.37373,
        193.36523,
        219.37373,
        194.79323,
        219.65011,
        195.94483,
        220.15681,
        196.58971,
        220.66352,
        197.18855,
        221.67693,
        197.511,
        223.10491,
        197.511,
        227.38887,
        197.511,
        227.38887,
        200.91974,
        222.59822,
        200.91974,
        219.97256,
        200.91974,
        218.08393,
        200.18272,
        216.93233,
        198.89293,
        215.87285,
        197.69525,
        215.41222,
        195.8527,
        215.41222,
        193.36523,
        215.41222,
        170.37927,
        208.18016,
        170.37927,
        208.18016,
        166.97053,
        215.41222,
        166.97053,
        215.41222,
        157.66558,
        219.37373,
        156.00727,
        219.37373,
        166.97053,
        219.37373,
        166.97053
      ],
      "segments": [
        1,
        2,
        2,
        2,
        2,
        4,
        4,
        2,
        2,
        2,
        4,
        4,
        2,
        2,
        2,
        2,
        2,
        2,
        2,
        2
      ]
    },
    {
      "type": "shape",
      "gradientPack": [
        "L",
        166.7481,
        -1206.4034,
        847.4664,
        -1073.6848,
        0.46063,
        0,
        0,
        0.46063,
        -20.06732,
        702.1429,
        0,
        "#48F2E6",
        1,
        "#69C1F2"
      ],
      "points": [
        261.10778,
        171.43874,
        263.87161,
        174.80141,
        265.25355,
        178.99325,
        265.25355,
        183.96817,
        265.25355,
        188.94308,
        263.87161,
        193.08885,
        261.10778,
        196.45152,
        258.06755,
        199.99847,
        254.05997,
        201.84102,
        249.08506,
        201.84102,
        244.11014,
        201.84102,
        240.10256,
        199.99847,
        237.06233,
        196.45152,
        234.29849,
        193.08885,
        232.91656,
        188.98914,
        232.91656,
        183.96817,
        232.91656,
        178.94718,
        234.29849,
        174.75535,
        237.10839,
        171.43874,
        240.05649,
        167.84573,
        244.06407,
        166.04924,
        249.03898,
        166.04924,
        254.05997,
        166.04924,
        258.06755,
        167.79967,
        261.10778,
        171.43874,
        261.10778,
        171.43874,
        239.96437,
        173.92619,
        237.93755,
        176.55185,
        236.92414,
        179.91453,
        236.92414,
        183.96817,
        236.92414,
        187.97573,
        237.89148,
        191.33841,
        239.96437,
        193.96407,
        242.17544,
        196.91217,
        245.21567,
        198.43228,
        249.08506,
        198.43228,
        252.95443,
        198.43228,
        256.04073,
        196.91217,
        258.29787,
        193.96407,
        260.27862,
        191.29234,
        261.3381,
        187.92967,
        261.3381,
        183.96817,
        261.3381,
        179.91453,
        260.27862,
        176.55185,
        258.29787,
        173.92619,
        256.08679,
        170.88596,
        253.0005,
        169.45798,
        249.08506,
        169.45798,
        245.16961,
        169.45798,
        242.17544,
        170.88596,
        239.96437,
        173.92619,
        239.96437,
        173.92619
      ],
      "segments": [
        1,
        4,
        4,
        4,
        4,
        4,
        4,
        4,
        4,
        2,
        1,
        4,
        4,
        4,
        4,
        4,
        4,
        4,
        4,
        2
      ]
    },
    {
      "type": "shape",
      "gradientPack": [
        "L",
        166.812,
        -1206.7313,
        847.5304,
        -1074.0127,
        0.46063,
        0,
        0,
        0.46063,
        -20.06732,
        702.1429,
        0,
        "#48F2E6",
        1,
        "#69C1F2"
      ],
      "points": [
        299.2949,
        171.4848,
        301.78235,
        174.75535,
        303.02608,
        178.90112,
        303.02608,
        184.01423,
        303.02608,
        188.98914,
        301.78235,
        193.13491,
        299.34096,
        196.40546,
        296.57711,
        199.9524,
        292.84593,
        201.79496,
        287.96313,
        201.79496,
        282.52757,
        201.79496,
        278.56606,
        199.12325,
        276.0786,
        193.77982,
        276.0786,
        213.86375,
        272.11709,
        213.86375,
        272.11709,
        166.92446,
        275.84829,
        166.92446,
        275.84829,
        173.60375,
        278.33574,
        168.49063,
        282.29726,
        166.00318,
        287.77888,
        166.00318,
        292.66166,
        166.04924,
        296.48498,
        167.79967,
        299.2949,
        171.4848,
        299.2949,
        171.4848,
        278.79637,
        173.69588,
        276.90776,
        176.27546,
        275.98648,
        179.59207,
        275.98648,
        183.73784,
        275.98648,
        184.47487,
        275.98648,
        188.52851,
        276.95382,
        191.89118,
        279.02671,
        194.51683,
        281.05351,
        197.14249,
        283.81736,
        198.47834,
        287.31823,
        198.47834,
        291.18762,
        198.47834,
        294.13572,
        197.05036,
        296.25467,
        194.28651,
        298.09722,
        191.70693,
        299.0185,
        188.29819,
        299.0185,
        184.0603,
        299.0185,
        179.77634,
        298.09722,
        176.36759,
        296.34679,
        173.83407,
        294.22785,
        170.88596,
        291.27974,
        169.41192,
        287.5025,
        169.41192,
        283.72524,
        169.36586,
        280.86926,
        170.8399,
        278.79637,
        173.69588,
        278.79637,
        173.69588
      ],
      "segments": [
        1,
        4,
        4,
        4,
        4,
        2,
        2,
        2,
        2,
        2,
        4,
        4,
        2,
        1,
        4,
        2,
        4,
        4,
        4,
        4,
        4,
        4,
        4,
        2
      ]
    },
    {
      "type": "shape",
      "gradientPack": [
        "L",
        172.7722,
        -1237.3015,
        853.4906,
        -1104.5829,
        0.46063,
        0,
        0,
        0.46063,
        -20.06732,
        702.1429,
        0,
        "#48F2E6",
        1,
        "#69C1F2"
      ],
      "points": [
        336.88318,
        171.43874,
        339.64701,
        174.80141,
        341.02895,
        178.99325,
        341.02895,
        183.96817,
        341.02895,
        188.94308,
        339.64701,
        193.08885,
        336.88318,
        196.45152,
        333.84295,
        199.99847,
        329.83537,
        201.84102,
        324.86046,
        201.84102,
        319.88553,
        201.84102,
        315.87796,
        199.99847,
        312.83772,
        196.45152,
        310.07389,
        193.08885,
        308.69196,
        188.98914,
        308.69196,
        183.96817,
        308.69196,
        178.94718,
        310.07389,
        174.75535,
        312.88379,
        171.43874,
        315.83189,
        167.84573,
        319.83947,
        166.04924,
        324.81438,
        166.04924,
        329.83537,
        166.04924,
        333.84295,
        167.79967,
        336.88318,
        171.43874,
        336.88318,
        171.43874,
        315.73977,
        173.92619,
        313.71295,
        176.55185,
        312.69953,
        179.91453,
        312.69953,
        183.96817,
        312.69953,
        187.97573,
        313.66688,
        191.33841,
        315.73977,
        193.96407,
        317.95084,
        196.91217,
        320.99107,
        198.43228,
        324.86046,
        198.43228,
        328.72983,
        198.43228,
        331.81613,
        196.91217,
        334.07326,
        193.96407,
        336.05402,
        191.29234,
        337.11349,
        187.92967,
        337.11349,
        183.96817,
        337.11349,
        179.91453,
        336.05402,
        176.55185,
        334.07326,
        173.92619,
        331.86219,
        170.88596,
        328.77589,
        169.45798,
        324.86046,
        169.45798,
        320.99107,
        169.45798,
        317.95084,
        170.88596,
        315.73977,
        173.92619,
        315.73977,
        173.92619
      ],
      "segments": [
        1,
        4,
        4,
        4,
        4,
        4,
        4,
        4,
        4,
        2,
        1,
        4,
        4,
        4,
        4,
        4,
        4,
        4,
        4,
        2
      ]
    },
    {
      "type": "shape",
      "background": "#f2f2f2",
      "points": [
        33.68946,
        213.86375,
        123.56046,
        213.86375,
        123.56046,
        213.86375,
        123.56046,
        213.86375,
        123.56046,
        217.18036,
        123.56046,
        217.18036,
        123.56046,
        217.18036,
        33.68946,
        217.18036,
        33.68946,
        217.18036,
        33.68946,
        217.18036,
        33.68946,
        213.86375,
        33.68946,
        213.86375,
        33.68946,
        213.86375,
        33.68946,
        213.86375
      ],
      "segments": [
        1,
        2,
        3,
        2,
        3,
        2,
        3,
        2,
        3,
        2
      ]
    },
    {
      "type": "shape",
      "background": "#f2f2f2",
      "points": [
        162.71493,
        213.86375,
        362.31055,
        213.86375,
        362.31055,
        213.86375,
        362.31055,
        213.86375,
        362.31055,
        217.18036,
        362.31055,
        217.18036,
        362.31055,
        217.18036,
        162.71493,
        217.18036,
        162.71493,
        217.18036,
        162.71493,
        217.18036,
        162.71493,
        213.86375,
        162.71493,
        213.86375,
        162.71493,
        213.86375,
        162.71493,
        213.86375
      ],
      "segments": [
        1,
        2,
        3,
        2,
        3,
        2,
        3,
        2,
        3,
        2
      ]
    }
  ]
}