{
  "width": 128,
  "height": 128,
  "comps": [
    {
      "type": "shape",
      "background": "#69c1f2",
      "points": [
        22,
        72.021,
        22,
        43.29076,
        45.33976,
        20,
        74,
        20,
        74,
        20,
        102.71824,
        20,
        126,
        43.33976,
        126,
        72,
        126,
        72,
        126,
        100.71824,
        102.66024,
        124,
        74,
        124,
        22,
        124,
        22,
        72.05799
      ],
      "segments": [
        1,
        4,
        2,
        4,
        2,
        4,
        2,
        2
      ]
    },
    {
      "type": "shape",
      "background": "#ffffff",
      "points": [
        63,
        117,
        74,
        117,
        80.07565,
        117,
        85,
        112.51842,
        85,
        107.0014,
        85,
        67,
        63,
        67
      ],
      "segments": [
        1,
        2,
        4,
        2,
        2
      ]
    },
    {
      "type": "shape",
      "background": "#48f2e6",
      "opacity": 0.6,
      "points": [
        21.008,
        47,
        9.95803,
        47,
        1,
        38.02296,
        1,
        27,
        1,
        27,
        1,
        15.95403,
        9.97704,
        7,
        21,
        7,
        21,
        7,
        32.04597,
        7,
        41,
        15.97704,
        41,
        27,
        41,
        47,
        21.02201,
        47
      ],
      "segments": [
        1,
        4,
        2,
        4,
        2,
        4,
        2,
        2
      ]
    },
    {
      "type": "shape",
      "gradientPack": [
        "L",
        73,
        90,
        73,
        61,
        1,
        0,
        0,
        1,
        1,
        7,
        0,
        "rgba(125, 201, 243, 0)",
        0.9995,
        "#69C1F2"
      ],
      "points": [
        63,
        68,
        85,
        68,
        85,
        68,
        85,
        68,
        85,
        97,
        85,
        97,
        85,
        97,
        63,
        97,
        63,
        97,
        63,
        97,
        63,
        68,
        63,
        68,
        63,
        68,
        63,
        68
      ],
      "segments": [
        1,
        2,
        3,
        2,
        3,
        2,
        3,
        2,
        3,
        2
      ]
    },
    {
      "type": "shape",
      "background": "#ffffff",
      "points": [
        52.29435,
        68,
        46.04868,
        68,
        41,
        63.52254,
        41,
        58,
        41,
        48,
        93.70565,
        48,
        99.95132,
        48,
        105,
        52.47746,
        105,
        58,
        105,
        58,
        105,
        63.51135,
        99.94336,
        68,
        93.70565,
        68
      ],
      "segments": [
        1,
        4,
        2,
        2,
        4,
        2,
        4
      ]
    }
  ]
}