{
  "modified": "Tue Nov 27 2018 11:42:20 GMT+0800 (中国标准时间)",
  "width": 215,
  "height": 246,
  "attachStyle": "close",
  "comps": [
    {
      "type": "polygon",
      "background": "rgba(0,0,0,0.10)",
      "borderColor": "#979797",
      "rotation": 4.71239,
      "rect": [
        -25.04207,
        1.82883,
        265.08414,
        242.34233
      ]
    },
    {
      "type": "shape",
      "background": "#69c1f2",
      "rotation": 0,
      "points": [
        83.78875,
        99.38428,
        83.78875,
        83.24753,
        96.90542,
        70.16046,
        113.01257,
        70.16046,
        113.01257,
        70.16046,
        129.14934,
        70.16046,
        142.2364,
        83.27714,
        142.2364,
        99.38428,
        142.2364,
        99.38428,
        142.2364,
        115.52105,
        129.11973,
        128.60811,
        113.01257,
        128.60811,
        83.78875,
        128.60811,
        83.78875,
        99.38428
      ],
      "segments": [
        1,
        4,
        2,
        4,
        2,
        4,
        2,
        2
      ]
    },
    {
      "type": "shape",
      "gradientPack": [
        "L",
        18.879,
        -1067.365,
        18.879,
        -1160.7805,
        0.29608,
        0,
        0,
        0.28945,
        107.41652,
        433.25338,
        0,
        "#FFFFFF",
        0.999,
        "#69C1F2"
      ],
      "rotation": 0,
      "points": [
        106.82434,
        124.64054,
        113.01257,
        124.64054,
        116.41757,
        124.64054,
        119.20079,
        122.1802,
        119.20079,
        119.14097,
        119.20079,
        97.17162,
        106.82434,
        97.17162
      ],
      "segments": [
        1,
        2,
        4,
        2,
        2
      ]
    },
    {
      "type": "shape",
      "background": "#48f2e6",
      "opacity": 0.6,
      "rotation": 0,
      "points": [
        83.22618,
        85.32014,
        77.00835,
        85.32014,
        71.97487,
        80.28665,
        71.97487,
        74.06881,
        71.97487,
        74.06881,
        71.97487,
        67.85098,
        77.00835,
        62.8175,
        83.22618,
        62.8175,
        83.22618,
        62.8175,
        89.44402,
        62.8175,
        94.4775,
        67.85098,
        94.4775,
        74.06881,
        94.4775,
        85.32014,
        83.22618,
        85.32014
      ],
      "segments": [
        1,
        4,
        2,
        4,
        2,
        4,
        2,
        2
      ]
    },
    {
      "type": "shape",
      "background": "#ffffff",
      "rotation": 0,
      "points": [
        100.81378,
        97.10441,
        97.29034,
        97.10441,
        94.4775,
        94.58767,
        94.4775,
        91.47876,
        94.4775,
        85.85309,
        124.08625,
        85.85309,
        127.60968,
        85.85309,
        130.42251,
        88.36983,
        130.42251,
        91.47876,
        130.42251,
        91.47876,
        130.42251,
        94.58767,
        127.58008,
        97.10441,
        124.08625,
        97.10441
      ],
      "segments": [
        1,
        4,
        2,
        2,
        4,
        2,
        4
      ]
    },
    {
      "type": "shape",
      "gradientPack": [
        "L",
        155.8419,
        -1150.4653,
        836.5603,
        -1017.7467,
        0.2597,
        0,
        0,
        0.2597,
        -13.88886,
        452.74653,
        0,
        "#48F2E6",
        1,
        "#69C1F2"
      ],
      "opacity": 0.6,
      "rotation": 0,
      "points": [
        37.1423,
        144.40409,
        37.1423,
        156.14255,
        53.5294,
        156.14255,
        53.5294,
        144.40409,
        55.7888,
        144.40409,
        55.7888,
        170.84161,
        53.5294,
        170.84161,
        53.5294,
        158.16821,
        37.1423,
        158.16821,
        37.1423,
        170.84161,
        34.8829,
        170.84161,
        34.8829,
        144.40409,
        37.1423,
        144.40409,
        37.1423,
        144.40409
      ]
    },
    {
      "type": "shape",
      "gradientPack": [
        "L",
        158.1282,
        -1162.1917,
        838.8466,
        -1029.473,
        0.2597,
        0,
        0,
        0.2597,
        -13.88886,
        452.74653,
        0,
        "#48F2E6",
        1,
        "#69C1F2"
      ],
      "opacity": 0.6,
      "rotation": 0,
      "points": [
        64.41085,
        145.36498,
        64.77443,
        145.65065,
        64.95622,
        146.11811,
        64.95622,
        146.66348,
        64.95622,
        147.18288,
        64.7225,
        147.62438,
        64.35891,
        147.98796,
        63.99534,
        148.32557,
        63.57981,
        148.50735,
        63.06041,
        148.50735,
        62.51504,
        148.50735,
        62.07355,
        148.32557,
        61.73594,
        147.98796,
        61.37235,
        147.62438,
        61.19057,
        147.18288,
        61.19057,
        146.66348,
        61.19057,
        146.11811,
        61.37235,
        145.67662,
        61.73594,
        145.36498,
        62.07355,
        145.0014,
        62.51504,
        144.81961,
        63.06041,
        144.81961,
        63.57981,
        144.81961,
        64.02131,
        145.0014,
        64.41085,
        145.36498,
        64.41085,
        145.36498,
        64.17712,
        151.70168,
        64.17712,
        170.84161,
        61.9437,
        170.84161,
        61.9437,
        151.70168,
        64.17712,
        151.70168,
        64.17712,
        151.70168
      ],
      "segments": [
        1,
        4,
        4,
        4,
        4,
        4,
        4,
        4,
        4,
        2,
        1,
        2,
        2,
        2,
        2,
        2
      ]
    },
    {
      "type": "shape",
      "gradientPack": [
        "L",
        155.5226,
        -1148.8275,
        836.241,
        -1016.1089,
        0.2597,
        0,
        0,
        0.2597,
        -13.88886,
        452.74653,
        0,
        "#48F2E6",
        1,
        "#69C1F2"
      ],
      "opacity": 0.6,
      "rotation": 0,
      "points": [
        84.69346,
        155.54524,
        84.69346,
        151.70168,
        86.92689,
        151.70168,
        86.92689,
        169.43922,
        86.92689,
        175.59412,
        84.04421,
        178.68456,
        78.33081,
        178.68456,
        75.8117,
        178.68456,
        73.88992,
        178.13919,
        72.51351,
        177.04845,
        71.21501,
        176.00964,
        70.40993,
        174.50338,
        70.07233,
        172.45174,
        72.30575,
        172.45174,
        72.56545,
        173.85413,
        73.16276,
        174.94487,
        74.07172,
        175.64607,
        75.03261,
        176.42517,
        76.43499,
        176.84069,
        78.33081,
        176.84069,
        82.56392,
        176.84069,
        84.69346,
        174.42547,
        84.69346,
        169.69892,
        84.69346,
        166.03715,
        83.29108,
        168.91982,
        80.97975,
        170.40011,
        77.83737,
        170.40011,
        75.16245,
        170.40011,
        73.03291,
        169.43922,
        71.42277,
        167.54341,
        69.94248,
        165.77744,
        69.18934,
        163.54401,
        69.18934,
        160.81716,
        69.18934,
        158.11627,
        69.94248,
        155.85689,
        71.42277,
        154.09092,
        73.00694,
        152.16914,
        75.16245,
        151.20824,
        77.83737,
        151.20824,
        80.97975,
        151.18227,
        83.29108,
        152.63659,
        84.69346,
        155.54524,
        84.69346,
        155.54524,
        73.16276,
        155.36345,
        72.02008,
        156.76583,
        71.44874,
        158.58374,
        71.44874,
        160.81716,
        71.44874,
        162.97267,
        71.96814,
        164.73864,
        73.03291,
        166.14103,
        74.1756,
        167.69922,
        75.83767,
        168.47833,
        78.01916,
        168.47833,
        80.12274,
        168.47833,
        81.78482,
        167.72519,
        82.97944,
        166.2449,
        84.09615,
        164.84252,
        84.64153,
        163.02462,
        84.64153,
        160.79119,
        84.64153,
        158.55777,
        84.09615,
        156.76583,
        82.97944,
        155.33748,
        81.78482,
        153.77928,
        80.12274,
        153.05212,
        78.04513,
        153.05212,
        75.9935,
        153.07809,
        74.35738,
        153.80525,
        73.16276,
        155.36345,
        73.16276,
        155.36345
      ],
      "segments": [
        1,
        2,
        2,
        2,
        4,
        4,
        4,
        2,
        4,
        4,
        4,
        2,
        4,
        4,
        4,
        4,
        4,
        4,
        2,
        1,
        4,
        4,
        4,
        4,
        4,
        4,
        4,
        4,
        2
      ]
    },
    {
      "type": "shape",
      "gradientPack": [
        "L",
        162.7062,
        -1185.6724,
        843.4246,
        -1052.9537,
        0.2597,
        0,
        0,
        0.2597,
        -13.88886,
        452.74653,
        0,
        "#48F2E6",
        1,
        "#69C1F2"
      ],
      "opacity": 0.6,
      "rotation": 0,
      "points": [
        93.83492,
        143.88469,
        93.83492,
        155.18166,
        94.51014,
        153.88315,
        95.39313,
        152.8963,
        96.50984,
        152.19511,
        97.57462,
        151.51988,
        98.79521,
        151.20824,
        100.14565,
        151.20824,
        102.32713,
        151.20824,
        104.04115,
        151.83152,
        105.26174,
        153.13003,
        106.48234,
        154.42853,
        107.10562,
        156.2724,
        107.10562,
        158.63568,
        107.10562,
        170.84161,
        104.8722,
        170.84161,
        104.8722,
        158.92135,
        104.8722,
        157.07748,
        104.37877,
        155.62315,
        103.46981,
        154.58435,
        102.50892,
        153.59749,
        101.21042,
        153.10406,
        99.4964,
        153.10406,
        97.91222,
        153.10406,
        96.56178,
        153.72734,
        95.47104,
        155.02584,
        94.35432,
        156.2724,
        93.83492,
        157.88255,
        93.83492,
        159.75239,
        93.83492,
        170.81563,
        91.57553,
        170.81563,
        91.57553,
        143.85872,
        93.83492,
        143.85872,
        93.83492,
        143.88469
      ],
      "segments": [
        1,
        2,
        4,
        4,
        4,
        4,
        2,
        2,
        2,
        4,
        4,
        4,
        4,
        2,
        2,
        2,
        2,
        2
      ]
    },
    {
      "type": "shape",
      "gradientPack": [
        "L",
        166.7031,
        -1206.1729,
        847.4215,
        -1073.4542,
        0.2597,
        0,
        0,
        0.2597,
        -13.88886,
        452.74653,
        0,
        "#48F2E6",
        1,
        "#69C1F2"
      ],
      "rotation": 0,
      "points": [
        121.10348,
        151.02646,
        126.08973,
        151.02646,
        126.08973,
        152.94824,
        121.10348,
        152.94824,
        121.10348,
        165.90729,
        121.10348,
        166.71237,
        121.2593,
        167.36162,
        121.54497,
        167.72519,
        121.83064,
        168.06281,
        122.40198,
        168.2446,
        123.20705,
        168.2446,
        125.62227,
        168.2446,
        125.62227,
        170.16638,
        122.92139,
        170.16638,
        121.44109,
        170.16638,
        120.37631,
        169.75086,
        119.72706,
        169.0237,
        119.12975,
        168.34847,
        118.87006,
        167.30968,
        118.87006,
        165.90729,
        118.87006,
        152.94824,
        114.79276,
        152.94824,
        114.79276,
        151.02646,
        118.87006,
        151.02646,
        118.87006,
        145.7805,
        121.10348,
        144.84558,
        121.10348,
        151.02646,
        121.10348,
        151.02646
      ],
      "segments": [
        1,
        2,
        2,
        2,
        2,
        4,
        4,
        2,
        2,
        2,
        4,
        4,
        2,
        2,
        2,
        2,
        2,
        2,
        2,
        2
      ]
    },
    {
      "type": "shape",
      "gradientPack": [
        "L",
        166.7481,
        -1206.4034,
        847.4664,
        -1073.6848,
        0.2597,
        0,
        0,
        0.2597,
        -13.88886,
        452.74653,
        0,
        "#48F2E6",
        1,
        "#69C1F2"
      ],
      "rotation": 0,
      "points": [
        144.63235,
        153.54555,
        146.19055,
        155.44136,
        146.96966,
        157.80464,
        146.96966,
        160.60941,
        146.96966,
        163.41417,
        146.19055,
        165.75147,
        144.63235,
        167.64728,
        142.91833,
        169.64698,
        140.65893,
        170.68578,
        137.85417,
        170.68578,
        135.0494,
        170.68578,
        132.79,
        169.64698,
        131.07598,
        167.64728,
        129.51778,
        165.75147,
        128.73867,
        163.44014,
        128.73867,
        160.60941,
        128.73867,
        157.77867,
        129.51778,
        155.41539,
        131.10195,
        153.54555,
        132.76403,
        151.51988,
        135.02343,
        150.50705,
        137.82819,
        150.50705,
        140.65893,
        150.50705,
        142.91833,
        151.49391,
        144.63235,
        153.54555,
        144.63235,
        153.54555,
        132.71209,
        154.94793,
        131.56941,
        156.42823,
        130.99807,
        158.32404,
        130.99807,
        160.60941,
        130.99807,
        162.86879,
        131.54344,
        164.76461,
        132.71209,
        166.2449,
        133.95866,
        167.90699,
        135.67268,
        168.764,
        137.85417,
        168.764,
        140.03565,
        168.764,
        141.77564,
        167.90699,
        143.04817,
        166.2449,
        144.16489,
        164.73864,
        144.7622,
        162.84282,
        144.7622,
        160.60941,
        144.7622,
        158.32404,
        144.16489,
        156.42823,
        143.04817,
        154.94793,
        141.80161,
        153.2339,
        140.06162,
        152.42884,
        137.85417,
        152.42884,
        135.64671,
        152.42884,
        133.95866,
        153.2339,
        132.71209,
        154.94793,
        132.71209,
        154.94793
      ],
      "segments": [
        1,
        4,
        4,
        4,
        4,
        4,
        4,
        4,
        4,
        2,
        1,
        4,
        4,
        4,
        4,
        4,
        4,
        4,
        4,
        2
      ]
    },
    {
      "type": "shape",
      "gradientPack": [
        "L",
        166.812,
        -1206.7313,
        847.5304,
        -1074.0127,
        0.2597,
        0,
        0,
        0.2597,
        -13.88886,
        452.74653,
        0,
        "#48F2E6",
        1,
        "#69C1F2"
      ],
      "rotation": 0,
      "points": [
        166.16153,
        153.57152,
        167.56391,
        155.41539,
        168.2651,
        157.7527,
        168.2651,
        160.63538,
        168.2651,
        163.44014,
        167.56391,
        165.77744,
        166.1875,
        167.62131,
        164.62929,
        169.62101,
        162.52572,
        170.65981,
        159.77289,
        170.65981,
        156.70842,
        170.65981,
        154.475,
        169.15355,
        153.07262,
        166.14103,
        153.07262,
        177.46397,
        150.83919,
        177.46397,
        150.83919,
        151.00049,
        152.94277,
        151.00049,
        152.94277,
        154.76614,
        154.34515,
        151.88346,
        156.57858,
        150.48108,
        159.66901,
        150.48108,
        162.42183,
        150.50705,
        164.57735,
        151.49391,
        166.16153,
        153.57152,
        166.16153,
        153.57152,
        154.60485,
        154.81808,
        153.54008,
        156.2724,
        153.02068,
        158.14224,
        153.02068,
        160.47955,
        153.02068,
        160.89507,
        153.02068,
        163.18044,
        153.56605,
        165.07625,
        154.7347,
        166.55654,
        155.87738,
        168.03684,
        157.43558,
        168.78997,
        159.40931,
        168.78997,
        161.59079,
        168.78997,
        163.25288,
        167.9849,
        164.4475,
        166.42669,
        165.4863,
        164.97237,
        166.0057,
        163.05059,
        166.0057,
        160.66135,
        166.0057,
        158.24613,
        165.4863,
        156.32434,
        164.49944,
        154.89599,
        163.30482,
        153.2339,
        161.64273,
        152.40287,
        159.51319,
        152.40287,
        157.38365,
        152.3769,
        155.7735,
        153.20793,
        154.60485,
        154.81808,
        154.60485,
        154.81808
      ],
      "segments": [
        1,
        4,
        4,
        4,
        4,
        2,
        2,
        2,
        2,
        2,
        4,
        4,
        2,
        1,
        4,
        2,
        4,
        4,
        4,
        4,
        4,
        4,
        4,
        2
      ]
    },
    {
      "type": "shape",
      "gradientPack": [
        "L",
        172.7722,
        -1237.3015,
        853.4906,
        -1104.5829,
        0.2597,
        0,
        0,
        0.2597,
        -13.88886,
        452.74653,
        0,
        "#48F2E6",
        1,
        "#69C1F2"
      ],
      "rotation": 0,
      "points": [
        187.35309,
        153.54555,
        188.91129,
        155.44136,
        189.69039,
        157.80464,
        189.69039,
        160.60941,
        189.69039,
        163.41417,
        188.91129,
        165.75147,
        187.35309,
        167.64728,
        185.63906,
        169.64698,
        183.37967,
        170.68578,
        180.57491,
        170.68578,
        177.77014,
        170.68578,
        175.51074,
        169.64698,
        173.79672,
        167.64728,
        172.23852,
        165.75147,
        171.45941,
        163.44014,
        171.45941,
        160.60941,
        171.45941,
        157.77867,
        172.23852,
        155.41539,
        173.82269,
        153.54555,
        175.48477,
        151.51988,
        177.74417,
        150.50705,
        180.54893,
        150.50705,
        183.37967,
        150.50705,
        185.63906,
        151.49391,
        187.35309,
        153.54555,
        187.35309,
        153.54555,
        175.43283,
        154.94793,
        174.29015,
        156.42823,
        173.71881,
        158.32404,
        173.71881,
        160.60941,
        173.71881,
        162.86879,
        174.26418,
        164.76461,
        175.43283,
        166.2449,
        176.67939,
        167.90699,
        178.39342,
        168.764,
        180.57491,
        168.764,
        182.75639,
        168.764,
        184.49638,
        167.90699,
        185.76891,
        166.2449,
        186.88563,
        164.73864,
        187.48294,
        162.84282,
        187.48294,
        160.60941,
        187.48294,
        158.32404,
        186.88563,
        156.42823,
        185.76891,
        154.94793,
        184.52235,
        153.2339,
        182.78236,
        152.42884,
        180.57491,
        152.42884,
        178.39342,
        152.42884,
        176.67939,
        153.2339,
        175.43283,
        154.94793,
        175.43283,
        154.94793
      ],
      "segments": [
        1,
        4,
        4,
        4,
        4,
        4,
        4,
        4,
        4,
        2,
        1,
        4,
        4,
        4,
        4,
        4,
        4,
        4,
        4,
        2
      ]
    },
    {
      "type": "shape",
      "background": "rgba(242,242,242,0.4)",
      "rotation": 0,
      "points": [
        16.4182,
        177.46397,
        67.08577,
        177.46397,
        67.08577,
        177.46397,
        67.08577,
        177.46397,
        67.08577,
        179.33381,
        67.08577,
        179.33381,
        67.08577,
        179.33381,
        16.4182,
        179.33381,
        16.4182,
        179.33381,
        16.4182,
        179.33381,
        16.4182,
        177.46397,
        16.4182,
        177.46397,
        16.4182,
        177.46397,
        16.4182,
        177.46397
      ],
      "segments": [
        1,
        2,
        3,
        2,
        3,
        2,
        3,
        2,
        3,
        2
      ]
    },
    {
      "type": "shape",
      "background": "rgba(242,242,242,0.4)",
      "rotation": 0,
      "points": [
        89.16032,
        177.46397,
        201.68856,
        177.46397,
        201.68856,
        177.46397,
        201.68856,
        177.46397,
        201.68856,
        179.33381,
        201.68856,
        179.33381,
        201.68856,
        179.33381,
        89.16032,
        179.33381,
        89.16032,
        179.33381,
        89.16032,
        179.33381,
        89.16032,
        177.46397,
        89.16032,
        177.46397,
        89.16032,
        177.46397,
        89.16032,
        177.46397
      ],
      "segments": [
        1,
        2,
        3,
        2,
        3,
        2,
        3,
        2,
        3,
        2
      ]
    }
  ]
}