{
  "width": 300,
  "height": 300,
  "fitSize": true,
  "comps": [
    {
      "type": "roundRect",
      "background": "rgb(153,138,8)",
      "borderColor": "#979797",
      "cornerRadius": 60,
      "rect": [
        36.14030826126148,
        73.13285772372649,
        240,
        120
      ]
    },
    {
      "type": "roundRect",
      "background": "rgb(245,226,56)",
      "borderColor": "#979797",
      "cornerRadius": 60,
      "rect": [
        36.46097487895628,
        70.66503294191361,
        240,
        120
      ]
    },
    {
      "type": "oval",
      "background": "rgb(148,138,138)",
      "borderColor": "#979797",
      "rect": [
        158.09458023916176,
        91.08295664225838,
        95.78763838019209,
        92.16604881189981
      ]
    },
    {
      "type": "oval",
      "background": "rgb(240,237,237)",
      "borderColor": "#979797",
      "rect": [
        160.11657221607672,
        80.18008332074933,
        100,
        100
      ]
    },
    {
      "type": "oval",
      "background": "rgb(255,255,255)",
      "borderColor": "#979797",
      "rect": [
        157.63209508535712,
        81.70826547725011,
        100,
        100
      ]
    },
    {
      "type": "oval",
      "background": "rgb(117,110,110)",
      "borderColor": "#979797",
      "rect": [
        212.47742357258358,
        97.89293861055019,
        22,
        22
      ]
    },
    {
      "type": "oval",
      "background": "rgb(59,58,58)",
      "borderColor": "#979797",
      "rect": [
        212.9698193178278,
        96.81695273456327,
        22,
        22
      ]
    },
    {
      "type": "oval",
      "background": "rgb(255,255,255)",
      "borderColor": "#979797",
      "rotation": 0.275187446648572,
      "rect": [
        222.05873165877662,
        99.49319186320102,
        9.368740076642254,
        6.828339978697613
      ]
    },
    {
      "type": "oval",
      "background": "rgb(247,247,124)",
      "borderColor": "#979797",
      "rect": [
        71.93479576823164,
        98.39216218678325,
        28.303519647900295,
        27.82469702602988
      ]
    },
    {
      "type": "roundRect",
      "background": "rgb(247,247,124)",
      "borderColor": "#979797",
      "rect": [
        69.380648920755,
        123.161690443197,
        43.99392348660281,
        15.193327603849838
      ]
    },
    {
      "type": "oval",
      "background": "rgb(247,247,124)",
      "borderColor": "#979797",
      "rect": [
        95.56808997032492,
        110.84139918179642,
        28.303519647900295,
        27.82469702602988
      ]
    },
    {
      "type": "oval",
      "background": "rgb(247,247,124)",
      "borderColor": "#979797",
      "rect": [
        59.71946988281813,
        110.44869470928177,
        28.303519647900295,
        27.82469702602988
      ]
    },
    {
      "type": "oval",
      "background": "rgb(247,247,124)",
      "borderColor": "#979797",
      "rect": [
        132.99381074235006,
        90.53996528116598,
        18.274786045786588,
        14.152572205502567
      ]
    },
    {
      "type": "roundRect",
      "background": "rgb(247,247,124)",
      "borderColor": "#979797",
      "rect": [
        138.77681542874785,
        93.50691668918535,
        19.9958167382911,
        11.188076808586075
      ]
    },
    {
      "type": "oval",
      "borderColor": "#979797",
      "rect": [
        141.20885515847718,
        81.46227144684087,
        17.545433206496927,
        17.233265167288344
      ]
    },
    {
      "type": "oval",
      "background": "rgb(247,247,124)",
      "borderColor": "#979797",
      "rect": [
        148.62387195728837,
        88.44673006956265,
        17.38303328929923,
        16.24826342820875
      ]
    },
    {
      "type": "oval",
      "background": "rgb(247,247,124)",
      "borderColor": "#979797",
      "rect": [
        141.59285358353213,
        83.60943078606981,
        14.653573254527924,
        11.484315544181593
      ]
    },
    {
      "type": "arc",
      "background": "rgb(125,73,5)",
      "borderColor": "#979797",
      "rotation": -0.21866894587393904,
      "rect": [
        131.15242082978446,
        160.45493052745536,
        19.966898269401575,
        7.518405967703288
      ]
    },
    {
      "type": "arc",
      "background": "rgb(125,73,5)",
      "borderColor": "#979797",
      "rotation": -0.5054251628550244,
      "rect": [
        131.06649366615807,
        152.32040520803076,
        30.539211752554113,
        14.141775857581681
      ]
    },
    {
      "type": "arc",
      "background": "rgb(125,73,5)",
      "borderColor": "#979797",
      "rotation": 0.2860080479747604,
      "rect": [
        124.06312083919289,
        154.59946749841578,
        23.426433243880112,
        10.892279420874033
      ]
    },
    {
      "type": "arc",
      "background": "rgb(125,73,5)",
      "borderColor": "#979797",
      "rotation": 0.3665191429188092,
      "rect": [
        60.03688877886144,
        160.94353574896905,
        54.20029706078387,
        21.89548424309811
      ]
    },
    {
      "type": "arc",
      "background": "rgb(125,73,5)",
      "borderColor": "#979797",
      "rotation": -0.5054251628550244,
      "rect": [
        79.67829418346734,
        159.41149459864894,
        54.20029706078387,
        21.89548424309811
      ]
    },
    {
      "type": "arc",
      "background": "rgb(125,73,5)",
      "borderColor": "#979797",
      "rotation": 0.2860080479747604,
      "rect": [
        87.22232814674213,
        174.28793446192543,
        18.306409390868367,
        9.296113927655853
      ]
    },
    {
      "type": "oval",
      "background": "rgb(222,222,109)",
      "borderColor": "#979797",
      "rect": [
        90.45607202629917,
        91.5607397169669,
        31.35537032400484,
        31.779675896870906
      ]
    },
    {
      "type": "oval",
      "background": "rgb(250,250,220)",
      "borderColor": "#979797",
      "rect": [
        90.89679097611985,
        90.45894234241521,
        31.35537032400484,
        31.779675896870906
      ]
    }
  ]
}