{
  "width": 101,
  "height": 232,
  "comps": [
    {
      "type": "shape",
      "background": "rgba(13,15,15,0.8)",
      "shadowColor": "#1ABC9C",
      "points": [
        97.11405,
        194.86342,
        87.26804,
        222.98115,
        49.69667,
        223.37236,
        49.69667,
        223.37236,
        45.70413,
        226.20916,
        1.16,
        199.8,
        0.94,
        198.62,
        68.28789,
        169.24133,
        99.88042,
        192.01567
      ],
      "segments": [
        1,
        4,
        2,
        2,
        2,
        2,
        2
      ]
    },
    {
      "type": "shape",
      "background": "#222527",
      "shadowColor": "#1ABC9C",
      "points": [
        100.073,
        192.247,
        56.14,
        166.88,
        56.14,
        0.863,
        100.073,
        26.229,
        100.073,
        192.247
      ]
    },
    {
      "type": "shape",
      "background": "#616466",
      "shadowColor": "#1ABC9C",
      "points": [
        0.927,
        198.637,
        56.14,
        166.88,
        56.14,
        0.863,
        0.927,
        32.617,
        0.927,
        198.637
      ]
    },
    {
      "type": "shape",
      "background": "#414e52",
      "shadowColor": "#1ABC9C",
      "points": [
        96.478,
        170.577,
        47.165,
        199.049,
        8.548,
        176.862,
        57.861,
        148.392,
        96.478,
        170.577
      ]
    },
    {
      "type": "shape",
      "background": "#283539",
      "shadowColor": "#1ABC9C",
      "points": [
        47.165,
        207.287,
        8.548,
        185.102,
        8.548,
        176.862,
        47.165,
        199.049,
        47.165,
        207.287,
        47.165,
        207.287,
        47.165,
        207.287
      ]
    },
    {
      "type": "shape",
      "background": "#283539",
      "shadowColor": "#1ABC9C",
      "points": [
        96.54,
        178.784,
        47.146,
        207.304,
        47.146,
        199.002,
        96.54,
        170.484,
        96.54,
        178.784
      ]
    },
    {
      "type": "shape",
      "background": "#3b4548",
      "shadowColor": "#1ABC9C",
      "points": [
        62.216,
        195.648,
        50.693,
        202.302,
        50.693,
        199.328,
        62.216,
        192.674,
        62.216,
        195.648
      ]
    },
    {
      "type": "shape",
      "background": "#3b4548",
      "shadowColor": "#1ABC9C",
      "points": [
        74.824,
        188.37,
        63.299,
        195.023,
        63.299,
        192.049,
        74.824,
        185.397,
        74.824,
        188.37
      ]
    },
    {
      "type": "shape",
      "background": "#3b4548",
      "shadowColor": "#1ABC9C",
      "points": [
        87.431,
        181.092,
        75.908,
        187.746,
        75.908,
        184.771,
        87.431,
        178.117,
        87.431,
        181.092
      ]
    },
    {
      "type": "shape",
      "background": "#00ff00",
      "shadowColor": "#1ABC9C",
      "points": [
        51.935,
        197.603,
        51.935,
        197.814,
        51.788,
        198.069,
        51.605,
        198.174,
        51.424,
        198.278,
        51.275,
        198.193,
        51.275,
        197.985,
        51.275,
        197.774,
        51.424,
        197.518,
        51.605,
        197.413,
        51.788,
        197.309,
        51.935,
        197.393,
        51.935,
        197.603
      ],
      "segments": [
        1,
        4,
        4,
        4,
        4
      ]
    },
    {
      "type": "shape",
      "background": "#00ff00",
      "shadowColor": "#1ABC9C",
      "points": [
        64.521,
        190.336,
        64.522,
        190.548,
        64.373,
        190.801,
        64.191,
        190.908,
        64.01,
        191.013,
        63.863,
        190.926,
        63.863,
        190.717,
        63.863,
        190.506,
        64.01,
        190.25,
        64.191,
        190.146,
        64.373,
        190.042,
        64.522,
        190.126,
        64.521,
        190.336
      ],
      "segments": [
        1,
        4,
        4,
        4,
        4
      ]
    },
    {
      "type": "shape",
      "background": "#00ff00",
      "shadowColor": "#1ABC9C",
      "points": [
        77.119,
        183.063,
        77.119,
        183.274,
        76.971,
        183.529,
        76.789,
        183.636,
        76.607,
        183.74,
        76.459,
        183.654,
        76.459,
        183.444,
        76.459,
        183.233,
        76.607,
        182.978,
        76.789,
        182.873,
        76.971,
        182.768,
        77.119,
        182.856,
        77.119,
        183.063
      ],
      "segments": [
        1,
        4,
        4,
        4,
        4
      ]
    },
    {
      "type": "shape",
      "background": "#00ff00",
      "shadowColor": "#1ABC9C",
      "points": [
        89.137,
        181.262,
        89.137,
        181.471,
        88.988,
        181.729,
        88.807,
        181.833,
        88.624,
        181.938,
        88.477,
        181.854,
        88.477,
        181.642,
        88.477,
        181.433,
        88.624,
        181.178,
        88.807,
        181.072,
        88.988,
        180.966,
        89.137,
        181.051,
        89.137,
        181.262
      ],
      "segments": [
        1,
        4,
        4,
        4,
        4
      ]
    },
    {
      "type": "shape",
      "background": "#00ff00",
      "shadowColor": "#1ABC9C",
      "points": [
        90.35,
        180.561,
        90.35,
        180.77,
        90.204,
        181.025,
        90.02,
        181.13,
        89.839,
        181.236,
        89.693,
        181.15,
        89.693,
        180.941,
        89.693,
        180.729,
        89.839,
        180.475,
        90.02,
        180.369,
        90.204,
        180.266,
        90.35,
        180.351,
        90.35,
        180.561
      ],
      "segments": [
        1,
        4,
        4,
        4,
        4
      ]
    },
    {
      "type": "shape",
      "background": "#151f22",
      "shadowColor": "#1ABC9C",
      "points": [
        91.4,
        179.954,
        91.4,
        180.165,
        91.251,
        180.421,
        91.068,
        180.525,
        90.887,
        180.63,
        90.74,
        180.546,
        90.74,
        180.336,
        90.74,
        180.125,
        90.887,
        179.869,
        91.068,
        179.765,
        91.251,
        179.66,
        91.4,
        179.745,
        91.4,
        179.954
      ],
      "segments": [
        1,
        4,
        4,
        4,
        4
      ]
    },
    {
      "type": "shape",
      "background": "#151f22",
      "shadowColor": "#1ABC9C",
      "points": [
        50.693,
        203.075,
        87.431,
        181.865,
        87.431,
        184.045,
        50.693,
        205.256,
        50.693,
        203.075
      ]
    },
    {
      "type": "shape",
      "background": "#b8c9d2",
      "shadowColor": "#1ABC9C",
      "points": [
        89.634,
        178.986,
        88.64,
        179.56,
        88.64,
        178.41,
        89.634,
        177.837,
        89.634,
        178.986
      ]
    },
    {
      "type": "shape",
      "background": "#b8c9d2",
      "shadowColor": "#1ABC9C",
      "points": [
        91.237,
        178.059,
        90.244,
        178.632,
        90.244,
        177.485,
        91.237,
        176.912,
        91.237,
        178.059
      ]
    },
    {
      "type": "shape",
      "background": "#414e52",
      "shadowColor": "#1ABC9C",
      "points": [
        96.478,
        152.187,
        47.165,
        180.656,
        8.548,
        158.471,
        57.861,
        130.001,
        96.478,
        152.187
      ]
    },
    {
      "type": "shape",
      "background": "#283539",
      "shadowColor": "#1ABC9C",
      "points": [
        47.165,
        188.895,
        8.548,
        166.71,
        8.548,
        158.471,
        47.165,
        180.656,
        47.165,
        188.895,
        47.165,
        188.895,
        47.165,
        188.895
      ]
    },
    {
      "type": "shape",
      "background": "#283539",
      "shadowColor": "#1ABC9C",
      "points": [
        96.54,
        160.393,
        47.146,
        188.91,
        47.146,
        180.611,
        96.54,
        152.091,
        96.54,
        160.393
      ]
    },
    {
      "type": "shape",
      "background": "#3b4548",
      "shadowColor": "#1ABC9C",
      "points": [
        62.216,
        177.258,
        50.693,
        183.909,
        50.693,
        180.936,
        62.216,
        174.281,
        62.216,
        177.258
      ]
    },
    {
      "type": "shape",
      "background": "#3b4548",
      "shadowColor": "#1ABC9C",
      "points": [
        74.824,
        169.979,
        63.299,
        176.63,
        63.299,
        173.657,
        74.824,
        167.006,
        74.824,
        169.979
      ]
    },
    {
      "type": "shape",
      "background": "#3b4548",
      "shadowColor": "#1ABC9C",
      "points": [
        87.431,
        162.7,
        75.908,
        169.354,
        75.908,
        166.377,
        87.431,
        159.727,
        87.431,
        162.7
      ]
    },
    {
      "type": "shape",
      "background": "#00ff00",
      "shadowColor": "#1ABC9C",
      "points": [
        51.935,
        179.211,
        51.935,
        179.42,
        51.788,
        179.676,
        51.605,
        179.78,
        51.424,
        179.887,
        51.275,
        179.8,
        51.275,
        179.591,
        51.275,
        179.38,
        51.424,
        179.124,
        51.605,
        179.02,
        51.788,
        178.916,
        51.935,
        179,
        51.935,
        179.211
      ],
      "segments": [
        1,
        4,
        4,
        4,
        4
      ]
    },
    {
      "type": "shape",
      "background": "#00ff00",
      "shadowColor": "#1ABC9C",
      "points": [
        64.521,
        171.944,
        64.522,
        172.156,
        64.373,
        172.409,
        64.191,
        172.517,
        64.01,
        172.621,
        63.863,
        172.534,
        63.863,
        172.325,
        63.863,
        172.114,
        64.01,
        171.86,
        64.191,
        171.754,
        64.373,
        171.65,
        64.522,
        171.734,
        64.521,
        171.944
      ],
      "segments": [
        1,
        4,
        4,
        4,
        4
      ]
    },
    {
      "type": "shape",
      "background": "#00ff00",
      "shadowColor": "#1ABC9C",
      "points": [
        77.119,
        164.672,
        77.119,
        164.881,
        76.971,
        165.137,
        76.789,
        165.243,
        76.607,
        165.348,
        76.459,
        165.264,
        76.459,
        165.052,
        76.459,
        164.841,
        76.607,
        164.587,
        76.789,
        164.481,
        76.971,
        164.375,
        77.119,
        164.461,
        77.119,
        164.672
      ],
      "segments": [
        1,
        4,
        4,
        4,
        4
      ]
    },
    {
      "type": "shape",
      "background": "#00ff00",
      "shadowColor": "#1ABC9C",
      "points": [
        89.137,
        162.869,
        89.137,
        163.08,
        88.988,
        163.336,
        88.807,
        163.44,
        88.624,
        163.545,
        88.477,
        163.461,
        88.477,
        163.249,
        88.477,
        163.04,
        88.624,
        162.785,
        88.807,
        162.68,
        88.988,
        162.575,
        89.137,
        162.66,
        89.137,
        162.869
      ],
      "segments": [
        1,
        4,
        4,
        4,
        4
      ]
    },
    {
      "type": "shape",
      "background": "#00ff00",
      "shadowColor": "#1ABC9C",
      "points": [
        90.35,
        162.169,
        90.35,
        162.378,
        90.204,
        162.634,
        90.02,
        162.74,
        89.839,
        162.845,
        89.693,
        162.759,
        89.693,
        162.55,
        89.693,
        162.338,
        89.839,
        162.083,
        90.02,
        161.978,
        90.204,
        161.873,
        90.35,
        161.958,
        90.35,
        162.169
      ],
      "segments": [
        1,
        4,
        4,
        4,
        4
      ]
    },
    {
      "type": "shape",
      "background": "#151f22",
      "shadowColor": "#1ABC9C",
      "points": [
        91.4,
        161.562,
        91.4,
        161.772,
        91.251,
        162.027,
        91.068,
        162.132,
        90.887,
        162.238,
        90.74,
        162.154,
        90.74,
        161.942,
        90.74,
        161.734,
        90.887,
        161.479,
        91.068,
        161.371,
        91.251,
        161.268,
        91.4,
        161.353,
        91.4,
        161.562
      ],
      "segments": [
        1,
        4,
        4,
        4,
        4
      ]
    },
    {
      "type": "shape",
      "background": "#151f22",
      "shadowColor": "#1ABC9C",
      "points": [
        50.693,
        184.684,
        87.431,
        163.475,
        87.431,
        165.653,
        50.693,
        186.862,
        50.693,
        184.684
      ]
    },
    {
      "type": "shape",
      "background": "#b8c9d2",
      "shadowColor": "#1ABC9C",
      "points": [
        89.634,
        160.593,
        88.64,
        161.164,
        88.64,
        160.021,
        89.634,
        159.447,
        89.634,
        160.593
      ]
    },
    {
      "type": "shape",
      "background": "#b8c9d2",
      "shadowColor": "#1ABC9C",
      "points": [
        91.237,
        159.666,
        90.244,
        160.239,
        90.244,
        159.093,
        91.237,
        158.52,
        91.237,
        159.666
      ]
    },
    {
      "type": "shape",
      "background": "#414e52",
      "shadowColor": "#1ABC9C",
      "points": [
        96.478,
        141.139,
        47.165,
        169.609,
        8.548,
        147.424,
        57.861,
        118.953,
        96.478,
        141.139
      ]
    },
    {
      "type": "shape",
      "background": "#283539",
      "shadowColor": "#1ABC9C",
      "points": [
        47.165,
        177.848,
        8.548,
        155.665,
        8.548,
        147.424,
        47.165,
        169.609,
        47.165,
        177.848,
        47.165,
        177.848,
        47.165,
        177.848
      ]
    },
    {
      "type": "shape",
      "background": "#283539",
      "shadowColor": "#1ABC9C",
      "points": [
        96.54,
        149.348,
        47.146,
        177.862,
        47.146,
        169.562,
        96.54,
        141.047,
        96.54,
        149.348
      ]
    },
    {
      "type": "shape",
      "background": "#3b4548",
      "shadowColor": "#1ABC9C",
      "points": [
        62.216,
        166.211,
        50.693,
        172.864,
        50.693,
        169.891,
        62.216,
        163.237,
        62.216,
        166.211
      ]
    },
    {
      "type": "shape",
      "background": "#3b4548",
      "shadowColor": "#1ABC9C",
      "points": [
        74.824,
        158.932,
        63.299,
        165.585,
        63.299,
        162.612,
        74.824,
        155.958,
        74.824,
        158.932
      ]
    },
    {
      "type": "shape",
      "background": "#3b4548",
      "shadowColor": "#1ABC9C",
      "points": [
        87.431,
        151.653,
        75.908,
        158.307,
        75.908,
        155.333,
        87.431,
        148.68,
        87.431,
        151.653
      ]
    },
    {
      "type": "shape",
      "background": "#00ff00",
      "shadowColor": "#1ABC9C",
      "points": [
        51.935,
        168.164,
        51.935,
        168.376,
        51.788,
        168.629,
        51.605,
        168.736,
        51.424,
        168.841,
        51.275,
        168.756,
        51.275,
        168.545,
        51.275,
        168.336,
        51.424,
        168.08,
        51.605,
        167.976,
        51.788,
        167.869,
        51.935,
        167.955,
        51.935,
        168.164
      ],
      "segments": [
        1,
        4,
        4,
        4,
        4
      ]
    },
    {
      "type": "shape",
      "background": "#00ff00",
      "shadowColor": "#1ABC9C",
      "points": [
        64.521,
        160.9,
        64.522,
        161.108,
        64.373,
        161.364,
        64.191,
        161.469,
        64.01,
        161.573,
        63.863,
        161.489,
        63.863,
        161.28,
        63.863,
        161.068,
        64.01,
        160.813,
        64.191,
        160.708,
        64.373,
        160.604,
        64.522,
        160.689,
        64.521,
        160.9
      ],
      "segments": [
        1,
        4,
        4,
        4,
        4
      ]
    },
    {
      "type": "shape",
      "background": "#00ff00",
      "shadowColor": "#1ABC9C",
      "points": [
        77.119,
        153.625,
        77.119,
        153.836,
        76.971,
        154.092,
        76.789,
        154.196,
        76.607,
        154.303,
        76.459,
        154.216,
        76.459,
        154.005,
        76.459,
        153.796,
        76.607,
        153.54,
        76.789,
        153.436,
        76.971,
        153.33,
        77.119,
        153.415,
        77.119,
        153.625
      ],
      "segments": [
        1,
        4,
        4,
        4,
        4
      ]
    },
    {
      "type": "shape",
      "background": "#00ff00",
      "shadowColor": "#1ABC9C",
      "points": [
        89.137,
        151.824,
        89.137,
        152.033,
        88.988,
        152.291,
        88.807,
        152.394,
        88.624,
        152.5,
        88.477,
        152.413,
        88.477,
        152.204,
        88.477,
        151.995,
        88.624,
        151.737,
        88.807,
        151.633,
        88.988,
        151.528,
        89.137,
        151.612,
        89.137,
        151.824
      ],
      "segments": [
        1,
        4,
        4,
        4,
        4
      ]
    },
    {
      "type": "shape",
      "background": "#00ff00",
      "shadowColor": "#1ABC9C",
      "points": [
        90.35,
        151.122,
        90.35,
        151.333,
        90.204,
        151.589,
        90.02,
        151.693,
        89.839,
        151.8,
        89.693,
        151.714,
        89.693,
        151.504,
        89.693,
        151.293,
        89.839,
        151.037,
        90.02,
        150.933,
        90.204,
        150.826,
        90.35,
        150.913,
        90.35,
        151.122
      ],
      "segments": [
        1,
        4,
        4,
        4,
        4
      ]
    },
    {
      "type": "shape",
      "background": "#151f22",
      "shadowColor": "#1ABC9C",
      "points": [
        91.4,
        150.517,
        91.4,
        150.728,
        91.251,
        150.984,
        91.068,
        151.088,
        90.887,
        151.192,
        90.74,
        151.107,
        90.74,
        150.897,
        90.74,
        150.688,
        90.887,
        150.432,
        91.068,
        150.327,
        91.251,
        150.221,
        91.4,
        150.307,
        91.4,
        150.517
      ],
      "segments": [
        1,
        4,
        4,
        4,
        4
      ]
    },
    {
      "type": "shape",
      "background": "#151f22",
      "shadowColor": "#1ABC9C",
      "points": [
        50.693,
        173.637,
        87.431,
        152.427,
        87.431,
        154.606,
        50.693,
        175.817,
        50.693,
        173.637
      ]
    },
    {
      "type": "shape",
      "background": "#b8c9d2",
      "shadowColor": "#1ABC9C",
      "points": [
        89.634,
        149.547,
        88.64,
        150.12,
        88.64,
        148.974,
        89.634,
        148.398,
        89.634,
        149.547
      ]
    },
    {
      "type": "shape",
      "background": "#b8c9d2",
      "shadowColor": "#1ABC9C",
      "points": [
        91.237,
        148.621,
        90.244,
        149.194,
        90.244,
        148.048,
        91.237,
        147.475,
        91.237,
        148.621
      ]
    },
    {
      "type": "shape",
      "background": "#414e52",
      "shadowColor": "#1ABC9C",
      "points": [
        96.478,
        119.049,
        47.165,
        147.517,
        8.548,
        125.332,
        57.861,
        96.861,
        96.478,
        119.049
      ]
    },
    {
      "type": "shape",
      "background": "#283539",
      "shadowColor": "#1ABC9C",
      "points": [
        47.165,
        155.755,
        8.548,
        133.572,
        8.548,
        125.332,
        47.165,
        147.517,
        47.165,
        155.755,
        47.165,
        155.755,
        47.165,
        155.755
      ]
    },
    {
      "type": "shape",
      "background": "#283539",
      "shadowColor": "#1ABC9C",
      "points": [
        96.54,
        127.255,
        47.146,
        155.773,
        47.146,
        147.473,
        96.54,
        118.953,
        96.54,
        127.255
      ]
    },
    {
      "type": "shape",
      "background": "#3b4548",
      "shadowColor": "#1ABC9C",
      "points": [
        62.216,
        144.117,
        50.693,
        150.772,
        50.693,
        147.798,
        62.216,
        141.145,
        62.216,
        144.117
      ]
    },
    {
      "type": "shape",
      "background": "#3b4548",
      "shadowColor": "#1ABC9C",
      "points": [
        74.824,
        136.84,
        63.299,
        143.493,
        63.299,
        140.52,
        74.824,
        133.866,
        74.824,
        136.84
      ]
    },
    {
      "type": "shape",
      "background": "#3b4548",
      "shadowColor": "#1ABC9C",
      "points": [
        87.431,
        129.563,
        75.908,
        136.214,
        75.908,
        133.239,
        87.431,
        126.586,
        87.431,
        129.563
      ]
    },
    {
      "type": "shape",
      "background": "#00ff00",
      "shadowColor": "#1ABC9C",
      "points": [
        51.935,
        146.072,
        51.935,
        146.283,
        51.788,
        146.539,
        51.605,
        146.644,
        51.424,
        146.748,
        51.275,
        146.663,
        51.275,
        146.454,
        51.275,
        146.243,
        51.424,
        145.987,
        51.605,
        145.883,
        51.788,
        145.778,
        51.935,
        145.86,
        51.935,
        146.072
      ],
      "segments": [
        1,
        4,
        4,
        4,
        4
      ]
    },
    {
      "type": "shape",
      "background": "#00ff00",
      "shadowColor": "#1ABC9C",
      "points": [
        64.521,
        138.807,
        64.522,
        139.016,
        64.373,
        139.271,
        64.191,
        139.376,
        64.01,
        139.483,
        63.863,
        139.396,
        63.863,
        139.187,
        63.863,
        138.976,
        64.01,
        138.72,
        64.191,
        138.615,
        64.373,
        138.512,
        64.522,
        138.596,
        64.521,
        138.807
      ],
      "segments": [
        1,
        4,
        4,
        4,
        4
      ]
    },
    {
      "type": "shape",
      "background": "#00ff00",
      "shadowColor": "#1ABC9C",
      "points": [
        77.119,
        131.531,
        77.119,
        131.742,
        76.971,
        131.998,
        76.789,
        132.105,
        76.607,
        132.209,
        76.459,
        132.123,
        76.459,
        131.913,
        76.459,
        131.704,
        76.607,
        131.447,
        76.789,
        131.342,
        76.971,
        131.237,
        77.119,
        131.323,
        77.119,
        131.531
      ],
      "segments": [
        1,
        4,
        4,
        4,
        4
      ]
    },
    {
      "type": "shape",
      "background": "#00ff00",
      "shadowColor": "#1ABC9C",
      "points": [
        89.137,
        129.731,
        89.137,
        129.94,
        88.988,
        130.197,
        88.807,
        130.302,
        88.624,
        130.406,
        88.477,
        130.322,
        88.477,
        130.111,
        88.477,
        129.901,
        88.624,
        129.647,
        88.807,
        129.539,
        88.988,
        129.436,
        89.137,
        129.521,
        89.137,
        129.731
      ],
      "segments": [
        1,
        4,
        4,
        4,
        4
      ]
    },
    {
      "type": "shape",
      "background": "#00ff00",
      "shadowColor": "#1ABC9C",
      "points": [
        90.35,
        129.029,
        90.35,
        129.241,
        90.204,
        129.496,
        90.02,
        129.601,
        89.839,
        129.707,
        89.693,
        129.623,
        89.693,
        129.412,
        89.693,
        129.2,
        89.839,
        128.945,
        90.02,
        128.841,
        90.204,
        128.734,
        90.35,
        128.82,
        90.35,
        129.029
      ],
      "segments": [
        1,
        4,
        4,
        4,
        4
      ]
    },
    {
      "type": "shape",
      "background": "#151f22",
      "shadowColor": "#1ABC9C",
      "points": [
        91.4,
        128.424,
        91.4,
        128.635,
        91.251,
        128.891,
        91.068,
        128.995,
        90.887,
        129.1,
        90.74,
        129.016,
        90.74,
        128.807,
        90.74,
        128.595,
        90.887,
        128.34,
        91.068,
        128.234,
        91.251,
        128.13,
        91.4,
        128.215,
        91.4,
        128.424
      ],
      "segments": [
        1,
        4,
        4,
        4,
        4
      ]
    },
    {
      "type": "shape",
      "background": "#151f22",
      "shadowColor": "#1ABC9C",
      "points": [
        50.693,
        151.546,
        87.431,
        130.335,
        87.431,
        132.514,
        50.693,
        153.726,
        50.693,
        151.546
      ]
    },
    {
      "type": "shape",
      "background": "#b8c9d2",
      "shadowColor": "#1ABC9C",
      "points": [
        89.634,
        127.455,
        88.64,
        128.027,
        88.64,
        126.881,
        89.634,
        126.308,
        89.634,
        127.455
      ]
    },
    {
      "type": "shape",
      "background": "#b8c9d2",
      "shadowColor": "#1ABC9C",
      "points": [
        91.237,
        126.528,
        90.244,
        127.103,
        90.244,
        125.955,
        91.237,
        125.382,
        91.237,
        126.528
      ]
    },
    {
      "type": "shape",
      "background": "#414e52",
      "shadowColor": "#1ABC9C",
      "points": [
        96.478,
        108.949,
        47.165,
        137.419,
        8.548,
        115.234,
        57.861,
        86.764,
        96.478,
        108.949
      ]
    },
    {
      "type": "shape",
      "background": "#283539",
      "shadowColor": "#1ABC9C",
      "points": [
        47.165,
        144.759,
        8.548,
        122.575,
        8.548,
        115.234,
        47.165,
        137.419,
        47.165,
        144.759,
        47.165,
        144.759,
        47.165,
        144.759
      ]
    },
    {
      "type": "shape",
      "background": "#283539",
      "shadowColor": "#1ABC9C",
      "points": [
        96.54,
        108.898,
        47.146,
        137.414,
        47.146,
        144.76,
        96.54,
        116.242,
        96.54,
        108.898
      ]
    },
    {
      "type": "shape",
      "background": "#00ff00",
      "shadowColor": "#1ABC9C",
      "points": [
        51.272,
        136.755,
        51.272,
        136.938,
        51.143,
        137.163,
        50.984,
        137.256,
        50.823,
        137.349,
        50.692,
        137.275,
        50.692,
        137.089,
        50.693,
        136.904,
        50.823,
        136.679,
        50.984,
        136.586,
        51.142,
        136.492,
        51.272,
        136.57,
        51.272,
        136.755
      ],
      "segments": [
        1,
        4,
        4,
        4,
        4
      ]
    },
    {
      "type": "shape",
      "background": "#00ff00",
      "shadowColor": "#1ABC9C",
      "points": [
        52.803,
        135.87,
        52.803,
        136.055,
        52.674,
        136.28,
        52.513,
        136.373,
        52.352,
        136.466,
        52.224,
        136.389,
        52.224,
        136.206,
        52.224,
        136.021,
        52.352,
        135.796,
        52.513,
        135.703,
        52.674,
        135.61,
        52.803,
        135.685,
        52.803,
        135.87
      ],
      "segments": [
        1,
        4,
        4,
        4,
        4
      ]
    },
    {
      "type": "shape",
      "background": "#00ff00",
      "shadowColor": "#1ABC9C",
      "points": [
        54.333,
        134.986,
        54.333,
        135.172,
        54.204,
        135.398,
        54.045,
        135.487,
        53.884,
        135.58,
        53.754,
        135.508,
        53.754,
        135.322,
        53.754,
        135.138,
        53.884,
        134.912,
        54.045,
        134.819,
        54.204,
        134.728,
        54.333,
        134.802,
        54.333,
        134.986
      ],
      "segments": [
        1,
        4,
        4,
        4,
        4
      ]
    },
    {
      "type": "shape",
      "background": "#00ff00",
      "shadowColor": "#1ABC9C",
      "points": [
        55.864,
        134.104,
        55.864,
        134.288,
        55.735,
        134.512,
        55.575,
        134.605,
        55.414,
        134.697,
        55.285,
        134.622,
        55.285,
        134.439,
        55.285,
        134.252,
        55.414,
        134.029,
        55.575,
        133.937,
        55.735,
        133.844,
        55.864,
        133.918,
        55.864,
        134.104
      ],
      "segments": [
        1,
        4,
        4,
        4,
        4
      ]
    },
    {
      "type": "shape",
      "background": "#00ff00",
      "shadowColor": "#1ABC9C",
      "points": [
        57.395,
        133.22,
        57.395,
        133.403,
        57.265,
        133.629,
        57.105,
        133.722,
        56.945,
        133.814,
        56.815,
        133.739,
        56.815,
        133.554,
        56.815,
        133.369,
        56.945,
        133.146,
        57.105,
        133.051,
        57.265,
        132.958,
        57.395,
        133.035,
        57.395,
        133.22
      ],
      "segments": [
        1,
        4,
        4,
        4,
        4
      ]
    },
    {
      "type": "shape",
      "background": "#00ff00",
      "shadowColor": "#1ABC9C",
      "points": [
        58.925,
        132.335,
        58.925,
        132.52,
        58.797,
        132.745,
        58.636,
        132.838,
        58.476,
        132.931,
        58.345,
        132.857,
        58.345,
        132.671,
        58.345,
        132.486,
        58.476,
        132.261,
        58.636,
        132.168,
        58.797,
        132.077,
        58.924,
        132.152,
        58.925,
        132.335
      ],
      "segments": [
        1,
        4,
        4,
        4,
        4
      ]
    },
    {
      "type": "shape",
      "background": "#00ff00",
      "shadowColor": "#1ABC9C",
      "points": [
        60.457,
        131.452,
        60.457,
        131.637,
        60.326,
        131.862,
        60.166,
        131.955,
        60.006,
        132.047,
        59.877,
        131.971,
        59.876,
        131.788,
        59.876,
        131.603,
        60.006,
        131.377,
        60.166,
        131.285,
        60.326,
        131.192,
        60.457,
        131.267,
        60.457,
        131.452
      ],
      "segments": [
        1,
        4,
        4,
        4,
        4
      ]
    },
    {
      "type": "shape",
      "background": "#00ff00",
      "shadowColor": "#1ABC9C",
      "points": [
        61.987,
        130.568,
        61.987,
        130.754,
        61.858,
        130.98,
        61.698,
        131.071,
        61.538,
        131.162,
        61.406,
        131.088,
        61.406,
        130.903,
        61.406,
        130.718,
        61.538,
        130.494,
        61.698,
        130.401,
        61.858,
        130.309,
        61.987,
        130.384,
        61.987,
        130.568
      ],
      "segments": [
        1,
        4,
        4,
        4,
        4
      ]
    },
    {
      "type": "shape",
      "background": "#00ff00",
      "shadowColor": "#1ABC9C",
      "points": [
        63.517,
        129.686,
        63.517,
        129.87,
        63.388,
        130.094,
        63.227,
        130.187,
        63.067,
        130.279,
        62.938,
        130.204,
        62.938,
        130.02,
        62.938,
        129.836,
        63.067,
        129.611,
        63.227,
        129.519,
        63.388,
        129.426,
        63.517,
        129.5,
        63.517,
        129.686
      ],
      "segments": [
        1,
        4,
        4,
        4,
        4
      ]
    },
    {
      "type": "shape",
      "background": "#00ff00",
      "shadowColor": "#1ABC9C",
      "points": [
        65.048,
        128.802,
        65.048,
        128.986,
        64.918,
        129.211,
        64.757,
        129.303,
        64.598,
        129.396,
        64.468,
        129.321,
        64.468,
        129.136,
        64.468,
        128.951,
        64.598,
        128.726,
        64.757,
        128.633,
        64.918,
        128.543,
        65.048,
        128.617,
        65.048,
        128.802
      ],
      "segments": [
        1,
        4,
        4,
        4,
        4
      ]
    },
    {
      "type": "shape",
      "background": "#00ff00",
      "shadowColor": "#1ABC9C",
      "points": [
        66.577,
        127.916,
        66.577,
        128.101,
        66.449,
        128.326,
        66.289,
        128.419,
        66.129,
        128.512,
        65.999,
        128.438,
        65.999,
        128.252,
        65.999,
        128.066,
        66.129,
        127.842,
        66.289,
        127.749,
        66.449,
        127.656,
        66.577,
        127.733,
        66.577,
        127.916
      ],
      "segments": [
        1,
        4,
        4,
        4,
        4
      ]
    },
    {
      "type": "shape",
      "background": "#00ff00",
      "shadowColor": "#1ABC9C",
      "points": [
        68.11,
        127.034,
        68.11,
        127.219,
        67.98,
        127.444,
        67.818,
        127.537,
        67.658,
        127.629,
        67.529,
        127.553,
        67.529,
        127.37,
        67.529,
        127.185,
        67.659,
        126.959,
        67.818,
        126.867,
        67.98,
        126.775,
        68.11,
        126.849,
        68.11,
        127.034
      ],
      "segments": [
        1,
        4,
        4,
        4,
        4
      ]
    },
    {
      "type": "shape",
      "background": "#00ff00",
      "shadowColor": "#1ABC9C",
      "points": [
        69.639,
        126.15,
        69.638,
        126.336,
        69.51,
        126.561,
        69.35,
        126.653,
        69.19,
        126.744,
        69.059,
        126.67,
        69.059,
        126.485,
        69.059,
        126.3,
        69.19,
        126.076,
        69.35,
        125.983,
        69.51,
        125.89,
        69.639,
        125.966,
        69.639,
        126.15
      ],
      "segments": [
        1,
        4,
        4,
        4,
        4
      ]
    },
    {
      "type": "shape",
      "background": "#00ff00",
      "shadowColor": "#1ABC9C",
      "points": [
        71.171,
        125.268,
        71.171,
        125.452,
        71.04,
        125.676,
        70.88,
        125.769,
        70.72,
        125.86,
        70.59,
        125.786,
        70.59,
        125.602,
        70.59,
        125.416,
        70.72,
        125.191,
        70.88,
        125.099,
        71.04,
        125.006,
        71.171,
        125.082,
        71.171,
        125.268
      ],
      "segments": [
        1,
        4,
        4,
        4,
        4
      ]
    },
    {
      "type": "shape",
      "background": "#00ff00",
      "shadowColor": "#1ABC9C",
      "points": [
        72.701,
        124.384,
        72.702,
        124.568,
        72.571,
        124.792,
        72.411,
        124.885,
        72.25,
        124.978,
        72.12,
        124.903,
        72.12,
        124.718,
        72.12,
        124.533,
        72.25,
        124.308,
        72.411,
        124.215,
        72.571,
        124.122,
        72.701,
        124.199,
        72.701,
        124.384
      ],
      "segments": [
        1,
        4,
        4,
        4,
        4
      ]
    },
    {
      "type": "shape",
      "background": "#00ff00",
      "shadowColor": "#1ABC9C",
      "points": [
        74.231,
        123.499,
        74.231,
        123.684,
        74.102,
        123.909,
        73.941,
        124.002,
        73.781,
        124.095,
        73.651,
        124.02,
        73.651,
        123.835,
        73.651,
        123.649,
        73.781,
        123.425,
        73.941,
        123.332,
        74.102,
        123.239,
        74.231,
        123.314,
        74.231,
        123.499
      ],
      "segments": [
        1,
        4,
        4,
        4,
        4
      ]
    },
    {
      "type": "shape",
      "background": "#00ff00",
      "shadowColor": "#1ABC9C",
      "points": [
        75.762,
        122.614,
        75.762,
        122.8,
        75.632,
        123.025,
        75.472,
        123.115,
        75.311,
        123.21,
        75.182,
        123.134,
        75.182,
        122.95,
        75.182,
        122.766,
        75.311,
        122.54,
        75.472,
        122.447,
        75.632,
        122.356,
        75.762,
        122.431,
        75.762,
        122.614
      ],
      "segments": [
        1,
        4,
        4,
        4,
        4
      ]
    },
    {
      "type": "shape",
      "background": "#00ff00",
      "shadowColor": "#1ABC9C",
      "points": [
        77.292,
        121.732,
        77.292,
        121.918,
        77.163,
        122.143,
        77.003,
        122.234,
        76.843,
        122.326,
        76.713,
        122.251,
        76.713,
        122.067,
        76.713,
        121.881,
        76.843,
        121.656,
        77.003,
        121.565,
        77.163,
        121.473,
        77.292,
        121.547,
        77.292,
        121.732
      ],
      "segments": [
        1,
        4,
        4,
        4,
        4
      ]
    },
    {
      "type": "shape",
      "background": "#00ff00",
      "shadowColor": "#1ABC9C",
      "points": [
        78.822,
        120.85,
        78.822,
        121.034,
        78.694,
        121.258,
        78.532,
        121.351,
        78.372,
        121.442,
        78.244,
        121.368,
        78.244,
        121.184,
        78.244,
        120.998,
        78.372,
        120.773,
        78.533,
        120.681,
        78.694,
        120.588,
        78.822,
        120.664,
        78.822,
        120.85
      ],
      "segments": [
        1,
        4,
        4,
        4,
        4
      ]
    },
    {
      "type": "shape",
      "background": "#92a4af",
      "shadowColor": "#1ABC9C",
      "points": [
        90.74,
        116.989,
        81.87,
        122.109,
        81.869,
        118.755,
        90.74,
        113.632,
        90.74,
        116.989
      ]
    },
    {
      "type": "shape",
      "background": "#151f22",
      "shadowColor": "#1ABC9C",
      "points": [
        79.256,
        124.42,
        50.692,
        140.911,
        50.692,
        138.634,
        79.256,
        122.145,
        79.256,
        124.42
      ]
    },
    {
      "type": "shape",
      "background": "#414e52",
      "shadowColor": "#1ABC9C",
      "points": [
        96.478,
        98.984,
        47.165,
        127.453,
        8.548,
        105.27,
        57.861,
        76.799,
        96.478,
        98.984
      ]
    },
    {
      "type": "shape",
      "background": "#283539",
      "shadowColor": "#1ABC9C",
      "points": [
        47.165,
        135.692,
        8.548,
        113.508,
        8.548,
        105.27,
        47.165,
        127.453,
        47.165,
        135.692,
        47.165,
        135.692,
        47.165,
        135.692
      ]
    },
    {
      "type": "shape",
      "background": "#283539",
      "shadowColor": "#1ABC9C",
      "points": [
        96.54,
        107.192,
        47.146,
        135.708,
        47.146,
        127.408,
        96.54,
        98.892,
        96.54,
        107.192
      ]
    },
    {
      "type": "shape",
      "background": "#3b4548",
      "shadowColor": "#1ABC9C",
      "points": [
        62.216,
        124.056,
        50.693,
        130.707,
        50.693,
        127.733,
        62.216,
        121.08,
        62.216,
        124.056
      ]
    },
    {
      "type": "shape",
      "background": "#3b4548",
      "shadowColor": "#1ABC9C",
      "points": [
        74.824,
        116.777,
        63.299,
        123.431,
        63.299,
        120.457,
        74.824,
        113.804,
        74.824,
        116.777
      ]
    },
    {
      "type": "shape",
      "background": "#3b4548",
      "shadowColor": "#1ABC9C",
      "points": [
        87.431,
        109.497,
        75.908,
        116.151,
        75.908,
        113.178,
        87.431,
        106.524,
        87.431,
        109.497
      ]
    },
    {
      "type": "shape",
      "background": "#00ff00",
      "shadowColor": "#1ABC9C",
      "points": [
        51.935,
        126.01,
        51.935,
        126.219,
        51.788,
        126.475,
        51.605,
        126.581,
        51.424,
        126.686,
        51.275,
        126.6,
        51.275,
        126.39,
        51.275,
        126.179,
        51.424,
        125.925,
        51.605,
        125.818,
        51.788,
        125.714,
        51.935,
        125.799,
        51.935,
        126.01
      ],
      "segments": [
        1,
        4,
        4,
        4,
        4
      ]
    },
    {
      "type": "shape",
      "background": "#00ff00",
      "shadowColor": "#1ABC9C",
      "points": [
        64.521,
        118.743,
        64.522,
        118.952,
        64.373,
        119.21,
        64.191,
        119.315,
        64.01,
        119.419,
        63.863,
        119.332,
        63.863,
        119.123,
        63.863,
        118.914,
        64.01,
        118.658,
        64.191,
        118.554,
        64.373,
        118.447,
        64.522,
        118.531,
        64.521,
        118.743
      ],
      "segments": [
        1,
        4,
        4,
        4,
        4
      ]
    },
    {
      "type": "shape",
      "background": "#00ff00",
      "shadowColor": "#1ABC9C",
      "points": [
        77.119,
        111.47,
        77.119,
        111.681,
        76.971,
        111.937,
        76.789,
        112.041,
        76.607,
        112.146,
        76.459,
        112.062,
        76.459,
        111.85,
        76.459,
        111.641,
        76.607,
        111.386,
        76.789,
        111.28,
        76.971,
        111.174,
        77.119,
        111.26,
        77.119,
        111.47
      ],
      "segments": [
        1,
        4,
        4,
        4,
        4
      ]
    },
    {
      "type": "shape",
      "background": "#00ff00",
      "shadowColor": "#1ABC9C",
      "points": [
        89.137,
        109.669,
        89.137,
        109.879,
        88.988,
        110.134,
        88.807,
        110.238,
        88.624,
        110.343,
        88.477,
        110.259,
        88.477,
        110.048,
        88.477,
        109.838,
        88.624,
        109.583,
        88.807,
        109.479,
        88.988,
        109.373,
        89.137,
        109.458,
        89.137,
        109.669
      ],
      "segments": [
        1,
        4,
        4,
        4,
        4
      ]
    },
    {
      "type": "shape",
      "background": "#00ff00",
      "shadowColor": "#1ABC9C",
      "points": [
        90.35,
        108.966,
        90.35,
        109.176,
        90.204,
        109.433,
        90.02,
        109.537,
        89.839,
        109.642,
        89.693,
        109.558,
        89.693,
        109.347,
        89.693,
        109.137,
        89.839,
        108.882,
        90.02,
        108.775,
        90.204,
        108.671,
        90.35,
        108.755,
        90.35,
        108.966
      ],
      "segments": [
        1,
        4,
        4,
        4,
        4
      ]
    },
    {
      "type": "shape",
      "background": "#151f22",
      "shadowColor": "#1ABC9C",
      "points": [
        91.4,
        108.361,
        91.4,
        108.57,
        91.251,
        108.826,
        91.068,
        108.933,
        90.887,
        109.037,
        90.74,
        108.953,
        90.74,
        108.742,
        90.74,
        108.532,
        90.887,
        108.277,
        91.068,
        108.17,
        91.251,
        108.065,
        91.4,
        108.152,
        91.4,
        108.361
      ],
      "segments": [
        1,
        4,
        4,
        4,
        4
      ]
    },
    {
      "type": "shape",
      "background": "#151f22",
      "shadowColor": "#1ABC9C",
      "points": [
        50.693,
        131.482,
        87.431,
        110.273,
        87.431,
        112.45,
        50.693,
        133.661,
        50.693,
        131.482
      ]
    },
    {
      "type": "shape",
      "background": "#b8c9d2",
      "shadowColor": "#1ABC9C",
      "points": [
        89.634,
        107.392,
        88.64,
        107.965,
        88.64,
        106.817,
        89.634,
        106.244,
        89.634,
        107.392
      ]
    },
    {
      "type": "shape",
      "background": "#b8c9d2",
      "shadowColor": "#1ABC9C",
      "points": [
        91.237,
        106.463,
        90.244,
        107.039,
        90.244,
        105.891,
        91.237,
        105.317,
        91.237,
        106.463
      ]
    },
    {
      "type": "shape",
      "background": "#414e52",
      "shadowColor": "#1ABC9C",
      "points": [
        96.478,
        89.086,
        47.165,
        117.557,
        8.548,
        95.371,
        57.861,
        66.902,
        96.478,
        89.086
      ]
    },
    {
      "type": "shape",
      "background": "#283539",
      "shadowColor": "#1ABC9C",
      "points": [
        47.165,
        125.794,
        8.548,
        103.609,
        8.548,
        95.371,
        47.165,
        117.557,
        47.165,
        125.794,
        47.165,
        125.794,
        47.165,
        125.794
      ]
    },
    {
      "type": "shape",
      "background": "#283539",
      "shadowColor": "#1ABC9C",
      "points": [
        96.54,
        97.296,
        47.146,
        125.813,
        47.146,
        117.512,
        96.54,
        88.992,
        96.54,
        97.296
      ]
    },
    {
      "type": "shape",
      "background": "#3b4548",
      "shadowColor": "#1ABC9C",
      "points": [
        62.216,
        114.156,
        50.693,
        120.811,
        50.693,
        117.838,
        62.216,
        111.185,
        62.216,
        114.156
      ]
    },
    {
      "type": "shape",
      "background": "#3b4548",
      "shadowColor": "#1ABC9C",
      "points": [
        74.824,
        106.879,
        63.299,
        113.531,
        63.299,
        110.559,
        74.824,
        103.907,
        74.824,
        106.879
      ]
    },
    {
      "type": "shape",
      "background": "#3b4548",
      "shadowColor": "#1ABC9C",
      "points": [
        87.431,
        99.601,
        75.908,
        106.253,
        75.908,
        103.278,
        87.431,
        96.626,
        87.431,
        99.601
      ]
    },
    {
      "type": "shape",
      "background": "#00ff00",
      "shadowColor": "#1ABC9C",
      "points": [
        51.935,
        116.111,
        51.935,
        116.322,
        51.788,
        116.578,
        51.605,
        116.683,
        51.424,
        116.789,
        51.275,
        116.703,
        51.275,
        116.493,
        51.275,
        116.282,
        51.424,
        116.027,
        51.605,
        115.922,
        51.788,
        115.817,
        51.935,
        115.901,
        51.935,
        116.111
      ],
      "segments": [
        1,
        4,
        4,
        4,
        4
      ]
    },
    {
      "type": "shape",
      "background": "#00ff00",
      "shadowColor": "#1ABC9C",
      "points": [
        64.521,
        108.846,
        64.522,
        109.055,
        64.373,
        109.311,
        64.191,
        109.415,
        64.01,
        109.522,
        63.863,
        109.435,
        63.863,
        109.226,
        63.863,
        109.015,
        64.01,
        108.759,
        64.191,
        108.654,
        64.373,
        108.551,
        64.522,
        108.635,
        64.521,
        108.846
      ],
      "segments": [
        1,
        4,
        4,
        4,
        4
      ]
    },
    {
      "type": "shape",
      "background": "#00ff00",
      "shadowColor": "#1ABC9C",
      "points": [
        77.119,
        101.573,
        77.119,
        101.782,
        76.971,
        102.038,
        76.789,
        102.145,
        76.607,
        102.249,
        76.459,
        102.163,
        76.459,
        101.954,
        76.459,
        101.744,
        76.607,
        101.487,
        76.789,
        101.382,
        76.971,
        101.278,
        77.119,
        101.362,
        77.119,
        101.573
      ],
      "segments": [
        1,
        4,
        4,
        4,
        4
      ]
    },
    {
      "type": "shape",
      "background": "#00ff00",
      "shadowColor": "#1ABC9C",
      "points": [
        89.137,
        99.771,
        89.137,
        99.981,
        88.988,
        100.237,
        88.807,
        100.342,
        88.624,
        100.446,
        88.477,
        100.362,
        88.477,
        100.151,
        88.477,
        99.942,
        88.624,
        99.687,
        88.807,
        99.58,
        88.988,
        99.475,
        89.137,
        99.562,
        89.137,
        99.771
      ],
      "segments": [
        1,
        4,
        4,
        4,
        4
      ]
    },
    {
      "type": "shape",
      "background": "#00ff00",
      "shadowColor": "#1ABC9C",
      "points": [
        90.35,
        99.069,
        90.35,
        99.28,
        90.204,
        99.535,
        90.02,
        99.64,
        89.839,
        99.747,
        89.693,
        99.66,
        89.693,
        99.451,
        89.693,
        99.239,
        89.839,
        98.984,
        90.02,
        98.88,
        90.204,
        98.775,
        90.35,
        98.859,
        90.35,
        99.069
      ],
      "segments": [
        1,
        4,
        4,
        4,
        4
      ]
    },
    {
      "type": "shape",
      "background": "#151f22",
      "shadowColor": "#1ABC9C",
      "points": [
        91.4,
        98.463,
        91.4,
        98.675,
        91.251,
        98.93,
        91.068,
        99.034,
        90.887,
        99.141,
        90.74,
        99.055,
        90.74,
        98.846,
        90.74,
        98.634,
        90.887,
        98.379,
        91.068,
        98.274,
        91.251,
        98.169,
        91.4,
        98.254,
        91.4,
        98.463
      ],
      "segments": [
        1,
        4,
        4,
        4,
        4
      ]
    },
    {
      "type": "shape",
      "background": "#151f22",
      "shadowColor": "#1ABC9C",
      "points": [
        50.693,
        121.586,
        87.431,
        100.376,
        87.431,
        102.556,
        50.693,
        123.765,
        50.693,
        121.586
      ]
    },
    {
      "type": "shape",
      "background": "#b8c9d2",
      "shadowColor": "#1ABC9C",
      "points": [
        89.634,
        97.493,
        88.64,
        98.067,
        88.64,
        96.919,
        89.634,
        96.347,
        89.634,
        97.493
      ]
    },
    {
      "type": "shape",
      "background": "#b8c9d2",
      "shadowColor": "#1ABC9C",
      "points": [
        91.237,
        96.568,
        90.244,
        97.142,
        90.244,
        95.994,
        91.237,
        95.421,
        91.237,
        96.568
      ]
    },
    {
      "type": "shape",
      "background": "#414e52",
      "shadowColor": "#1ABC9C",
      "points": [
        96.478,
        70.442,
        47.165,
        98.911,
        8.548,
        76.726,
        57.861,
        48.257,
        96.478,
        70.442
      ]
    },
    {
      "type": "shape",
      "background": "#283539",
      "shadowColor": "#1ABC9C",
      "points": [
        47.165,
        107.15,
        8.548,
        84.966,
        8.548,
        76.726,
        47.165,
        98.911,
        47.165,
        107.15,
        47.165,
        107.15,
        47.165,
        107.15
      ]
    },
    {
      "type": "shape",
      "background": "#283539",
      "shadowColor": "#1ABC9C",
      "points": [
        96.54,
        78.65,
        47.146,
        107.166,
        47.146,
        98.867,
        96.54,
        70.349,
        96.54,
        78.65
      ]
    },
    {
      "type": "shape",
      "background": "#3b4548",
      "shadowColor": "#1ABC9C",
      "points": [
        62.216,
        95.514,
        50.693,
        102.166,
        50.693,
        99.193,
        62.216,
        92.539,
        62.216,
        95.514
      ]
    },
    {
      "type": "shape",
      "background": "#3b4548",
      "shadowColor": "#1ABC9C",
      "points": [
        74.824,
        88.234,
        63.299,
        94.888,
        63.299,
        91.914,
        74.824,
        85.262,
        74.824,
        88.234
      ]
    },
    {
      "type": "shape",
      "background": "#3b4548",
      "shadowColor": "#1ABC9C",
      "points": [
        87.431,
        80.957,
        75.908,
        87.609,
        75.908,
        84.635,
        87.431,
        77.983,
        87.431,
        80.957
      ]
    },
    {
      "type": "shape",
      "background": "#00ff00",
      "shadowColor": "#1ABC9C",
      "points": [
        51.935,
        97.466,
        51.935,
        97.678,
        51.788,
        97.933,
        51.605,
        98.037,
        51.424,
        98.143,
        51.275,
        98.058,
        51.275,
        97.847,
        51.275,
        97.637,
        51.424,
        97.382,
        51.605,
        97.277,
        51.788,
        97.172,
        51.935,
        97.255,
        51.935,
        97.466
      ],
      "segments": [
        1,
        4,
        4,
        4,
        4
      ]
    },
    {
      "type": "shape",
      "background": "#00ff00",
      "shadowColor": "#1ABC9C",
      "points": [
        64.521,
        90.2,
        64.522,
        90.411,
        64.373,
        90.667,
        64.191,
        90.772,
        64.01,
        90.876,
        63.863,
        90.792,
        63.863,
        90.583,
        63.863,
        90.371,
        64.01,
        90.116,
        64.191,
        90.011,
        64.373,
        89.903,
        64.522,
        89.991,
        64.521,
        90.2
      ],
      "segments": [
        1,
        4,
        4,
        4,
        4
      ]
    },
    {
      "type": "shape",
      "background": "#00ff00",
      "shadowColor": "#1ABC9C",
      "points": [
        77.119,
        82.927,
        77.119,
        83.137,
        76.971,
        83.394,
        76.789,
        83.498,
        76.607,
        83.604,
        76.459,
        83.519,
        76.459,
        83.307,
        76.459,
        83.098,
        76.607,
        82.842,
        76.789,
        82.738,
        76.971,
        82.634,
        77.119,
        82.718,
        77.119,
        82.927
      ],
      "segments": [
        1,
        4,
        4,
        4,
        4
      ]
    },
    {
      "type": "shape",
      "background": "#00ff00",
      "shadowColor": "#1ABC9C",
      "points": [
        89.137,
        81.125,
        89.137,
        81.335,
        88.988,
        81.591,
        88.807,
        81.697,
        88.624,
        81.802,
        88.477,
        81.716,
        88.477,
        81.506,
        88.477,
        81.295,
        88.624,
        81.04,
        88.807,
        80.936,
        88.988,
        80.832,
        89.137,
        80.916,
        89.137,
        81.125
      ],
      "segments": [
        1,
        4,
        4,
        4,
        4
      ]
    },
    {
      "type": "shape",
      "background": "#00ff00",
      "shadowColor": "#1ABC9C",
      "points": [
        90.35,
        80.424,
        90.35,
        80.635,
        90.204,
        80.89,
        90.02,
        80.996,
        89.839,
        81.1,
        89.693,
        81.016,
        89.693,
        80.805,
        89.693,
        80.595,
        89.839,
        80.339,
        90.02,
        80.234,
        90.204,
        80.129,
        90.35,
        80.215,
        90.35,
        80.424
      ],
      "segments": [
        1,
        4,
        4,
        4,
        4
      ]
    },
    {
      "type": "shape",
      "background": "#151f22",
      "shadowColor": "#1ABC9C",
      "points": [
        91.4,
        79.819,
        91.4,
        80.03,
        91.251,
        80.286,
        91.068,
        80.391,
        90.887,
        80.496,
        90.74,
        80.411,
        90.74,
        80.2,
        90.74,
        79.99,
        90.887,
        79.735,
        91.068,
        79.63,
        91.251,
        79.523,
        91.4,
        79.609,
        91.4,
        79.819
      ],
      "segments": [
        1,
        4,
        4,
        4,
        4
      ]
    },
    {
      "type": "shape",
      "background": "#151f22",
      "shadowColor": "#1ABC9C",
      "points": [
        50.693,
        102.94,
        87.431,
        81.731,
        87.431,
        83.91,
        50.693,
        105.119,
        50.693,
        102.94
      ]
    },
    {
      "type": "shape",
      "background": "#b8c9d2",
      "shadowColor": "#1ABC9C",
      "points": [
        89.634,
        78.85,
        88.64,
        79.423,
        88.64,
        78.276,
        89.634,
        77.703,
        89.634,
        78.85
      ]
    },
    {
      "type": "shape",
      "background": "#b8c9d2",
      "shadowColor": "#1ABC9C",
      "points": [
        91.237,
        77.923,
        90.244,
        78.497,
        90.244,
        77.35,
        91.237,
        76.776,
        91.237,
        77.923
      ]
    },
    {
      "type": "shape",
      "background": "#414e52",
      "shadowColor": "#1ABC9C",
      "points": [
        96.478,
        61.02,
        47.165,
        89.49,
        8.548,
        67.306,
        57.861,
        38.836,
        96.478,
        61.02
      ]
    },
    {
      "type": "shape",
      "background": "#283539",
      "shadowColor": "#1ABC9C",
      "points": [
        47.165,
        96.828,
        8.548,
        74.646,
        8.548,
        67.306,
        47.165,
        89.49,
        47.165,
        96.828,
        47.165,
        96.828,
        47.165,
        96.828
      ]
    },
    {
      "type": "shape",
      "background": "#283539",
      "shadowColor": "#1ABC9C",
      "points": [
        96.54,
        60.968,
        47.146,
        89.486,
        47.146,
        96.831,
        96.54,
        68.312,
        96.54,
        60.968
      ]
    },
    {
      "type": "shape",
      "background": "#00ff00",
      "shadowColor": "#1ABC9C",
      "points": [
        51.272,
        88.825,
        51.272,
        89.008,
        51.143,
        89.233,
        50.984,
        89.326,
        50.823,
        89.419,
        50.692,
        89.345,
        50.692,
        89.159,
        50.693,
        88.974,
        50.823,
        88.749,
        50.984,
        88.656,
        51.142,
        88.564,
        51.272,
        88.641,
        51.272,
        88.825
      ],
      "segments": [
        1,
        4,
        4,
        4,
        4
      ]
    },
    {
      "type": "shape",
      "background": "#00ff00",
      "shadowColor": "#1ABC9C",
      "points": [
        52.803,
        87.941,
        52.803,
        88.126,
        52.674,
        88.352,
        52.513,
        88.444,
        52.352,
        88.536,
        52.224,
        88.46,
        52.224,
        88.274,
        52.224,
        88.092,
        52.352,
        87.866,
        52.513,
        87.775,
        52.674,
        87.682,
        52.803,
        87.755,
        52.803,
        87.941
      ],
      "segments": [
        1,
        4,
        4,
        4,
        4
      ]
    },
    {
      "type": "shape",
      "background": "#00ff00",
      "shadowColor": "#1ABC9C",
      "points": [
        54.333,
        87.057,
        54.333,
        87.242,
        54.204,
        87.465,
        54.045,
        87.56,
        53.884,
        87.65,
        53.754,
        87.576,
        53.754,
        87.391,
        53.754,
        87.206,
        53.884,
        86.983,
        54.045,
        86.89,
        54.204,
        86.798,
        54.333,
        86.873,
        54.333,
        87.057
      ],
      "segments": [
        1,
        4,
        4,
        4,
        4
      ]
    },
    {
      "type": "shape",
      "background": "#00ff00",
      "shadowColor": "#1ABC9C",
      "points": [
        55.864,
        86.172,
        55.864,
        86.357,
        55.735,
        86.583,
        55.575,
        86.676,
        55.414,
        86.768,
        55.285,
        86.694,
        55.285,
        86.508,
        55.285,
        86.323,
        55.414,
        86.099,
        55.575,
        86.006,
        55.735,
        85.914,
        55.864,
        85.989,
        55.864,
        86.172
      ],
      "segments": [
        1,
        4,
        4,
        4,
        4
      ]
    },
    {
      "type": "shape",
      "background": "#00ff00",
      "shadowColor": "#1ABC9C",
      "points": [
        57.395,
        85.289,
        57.395,
        85.474,
        57.265,
        85.699,
        57.105,
        85.792,
        56.945,
        85.884,
        56.815,
        85.809,
        56.815,
        85.625,
        56.815,
        85.439,
        56.945,
        85.214,
        57.105,
        85.122,
        57.265,
        85.03,
        57.395,
        85.105,
        57.395,
        85.289
      ],
      "segments": [
        1,
        4,
        4,
        4,
        4
      ]
    },
    {
      "type": "shape",
      "background": "#00ff00",
      "shadowColor": "#1ABC9C",
      "points": [
        58.925,
        84.407,
        58.925,
        84.592,
        58.797,
        84.817,
        58.636,
        84.909,
        58.476,
        85.002,
        58.345,
        84.927,
        58.345,
        84.742,
        58.345,
        84.557,
        58.476,
        84.331,
        58.636,
        84.24,
        58.797,
        84.147,
        58.924,
        84.221,
        58.925,
        84.407
      ],
      "segments": [
        1,
        4,
        4,
        4,
        4
      ]
    },
    {
      "type": "shape",
      "background": "#00ff00",
      "shadowColor": "#1ABC9C",
      "points": [
        60.457,
        83.523,
        60.457,
        83.708,
        60.326,
        83.932,
        60.166,
        84.025,
        60.006,
        84.117,
        59.877,
        84.043,
        59.876,
        83.857,
        59.876,
        83.673,
        60.006,
        83.448,
        60.166,
        83.357,
        60.326,
        83.263,
        60.457,
        83.338,
        60.457,
        83.523
      ],
      "segments": [
        1,
        4,
        4,
        4,
        4
      ]
    },
    {
      "type": "shape",
      "background": "#00ff00",
      "shadowColor": "#1ABC9C",
      "points": [
        61.987,
        82.638,
        61.987,
        82.823,
        61.858,
        83.047,
        61.698,
        83.14,
        61.538,
        83.233,
        61.406,
        83.158,
        61.406,
        82.973,
        61.406,
        82.788,
        61.538,
        82.563,
        61.698,
        82.47,
        61.858,
        82.378,
        61.987,
        82.453,
        61.987,
        82.638
      ],
      "segments": [
        1,
        4,
        4,
        4,
        4
      ]
    },
    {
      "type": "shape",
      "background": "#00ff00",
      "shadowColor": "#1ABC9C",
      "points": [
        63.517,
        81.755,
        63.517,
        81.939,
        63.388,
        82.165,
        63.227,
        82.257,
        63.067,
        82.35,
        62.938,
        82.274,
        62.938,
        82.089,
        62.938,
        81.905,
        63.067,
        81.68,
        63.227,
        81.587,
        63.388,
        81.496,
        63.517,
        81.571,
        63.517,
        81.755
      ],
      "segments": [
        1,
        4,
        4,
        4,
        4
      ]
    },
    {
      "type": "shape",
      "background": "#00ff00",
      "shadowColor": "#1ABC9C",
      "points": [
        65.048,
        80.872,
        65.048,
        81.057,
        64.918,
        81.281,
        64.757,
        81.374,
        64.598,
        81.466,
        64.468,
        81.391,
        64.468,
        81.206,
        64.468,
        81.022,
        64.598,
        80.798,
        64.757,
        80.704,
        64.918,
        80.613,
        65.048,
        80.687,
        65.048,
        80.872
      ],
      "segments": [
        1,
        4,
        4,
        4,
        4
      ]
    },
    {
      "type": "shape",
      "background": "#00ff00",
      "shadowColor": "#1ABC9C",
      "points": [
        66.577,
        79.987,
        66.577,
        80.172,
        66.449,
        80.397,
        66.289,
        80.489,
        66.129,
        80.582,
        65.999,
        80.507,
        65.999,
        80.322,
        65.999,
        80.137,
        66.129,
        79.913,
        66.289,
        79.82,
        66.449,
        79.729,
        66.577,
        79.803,
        66.577,
        79.987
      ],
      "segments": [
        1,
        4,
        4,
        4,
        4
      ]
    },
    {
      "type": "shape",
      "background": "#00ff00",
      "shadowColor": "#1ABC9C",
      "points": [
        68.11,
        79.105,
        68.11,
        79.29,
        67.98,
        79.514,
        67.818,
        79.607,
        67.658,
        79.7,
        67.529,
        79.625,
        67.529,
        79.44,
        67.529,
        79.255,
        67.659,
        79.03,
        67.818,
        78.938,
        67.98,
        78.845,
        68.11,
        78.919,
        68.11,
        79.105
      ],
      "segments": [
        1,
        4,
        4,
        4,
        4
      ]
    },
    {
      "type": "shape",
      "background": "#00ff00",
      "shadowColor": "#1ABC9C",
      "points": [
        69.639,
        78.221,
        69.638,
        78.406,
        69.51,
        78.631,
        69.35,
        78.723,
        69.19,
        78.815,
        69.059,
        78.741,
        69.059,
        78.556,
        69.059,
        78.371,
        69.19,
        78.146,
        69.35,
        78.054,
        69.51,
        77.961,
        69.639,
        78.037,
        69.639,
        78.221
      ],
      "segments": [
        1,
        4,
        4,
        4,
        4
      ]
    },
    {
      "type": "shape",
      "background": "#00ff00",
      "shadowColor": "#1ABC9C",
      "points": [
        71.171,
        77.336,
        71.171,
        77.521,
        71.04,
        77.746,
        70.88,
        77.839,
        70.72,
        77.931,
        70.59,
        77.856,
        70.59,
        77.671,
        70.59,
        77.486,
        70.72,
        77.261,
        70.88,
        77.169,
        71.04,
        77.077,
        71.171,
        77.151,
        71.171,
        77.336
      ],
      "segments": [
        1,
        4,
        4,
        4,
        4
      ]
    },
    {
      "type": "shape",
      "background": "#00ff00",
      "shadowColor": "#1ABC9C",
      "points": [
        72.701,
        76.453,
        72.702,
        76.637,
        72.571,
        76.863,
        72.411,
        76.955,
        72.25,
        77.047,
        72.12,
        76.973,
        72.12,
        76.788,
        72.12,
        76.603,
        72.25,
        76.379,
        72.411,
        76.286,
        72.571,
        76.194,
        72.701,
        76.269,
        72.701,
        76.453
      ],
      "segments": [
        1,
        4,
        4,
        4,
        4
      ]
    },
    {
      "type": "shape",
      "background": "#00ff00",
      "shadowColor": "#1ABC9C",
      "points": [
        74.231,
        75.57,
        74.231,
        75.754,
        74.102,
        75.98,
        73.941,
        76.072,
        73.781,
        76.165,
        73.651,
        76.089,
        73.651,
        75.905,
        73.651,
        75.72,
        73.781,
        75.496,
        73.941,
        75.403,
        74.102,
        75.311,
        74.231,
        75.385,
        74.231,
        75.57
      ],
      "segments": [
        1,
        4,
        4,
        4,
        4
      ]
    },
    {
      "type": "shape",
      "background": "#00ff00",
      "shadowColor": "#1ABC9C",
      "points": [
        75.762,
        74.686,
        75.762,
        74.871,
        75.632,
        75.096,
        75.472,
        75.189,
        75.311,
        75.281,
        75.182,
        75.206,
        75.182,
        75.021,
        75.182,
        74.836,
        75.311,
        74.611,
        75.472,
        74.519,
        75.632,
        74.427,
        75.762,
        74.502,
        75.762,
        74.686
      ],
      "segments": [
        1,
        4,
        4,
        4,
        4
      ]
    },
    {
      "type": "shape",
      "background": "#00ff00",
      "shadowColor": "#1ABC9C",
      "points": [
        77.292,
        73.803,
        77.292,
        73.988,
        77.163,
        74.213,
        77.003,
        74.305,
        76.843,
        74.397,
        76.713,
        74.322,
        76.713,
        74.138,
        76.713,
        73.953,
        76.843,
        73.728,
        77.003,
        73.636,
        77.163,
        73.541,
        77.292,
        73.617,
        77.292,
        73.803
      ],
      "segments": [
        1,
        4,
        4,
        4,
        4
      ]
    },
    {
      "type": "shape",
      "background": "#00ff00",
      "shadowColor": "#1ABC9C",
      "points": [
        78.822,
        72.919,
        78.822,
        73.104,
        78.694,
        73.328,
        78.532,
        73.422,
        78.372,
        73.514,
        78.244,
        73.439,
        78.244,
        73.254,
        78.244,
        73.069,
        78.372,
        72.844,
        78.533,
        72.752,
        78.694,
        72.659,
        78.822,
        72.734,
        78.822,
        72.919
      ],
      "segments": [
        1,
        4,
        4,
        4,
        4
      ]
    },
    {
      "type": "shape",
      "background": "#92a4af",
      "shadowColor": "#1ABC9C",
      "points": [
        90.74,
        69.061,
        81.87,
        74.182,
        81.869,
        70.825,
        90.74,
        65.703,
        90.74,
        69.061
      ]
    },
    {
      "type": "shape",
      "background": "#151f22",
      "shadowColor": "#1ABC9C",
      "points": [
        79.256,
        76.489,
        50.692,
        92.98,
        50.692,
        90.705,
        79.256,
        74.215,
        79.256,
        76.489
      ]
    },
    {
      "type": "shape",
      "background": "#414e52",
      "shadowColor": "#1ABC9C",
      "points": [
        96.478,
        51.888,
        47.165,
        80.359,
        8.548,
        58.173,
        57.861,
        29.703,
        96.478,
        51.888
      ]
    },
    {
      "type": "shape",
      "background": "#283539",
      "shadowColor": "#1ABC9C",
      "points": [
        47.165,
        87.697,
        8.548,
        65.514,
        8.548,
        58.173,
        47.165,
        80.359,
        47.165,
        87.697,
        47.165,
        87.697,
        47.165,
        87.697
      ]
    },
    {
      "type": "shape",
      "background": "#283539",
      "shadowColor": "#1ABC9C",
      "points": [
        96.54,
        51.842,
        47.146,
        80.359,
        47.146,
        87.734,
        96.54,
        59.216,
        96.54,
        51.842
      ]
    },
    {
      "type": "shape",
      "background": "#151f22",
      "shadowColor": "#1ABC9C",
      "points": [
        82.92,
        61.442,
        52.225,
        79.164,
        52.225,
        78.5,
        82.92,
        60.779,
        82.92,
        61.442
      ]
    },
    {
      "type": "shape",
      "background": "#151f22",
      "shadowColor": "#1ABC9C",
      "points": [
        82.92,
        62.583,
        52.225,
        80.306,
        52.225,
        79.642,
        82.92,
        61.921,
        82.92,
        62.583
      ]
    },
    {
      "type": "shape",
      "background": "#151f22",
      "shadowColor": "#1ABC9C",
      "points": [
        82.92,
        63.724,
        52.225,
        81.447,
        52.225,
        80.784,
        82.92,
        63.062,
        82.92,
        63.724
      ]
    },
    {
      "type": "shape",
      "background": "#151f22",
      "shadowColor": "#1ABC9C",
      "points": [
        82.92,
        64.867,
        52.225,
        82.589,
        52.225,
        81.926,
        82.92,
        64.203,
        82.92,
        64.867
      ]
    },
    {
      "type": "shape",
      "background": "#151f22",
      "shadowColor": "#1ABC9C",
      "points": [
        82.92,
        66.008,
        52.225,
        83.731,
        52.225,
        83.068,
        82.92,
        65.345,
        82.92,
        66.008
      ]
    },
    {
      "type": "shape",
      "background": "#00ff00",
      "shadowColor": "#1ABC9C",
      "points": [
        85.248,
        59.807,
        85.248,
        60.013,
        85.104,
        60.264,
        84.925,
        60.367,
        84.746,
        60.47,
        84.601,
        60.387,
        84.601,
        60.18,
        84.601,
        59.974,
        84.746,
        59.724,
        84.925,
        59.62,
        85.104,
        59.518,
        85.248,
        59.602,
        85.248,
        59.807
      ],
      "segments": [
        1,
        4,
        4,
        4,
        4
      ]
    },
    {
      "type": "shape",
      "background": "#00ff00",
      "shadowColor": "#1ABC9C",
      "points": [
        85.248,
        61.16,
        85.248,
        61.366,
        85.104,
        61.617,
        84.925,
        61.72,
        84.746,
        61.822,
        84.601,
        61.739,
        84.601,
        61.533,
        84.601,
        61.326,
        84.746,
        61.076,
        84.925,
        60.973,
        85.104,
        60.871,
        85.248,
        60.954,
        85.248,
        61.16
      ],
      "segments": [
        1,
        4,
        4,
        4,
        4
      ]
    },
    {
      "type": "shape",
      "background": "#00ff00",
      "shadowColor": "#1ABC9C",
      "points": [
        85.248,
        62.512,
        85.248,
        62.718,
        85.104,
        62.968,
        84.925,
        63.071,
        84.746,
        63.175,
        84.601,
        63.091,
        84.601,
        62.885,
        84.601,
        62.679,
        84.746,
        62.428,
        84.925,
        62.325,
        85.104,
        62.221,
        85.248,
        62.306,
        85.248,
        62.512
      ],
      "segments": [
        1,
        4,
        4,
        4,
        4
      ]
    },
    {
      "type": "shape",
      "background": "#00ff00",
      "shadowColor": "#1ABC9C",
      "points": [
        85.248,
        63.862,
        85.248,
        64.068,
        85.104,
        64.319,
        84.925,
        64.422,
        84.746,
        64.525,
        84.601,
        64.442,
        84.601,
        64.235,
        84.601,
        64.029,
        84.746,
        63.779,
        84.925,
        63.676,
        85.104,
        63.574,
        85.248,
        63.656,
        85.248,
        63.862
      ],
      "segments": [
        1,
        4,
        4,
        4,
        4
      ]
    },
    {
      "type": "shape",
      "background": "#3b4548",
      "shadowColor": "#1ABC9C",
      "points": [
        93.919,
        55.901,
        86.305,
        60.298,
        86.305,
        58.825,
        93.919,
        54.429,
        93.919,
        55.901
      ]
    },
    {
      "type": "shape",
      "background": "#3b4548",
      "shadowColor": "#1ABC9C",
      "points": [
        93.919,
        58.242,
        86.305,
        62.638,
        86.305,
        61.165,
        93.919,
        56.769,
        93.919,
        58.242
      ]
    },
    {
      "type": "shape",
      "background": "#414e52",
      "shadowColor": "#1ABC9C",
      "points": [
        96.478,
        41.67,
        47.165,
        70.14,
        8.548,
        47.955,
        57.861,
        19.484,
        96.478,
        41.67
      ]
    },
    {
      "type": "shape",
      "background": "#283539",
      "shadowColor": "#1ABC9C",
      "points": [
        47.165,
        77.479,
        8.548,
        55.294,
        8.548,
        47.955,
        47.165,
        70.14,
        47.165,
        77.479,
        47.165,
        77.479,
        47.165,
        77.479
      ]
    },
    {
      "type": "shape",
      "background": "#283539",
      "shadowColor": "#1ABC9C",
      "points": [
        96.54,
        41.624,
        47.146,
        70.142,
        47.146,
        77.515,
        96.54,
        48.998,
        96.54,
        41.624
      ]
    },
    {
      "type": "shape",
      "background": "#151f22",
      "shadowColor": "#1ABC9C",
      "points": [
        82.92,
        51.224,
        52.225,
        68.945,
        52.225,
        68.283,
        82.92,
        50.561,
        82.92,
        51.224
      ]
    },
    {
      "type": "shape",
      "background": "#151f22",
      "shadowColor": "#1ABC9C",
      "points": [
        82.92,
        52.364,
        52.225,
        70.086,
        52.225,
        69.424,
        82.92,
        51.702,
        82.92,
        52.364
      ]
    },
    {
      "type": "shape",
      "background": "#151f22",
      "shadowColor": "#1ABC9C",
      "points": [
        82.92,
        53.507,
        52.225,
        71.229,
        52.225,
        70.565,
        82.92,
        52.843,
        82.92,
        53.507
      ]
    },
    {
      "type": "shape",
      "background": "#151f22",
      "shadowColor": "#1ABC9C",
      "points": [
        82.92,
        54.648,
        52.225,
        72.371,
        52.225,
        71.707,
        82.92,
        53.985,
        82.92,
        54.648
      ]
    },
    {
      "type": "shape",
      "background": "#151f22",
      "shadowColor": "#1ABC9C",
      "points": [
        82.92,
        55.789,
        52.225,
        73.51,
        52.225,
        72.85,
        82.92,
        55.127,
        82.92,
        55.789
      ]
    },
    {
      "type": "shape",
      "background": "#00ff00",
      "shadowColor": "#1ABC9C",
      "points": [
        85.248,
        49.589,
        85.248,
        49.796,
        85.104,
        50.046,
        84.925,
        50.15,
        84.746,
        50.253,
        84.601,
        50.169,
        84.601,
        49.963,
        84.601,
        49.756,
        84.746,
        49.506,
        84.925,
        49.402,
        85.104,
        49.299,
        85.248,
        49.382,
        85.248,
        49.589
      ],
      "segments": [
        1,
        4,
        4,
        4,
        4
      ]
    },
    {
      "type": "shape",
      "background": "#00ff00",
      "shadowColor": "#1ABC9C",
      "points": [
        85.248,
        50.941,
        85.248,
        51.148,
        85.104,
        51.398,
        84.925,
        51.502,
        84.746,
        51.604,
        84.601,
        51.521,
        84.601,
        51.315,
        84.601,
        51.108,
        84.746,
        50.858,
        84.925,
        50.755,
        85.104,
        50.651,
        85.248,
        50.734,
        85.248,
        50.941
      ],
      "segments": [
        1,
        4,
        4,
        4,
        4
      ]
    },
    {
      "type": "shape",
      "background": "#00ff00",
      "shadowColor": "#1ABC9C",
      "points": [
        85.248,
        52.293,
        85.248,
        52.499,
        85.104,
        52.749,
        84.925,
        52.853,
        84.746,
        52.956,
        84.601,
        52.873,
        84.601,
        52.667,
        84.601,
        52.46,
        84.746,
        52.21,
        84.925,
        52.107,
        85.104,
        52.003,
        85.248,
        52.086,
        85.248,
        52.293
      ],
      "segments": [
        1,
        4,
        4,
        4,
        4
      ]
    },
    {
      "type": "shape",
      "background": "#00ff00",
      "shadowColor": "#1ABC9C",
      "points": [
        85.248,
        53.645,
        85.248,
        53.851,
        85.104,
        54.101,
        84.925,
        54.204,
        84.746,
        54.308,
        84.601,
        54.225,
        84.601,
        54.018,
        84.601,
        53.812,
        84.746,
        53.561,
        84.925,
        53.458,
        85.104,
        53.356,
        85.248,
        53.439,
        85.248,
        53.645
      ],
      "segments": [
        1,
        4,
        4,
        4,
        4
      ]
    },
    {
      "type": "shape",
      "background": "#3b4548",
      "shadowColor": "#1ABC9C",
      "points": [
        93.919,
        45.684,
        86.305,
        50.08,
        86.305,
        48.606,
        93.919,
        44.21,
        93.919,
        45.684
      ]
    },
    {
      "type": "shape",
      "background": "#3b4548",
      "shadowColor": "#1ABC9C",
      "points": [
        93.919,
        48.023,
        86.305,
        52.419,
        86.305,
        50.945,
        93.919,
        46.551,
        93.919,
        48.023
      ]
    },
    {
      "type": "shape",
      "background": "#888b8d",
      "shadowColor": "#1ABC9C",
      "points": [
        91.995,
        188.956,
        93.388,
        189.762,
        93.388,
        36.351,
        92.283,
        35.833,
        91.995,
        188.956
      ]
    },
    {
      "type": "shape",
      "background": "#c8cbcd",
      "shadowColor": "#1ABC9C",
      "points": [
        0.927,
        32.617,
        44.859,
        57.982,
        48.93,
        55.632,
        48.93,
        55.632,
        61.882,
        51.328,
        73.908,
        44.384,
        87.441,
        36.57,
        93.388,
        29.963,
        93.388,
        29.963,
        100.009,
        26.141,
        56.077,
        0.775,
        0.927,
        32.617,
        0.927,
        32.617,
        0.927,
        32.617
      ],
      "segments": [
        1,
        2,
        2,
        4,
        4,
        2,
        2,
        2,
        2,
        2
      ]
    },
    {
      "type": "shape",
      "background": "#b6b9bb",
      "shadowColor": "#1ABC9C",
      "points": [
        44.859,
        224,
        0.927,
        198.637,
        0.927,
        32.617,
        44.859,
        57.983,
        44.859,
        224,
        44.859,
        224,
        44.859,
        224
      ]
    },
    {
      "type": "shape",
      "background": "#3b4548",
      "shadowColor": "#1ABC9C",
      "points": [
        44.859,
        64.382,
        0.927,
        39.017,
        0.927,
        32.617,
        44.859,
        57.983,
        44.859,
        64.382,
        44.859,
        64.382,
        44.859,
        64.382
      ]
    },
    {
      "type": "shape",
      "background": "#3b4548",
      "shadowColor": "#1ABC9C",
      "points": [
        44.859,
        224,
        0.927,
        198.637,
        0.927,
        184.479,
        44.859,
        209.845,
        44.859,
        224,
        44.859,
        224,
        44.859,
        224
      ]
    },
    {
      "type": "shape",
      "background": "#a0a3a5",
      "shadowColor": "#1ABC9C",
      "points": [
        100.009,
        178.018,
        93.388,
        181.841,
        93.388,
        36.351,
        100.009,
        32.528,
        100.009,
        178.018
      ]
    },
    {
      "type": "shape",
      "background": "#435155",
      "shadowColor": "#1ABC9C",
      "points": [
        48.93,
        62.021,
        48.93,
        55.633,
        48.93,
        55.633,
        61.882,
        51.329,
        73.908,
        44.385,
        79.292,
        41.276,
        83.475,
        38.359,
        86.56,
        35.972,
        91.231,
        32.36,
        93.388,
        29.964,
        93.388,
        29.964,
        93.388,
        36.351,
        93.388,
        36.351,
        93.388,
        36.351,
        87.441,
        42.959,
        73.908,
        50.773,
        70.559,
        52.706,
        67.14,
        54.434,
        63.947,
        55.922,
        59.978,
        57.773,
        56.361,
        59.251,
        53.671,
        60.288,
        53.671,
        60.288,
        50.755,
        61.414,
        48.93,
        62.021,
        48.93,
        62.021
      ],
      "segments": [
        1,
        2,
        4,
        4,
        4,
        2,
        2,
        4,
        4,
        4,
        2,
        4
      ]
    },
    {
      "type": "shape",
      "background": "rgb(46,58,61)",
      "shadowColor": "#1ABC9C",
      "points": [
        93.388,
        29.963,
        93.388,
        36.351,
        100.009,
        32.528,
        100.009,
        26.142,
        93.388,
        29.963
      ]
    },
    {
      "type": "shape",
      "background": "rgb(46,58,61)",
      "shadowColor": "#1ABC9C",
      "points": [
        44.859,
        64.37,
        48.93,
        62.021,
        48.93,
        55.633,
        44.859,
        57.983,
        44.859,
        64.37
      ]
    },
    {
      "type": "shape",
      "background": "#3b4548",
      "shadowColor": "#1ABC9C",
      "points": [
        48.93,
        221.652,
        48.93,
        207.511,
        48.93,
        207.511,
        48.93,
        207.511,
        48.93,
        207.511,
        61.882,
        203.205,
        73.908,
        196.263,
        82.551,
        191.272,
        88.1,
        186.773,
        90.982,
        184.174,
        90.982,
        184.175,
        90.982,
        184.175,
        90.982,
        184.175,
        92.293,
        182.992,
        93.053,
        182.2,
        93.299,
        181.937,
        93.3,
        181.937,
        93.3,
        181.936,
        93.3,
        181.936,
        93.303,
        181.933,
        93.305,
        181.931,
        93.308,
        181.928,
        93.325,
        181.91,
        93.34,
        181.894,
        93.351,
        181.881,
        93.351,
        181.881,
        93.363,
        181.868,
        93.373,
        181.858,
        93.379,
        181.851,
        93.38,
        181.85,
        93.382,
        181.848,
        93.383,
        181.846,
        93.384,
        181.845,
        93.385,
        181.845,
        93.385,
        181.845,
        93.385,
        181.845,
        93.385,
        181.844,
        93.385,
        181.844,
        93.386,
        181.844,
        93.386,
        181.843,
        93.387,
        181.842,
        93.388,
        181.842,
        93.388,
        181.841,
        93.388,
        181.841,
        93.388,
        181.841,
        93.388,
        181.841,
        93.388,
        195.811,
        93.388,
        195.983,
        93.388,
        195.983,
        87.441,
        202.588,
        73.908,
        210.403,
        61.882,
        217.346,
        48.93,
        221.652,
        48.93,
        221.652
      ],
      "segments": [
        1,
        2,
        2,
        2,
        4,
        4,
        4,
        4,
        4,
        4,
        4,
        2,
        4,
        2,
        4,
        4,
        4,
        2,
        4,
        2,
        2,
        2,
        2,
        2,
        4,
        4
      ]
    },
    {
      "type": "shape",
      "background": "#758286",
      "shadowColor": "#1ABC9C",
      "points": [
        73.908,
        196.263,
        87.441,
        188.448,
        93.388,
        181.841,
        93.388,
        181.841,
        91.995,
        181.201,
        91.995,
        181.201,
        86.048,
        187.809,
        72.514,
        195.62,
        60.489,
        202.566,
        47.536,
        206.869,
        47.536,
        206.869,
        48.93,
        207.511,
        48.93,
        207.511,
        61.882,
        203.205,
        73.908,
        196.263
      ],
      "segments": [
        1,
        4,
        2,
        4,
        4,
        2,
        4
      ]
    },
    {
      "type": "shape",
      "background": "rgb(46,58,61)",
      "shadowColor": "#1ABC9C",
      "points": [
        93.388,
        181.841,
        93.388,
        195.982,
        100.009,
        192.159,
        100.009,
        178.018,
        93.388,
        181.841
      ]
    },
    {
      "type": "shape",
      "background": "rgb(46,58,61)",
      "shadowColor": "#1ABC9C",
      "points": [
        44.859,
        224,
        48.93,
        221.652,
        48.93,
        207.511,
        44.859,
        209.86,
        44.859,
        224
      ]
    },
    {
      "type": "shape",
      "background": "#878a8c",
      "shadowColor": "#1ABC9C",
      "points": [
        93.388,
        123.156,
        95.09,
        123.916,
        95.09,
        103.69,
        93.388,
        102.927,
        93.388,
        123.156
      ]
    },
    {
      "type": "shape",
      "background": "#d4d7d9",
      "shadowColor": "#1ABC9C",
      "points": [
        95.09,
        103.69,
        97.991,
        102.013,
        97.754,
        101.856,
        95.044,
        103.42,
        93.611,
        102.773,
        93.388,
        102.927,
        95.09,
        103.69
      ]
    },
    {
      "type": "shape",
      "background": "#adb0b2",
      "shadowColor": "#1ABC9C",
      "points": [
        95.09,
        123.916,
        97.991,
        122.242,
        97.991,
        102.013,
        95.09,
        103.69,
        95.09,
        123.916,
        95.09,
        123.916,
        95.09,
        123.916
      ]
    },
    {
      "type": "shape",
      "background": "#354246",
      "shadowColor": "#1ABC9C",
      "points": [
        97.798,
        94.773,
        97.798,
        95.314,
        97.415,
        95.97,
        96.949,
        96.241,
        96.716,
        96.374,
        96.506,
        96.388,
        96.351,
        96.302,
        96.199,
        96.213,
        96.102,
        96.022,
        96.102,
        95.75,
        96.102,
        95.211,
        96.48,
        94.551,
        96.949,
        94.281,
        97.182,
        94.147,
        97.391,
        94.135,
        97.546,
        94.221,
        97.702,
        94.311,
        97.798,
        94.5,
        97.798,
        94.773,
        97.798,
        94.773,
        97.798,
        94.773
      ],
      "segments": [
        1,
        4,
        4,
        4,
        4,
        4,
        4,
        2,
        2
      ]
    },
    {
      "type": "shape",
      "background": "#a0a3a5",
      "shadowColor": "#1ABC9C",
      "points": [
        48.93,
        207.511,
        44.859,
        209.86,
        44.859,
        64.37,
        48.93,
        62.021,
        48.93,
        207.511
      ]
    },
    {
      "type": "shape",
      "background": "rgba(255,255,255,0.4)",
      "gradient": "linear.south",
      "gradientColor": "rgba(255,255,255,0)",
      "shadowColor": "#1ABC9C",
      "points": [
        92.6915,
        165.47179,
        92.6915,
        36.81364,
        92.6915,
        36.81364,
        92.6915,
        36.81364,
        86.7445,
        43.42164,
        73.2115,
        51.23564,
        69.8625,
        53.16864,
        66.4435,
        54.89664,
        63.2505,
        56.38464,
        59.2815,
        58.23564,
        55.6645,
        59.71364,
        52.9745,
        60.75064,
        52.9745,
        60.75064
      ],
      "segments": [
        1,
        2,
        2,
        4,
        4,
        4,
        2
      ]
    }
  ]
}