{
  "width": 128,
  "height": 32,
  "fitSize": false,
  "comps": [
    {
      "type": "rect",
      "background": "rgb(89,89,89)",
      "borderColor": "#979797",
      "rect": [
        0,
        0,
        128,
        32
      ]
    },
    {
      "type": "rect",
      "shadowColor": "rgba(255,255,255,0.35)",
      "shadowBlur": 0,
      "shadowOffsetX": 1,
      "shadowOffsetY": 0,
      "background": "rgb(51,49,49)",
      "borderColor": "#979797",
      "rect": [
        0,
        0,
        5.9561863858524475,
        32
      ]
    },
    {
      "type": "rect",
      "shadowColor": "rgba(255,255,255,0.35)",
      "shadowBlur": 0,
      "shadowOffsetX": 0,
      "shadowOffsetY": 0.5,
      "background": "rgba(255,255,255,0)",
      "borderWidth": 0.5,
      "borderColor": "rgb(51,49,49)",
      "rect": [
        7.291242615099023,
        1.4120430781305586,
        64.60923166927614,
        29.175913843738883
      ]
    },
    {
      "type": "rect",
      "shadowColor": "rgba(255,255,255,0.35)",
      "shadowBlur": 0,
      "shadowOffsetX": 1,
      "shadowOffsetY": 0,
      "background": "rgb(51,49,49)",
      "borderColor": "#979797",
      "rect": [
        8.62552296393816,
        2.546585706879477,
        6.852729518030397,
        2.7863601185740823
      ]
    },
    {
      "type": "rect",
      "shadowColor": "rgba(255,255,255,0.35)",
      "shadowBlur": 0,
      "shadowOffsetX": 1,
      "shadowOffsetY": 0,
      "background": "rgb(51,49,49)",
      "borderColor": "#979797",
      "rect": [
        8.62552296393816,
        4.486188332175697,
        1.1339622412261825,
        25.37970805579615
      ]
    },
    {
      "type": "rect",
      "shadowColor": "rgba(255,255,255,0.35)",
      "shadowBlur": 0,
      "shadowOffsetX": 1,
      "shadowOffsetY": 0,
      "background": "rgb(51,49,49)",
      "borderColor": "#979797",
      "rect": [
        14.344290240742374,
        4.486188332175701,
        1.1339622412261825,
        25.37970805579615
      ]
    },
    {
      "type": "rect",
      "shadowColor": "rgba(255,255,255,0.35)",
      "shadowBlur": 0,
      "shadowOffsetX": 1,
      "shadowOffsetY": 0,
      "background": "rgb(51,49,49)",
      "borderColor": "#979797",
      "rect": [
        8.62552296393816,
        24.604937241094717,
        6.852729518030397,
        5.260959146877133
      ]
    },
    {
      "type": "rect",
      "shadowColor": "rgba(255,255,255,0.35)",
      "shadowBlur": 0,
      "shadowOffsetX": 1,
      "shadowOffsetY": 0,
      "background": "rgb(128,128,128)",
      "borderColor": "#979797",
      "rect": [
        9.30651135079033,
        25.38715982075724,
        5.382975371663166,
        3.6965139875520907
      ]
    },
    {
      "type": "rect",
      "shadowColor": "rgba(255,255,255,0.35)",
      "shadowBlur": 0,
      "shadowOffsetX": 1,
      "shadowOffsetY": 0,
      "background": "rgb(110,245,100)",
      "borderColor": "#979797",
      "rect": [
        9.41428872345322,
        3.417531162844854,
        5.275197999000277,
        0.6824688371551458
      ]
    },
    {
      "type": "rect",
      "shadowColor": "rgba(255,255,255,0.35)",
      "shadowBlur": 0,
      "shadowOffsetX": 1,
      "shadowOffsetY": 0,
      "background": "rgb(51,49,49)",
      "borderColor": "#979797",
      "rect": [
        16.46578124085547,
        2.546585706879518,
        6.852729518030397,
        2.7863601185740823
      ]
    },
    {
      "type": "rect",
      "shadowColor": "rgba(255,255,255,0.35)",
      "shadowBlur": 0,
      "shadowOffsetX": 1,
      "shadowOffsetY": 0,
      "background": "rgb(51,49,49)",
      "borderColor": "#979797",
      "rect": [
        16.465781240855463,
        4.486188332175654,
        1.1339622412261825,
        25.37970805579615
      ]
    },
    {
      "type": "rect",
      "shadowColor": "rgba(255,255,255,0.35)",
      "shadowBlur": 0,
      "shadowOffsetX": 1,
      "shadowOffsetY": 0,
      "background": "rgb(51,49,49)",
      "borderColor": "#979797",
      "rect": [
        22.184548517659685,
        4.486188332175658,
        1.1339622412261825,
        25.37970805579615
      ]
    },
    {
      "type": "rect",
      "shadowColor": "rgba(255,255,255,0.35)",
      "shadowBlur": 0,
      "shadowOffsetX": 1,
      "shadowOffsetY": 0,
      "background": "rgb(51,49,49)",
      "borderColor": "#979797",
      "rect": [
        16.46578124085547,
        24.604937241094675,
        6.852729518030397,
        5.260959146877133
      ]
    },
    {
      "type": "rect",
      "shadowColor": "rgba(255,255,255,0.35)",
      "shadowBlur": 0,
      "shadowOffsetX": 1,
      "shadowOffsetY": 0,
      "background": "rgb(128,128,128)",
      "borderColor": "#979797",
      "rect": [
        17.14676962770764,
        25.387159820757198,
        5.382975371663166,
        3.6965139875520907
      ]
    },
    {
      "type": "rect",
      "shadowColor": "rgba(255,255,255,0.35)",
      "shadowBlur": 0,
      "shadowOffsetX": 1,
      "shadowOffsetY": 0,
      "background": "rgb(110,245,100)",
      "borderColor": "#979797",
      "rect": [
        17.254547000370533,
        3.4175311628448948,
        5.275197999000277,
        0.6824688371551458
      ]
    },
    {
      "type": "rect",
      "shadowColor": "rgba(255,255,255,0.35)",
      "shadowBlur": 0,
      "shadowOffsetX": 1,
      "shadowOffsetY": 0,
      "background": "rgb(51,49,49)",
      "borderColor": "#979797",
      "rect": [
        24.462844683311125,
        2.546585706879477,
        6.852729518030397,
        2.7863601185740823
      ]
    },
    {
      "type": "rect",
      "shadowColor": "rgba(255,255,255,0.35)",
      "shadowBlur": 0,
      "shadowOffsetX": 1,
      "shadowOffsetY": 0,
      "background": "rgb(51,49,49)",
      "borderColor": "#979797",
      "rect": [
        24.462844683311125,
        4.486188332175697,
        1.1339622412261825,
        25.37970805579615
      ]
    },
    {
      "type": "rect",
      "shadowColor": "rgba(255,255,255,0.35)",
      "shadowBlur": 0,
      "shadowOffsetX": 1,
      "shadowOffsetY": 0,
      "background": "rgb(51,49,49)",
      "borderColor": "#979797",
      "rect": [
        30.18161196011534,
        4.486188332175701,
        1.1339622412261825,
        25.37970805579615
      ]
    },
    {
      "type": "rect",
      "shadowColor": "rgba(255,255,255,0.35)",
      "shadowBlur": 0,
      "shadowOffsetX": 1,
      "shadowOffsetY": 0,
      "background": "rgb(51,49,49)",
      "borderColor": "#979797",
      "rect": [
        24.462844683311125,
        24.604937241094717,
        6.852729518030397,
        5.260959146877133
      ]
    },
    {
      "type": "rect",
      "shadowColor": "rgba(255,255,255,0.35)",
      "shadowBlur": 0,
      "shadowOffsetX": 1,
      "shadowOffsetY": 0,
      "background": "rgb(128,128,128)",
      "borderColor": "#979797",
      "rect": [
        25.1438330701633,
        25.38715982075724,
        5.382975371663166,
        3.6965139875520907
      ]
    },
    {
      "type": "rect",
      "shadowColor": "rgba(255,255,255,0.35)",
      "shadowBlur": 0,
      "shadowOffsetX": 1,
      "shadowOffsetY": 0,
      "background": "rgb(110,245,100)",
      "borderColor": "#979797",
      "rect": [
        25.251610442826188,
        3.417531162844854,
        5.275197999000277,
        0.6824688371551458
      ]
    },
    {
      "type": "rect",
      "shadowColor": "rgba(255,255,255,0.35)",
      "shadowBlur": 0,
      "shadowOffsetX": 1,
      "shadowOffsetY": 0,
      "background": "rgb(51,49,49)",
      "borderColor": "#979797",
      "rect": [
        32.14629779469009,
        2.546585706879518,
        6.852729518030397,
        2.5633759420877897
      ]
    },
    {
      "type": "rect",
      "shadowColor": "rgba(255,255,255,0.35)",
      "shadowBlur": 0,
      "shadowOffsetX": 1,
      "shadowOffsetY": 0,
      "background": "rgb(51,49,49)",
      "borderColor": "#979797",
      "rect": [
        32.146297794690085,
        4.263204155689447,
        1.1339622412261825,
        25.37970805579615
      ]
    },
    {
      "type": "rect",
      "shadowColor": "rgba(255,255,255,0.35)",
      "shadowBlur": 0,
      "shadowOffsetX": 1,
      "shadowOffsetY": 0,
      "background": "rgb(51,49,49)",
      "borderColor": "#979797",
      "rect": [
        37.86506507149431,
        4.263204155689454,
        1.1339622412261825,
        25.37970805579615
      ]
    },
    {
      "type": "rect",
      "shadowColor": "rgba(255,255,255,0.35)",
      "shadowBlur": 0,
      "shadowOffsetX": 1,
      "shadowOffsetY": 0,
      "background": "rgb(51,49,49)",
      "borderColor": "#979797",
      "rect": [
        32.14629779469009,
        24.381953064608474,
        6.852729518030397,
        5.4839433233633805
      ]
    },
    {
      "type": "rect",
      "shadowColor": "rgba(255,255,255,0.35)",
      "shadowBlur": 0,
      "shadowOffsetX": 1,
      "shadowOffsetY": 0,
      "background": "rgb(128,128,128)",
      "borderColor": "#979797",
      "rect": [
        32.82728618154226,
        25.164175644270994,
        5.382975371663166,
        3.6965139875520907
      ]
    },
    {
      "type": "rect",
      "shadowColor": "rgba(255,255,255,0.35)",
      "shadowBlur": 0,
      "shadowOffsetX": 1,
      "shadowOffsetY": 0,
      "background": "rgb(110,245,100)",
      "borderColor": "#979797",
      "rect": [
        33.061068189634696,
        3.1945469863586413,
        5.275197999000277,
        0.6824688371551458
      ]
    },
    {
      "type": "rect",
      "shadowColor": "rgba(255,255,255,0.35)",
      "shadowBlur": 0,
      "shadowOffsetX": 1,
      "shadowOffsetY": 0,
      "background": "rgb(51,49,49)",
      "borderColor": "#979797",
      "rect": [
        39.890388552880935,
        2.546585706879518,
        6.852729518030397,
        2.563375942087788
      ]
    },
    {
      "type": "rect",
      "shadowColor": "rgba(255,255,255,0.35)",
      "shadowBlur": 0,
      "shadowOffsetX": 1,
      "shadowOffsetY": 0,
      "background": "rgb(51,49,49)",
      "borderColor": "#979797",
      "rect": [
        39.890388552880935,
        4.2632041556894436,
        1.1339622412261825,
        25.37970805579615
      ]
    },
    {
      "type": "rect",
      "shadowColor": "rgba(255,255,255,0.35)",
      "shadowBlur": 0,
      "shadowOffsetX": 1,
      "shadowOffsetY": 0,
      "background": "rgb(51,49,49)",
      "borderColor": "#979797",
      "rect": [
        45.60915582968515,
        4.263204155689451,
        1.1339622412261825,
        25.37970805579615
      ]
    },
    {
      "type": "rect",
      "shadowColor": "rgba(255,255,255,0.35)",
      "shadowBlur": 0,
      "shadowOffsetX": 1,
      "shadowOffsetY": 0,
      "background": "rgb(51,49,49)",
      "borderColor": "#979797",
      "rect": [
        39.890388552880935,
        24.381953064608467,
        6.852729518030397,
        5.483943323363338
      ]
    },
    {
      "type": "rect",
      "shadowColor": "rgba(255,255,255,0.35)",
      "shadowBlur": 0,
      "shadowOffsetX": 1,
      "shadowOffsetY": 0,
      "background": "rgb(128,128,128)",
      "borderColor": "#979797",
      "rect": [
        40.571376939733106,
        25.16417564427099,
        5.382975371663166,
        3.6965139875520907
      ]
    },
    {
      "type": "rect",
      "shadowColor": "rgba(255,255,255,0.35)",
      "shadowBlur": 0,
      "shadowOffsetX": 1,
      "shadowOffsetY": 0,
      "background": "rgb(110,245,100)",
      "borderColor": "#979797",
      "rect": [
        40.679154312395994,
        3.1945469863586005,
        5.275197999000277,
        0.6824688371551458
      ]
    },
    {
      "type": "rect",
      "shadowColor": "rgba(255,255,255,0.35)",
      "shadowBlur": 0,
      "shadowOffsetX": 1,
      "shadowOffsetY": 0,
      "background": "rgb(51,49,49)",
      "borderColor": "#979797",
      "rect": [
        47.730646829798246,
        2.546585706879518,
        6.852729518030397,
        2.563375942087829
      ]
    },
    {
      "type": "rect",
      "shadowColor": "rgba(255,255,255,0.35)",
      "shadowBlur": 0,
      "shadowOffsetX": 1,
      "shadowOffsetY": 0,
      "background": "rgb(51,49,49)",
      "borderColor": "#979797",
      "rect": [
        47.73064682979824,
        4.263204155689401,
        1.1339622412261825,
        25.37970805579615
      ]
    },
    {
      "type": "rect",
      "shadowColor": "rgba(255,255,255,0.35)",
      "shadowBlur": 0,
      "shadowOffsetX": 1,
      "shadowOffsetY": 0,
      "background": "rgb(51,49,49)",
      "borderColor": "#979797",
      "rect": [
        53.44941410660246,
        4.263204155689408,
        1.1339622412261825,
        25.37970805579615
      ]
    },
    {
      "type": "rect",
      "shadowColor": "rgba(255,255,255,0.35)",
      "shadowBlur": 0,
      "shadowOffsetX": 1,
      "shadowOffsetY": 0,
      "background": "rgb(51,49,49)",
      "borderColor": "#979797",
      "rect": [
        47.730646829798246,
        24.381953064608425,
        6.852729518030397,
        5.483943323363427
      ]
    },
    {
      "type": "rect",
      "shadowColor": "rgba(255,255,255,0.35)",
      "shadowBlur": 0,
      "shadowOffsetX": 1,
      "shadowOffsetY": 0,
      "background": "rgb(128,128,128)",
      "borderColor": "#979797",
      "rect": [
        48.41163521665042,
        25.164175644270948,
        5.382975371663166,
        3.6965139875520907
      ]
    },
    {
      "type": "rect",
      "shadowColor": "rgba(255,255,255,0.35)",
      "shadowBlur": 0,
      "shadowOffsetX": 1,
      "shadowOffsetY": 0,
      "background": "rgb(110,245,100)",
      "borderColor": "#979797",
      "rect": [
        48.519412589313305,
        3.257296929011372,
        5.275197999000277,
        0.6824688371551458
      ]
    },
    {
      "type": "rect",
      "shadowColor": "rgba(255,255,255,0.35)",
      "shadowBlur": 0,
      "shadowOffsetX": 1,
      "shadowOffsetY": 0,
      "background": "rgb(51,49,49)",
      "borderColor": "#979797",
      "rect": [
        55.7277102722539,
        2.546585706879518,
        6.852729518030397,
        2.563375942087788
      ]
    },
    {
      "type": "rect",
      "shadowColor": "rgba(255,255,255,0.35)",
      "shadowBlur": 0,
      "shadowOffsetX": 1,
      "shadowOffsetY": 0,
      "background": "rgb(51,49,49)",
      "borderColor": "#979797",
      "rect": [
        55.7277102722539,
        4.2632041556894436,
        1.1339622412261825,
        25.37970805579615
      ]
    },
    {
      "type": "rect",
      "shadowColor": "rgba(255,255,255,0.35)",
      "shadowBlur": 0,
      "shadowOffsetX": 1,
      "shadowOffsetY": 0,
      "background": "rgb(51,49,49)",
      "borderColor": "#979797",
      "rect": [
        61.446477549058116,
        4.263204155689451,
        1.1339622412261825,
        25.37970805579615
      ]
    },
    {
      "type": "rect",
      "shadowColor": "rgba(255,255,255,0.35)",
      "shadowBlur": 0,
      "shadowOffsetX": 1,
      "shadowOffsetY": 0,
      "background": "rgb(51,49,49)",
      "borderColor": "#979797",
      "rect": [
        55.7277102722539,
        24.381953064608467,
        6.852729518030397,
        5.483943323363384
      ]
    },
    {
      "type": "rect",
      "shadowColor": "rgba(255,255,255,0.35)",
      "shadowBlur": 0,
      "shadowOffsetX": 1,
      "shadowOffsetY": 0,
      "background": "rgb(128,128,128)",
      "borderColor": "#979797",
      "rect": [
        56.40869865910607,
        25.16417564427099,
        5.382975371663166,
        3.6965139875520907
      ]
    },
    {
      "type": "rect",
      "shadowColor": "rgba(255,255,255,0.35)",
      "shadowBlur": 0,
      "shadowOffsetX": 1,
      "shadowOffsetY": 0,
      "background": "rgb(110,245,100)",
      "borderColor": "#979797",
      "rect": [
        56.51647603176896,
        3.1945469863586005,
        5.275197999000277,
        0.6824688371551458
      ]
    },
    {
      "type": "rect",
      "shadowColor": "rgba(255,255,255,0.35)",
      "shadowBlur": 0,
      "shadowOffsetX": 1,
      "shadowOffsetY": 0,
      "background": "rgb(51,49,49)",
      "borderColor": "#979797",
      "rect": [
        63.41116338363287,
        2.546585706879518,
        6.852729518030397,
        2.3403917656015363
      ]
    },
    {
      "type": "rect",
      "shadowColor": "rgba(255,255,255,0.35)",
      "shadowBlur": 0,
      "shadowOffsetX": 1,
      "shadowOffsetY": 0,
      "background": "rgb(51,49,49)",
      "borderColor": "#979797",
      "rect": [
        63.41116338363287,
        4.040219979203194,
        1.1339622412261825,
        25.37970805579615
      ]
    },
    {
      "type": "rect",
      "shadowColor": "rgba(255,255,255,0.35)",
      "shadowBlur": 0,
      "shadowOffsetX": 1,
      "shadowOffsetY": 0,
      "background": "rgb(51,49,49)",
      "borderColor": "#979797",
      "rect": [
        69.12993066043708,
        4.040219979203201,
        1.1339622412261825,
        25.37970805579615
      ]
    },
    {
      "type": "rect",
      "shadowColor": "rgba(255,255,255,0.35)",
      "shadowBlur": 0,
      "shadowOffsetX": 1,
      "shadowOffsetY": 0,
      "background": "rgb(51,49,49)",
      "borderColor": "#979797",
      "rect": [
        63.41116338363287,
        24.158968888122217,
        6.852729518030397,
        5.706927499849634
      ]
    },
    {
      "type": "rect",
      "shadowColor": "rgba(255,255,255,0.35)",
      "shadowBlur": 0,
      "shadowOffsetX": 1,
      "shadowOffsetY": 0,
      "background": "rgb(128,128,128)",
      "borderColor": "#979797",
      "rect": [
        64.09215177048503,
        24.94119146778474,
        5.382975371663166,
        3.6965139875520907
      ]
    },
    {
      "type": "rect",
      "shadowColor": "rgba(255,255,255,0.35)",
      "shadowBlur": 0,
      "shadowOffsetX": 1,
      "shadowOffsetY": 0,
      "background": "rgb(110,245,100)",
      "borderColor": "#979797",
      "rect": [
        64.19992914314793,
        3.1945469863586413,
        5.275197999000277,
        0.6824688371551458
      ]
    },
    {
      "type": "rect",
      "shadowColor": "rgba(255,255,255,0.35)",
      "shadowBlur": 0,
      "shadowOffsetX": 1,
      "shadowOffsetY": 0,
      "background": "rgb(128,128,128)",
      "borderColor": "#979797",
      "rect": [
        101.55949594426669,
        23.07799168772909,
        18.231132576428074,
        7.377606834661716
      ]
    },
    {
      "type": "rect",
      "shadowColor": "rgba(255,255,255,0.35)",
      "shadowBlur": 0,
      "shadowOffsetX": 1,
      "shadowOffsetY": 0,
      "background": "rgb(51,49,49)",
      "borderColor": "#979797",
      "rect": [
        101.5594959442667,
        20.040518221600713,
        18.231132576428067,
        3.7730878583148915
      ]
    },
    {
      "type": "rect",
      "shadowColor": "rgba(255,255,255,0.35)",
      "shadowBlur": 0,
      "shadowOffsetX": -1,
      "shadowOffsetY": 0,
      "background": "rgb(51,49,49)",
      "borderColor": "#979797",
      "rect": [
        122.04381361414755,
        1.0658141036401503e-14,
        5.9561863858524475,
        32
      ]
    },
    {
      "type": "trapezoid",
      "background": "rgb(232,237,88)",
      "borderWidth": 0.5,
      "borderColor": "rgb(51,49,49)",
      "rect": [
        106.88615310953452,
        26.130553462483547,
        7.577818245892459,
        2.9531203458257416
      ]
    },
    {
      "type": "oval",
      "background": "rgb(51,49,49)",
      "borderColor": "#979797",
      "rect": [
        105.88615310953452,
        26.810974593338106,
        1,
        1
      ]
    },
    {
      "type": "oval",
      "background": "rgb(51,49,49)",
      "borderColor": "#979797",
      "rect": [
        114.46397135542696,
        26.810974593338106,
        1,
        1
      ]
    },
    {
      "type": "oval",
      "background": "rgb(51,49,49)",
      "borderColor": "#979797",
      "rect": [
        108.9650622324807,
        26.873924726290138,
        0.5,
        0.5
      ]
    },
    {
      "type": "oval",
      "background": "rgb(51,49,49)",
      "borderColor": "#979797",
      "anchorX": 1.75,
      "anchorY": 0.21215054741972494,
      "rect": [
        109.69506223248072,
        26.873924726290163,
        0.5,
        0.5
      ]
    },
    {
      "type": "oval",
      "background": "rgb(51,49,49)",
      "borderColor": "#979797",
      "anchorX": 3.1498755350386034,
      "anchorY": 0.25,
      "rect": [
        110.42506223248074,
        26.873924726290163,
        0.5,
        0.5
      ]
    },
    {
      "type": "oval",
      "background": "rgb(51,49,49)",
      "borderColor": "#979797",
      "anchorX": 1.75,
      "anchorY": 0.21215054741972494,
      "rect": [
        111.15506223248076,
        26.87392472629019,
        0.5,
        0.5
      ]
    },
    {
      "type": "oval",
      "background": "rgb(51,49,49)",
      "borderColor": "#979797",
      "anchorX": 3.1498755350386034,
      "anchorY": 0.25,
      "rect": [
        111.88506223248078,
        26.87392472629019,
        0.5,
        0.5
      ]
    },
    {
      "type": "oval",
      "background": "rgb(51,49,49)",
      "borderColor": "#979797",
      "rect": [
        108.61506223248068,
        27.37392472629019,
        0.5,
        0.5
      ]
    },
    {
      "type": "oval",
      "background": "rgb(51,49,49)",
      "borderColor": "#979797",
      "anchorX": 1.75,
      "anchorY": 0.21215054741972494,
      "rect": [
        109.3450622324807,
        27.373924726290216,
        0.5,
        0.5
      ]
    },
    {
      "type": "oval",
      "background": "rgb(51,49,49)",
      "borderColor": "#979797",
      "anchorX": 3.1498755350386034,
      "anchorY": 0.25,
      "rect": [
        110.07506223248072,
        27.373924726290216,
        0.5,
        0.5
      ]
    },
    {
      "type": "oval",
      "background": "rgb(51,49,49)",
      "borderColor": "#979797",
      "anchorX": 1.75,
      "anchorY": 0.21215054741972494,
      "rect": [
        110.80506223248074,
        27.373924726290245,
        0.5,
        0.5
      ]
    },
    {
      "type": "oval",
      "background": "rgb(51,49,49)",
      "borderColor": "#979797",
      "anchorX": 3.1498755350386034,
      "anchorY": 0.25,
      "rect": [
        111.53506223248075,
        27.373924726290245,
        0.5,
        0.5
      ]
    },
    {
      "type": "oval",
      "background": "rgb(51,49,49)",
      "borderColor": "#979797",
      "anchorX": 3.1498755350386034,
      "anchorY": 0.25,
      "rect": [
        112.23506223248076,
        27.373924726290245,
        0.5,
        0.5
      ]
    },
    {
      "type": "oval",
      "background": "rgb(51,49,49)",
      "borderColor": "#979797",
      "rect": [
        108.96506223248072,
        27.999404935167338,
        0.5,
        0.5
      ]
    },
    {
      "type": "oval",
      "background": "rgb(51,49,49)",
      "borderColor": "#979797",
      "anchorX": 1.75,
      "anchorY": 0.21215054741972494,
      "rect": [
        109.69506223248074,
        27.999404935167362,
        0.5,
        0.5
      ]
    },
    {
      "type": "oval",
      "background": "rgb(51,49,49)",
      "borderColor": "#979797",
      "anchorX": 3.1498755350386034,
      "anchorY": 0.25,
      "rect": [
        110.42506223248076,
        27.999404935167362,
        0.5,
        0.5
      ]
    },
    {
      "type": "oval",
      "background": "rgb(51,49,49)",
      "borderColor": "#979797",
      "anchorX": 1.75,
      "anchorY": 0.21215054741972494,
      "rect": [
        111.15506223248077,
        27.99940493516739,
        0.5,
        0.5
      ]
    },
    {
      "type": "oval",
      "background": "rgb(51,49,49)",
      "borderColor": "#979797",
      "anchorX": 3.1498755350386034,
      "anchorY": 0.25,
      "rect": [
        111.88506223248079,
        27.99940493516739,
        0.5,
        0.5
      ]
    },
    {
      "type": "roundRect",
      "shadowColor": "rgba(125,124,124,0.35)",
      "shadowBlur": 0,
      "shadowOffsetX": 0,
      "shadowOffsetY": 0.5,
      "background": "rgb(51,49,49)",
      "borderWidth": 0.5,
      "borderColor": "rgb(46,43,43)",
      "borderCap": "square",
      "borderJoin": "bevel",
      "cornerRadius": 0,
      "rect": [
        101.55949594426667,
        1.711987418431499,
        18.231132576428067,
        15.464054941642276
      ]
    },
    {
      "type": "roundRect",
      "shadowColor": "rgba(255,255,255,0.35)",
      "shadowBlur": 0,
      "shadowOffsetX": 1,
      "shadowOffsetY": 0,
      "background": "rgb(130,120,120)",
      "borderColor": "#979797",
      "cornerRadius": 0.4,
      "rect": [
        107.92435722384188,
        14.56668997978642,
        5.501410017277741,
        1.4777562070131975
      ]
    },
    {
      "type": "roundRect",
      "shadowColor": "rgba(255,255,255,0.35)",
      "shadowBlur": 0,
      "shadowOffsetX": 1,
      "shadowOffsetY": 0,
      "background": "rgb(130,120,120)",
      "borderColor": "#979797",
      "cornerRadius": 0.4,
      "rect": [
        107.92435722384188,
        13.210964269034733,
        5.501410017277741,
        0.8048512424342376
      ]
    },
    {
      "type": "roundRect",
      "shadowColor": "rgba(255,255,255,0.35)",
      "shadowBlur": 0,
      "shadowOffsetX": 1,
      "shadowOffsetY": 0,
      "background": "rgb(130,120,120)",
      "borderColor": "#979797",
      "cornerRadius": 0.4,
      "rotation": 1.5707963267948966,
      "rect": [
        114.22509325192037,
        6.729120850811167,
        5.501410017277741,
        1.4777562070131975
      ]
    },
    {
      "type": "roundRect",
      "shadowColor": "rgba(255,255,255,0.35)",
      "shadowBlur": 0,
      "shadowOffsetX": 1,
      "shadowOffsetY": 0,
      "background": "rgb(110,245,100)",
      "borderColor": "#979797",
      "cornerRadius": 0.4,
      "rotation": 1.5707963267948966,
      "rect": [
        115.43706819107813,
        7.941095789968914,
        3.0774601389622487,
        1.4777562070131975
      ]
    },
    {
      "type": "oval",
      "background": "rgb(15,14,14)",
      "borderColor": "#979797",
      "rect": [
        102.39720165169773,
        2.4175311628448948,
        1,
        1
      ]
    },
    {
      "type": "oval",
      "background": "rgb(15,14,14)",
      "borderColor": "#979797",
      "rect": [
        118.04506484597182,
        2.4175311628448544,
        1,
        1
      ]
    },
    {
      "type": "oval",
      "background": "rgb(15,14,14)",
      "borderColor": "#979797",
      "rect": [
        102.10113063534371,
        15.272995321023469,
        1,
        1
      ]
    },
    {
      "type": "oval",
      "background": "rgb(15,14,14)",
      "borderColor": "#979797",
      "rect": [
        117.7489938296178,
        15.272995321023426,
        1,
        1
      ]
    },
    {
      "type": "shape",
      "shadowColor": "#1ABC9C",
      "background": "rgba(0,0,0,0.2)",
      "borderWidth": 1,
      "borderColor": "rgb(51,51,51)",
      "closePath": true,
      "points": [
        74.2260260060925,
        1.4120430781305586,
        98.52673198510138,
        1.4120430781305586,
        98.52673198510138,
        1.4120430781305586,
        98.52673198510138,
        1.4120430781305586,
        98.52673198510138,
        30.58795692186947,
        98.52673198510138,
        30.58795692186947,
        98.52673198510138,
        30.58795692186947,
        74.2260260060925,
        30.58795692186947,
        74.2260260060925,
        30.58795692186947,
        74.2260260060925,
        30.58795692186947,
        74.2260260060925,
        1.4120430781305586,
        74.2260260060925,
        1.4120430781305586,
        74.2260260060925,
        1.4120430781305586,
        74.2260260060925,
        1.4120430781305586
      ],
      "segments": [
        1,
        2,
        3,
        2,
        3,
        2,
        3,
        2,
        3,
        2
      ]
    },
    {
      "type": "shape",
      "shadowColor": "#1ABC9C",
      "background": "rgb(53,52,54)",
      "points": [
        74.48050415795895,
        3.9209223578316026,
        98.27225383323481,
        3.9209223578316026,
        98.27225383323481,
        3.9209223578316026,
        98.27225383323481,
        3.9209223578316026,
        98.27225383323481,
        5.593284846801707,
        98.27225383323481,
        5.593284846801707,
        98.27225383323481,
        5.593284846801707,
        74.48050415795895,
        5.593284846801707,
        74.48050415795895,
        5.593284846801707,
        74.48050415795895,
        5.593284846801707,
        74.48050415795895,
        3.9209223578316026,
        74.48050415795895,
        3.9209223578316026,
        74.48050415795895,
        3.9209223578316026,
        74.48050415795895,
        3.9209223578316026
      ],
      "segments": [
        1,
        2,
        3,
        2,
        3,
        2,
        3,
        2,
        3,
        2
      ]
    },
    {
      "type": "shape",
      "shadowColor": "#1ABC9C",
      "background": "rgb(119,120,122)",
      "points": [
        74.48050415795895,
        4.707602208340913,
        98.27225383323481,
        4.707602208340913,
        98.27225383323481,
        4.707602208340913,
        98.27225383323481,
        4.707602208340913,
        98.27225383323481,
        5.707602208340925,
        98.27225383323481,
        5.707602208340925,
        98.27225383323481,
        5.707602208340925,
        74.48050415795895,
        5.707602208340925,
        74.48050415795895,
        5.707602208340925,
        74.48050415795895,
        5.707602208340925,
        74.48050415795895,
        4.707602208340913,
        74.48050415795895,
        4.707602208340913,
        74.48050415795895,
        4.707602208340913,
        74.48050415795895,
        4.707602208340913
      ],
      "segments": [
        1,
        2,
        3,
        2,
        3,
        2,
        3,
        2,
        3,
        2
      ]
    },
    {
      "type": "shape",
      "shadowColor": "#1ABC9C",
      "background": "rgb(53,52,54)",
      "points": [
        74.48050415795895,
        6.98697617865097,
        98.27225383323481,
        6.98697617865097,
        98.27225383323481,
        6.98697617865097,
        98.27225383323481,
        6.98697617865097,
        98.27225383323481,
        8.659674213866847,
        98.27225383323481,
        8.659674213866847,
        98.27225383323481,
        8.659674213866847,
        74.48050415795895,
        8.659674213866847,
        74.48050415795895,
        8.659674213866847,
        74.48050415795895,
        8.659674213866847,
        74.48050415795895,
        6.98697617865097,
        74.48050415795895,
        6.98697617865097,
        74.48050415795895,
        6.98697617865097,
        74.48050415795895,
        6.98697617865097
      ],
      "segments": [
        1,
        2,
        3,
        2,
        3,
        2,
        3,
        2,
        3,
        2
      ]
    },
    {
      "type": "shape",
      "shadowColor": "#1ABC9C",
      "background": "rgb(53,52,54)",
      "points": [
        74.48050415795895,
        10.053197772593364,
        98.27225383323481,
        10.053197772593364,
        98.27225383323481,
        10.053197772593364,
        98.27225383323481,
        10.053197772593364,
        98.27225383323481,
        11.725895807809252,
        98.27225383323481,
        11.725895807809252,
        98.27225383323481,
        11.725895807809252,
        74.48050415795895,
        11.725895807809252,
        74.48050415795895,
        11.725895807809252,
        74.48050415795895,
        11.725895807809252,
        74.48050415795895,
        10.053197772593364,
        74.48050415795895,
        10.053197772593364,
        74.48050415795895,
        10.053197772593364,
        74.48050415795895,
        10.053197772593364
      ],
      "segments": [
        1,
        2,
        3,
        2,
        3,
        2,
        3,
        2,
        3,
        2
      ]
    },
    {
      "type": "shape",
      "shadowColor": "#1ABC9C",
      "background": "rgb(53,52,54)",
      "points": [
        74.48050415795895,
        13.119922685904363,
        98.27225383323481,
        13.119922685904363,
        98.27225383323481,
        13.119922685904363,
        98.27225383323481,
        13.119922685904363,
        98.27225383323481,
        14.792285174874454,
        98.27225383323481,
        14.792285174874454,
        98.27225383323481,
        14.792285174874454,
        74.48050415795895,
        14.792285174874454,
        74.48050415795895,
        14.792285174874454,
        74.48050415795895,
        14.792285174874454,
        74.48050415795895,
        13.119922685904363,
        74.48050415795895,
        13.119922685904363,
        74.48050415795895,
        13.119922685904363,
        74.48050415795895,
        13.119922685904363
      ],
      "segments": [
        1,
        2,
        3,
        2,
        3,
        2,
        3,
        2,
        3,
        2
      ]
    },
    {
      "type": "shape",
      "shadowColor": "#1ABC9C",
      "background": "rgb(53,52,54)",
      "points": [
        74.48050415795895,
        16.186144279846726,
        98.27225383323481,
        16.186144279846726,
        98.27225383323481,
        16.186144279846726,
        98.27225383323481,
        16.186144279846726,
        98.27225383323481,
        17.858338995693963,
        98.27225383323481,
        17.858338995693963,
        98.27225383323481,
        17.858338995693963,
        74.48050415795895,
        17.858338995693963,
        74.48050415795895,
        17.858338995693963,
        74.48050415795895,
        17.858338995693963,
        74.48050415795895,
        16.186144279846726,
        74.48050415795895,
        16.186144279846726,
        74.48050415795895,
        16.186144279846726,
        74.48050415795895,
        16.186144279846726
      ],
      "segments": [
        1,
        2,
        3,
        2,
        3,
        2,
        3,
        2,
        3,
        2
      ]
    },
    {
      "type": "shape",
      "shadowColor": "#1ABC9C",
      "background": "rgb(53,52,54)",
      "points": [
        74.48050415795895,
        19.25219810066622,
        98.27225383323481,
        19.25219810066622,
        98.27225383323481,
        19.25219810066622,
        98.27225383323481,
        19.25219810066622,
        98.27225383323481,
        20.924896135882125,
        98.27225383323481,
        20.924896135882125,
        98.27225383323481,
        20.924896135882125,
        74.48050415795895,
        20.924896135882125,
        74.48050415795895,
        20.924896135882125,
        74.48050415795895,
        20.924896135882125,
        74.48050415795895,
        19.25219810066622,
        74.48050415795895,
        19.25219810066622,
        74.48050415795895,
        19.25219810066622,
        74.48050415795895,
        19.25219810066622
      ],
      "segments": [
        1,
        2,
        3,
        2,
        3,
        2,
        3,
        2,
        3,
        2
      ]
    },
    {
      "type": "shape",
      "shadowColor": "#1ABC9C",
      "background": "rgb(53,52,54)",
      "points": [
        74.48050415795895,
        22.318755240854408,
        98.27225383323481,
        22.318755240854408,
        98.27225383323481,
        22.318755240854408,
        98.27225383323481,
        22.318755240854408,
        98.27225383323481,
        23.99128550294738,
        98.27225383323481,
        23.99128550294738,
        98.27225383323481,
        23.99128550294738,
        74.48050415795895,
        23.99128550294738,
        74.48050415795895,
        23.99128550294738,
        74.48050415795895,
        23.99128550294738,
        74.48050415795895,
        22.318755240854408,
        74.48050415795895,
        22.318755240854408,
        74.48050415795895,
        22.318755240854408,
        74.48050415795895,
        22.318755240854408
      ],
      "segments": [
        1,
        2,
        3,
        2,
        3,
        2,
        3,
        2,
        3,
        2
      ]
    },
    {
      "type": "shape",
      "shadowColor": "#1ABC9C",
      "background": "rgb(53,52,54)",
      "points": [
        74.48050415795895,
        25.385312381042546,
        98.27225383323481,
        25.385312381042546,
        98.27225383323481,
        25.385312381042546,
        98.27225383323481,
        25.385312381042546,
        98.27225383323481,
        27.057674870012697,
        98.27225383323481,
        27.057674870012697,
        98.27225383323481,
        27.057674870012697,
        74.48050415795895,
        27.057674870012697,
        74.48050415795895,
        27.057674870012697,
        74.48050415795895,
        27.057674870012697,
        74.48050415795895,
        25.385312381042546,
        74.48050415795895,
        25.385312381042546,
        74.48050415795895,
        25.385312381042546,
        74.48050415795895,
        25.385312381042546
      ],
      "segments": [
        1,
        2,
        3,
        2,
        3,
        2,
        3,
        2,
        3,
        2
      ]
    },
    {
      "type": "shape",
      "shadowColor": "#1ABC9C",
      "background": "rgb(119,120,122)",
      "points": [
        74.480504157959,
        7.823325196258908,
        98.27225383323487,
        7.823325196258908,
        98.27225383323487,
        7.823325196258908,
        98.27225383323487,
        7.823325196258908,
        98.27225383323487,
        8.82332519625892,
        98.27225383323487,
        8.82332519625892,
        98.27225383323487,
        8.82332519625892,
        74.480504157959,
        8.82332519625892,
        74.480504157959,
        8.82332519625892,
        74.480504157959,
        8.82332519625892,
        74.480504157959,
        7.823325196258908,
        74.480504157959,
        7.823325196258908,
        74.480504157959,
        7.823325196258908,
        74.480504157959,
        7.823325196258908
      ],
      "segments": [
        1,
        2,
        3,
        2,
        3,
        2,
        3,
        2,
        3,
        2
      ]
    },
    {
      "type": "shape",
      "shadowColor": "#1ABC9C",
      "background": "rgb(119,120,122)",
      "points": [
        74.480504157959,
        10.889546790201305,
        98.27225383323487,
        10.889546790201305,
        98.27225383323487,
        10.889546790201305,
        98.27225383323487,
        10.889546790201305,
        98.27225383323487,
        11.889546790201317,
        98.27225383323487,
        11.889546790201317,
        98.27225383323487,
        11.889546790201317,
        74.480504157959,
        11.889546790201317,
        74.480504157959,
        11.889546790201317,
        74.480504157959,
        11.889546790201317,
        74.480504157959,
        10.889546790201305,
        74.480504157959,
        10.889546790201305,
        74.480504157959,
        10.889546790201305,
        74.480504157959,
        10.889546790201305
      ],
      "segments": [
        1,
        2,
        3,
        2,
        3,
        2,
        3,
        2,
        3,
        2
      ]
    },
    {
      "type": "shape",
      "shadowColor": "#1ABC9C",
      "background": "rgb(119,120,122)",
      "points": [
        74.48050415795906,
        14.0052697781193,
        98.27225383323493,
        14.0052697781193,
        98.27225383323493,
        14.0052697781193,
        98.27225383323493,
        14.0052697781193,
        98.27225383323493,
        15.005269778119315,
        98.27225383323493,
        15.005269778119315,
        98.27225383323493,
        15.005269778119315,
        74.48050415795906,
        15.005269778119315,
        74.48050415795906,
        15.005269778119315,
        74.48050415795906,
        15.005269778119315,
        74.48050415795906,
        14.0052697781193,
        74.48050415795906,
        14.0052697781193,
        74.48050415795906,
        14.0052697781193,
        74.48050415795906,
        14.0052697781193
      ],
      "segments": [
        1,
        2,
        3,
        2,
        3,
        2,
        3,
        2,
        3,
        2
      ]
    },
    {
      "type": "shape",
      "shadowColor": "#1ABC9C",
      "background": "rgb(119,120,122)",
      "points": [
        74.48050415795906,
        17.022241637770342,
        98.27225383323493,
        17.022241637770342,
        98.27225383323493,
        17.022241637770342,
        98.27225383323493,
        17.022241637770342,
        98.27225383323493,
        18.022241637770353,
        98.27225383323493,
        18.022241637770353,
        98.27225383323493,
        18.022241637770353,
        74.48050415795906,
        18.022241637770353,
        74.48050415795906,
        18.022241637770353,
        74.48050415795906,
        18.022241637770353,
        74.48050415795906,
        17.022241637770342,
        74.48050415795906,
        17.022241637770342,
        74.48050415795906,
        17.022241637770342,
        74.48050415795906,
        17.022241637770342
      ],
      "segments": [
        1,
        2,
        3,
        2,
        3,
        2,
        3,
        2,
        3,
        2
      ]
    },
    {
      "type": "shape",
      "shadowColor": "#1ABC9C",
      "background": "rgb(119,120,122)",
      "points": [
        74.48050415795912,
        20.137964625688337,
        98.27225383323498,
        20.137964625688337,
        98.27225383323498,
        20.137964625688337,
        98.27225383323498,
        20.137964625688337,
        98.27225383323498,
        21.13796462568835,
        98.27225383323498,
        21.13796462568835,
        98.27225383323498,
        21.13796462568835,
        74.48050415795912,
        21.13796462568835,
        74.48050415795912,
        21.13796462568835,
        74.48050415795912,
        21.13796462568835,
        74.48050415795912,
        20.137964625688337,
        74.48050415795912,
        20.137964625688337,
        74.48050415795912,
        20.137964625688337,
        74.48050415795912,
        20.137964625688337
      ],
      "segments": [
        1,
        2,
        3,
        2,
        3,
        2,
        3,
        2,
        3,
        2
      ]
    },
    {
      "type": "shape",
      "shadowColor": "#1ABC9C",
      "background": "rgb(119,120,122)",
      "points": [
        74.48050415795912,
        23.195251605420097,
        98.27225383323497,
        23.195251605420097,
        98.27225383323497,
        23.195251605420097,
        98.27225383323497,
        23.195251605420097,
        98.27225383323497,
        24.19525160542011,
        98.27225383323497,
        24.19525160542011,
        98.27225383323497,
        24.19525160542011,
        74.48050415795912,
        24.19525160542011,
        74.48050415795912,
        24.19525160542011,
        74.48050415795912,
        24.19525160542011,
        74.48050415795912,
        23.195251605420097,
        74.48050415795912,
        23.195251605420097,
        74.48050415795912,
        23.195251605420097,
        74.48050415795912,
        23.195251605420097
      ],
      "segments": [
        1,
        2,
        3,
        2,
        3,
        2,
        3,
        2,
        3,
        2
      ]
    },
    {
      "type": "shape",
      "shadowColor": "#1ABC9C",
      "background": "rgb(119,120,122)",
      "points": [
        74.48050415795917,
        26.31097459333809,
        98.27225383323503,
        26.31097459333809,
        98.27225383323503,
        26.31097459333809,
        98.27225383323503,
        26.31097459333809,
        98.27225383323503,
        27.310974593338106,
        98.27225383323503,
        27.310974593338106,
        98.27225383323503,
        27.310974593338106,
        74.48050415795917,
        27.310974593338106,
        74.48050415795917,
        27.310974593338106,
        74.48050415795917,
        27.310974593338106,
        74.48050415795917,
        26.31097459333809,
        74.48050415795917,
        26.31097459333809,
        74.48050415795917,
        26.31097459333809,
        74.48050415795917,
        26.31097459333809
      ],
      "segments": [
        1,
        2,
        3,
        2,
        3,
        2,
        3,
        2,
        3,
        2
      ]
    }
  ]
}