{
  "modified": "Thu Jan 03 2019 11:31:09 GMT+0800 (中国标准时间)",
  "background": "rgb(89,86,86)",
  "dataBindings": [
    {
      "attr": "axisX.x",
      "valueType": "Number",
      "name": "x轴的x位置"
    },
    {
      "attr": "axisX.y",
      "valueType": "Number",
      "name": "x轴的y位置"
    },
    {
      "attr": "axisY.x",
      "valueType": "Number",
      "name": "y轴的x位置"
    },
    {
      "attr": "axisY.y",
      "valueType": "Number",
      "name": "y轴的y位置"
    },
    {
      "attr": "skew.image",
      "valueType": "Image",
      "name": "轴侧图标"
    }
  ],
  "gridAngle": 2.0944,
  "gridRotation": 0.5236,
  "width": 100,
  "height": 100,
  "boundExtend": 50,
  "attachStyle": "close",
  "comps": [
    {
      "type": "components/fan/扇叶组.json",
      "displayName": "扇叶组",
      "rect": [
        0,
        0,
        100,
        100
      ],
      "fan.rotation": 0,
      "fan.axis.x.x": {
        "func": "attr@axisX.x",
        "value": 100
      },
      "fan.axis.x.y": {
        "func": "attr@axisX.y",
        "value": -58
      },
      "fan.axis.y.x": {
        "func": "attr@axisY.x",
        "value": 0
      },
      "fan.axis.y.y": {
        "func": "attr@axisY.y",
        "value": 120
      },
      "fan.icon": {
        "func": "attr@skew.image",
        "value": "node_image"
      }
    }
  ]
}