{
  "width": 64,
  "height": 64,
  "fitSize": true,
  "comps": [
    {
      "type": "roundRect",
      "background": "rgba(0,0,0,0.10)",
      "borderColor": "rgb(124,145,155)",
      "borderCap": "round",
      "cornerRadius": 2,
      "anchorX": 0.37866,
      "anchorY": 0.60472,
      "rect": [
        26.97416,
        38.8458,
        20.89368,
        11.91431
      ]
    },
    {
      "type": "roundRect",
      "background": "rgba(0,0,0,0.10)",
      "borderColor": "rgb(124,145,155)",
      "borderCap": "round",
      "cornerRadius": 2,
      "anchorX": 0.37866,
      "anchorY": 0.60472,
      "rect": [
        24.57697,
        56.50551,
        20.89368,
        5.57233
      ]
    },
    {
      "type": "shape",
      "background": "rgb(124,145,155)",
      "points": [
        56.21111,
        19.11398,
        40.59837,
        2.34525,
        40.23096,
        1.94622,
        39.70418,
        1.92216,
        39.15478,
        1.92216,
        8.11505,
        1.92216,
        7.04265,
        1.92216,
        6.07649,
        2.35795,
        6.07649,
        3.40366,
        6.07649,
        60.1542,
        6.07649,
        61.1999,
        7.04299,
        62.07784,
        8.11505,
        62.07784,
        13.93496,
        62.07784,
        15.00736,
        62.07784,
        15.87481,
        61.28546,
        15.87481,
        60.23975,
        15.87481,
        59.19405,
        15.00702,
        58.40166,
        13.93496,
        58.40166,
        9.84618,
        58.40166,
        9.84618,
        5.59867,
        35.20824,
        5.59867,
        35.20824,
        21.86677,
        35.20824,
        22.91248,
        36.27174,
        23.64538,
        37.3438,
        23.64538,
        52.6875,
        23.64538,
        52.6875,
        35.56255,
        52.6875,
        36.60826,
        53.67148,
        37.45412,
        54.74388,
        37.45412,
        55.81629,
        37.45412,
        56.80027,
        36.60793,
        56.80027,
        35.56255,
        56.80027,
        20.28301,
        56.80027,
        19.81747,
        56.52917,
        19.46155,
        56.21111,
        19.11398,
        56.21111,
        19.11398,
        39.32101,
        6.67546,
        51.68947,
        19.9692,
        39.32101,
        19.9692,
        39.32101,
        6.67546,
        39.32101,
        6.67546
      ],
      "segments": [
        1,
        2,
        4,
        2,
        4,
        2,
        4,
        2,
        4,
        4,
        2,
        2,
        2,
        2,
        4,
        2,
        2,
        4,
        4,
        2,
        4,
        2,
        1,
        2,
        2,
        2,
        2
      ]
    },
    {
      "type": "shape",
      "background": "rgb(124,145,155)",
      "points": [
        21.49463,
        32.491,
        21.53594,
        32.491,
        33.46832,
        32.491,
        34.27702,
        29.48723,
        34.2852,
        29.42123,
        34.30998,
        29.38001,
        34.34302,
        29.32219,
        34.41728,
        29.15714,
        34.53277,
        29.04166,
        34.68137,
        28.97566,
        34.78033,
        28.93436,
        34.8959,
        28.89314,
        35.01138,
        28.89314,
        35.13521,
        28.89314,
        35.25069,
        28.9261,
        35.34973,
        28.97566,
        35.49825,
        29.04992,
        35.62208,
        29.16541,
        35.69634,
        29.32219,
        35.7293,
        29.38001,
        35.75408,
        29.42123,
        35.75408,
        29.48723,
        36.57931,
        32.491,
        48.53639,
        32.491,
        49.24605,
        32.491,
        49.799,
        33.0604,
        49.799,
        33.75354,
        49.799,
        33.77832,
        49.799,
        51.00015,
        49.799,
        51.70163,
        49.24605,
        52.23798,
        48.53639,
        52.23798,
        48.51169,
        52.23798,
        41.86884,
        52.23798,
        43.86581,
        59.68128,
        43.96478,
        60.09389,
        43.72547,
        60.5065,
        43.3212,
        60.5972,
        42.91685,
        60.71277,
        42.50424,
        60.47346,
        42.39693,
        60.06911,
        40.29265,
        52.22972,
        35.77886,
        52.22972,
        35.77886,
        56.65281,
        35.77886,
        57.06542,
        35.44051,
        57.39543,
        35.01964,
        57.39543,
        34.61529,
        57.39543,
        34.27702,
        57.06542,
        34.27702,
        56.65281,
        34.27702,
        52.22972,
        29.75489,
        52.22972,
        27.65061,
        60.06911,
        27.55165,
        60.47346,
        27.13904,
        60.71277,
        26.72643,
        60.5972,
        26.33033,
        60.49824,
        26.08277,
        60.08563,
        26.19007,
        59.68128,
        28.19531,
        52.23798,
        21.49463,
        52.23798,
        20.8015,
        52.23798,
        20.24862,
        51.70163,
        20.24862,
        51.00015,
        20.24862,
        50.95067,
        20.24862,
        33.75354,
        20.24862,
        33.0604,
        20.79324,
        32.491,
        21.49463,
        32.491,
        21.49463,
        32.491,
        21.49463,
        32.491,
        27.79922,
        48.69786,
        27.79922,
        48.69786,
        42.24015,
        48.69786,
        42.66102,
        48.69786,
        42.99937,
        48.35951,
        42.99937,
        47.93872,
        42.99937,
        47.52611,
        42.66102,
        47.18776,
        42.24015,
        47.18776,
        27.79922,
        47.18776,
        27.3866,
        47.18776,
        27.03999,
        47.52611,
        27.03999,
        47.93872,
        27.03999,
        48.35951,
        27.3866,
        48.69786,
        27.79922,
        48.69786,
        27.79922,
        48.69786,
        27.79922,
        48.69786,
        47.29037,
        35.02433,
        47.29037,
        35.02433,
        22.76543,
        35.02433,
        22.76543,
        49.72935,
        47.29037,
        49.72935,
        47.29037,
        35.02433,
        47.29037,
        35.02433,
        47.29037,
        35.02433
      ],
      "segments": [
        1,
        2,
        2,
        2,
        4,
        4,
        4,
        4,
        4,
        4,
        2,
        2,
        4,
        2,
        2,
        4,
        2,
        2,
        2,
        4,
        4,
        2,
        2,
        2,
        4,
        4,
        2,
        2,
        2,
        4,
        4,
        2,
        2,
        4,
        2,
        2,
        4,
        2,
        2,
        1,
        2,
        2,
        4,
        4,
        2,
        4,
        4,
        2,
        2,
        1,
        2,
        2,
        2,
        2,
        2,
        2,
        2
      ]
    }
  ]
}