{
  "width": 64,
  "height": 64,
  "fitSize": true,
  "comps": [
    {
      "type": "shape",
      "background": "rgba(0,0,0,0.10)",
      "borderColor": "#979797",
      "points": [
        29.85345,
        42.42332,
        37.2607,
        46.38882,
        37.2607,
        61.35296,
        42.42332,
        44.59312,
        52.31503,
        38.71659,
        52.31503,
        56.26515,
        37.2607,
        63.44793,
        29.85345,
        59.93136
      ]
    },
    {
      "type": "shape",
      "background": "rgb(124,145,155)",
      "points": [
        56.21111,
        19.11398,
        40.59837,
        2.34525,
        40.23096,
        1.94622,
        39.70418,
        1.92216,
        39.15478,
        1.92216,
        8.11505,
        1.92216,
        7.04265,
        1.92216,
        6.07649,
        2.35795,
        6.07649,
        3.40366,
        6.07649,
        60.1542,
        6.07649,
        61.1999,
        7.04299,
        62.07784,
        8.11505,
        62.07784,
        13.93496,
        62.07784,
        15.00736,
        62.07784,
        15.87481,
        61.28546,
        15.87481,
        60.23975,
        15.87481,
        59.19405,
        15.00702,
        58.40166,
        13.93496,
        58.40166,
        9.84618,
        58.40166,
        9.84618,
        5.59867,
        35.20824,
        5.59867,
        35.20824,
        21.86677,
        35.20824,
        22.91248,
        36.27174,
        23.64538,
        37.3438,
        23.64538,
        52.6875,
        23.64538,
        52.6875,
        35.56255,
        52.6875,
        36.60826,
        53.67148,
        37.45412,
        54.74388,
        37.45412,
        55.81629,
        37.45412,
        56.80027,
        36.60793,
        56.80027,
        35.56255,
        56.80027,
        20.28301,
        56.80027,
        19.81747,
        56.52917,
        19.46155,
        56.21111,
        19.11398,
        56.21111,
        19.11398,
        39.32101,
        6.67546,
        51.68947,
        19.9692,
        39.32101,
        19.9692,
        39.32101,
        6.67546,
        39.32101,
        6.67546
      ],
      "segments": [
        1,
        2,
        4,
        2,
        4,
        2,
        4,
        2,
        4,
        4,
        2,
        2,
        2,
        2,
        4,
        2,
        2,
        4,
        4,
        2,
        4,
        2,
        1,
        2,
        2,
        2,
        2
      ]
    },
    {
      "type": "shape",
      "background": "rgb(124,145,155)",
      "points": [
        36.58575,
        29.17624,
        50.11044,
        35.95107,
        50.54273,
        36.16726,
        50.80876,
        36.61611,
        50.80876,
        37.08992,
        50.80876,
        37.08992,
        50.80876,
        54.00619,
        50.80876,
        54.54657,
        50.47625,
        55.01206,
        50.00243,
        55.19496,
        36.58575,
        61.8949,
        36.22003,
        62.0778,
        35.80439,
        62.06116,
        35.45523,
        61.8949,
        21.94718,
        55.14503,
        21.49824,
        54.92061,
        21.24062,
        54.47176,
        21.24062,
        54.00619,
        21.24062,
        54.00619,
        21.24062,
        37.08992,
        21.24062,
        36.5413,
        21.57305,
        36.07581,
        22.04695,
        35.89291,
        35.4469,
        29.18457,
        35.82103,
        28.97678,
        36.24491,
        28.99343,
        36.58575,
        29.17624,
        36.58575,
        29.17624,
        36.58575,
        29.17624,
        24.76517,
        37.34763,
        24.76517,
        37.34763,
        36.01217,
        42.97529,
        44.57423,
        38.68593,
        35.91248,
        43.0169,
        47.27589,
        37.34763,
        36.01217,
        31.71997,
        28.51414,
        35.47726,
        38.22337,
        30.62264,
        24.76517,
        37.34763,
        24.76517,
        37.34763,
        24.76517,
        37.34763,
        23.77594,
        38.56128,
        23.77594,
        38.56128,
        23.77594,
        53.22482,
        35.26409,
        58.96058,
        35.26409,
        44.29704,
        23.77594,
        38.56128,
        23.77594,
        38.56128,
        23.77594,
        38.56128,
        36.78529,
        58.96058,
        36.78529,
        58.96058,
        48.29832,
        53.22482,
        48.29832,
        38.56128,
        44.44958,
        40.47317,
        40.6174,
        42.37682,
        36.78529,
        44.29704,
        36.78529,
        58.96058,
        36.78529,
        58.96058,
        36.78529,
        58.96058
      ],
      "segments": [
        1,
        2,
        4,
        2,
        2,
        4,
        2,
        4,
        2,
        4,
        2,
        2,
        4,
        2,
        4,
        2,
        2,
        1,
        2,
        2,
        4,
        2,
        4,
        2,
        2,
        1,
        2,
        2,
        2,
        2,
        2,
        2,
        2,
        1,
        2,
        2,
        2,
        4,
        2,
        2,
        2
      ]
    }
  ]
}