{
  "width": 64,
  "height": 64,
  "fitSize": true,
  "comps": [
    {
      "type": "roundRect",
      "background": "rgba(0,0,0,0.10)",
      "borderColor": "rgb(124,145,155)",
      "borderCap": "round",
      "cornerRadius": 2,
      "anchorX": 0.37866,
      "anchorY": 0.60472,
      "rect": [
        24.65767,
        36.48662,
        10.40084,
        8.39527
      ]
    },
    {
      "type": "roundRect",
      "background": "rgba(0,0,0,0.10)",
      "borderColor": "rgb(124,145,155)",
      "borderCap": "round",
      "cornerRadius": 2,
      "anchorX": 0.37866,
      "anchorY": 0.60472,
      "rect": [
        43.92553,
        36.48662,
        10.40084,
        8.39527
      ]
    },
    {
      "type": "roundRect",
      "background": "rgba(0,0,0,0.10)",
      "borderColor": "rgb(124,145,155)",
      "borderCap": "round",
      "cornerRadius": 2,
      "anchorX": 0.37866,
      "anchorY": 0.60472,
      "rect": [
        24.65767,
        49.36852,
        29.66869,
        10.98863
      ]
    },
    {
      "type": "shape",
      "background": "rgb(124,145,155)",
      "points": [
        56.21111,
        19.11398,
        40.59837,
        2.34525,
        40.23096,
        1.94622,
        39.70418,
        1.92216,
        39.15478,
        1.92216,
        8.11505,
        1.92216,
        7.04265,
        1.92216,
        6.07649,
        2.35795,
        6.07649,
        3.40366,
        6.07649,
        60.1542,
        6.07649,
        61.1999,
        7.04299,
        62.07784,
        8.11505,
        62.07784,
        13.93496,
        62.07784,
        15.00736,
        62.07784,
        15.87481,
        61.28546,
        15.87481,
        60.23975,
        15.87481,
        59.19405,
        15.00702,
        58.40166,
        13.93496,
        58.40166,
        9.84618,
        58.40166,
        9.84618,
        5.59867,
        35.20824,
        5.59867,
        35.20824,
        21.86677,
        35.20824,
        22.91248,
        36.27174,
        23.64538,
        37.3438,
        23.64538,
        52.6875,
        23.64538,
        52.6875,
        35.56255,
        52.6875,
        36.60826,
        53.67148,
        37.45412,
        54.74388,
        37.45412,
        55.81629,
        37.45412,
        56.80027,
        36.60793,
        56.80027,
        35.56255,
        56.80027,
        20.28301,
        56.80027,
        19.81747,
        56.52917,
        19.46155,
        56.21111,
        19.11398,
        56.21111,
        19.11398,
        39.32101,
        6.67546,
        51.68947,
        19.9692,
        39.32101,
        19.9692,
        39.32101,
        6.67546,
        39.32101,
        6.67546
      ],
      "segments": [
        1,
        2,
        4,
        2,
        4,
        2,
        4,
        2,
        4,
        4,
        2,
        2,
        2,
        2,
        4,
        2,
        2,
        4,
        4,
        2,
        4,
        2,
        1,
        2,
        2,
        2,
        2
      ]
    },
    {
      "type": "shape",
      "background": "rgb(124,145,155)",
      "points": [
        50.47872,
        33.19542,
        50.47872,
        33.2265,
        50.47872,
        43.58165,
        50.47872,
        44.24153,
        49.93533,
        44.76938,
        49.28331,
        44.76938,
        49.25222,
        44.76938,
        38.88153,
        44.76938,
        38.22951,
        44.76938,
        37.70165,
        44.24153,
        37.70165,
        43.58165,
        37.70165,
        43.55065,
        37.70165,
        33.19542,
        37.70165,
        32.52785,
        38.22173,
        32,
        38.88153,
        32,
        38.91253,
        32,
        49.28331,
        32,
        49.92756,
        32,
        50.47872,
        32.52785,
        50.47872,
        33.19542,
        50.47872,
        33.19542,
        50.47872,
        33.19542,
        20.82594,
        57.76379,
        20.82594,
        57.76379,
        20.17384,
        57.76379,
        19.64599,
        57.23594,
        19.64599,
        56.57614,
        19.64599,
        55.91627,
        20.16615,
        55.39619,
        20.82594,
        55.39619,
        49.28331,
        55.39619,
        49.92756,
        55.39619,
        50.47872,
        55.91627,
        50.47872,
        56.57614,
        50.47872,
        57.23594,
        49.93533,
        57.76379,
        49.28331,
        57.76379,
        20.82594,
        57.76379,
        20.82594,
        57.76379,
        20.82594,
        57.76379,
        20.82594,
        50.64552,
        20.82594,
        50.64552,
        20.17384,
        50.64552,
        19.64599,
        50.10221,
        19.64599,
        49.45788,
        19.64599,
        48.81362,
        20.16615,
        48.27023,
        20.82594,
        48.27023,
        49.28331,
        48.27023,
        49.92756,
        48.27023,
        50.47872,
        48.80585,
        50.47872,
        49.45788,
        50.47872,
        50.09444,
        49.93533,
        50.64552,
        49.28331,
        50.64552,
        20.82594,
        50.64552,
        20.82594,
        50.64552,
        20.82594,
        50.64552,
        48.10335,
        42.39401,
        48.10335,
        42.39401,
        48.10335,
        34.3676,
        40.06141,
        34.3676,
        40.06141,
        42.39401,
        48.10335,
        42.39401,
        48.10335,
        42.39401,
        48.10335,
        42.39401,
        32.39983,
        33.19542,
        32.39983,
        33.19542,
        32.39983,
        33.2265,
        32.39983,
        43.58165,
        32.39983,
        44.24153,
        31.87197,
        44.76938,
        31.20441,
        44.76938,
        31.1811,
        44.76938,
        20.81817,
        44.76938,
        20.16615,
        44.76938,
        19.6383,
        44.24153,
        19.6383,
        43.58165,
        19.6383,
        43.55065,
        19.6383,
        33.19542,
        19.6383,
        32.52785,
        20.15838,
        32,
        20.81817,
        32,
        20.84918,
        32,
        31.20441,
        32,
        31.87197,
        32,
        32.39983,
        32.52785,
        32.39983,
        33.19542,
        32.39983,
        33.19542,
        32.39983,
        33.19542,
        30.03223,
        42.39401,
        30.03223,
        42.39401,
        30.03223,
        34.3676,
        22.02136,
        34.3676,
        22.02136,
        42.39401,
        30.03223,
        42.39401,
        30.03223,
        42.39401,
        30.03223,
        42.39401
      ],
      "segments": [
        1,
        2,
        2,
        4,
        2,
        2,
        4,
        2,
        2,
        4,
        2,
        2,
        4,
        2,
        2,
        1,
        2,
        4,
        4,
        2,
        4,
        4,
        2,
        2,
        2,
        1,
        2,
        4,
        4,
        2,
        4,
        4,
        2,
        2,
        2,
        1,
        2,
        2,
        2,
        2,
        2,
        2,
        2,
        1,
        2,
        2,
        2,
        4,
        2,
        2,
        4,
        2,
        2,
        4,
        2,
        2,
        4,
        2,
        2,
        1,
        2,
        2,
        2,
        2,
        2,
        2,
        2
      ]
    }
  ]
}