{
  "width": 64,
  "height": 64,
  "fitSize": true,
  "comps": [
    {
      "type": "circle",
      "background": "rgba(0,0,0,0.10)",
      "borderColor": "rgb(124,145,155)",
      "borderCap": "round",
      "anchorX": 0.37866,
      "anchorY": 0.60472,
      "rect": [
        25.23706,
        37.91723,
        28.27584,
        22.20777
      ]
    },
    {
      "type": "shape",
      "background": "rgb(124,145,155)",
      "points": [
        56.21111,
        19.11398,
        40.59837,
        2.34525,
        40.23096,
        1.94622,
        39.70418,
        1.92216,
        39.15478,
        1.92216,
        8.11505,
        1.92216,
        7.04265,
        1.92216,
        6.07649,
        2.35795,
        6.07649,
        3.40366,
        6.07649,
        60.1542,
        6.07649,
        61.1999,
        7.04299,
        62.07784,
        8.11505,
        62.07784,
        13.93496,
        62.07784,
        15.00736,
        62.07784,
        15.87481,
        61.28546,
        15.87481,
        60.23975,
        15.87481,
        59.19405,
        15.00702,
        58.40166,
        13.93496,
        58.40166,
        9.84618,
        58.40166,
        9.84618,
        5.59867,
        35.20824,
        5.59867,
        35.20824,
        21.86677,
        35.20824,
        22.91248,
        36.27174,
        23.64538,
        37.3438,
        23.64538,
        52.6875,
        23.64538,
        52.6875,
        35.56255,
        52.6875,
        36.60826,
        53.67148,
        37.45412,
        54.74388,
        37.45412,
        55.81629,
        37.45412,
        56.80027,
        36.60793,
        56.80027,
        35.56255,
        56.80027,
        20.28301,
        56.80027,
        19.81747,
        56.52917,
        19.46155,
        56.21111,
        19.11398,
        56.21111,
        19.11398,
        39.32101,
        6.67546,
        51.68947,
        19.9692,
        39.32101,
        19.9692,
        39.32101,
        6.67546,
        39.32101,
        6.67546
      ],
      "segments": [
        1,
        2,
        4,
        2,
        4,
        2,
        4,
        2,
        4,
        4,
        2,
        2,
        2,
        2,
        4,
        2,
        2,
        4,
        4,
        2,
        4,
        2,
        1,
        2,
        2,
        2,
        2
      ]
    },
    {
      "type": "oval",
      "borderWidth": 2,
      "borderColor": "rgb(124,145,155)",
      "rect": [
        22.40426,
        31.48404,
        24.51596,
        24.51596
      ]
    },
    {
      "type": "arc",
      "borderWidth": 2,
      "borderColor": "rgb(124,145,155)",
      "arcFrom": 2.28638,
      "arcTo": 7.15585,
      "arcClose": false,
      "arcOval": true,
      "rotation": 3.40339,
      "rect": [
        16.33777,
        40.4104,
        36.64894,
        8.89096
      ]
    },
    {
      "type": "arc",
      "borderWidth": 2,
      "borderColor": "rgb(124,145,155)",
      "borderCap": "round",
      "arcFrom": 5.77704,
      "arcTo": 6.59734,
      "arcClose": false,
      "rect": [
        25.66223,
        35.74202,
        18,
        16
      ]
    },
    {
      "type": "arc",
      "borderWidth": 2,
      "borderColor": "rgb(124,145,155)",
      "borderCap": "round",
      "arcFrom": 5.20108,
      "arcTo": 5.23599,
      "arcClose": false,
      "rect": [
        25.66223,
        35.74202,
        18,
        16
      ]
    }
  ]
}