{
  "width": 64,
  "height": 64,
  "fitSize": true,
  "comps": [
    {
      "type": "shape",
      "background": "rgba(0,0,0,0.10)",
      "borderColor": "#979797",
      "points": [
        26.24508,
        45.69925,
        35.83394,
        45.69925,
        47.70197,
        36.5625,
        47.70197,
        63.4161,
        43.41261,
        63.4161,
        35.83394,
        57.74644,
        26.24508,
        57.74644
      ]
    },
    {
      "type": "shape",
      "background": "rgb(124,145,155)",
      "points": [
        56.21111,
        19.11398,
        40.59837,
        2.34525,
        40.23096,
        1.94622,
        39.70418,
        1.92216,
        39.15478,
        1.92216,
        8.11505,
        1.92216,
        7.04265,
        1.92216,
        6.07649,
        2.35795,
        6.07649,
        3.40366,
        6.07649,
        60.1542,
        6.07649,
        61.1999,
        7.04299,
        62.07784,
        8.11505,
        62.07784,
        13.93496,
        62.07784,
        15.00736,
        62.07784,
        15.87481,
        61.28546,
        15.87481,
        60.23975,
        15.87481,
        59.19405,
        15.00702,
        58.40166,
        13.93496,
        58.40166,
        9.84618,
        58.40166,
        9.84618,
        5.59867,
        35.20824,
        5.59867,
        35.20824,
        21.86677,
        35.20824,
        22.91248,
        36.27174,
        23.64538,
        37.3438,
        23.64538,
        52.6875,
        23.64538,
        52.6875,
        35.56255,
        52.6875,
        36.60826,
        53.67148,
        37.45412,
        54.74388,
        37.45412,
        55.81629,
        37.45412,
        56.80027,
        36.60793,
        56.80027,
        35.56255,
        56.80027,
        20.28301,
        56.80027,
        19.81747,
        56.52917,
        19.46155,
        56.21111,
        19.11398,
        56.21111,
        19.11398,
        39.32101,
        6.67546,
        51.68947,
        19.9692,
        39.32101,
        19.9692,
        39.32101,
        6.67546,
        39.32101,
        6.67546
      ],
      "segments": [
        1,
        2,
        4,
        2,
        4,
        2,
        4,
        2,
        4,
        4,
        2,
        2,
        2,
        2,
        4,
        2,
        2,
        4,
        4,
        2,
        4,
        2,
        1,
        2,
        2,
        2,
        2
      ]
    },
    {
      "type": "shape",
      "background": "rgb(124,145,155)",
      "points": [
        29.93506,
        40.65719,
        29.93506,
        52.11129,
        29.99768,
        52.17391,
        38.01482,
        58.31199,
        38.01482,
        53.06642,
        38.01482,
        39.70982,
        38.01482,
        34.45641,
        29.93506,
        40.65719,
        29.93506,
        40.65719,
        29.93506,
        40.65719,
        29.93506,
        40.65719,
        44.44257,
        36.03797,
        44.44257,
        36.03797,
        43.87107,
        35.70912,
        43.69881,
        34.9732,
        44.02766,
        34.40163,
        44.37211,
        33.84573,
        45.10803,
        33.65787,
        45.66393,
        33.99448,
        47.80131,
        35.26287,
        49.59417,
        37.09491,
        50.81553,
        39.2714,
        52.01338,
        41.37743,
        52.71019,
        43.80448,
        52.71019,
        46.38028,
        52.71019,
        48.95608,
        52.01338,
        51.38313,
        50.81553,
        53.48924,
        49.59417,
        55.65789,
        47.80131,
        57.49777,
        45.66393,
        58.77392,
        45.10803,
        59.1262,
        44.37211,
        58.93834,
        44.02766,
        58.35901,
        43.69881,
        57.79528,
        43.87107,
        57.05152,
        44.44257,
        56.7305,
        46.24326,
        55.65789,
        47.71518,
        54.13119,
        48.7486,
        52.32266,
        49.73508,
        50.57675,
        50.30665,
        48.55685,
        50.30665,
        46.38812,
        50.30665,
        44.23514,
        49.72724,
        42.19948,
        48.7486,
        40.46141,
        47.71518,
        38.63721,
        46.23542,
        37.10275,
        44.44257,
        36.03797,
        44.44257,
        36.03797,
        44.44257,
        36.03797,
        28.49449,
        40.89991,
        28.49449,
        40.89991,
        23.62472,
        40.89991,
        23.62472,
        51.86073,
        28.49449,
        51.86073,
        28.49449,
        40.89991,
        28.49449,
        40.89991,
        28.49449,
        40.89991,
        28.80767,
        38.51197,
        28.80767,
        38.51197,
        38.42189,
        31.14469,
        38.64118,
        30.96459,
        38.91517,
        30.86286,
        39.21267,
        30.86286,
        39.88597,
        30.86286,
        40.41052,
        31.38741,
        40.41052,
        32.05287,
        40.41052,
        39.70982,
        40.41052,
        39.97605,
        41.53008,
        40.43014,
        42.47745,
        41.16606,
        43.21337,
        42.09776,
        44.14506,
        43.28777,
        44.7088,
        44.76753,
        44.7088,
        46.38812,
        44.7088,
        48.00879,
        44.1529,
        49.50414,
        43.21337,
        50.67856,
        42.50096,
        51.61017,
        41.53008,
        52.33834,
        40.41052,
        52.80027,
        40.41052,
        53.07426,
        40.41052,
        60.72336,
        40.41052,
        60.99743,
        40.32439,
        61.24015,
        40.1678,
        61.45936,
        39.76073,
        61.97607,
        39.01698,
        62.07788,
        38.50019,
        61.67073,
        28.82334,
        54.25651,
        22.46606,
        54.25651,
        22.43471,
        54.25651,
        21.77708,
        54.25651,
        21.23686,
        53.72412,
        21.23686,
        53.06642,
        21.23686,
        39.73333,
        21.23686,
        39.70982,
        21.23686,
        39.04435,
        21.76924,
        38.51197,
        22.43471,
        38.51197,
        28.80767,
        38.51197,
        28.80767,
        38.51197,
        28.80767,
        38.51197,
        40.40269,
        41.5497,
        40.40269,
        41.5497,
        40.40269,
        51.21878,
        41.06823,
        50.85858,
        41.62405,
        50.37322,
        42.08598,
        49.79381,
        42.8219,
        48.86219,
        43.26039,
        47.6721,
        43.26039,
        46.38812,
        43.26039,
        45.11197,
        42.81414,
        43.92196,
        42.08598,
        42.98243,
        41.62405,
        42.39526,
        41.06039,
        41.90982,
        40.40269,
        41.5497,
        40.40269,
        41.5497,
        40.40269,
        41.5497
      ],
      "segments": [
        1,
        2,
        2,
        2,
        2,
        2,
        2,
        2,
        2,
        2,
        2,
        1,
        2,
        4,
        4,
        4,
        4,
        4,
        4,
        4,
        4,
        4,
        4,
        4,
        4,
        2,
        2,
        1,
        2,
        2,
        2,
        2,
        2,
        2,
        2,
        1,
        2,
        2,
        4,
        4,
        2,
        2,
        4,
        4,
        4,
        4,
        2,
        2,
        4,
        4,
        2,
        2,
        2,
        4,
        2,
        2,
        4,
        2,
        2,
        2,
        1,
        2,
        2,
        4,
        4,
        4,
        4,
        2,
        2
      ]
    }
  ]
}