{
  "width": 64,
  "height": 64,
  "fitSize": true,
  "comps": [
    {
      "type": "roundRect",
      "background": "rgba(0,0,0,0.10)",
      "borderColor": "rgb(124,145,155)",
      "borderCap": "round",
      "cornerRadius": 2,
      "anchorX": 0.37866,
      "anchorY": 0.60472,
      "rect": [
        49.90133,
        51.86203,
        3.77467,
        8.25761
      ]
    },
    {
      "type": "roundRect",
      "background": "rgba(0,0,0,0.10)",
      "borderColor": "rgb(124,145,155)",
      "borderCap": "round",
      "cornerRadius": 2,
      "anchorX": 0.37866,
      "anchorY": 0.60472,
      "rect": [
        42.99124,
        36.96572,
        3.77467,
        23.15392
      ]
    },
    {
      "type": "roundRect",
      "background": "rgba(0,0,0,0.10)",
      "borderColor": "rgb(124,145,155)",
      "borderCap": "round",
      "cornerRadius": 2,
      "anchorX": 0.37866,
      "anchorY": 0.60472,
      "rect": [
        36.00918,
        48.54268,
        3.77467,
        11.57696
      ]
    },
    {
      "type": "roundRect",
      "background": "rgba(0,0,0,0.10)",
      "borderColor": "rgb(124,145,155)",
      "borderCap": "round",
      "cornerRadius": 2,
      "anchorX": 0.37866,
      "anchorY": 0.60472,
      "rect": [
        27.66371,
        33.9858,
        3.77467,
        26.13384
      ]
    },
    {
      "type": "shape",
      "background": "rgb(124,145,155)",
      "points": [
        56.21111,
        19.11398,
        40.59837,
        2.34525,
        40.23096,
        1.94622,
        39.70418,
        1.92216,
        39.15478,
        1.92216,
        8.11505,
        1.92216,
        7.04265,
        1.92216,
        6.07649,
        2.35795,
        6.07649,
        3.40366,
        6.07649,
        60.1542,
        6.07649,
        61.1999,
        7.04299,
        62.07784,
        8.11505,
        62.07784,
        13.93496,
        62.07784,
        15.00736,
        62.07784,
        15.87481,
        61.28546,
        15.87481,
        60.23975,
        15.87481,
        59.19405,
        15.00702,
        58.40166,
        13.93496,
        58.40166,
        9.84618,
        58.40166,
        9.84618,
        5.59867,
        35.20824,
        5.59867,
        35.20824,
        21.86677,
        35.20824,
        22.91248,
        36.27174,
        23.64538,
        37.3438,
        23.64538,
        52.6875,
        23.64538,
        52.6875,
        35.56255,
        52.6875,
        36.60826,
        53.67148,
        37.45412,
        54.74388,
        37.45412,
        55.81629,
        37.45412,
        56.80027,
        36.60793,
        56.80027,
        35.56255,
        56.80027,
        20.28301,
        56.80027,
        19.81747,
        56.52917,
        19.46155,
        56.21111,
        19.11398,
        56.21111,
        19.11398,
        39.32101,
        6.67546,
        51.68947,
        19.9692,
        39.32101,
        19.9692,
        39.32101,
        6.67546,
        39.32101,
        6.67546
      ],
      "segments": [
        1,
        2,
        4,
        2,
        4,
        2,
        4,
        2,
        4,
        4,
        2,
        2,
        2,
        2,
        4,
        2,
        2,
        4,
        4,
        2,
        4,
        2,
        1,
        2,
        2,
        2,
        2
      ]
    },
    {
      "type": "shape",
      "background": "rgb(124,145,155)",
      "points": [
        51.82319,
        56.70057,
        22.89565,
        56.70057,
        22.89565,
        27.78114,
        22.89565,
        27.3761,
        22.5554,
        27.03592,
        22.15035,
        27.03592,
        21.73728,
        27.03592,
        21.40513,
        27.3761,
        21.40513,
        27.78114,
        21.40513,
        57.41344,
        21.40513,
        57.42966,
        21.40513,
        57.85084,
        21.73728,
        58.19109,
        22.15035,
        58.19109,
        22.16657,
        58.19109,
        51.82319,
        58.19109,
        52.22816,
        58.19109,
        52.5603,
        57.85084,
        52.5603,
        57.42966,
        52.5603,
        57.04083,
        52.22013,
        56.70057,
        51.82319,
        56.70057,
        51.82319,
        56.70057,
        51.82319,
        56.70057,
        46.95469,
        54.61874,
        46.95469,
        54.61874,
        50.46225,
        54.61874,
        50.8673,
        54.61874,
        51.19945,
        54.28659,
        51.19945,
        53.88155,
        51.19945,
        49.24796,
        51.19945,
        48.84291,
        50.8673,
        48.50266,
        50.46225,
        48.50266,
        46.95469,
        48.50266,
        46.54964,
        48.50266,
        46.21749,
        48.84291,
        46.21749,
        49.24796,
        46.21749,
        53.88155,
        46.21749,
        54.28659,
        46.55775,
        54.61874,
        46.95469,
        54.61874,
        46.95469,
        54.61874,
        46.95469,
        54.61874,
        47.71613,
        49.97704,
        47.71613,
        49.97704,
        49.71695,
        49.97704,
        49.71695,
        53.13624,
        47.71613,
        53.13624,
        47.71613,
        49.97704,
        47.71613,
        49.97704,
        47.71613,
        49.97704,
        40.466,
        54.61874,
        40.466,
        54.61874,
        43.97364,
        54.61874,
        44.37861,
        54.61874,
        44.71075,
        54.28659,
        44.71075,
        53.88155,
        44.71075,
        35.44443,
        44.71075,
        35.03938,
        44.37861,
        34.71534,
        43.97364,
        34.71534,
        40.466,
        34.71534,
        40.05284,
        34.71534,
        39.72888,
        35.03938,
        39.72888,
        35.44443,
        39.72888,
        53.88155,
        39.72888,
        54.28659,
        40.05284,
        54.61874,
        40.466,
        54.61874,
        40.466,
        54.61874,
        40.466,
        54.61874,
        41.20319,
        36.18965,
        41.20319,
        36.18965,
        43.22023,
        36.18965,
        43.22023,
        53.13624,
        41.20319,
        53.13624,
        41.20319,
        36.18965,
        41.20319,
        36.18965,
        41.20319,
        36.18965,
        25.66611,
        54.61874,
        25.66611,
        54.61874,
        29.17367,
        54.61874,
        29.57872,
        54.61874,
        29.91087,
        54.28659,
        29.91087,
        53.88155,
        29.91087,
        31.34547,
        29.91087,
        30.94042,
        29.57872,
        30.60017,
        29.17367,
        30.60017,
        25.66611,
        30.60017,
        25.26106,
        30.60017,
        24.92081,
        30.94042,
        24.92081,
        31.34547,
        24.92081,
        53.88155,
        24.92081,
        54.28659,
        25.26106,
        54.61874,
        25.66611,
        54.61874,
        25.66611,
        54.61874,
        25.66611,
        54.61874,
        26.40322,
        32.09069,
        26.40322,
        32.09069,
        28.42034,
        32.09069,
        28.42034,
        53.13624,
        26.40322,
        53.13624,
        26.40322,
        32.09069,
        26.40322,
        32.09069,
        26.40322,
        32.09069,
        32.16283,
        54.61874,
        32.16283,
        54.61874,
        35.66228,
        54.61874,
        36.06733,
        54.61874,
        36.40758,
        54.28659,
        36.40758,
        53.88155,
        36.40758,
        44.61437,
        36.40758,
        44.19311,
        36.06733,
        43.86907,
        35.66228,
        43.86907,
        32.16283,
        43.86907,
        31.75778,
        43.86907,
        31.41752,
        44.19311,
        31.41752,
        44.61437,
        31.41752,
        53.88155,
        31.41752,
        54.28659,
        31.75778,
        54.61874,
        32.16283,
        54.61874,
        32.16283,
        54.61874,
        32.16283,
        54.61874,
        32.90002,
        45.34346,
        32.90002,
        45.34346,
        34.93328,
        45.34346,
        34.93328,
        53.13624,
        32.90002,
        53.13624,
        32.90002,
        45.34346,
        32.90002,
        45.34346,
        32.90002,
        45.34346
      ],
      "segments": [
        1,
        2,
        2,
        4,
        4,
        2,
        2,
        4,
        2,
        2,
        4,
        4,
        2,
        2,
        1,
        2,
        2,
        4,
        2,
        4,
        2,
        4,
        2,
        4,
        2,
        2,
        1,
        2,
        2,
        2,
        2,
        2,
        2,
        2,
        1,
        2,
        2,
        4,
        2,
        4,
        2,
        4,
        2,
        4,
        2,
        2,
        1,
        2,
        2,
        2,
        2,
        2,
        2,
        2,
        1,
        2,
        2,
        4,
        2,
        4,
        2,
        4,
        2,
        4,
        2,
        2,
        1,
        2,
        2,
        2,
        2,
        2,
        2,
        2,
        1,
        2,
        2,
        4,
        2,
        4,
        2,
        4,
        2,
        4,
        2,
        2,
        1,
        2,
        2,
        2,
        2,
        2,
        2,
        2
      ]
    }
  ]
}