{
  "width": 64,
  "height": 64,
  "fitSize": false,
  "comps": [
    {
      "type": "roundRect",
      "background": "#D8D8D8",
      "borderColor": "#979797",
      "cornerRadius": 12,
      "rect": [
        1.0379310344827637,
        33.491420136168834,
        61.80749336870026,
        24.441006919534075
      ]
    },
    {
      "type": "oval",
      "background": "#D8D8D8",
      "borderColor": "#979797",
      "rect": [
        10.113079303600411,
        21.549330593050634,
        22,
        22
      ]
    },
    {
      "type": "oval",
      "background": "#D8D8D8",
      "borderColor": "#979797",
      "rect": [
        25.838369876436495,
        15.65884949791488,
        28,
        28
      ]
    },
    {
      "type": "polygon",
      "background": "#D8D8D8",
      "borderWidth": 0.6,
      "borderColor": "rgb(71,65,65)",
      "rotation": 0.5235987755982988,
      "rect": [
        17.32044076264026,
        27.54311481124292,
        30.301469260543808,
        25.23165171560374
      ]
    },
    {
      "type": "shape",
      "borderWidth": 0.6,
      "borderColor": "rgb(71,65,65)",
      "points": [
        21.848914297138368,
        34.98457371421889,
        32.33592053799377,
        53.22284543744568,
        43.73484036501051,
        34.87058451594872,
        43.80715421616676,
        34.91976030969203
      ]
    },
    {
      "type": "shape",
      "borderWidth": 0.6,
      "borderColor": "rgb(71,65,65)",
      "points": [
        32.59331617493314,
        27.842873331623046,
        32.461359429285636,
        52.65074151335354
      ]
    },
    {
      "type": "oval",
      "background": "#D8D8D8",
      "borderWidth": 0.6,
      "borderColor": "rgb(71,65,65)",
      "rect": [
        31.570754318506886,
        32.974678491503866,
        2,
        2
      ]
    },
    {
      "type": "oval",
      "background": "rgb(159,230,217)",
      "borderWidth": 0.6,
      "borderColor": "rgb(71,65,65)",
      "rect": [
        30.97125894925359,
        40.68456586094629,
        3,
        3
      ]
    },
    {
      "type": "oval",
      "background": "rgb(18,157,216)",
      "borderWidth": 0.6,
      "borderColor": "rgb(71,65,65)",
      "rect": [
        31.502075962705824,
        44.8683875547306,
        2,
        2
      ]
    },
    {
      "type": "oval",
      "background": "rgb(18,157,216)",
      "borderWidth": 0.6,
      "borderColor": "rgb(71,65,65)",
      "rect": [
        20.09098847074973,
        44.3093595794501,
        3,
        3
      ]
    },
    {
      "type": "oval",
      "background": "rgb(18,157,216)",
      "borderWidth": 0.6,
      "borderColor": "rgb(71,65,65)",
      "rect": [
        41.882677138421975,
        44.3093595794501,
        3,
        3
      ]
    },
    {
      "type": "oval",
      "background": "rgb(18,157,216)",
      "borderWidth": 0.6,
      "borderColor": "rgb(71,65,65)",
      "rect": [
        29.954043044685832,
        49.40378245192871,
        5,
        5
      ]
    },
    {
      "type": "oval",
      "background": "rgb(240,120,156)",
      "borderWidth": 0.6,
      "borderColor": "rgb(71,65,65)",
      "rect": [
        17.97514032667248,
        20.743405942194798,
        3,
        3
      ]
    },
    {
      "type": "oval",
      "background": "rgb(158,230,217)",
      "borderWidth": 0.6,
      "borderColor": "rgb(71,65,65)",
      "rect": [
        19.92051997423389,
        6.755752693516595,
        5,
        5
      ]
    },
    {
      "type": "oval",
      "background": "rgb(18,157,216)",
      "borderWidth": 0.6,
      "borderColor": "rgb(71,65,65)",
      "rect": [
        30.098009551098635,
        25.848440416092878,
        5,
        5
      ]
    },
    {
      "type": "oval",
      "background": "rgb(159,230,217)",
      "borderWidth": 0.6,
      "borderColor": "rgb(71,65,65)",
      "rect": [
        19.991137073688314,
        32.95287258085286,
        3,
        3
      ]
    },
    {
      "type": "oval",
      "background": "rgb(159,230,217)",
      "borderWidth": 0.6,
      "borderColor": "rgb(71,65,65)",
      "rect": [
        41.922104616905,
        32.845367837993955,
        3,
        3
      ]
    },
    {
      "type": "oval",
      "background": "rgb(18,157,216)",
      "borderWidth": 0.6,
      "borderColor": "rgb(71,65,65)",
      "rect": [
        6.051471093781605,
        16.744890065502936,
        2,
        2
      ]
    }
  ]
}