{
  "width": 100,
  "height": 50,
  "fitSize": false,
  "comps": [
    {
      "type": "shape",
      "borderWidth": 4,
      "borderColor": "rgba(255, 0, 0, 0.9)",
      "points": [
        2,
        25,
        30,
        25
      ]
    },
    {
      "type": "shape",
      "background": "rgba(255, 0, 0, 0.9)",
      "borderWidth": 1,
      "borderColor": "red",
      "gradient": "spread.vertical",
      "gradientColor": "rgba(255, 255, 255, 0.9)",
      "points": [
        30,
        10,
        30,
        40,
        50,
        25,
        30,
        10
      ]
    }
  ]
}