{
  "background": "rgb(168,168,168)",
  "width": 100,
  "height": 140,
  "comps": [
    {
      "type": "shape",
      "background": "rgba(0,0,0,0.6)",
      "gradient": "linear.east",
      "gradientColor": "rgba(0,0,0,0.00)",
      "rotation": 3.40339,
      "points": [
        62.37328,
        124.91639,
        20.04001,
        137.85251,
        5.88271,
        126.5944,
        5.88271,
        126.5944,
        9.05084,
        115.23192,
        16.48931,
        108.22323,
        23.92779,
        101.21453,
        34.41186,
        97.85251,
        34.41186,
        97.85251,
        80.00018,
        105.69941
      ],
      "segments": [
        1,
        2,
        2,
        4,
        4,
        2
      ]
    },
    {
      "type": "shape",
      "background": "#222527",
      "points": [
        80.41757,
        118.32335,
        53.46066,
        102.75838,
        53.46066,
        0.89175,
        80.41757,
        16.45611,
        80.41757,
        118.32335
      ]
    },
    {
      "type": "shape",
      "background": "#616466",
      "points": [
        19.58243,
        122.2442,
        53.46066,
        102.75838,
        53.46066,
        0.89175,
        19.58243,
        20.37573,
        19.58243,
        122.2442
      ]
    },
    {
      "type": "shape",
      "background": "#414e52",
      "points": [
        78.21171,
        105.02683,
        47.95367,
        122.497,
        24.25861,
        108.88325,
        54.51665,
        91.4143,
        78.21171,
        105.02683
      ]
    },
    {
      "type": "shape",
      "background": "#283539",
      "points": [
        47.95367,
        127.55177,
        24.25861,
        113.93924,
        24.25861,
        108.88325,
        47.95367,
        122.497,
        47.95367,
        127.55177,
        47.95367,
        127.55177,
        47.95367,
        127.55177
      ]
    },
    {
      "type": "shape",
      "background": "#283539",
      "points": [
        78.24976,
        110.06257,
        47.94201,
        127.5622,
        47.94201,
        122.46817,
        78.24976,
        104.96976,
        78.24976,
        110.06257
      ]
    },
    {
      "type": "shape",
      "background": "#00ff00",
      "points": [
        74.59538,
        111.06977,
        74.59538,
        111.28948,
        74.44191,
        111.55754,
        74.24848,
        111.66792,
        74.05821,
        111.77935,
        73.90473,
        111.68894,
        73.90473,
        111.46924,
        73.90473,
        111.24638,
        74.05821,
        110.97937,
        74.24848,
        110.86794,
        74.44191,
        110.75967,
        74.59538,
        110.84902,
        74.59538,
        111.06977
      ],
      "segments": [
        1,
        4,
        4,
        4,
        4
      ]
    },
    {
      "type": "shape",
      "background": "#151f22",
      "points": [
        50.11842,
        124.96732,
        72.66055,
        111.95305,
        72.66055,
        113.29068,
        50.11842,
        126.30557,
        50.11842,
        124.96732
      ]
    },
    {
      "type": "shape",
      "background": "#414e52",
      "points": [
        78.21171,
        93.74288,
        47.95367,
        111.21121,
        24.25861,
        97.59869,
        54.51665,
        80.12973,
        78.21171,
        93.74288
      ]
    },
    {
      "type": "shape",
      "background": "#283539",
      "points": [
        47.95367,
        116.2666,
        24.25861,
        102.65407,
        24.25861,
        97.59869,
        47.95367,
        111.21121,
        47.95367,
        116.2666,
        47.95367,
        116.2666,
        47.95367,
        116.2666
      ]
    },
    {
      "type": "shape",
      "background": "#283539",
      "points": [
        78.24976,
        98.77801,
        47.94201,
        116.2758,
        47.94201,
        111.1836,
        78.24976,
        93.68397,
        78.24976,
        98.77801
      ]
    },
    {
      "type": "shape",
      "background": "#00ff00",
      "points": [
        74.59538,
        99.7846,
        74.59538,
        100.0043,
        74.44191,
        100.27342,
        74.24848,
        100.38484,
        74.05821,
        100.49522,
        73.90473,
        100.40482,
        73.90473,
        100.18511,
        73.90473,
        99.96225,
        74.05821,
        99.69419,
        74.24848,
        99.58382,
        74.44191,
        99.47344,
        74.59538,
        99.56279,
        74.59538,
        99.7846
      ],
      "segments": [
        1,
        4,
        4,
        4,
        4
      ]
    },
    {
      "type": "shape",
      "background": "#151f22",
      "points": [
        50.11842,
        113.68276,
        72.66055,
        100.6691,
        72.66055,
        102.0055,
        50.11842,
        115.01916,
        50.11842,
        113.68276
      ]
    },
    {
      "type": "shape",
      "background": "#414e52",
      "points": [
        78.21171,
        86.96392,
        47.95367,
        104.43287,
        24.25861,
        90.82034,
        54.51665,
        73.35077,
        78.21171,
        86.96392
      ]
    },
    {
      "type": "shape",
      "background": "#283539",
      "points": [
        47.95367,
        109.48825,
        24.25861,
        95.87695,
        24.25861,
        90.82034,
        47.95367,
        104.43287,
        47.95367,
        109.48825,
        47.95367,
        109.48825,
        47.95367,
        109.48825
      ]
    },
    {
      "type": "shape",
      "background": "#283539",
      "points": [
        78.24976,
        92.00089,
        47.94201,
        109.49684,
        47.94201,
        104.40403,
        78.24976,
        86.90747,
        78.24976,
        92.00089
      ]
    },
    {
      "type": "shape",
      "background": "#00ff00",
      "points": [
        74.59538,
        93.00581,
        74.59538,
        93.22762,
        74.44191,
        93.49673,
        74.24848,
        93.60606,
        74.05821,
        93.71854,
        73.90473,
        93.62814,
        73.90473,
        93.40738,
        73.90473,
        93.18557,
        74.05821,
        92.91646,
        74.24848,
        92.80713,
        74.44191,
        92.69465,
        74.59538,
        92.78611,
        74.59538,
        93.00581
      ],
      "segments": [
        1,
        4,
        4,
        4,
        4
      ]
    },
    {
      "type": "shape",
      "background": "#151f22",
      "points": [
        50.11842,
        106.90442,
        72.66055,
        93.89014,
        72.66055,
        95.22715,
        50.11842,
        108.24205,
        50.11842,
        106.90442
      ]
    },
    {
      "type": "shape",
      "background": "#414e52",
      "points": [
        78.21171,
        73.40968,
        47.95367,
        90.8774,
        24.25861,
        77.26488,
        54.51665,
        59.79531,
        78.21171,
        73.40968
      ]
    },
    {
      "type": "shape",
      "background": "#283539",
      "points": [
        47.95367,
        95.93217,
        24.25861,
        82.32087,
        24.25861,
        77.26488,
        47.95367,
        90.8774,
        47.95367,
        95.93217,
        47.95367,
        95.93217,
        47.95367,
        95.93217
      ]
    },
    {
      "type": "shape",
      "background": "#283539",
      "points": [
        78.24976,
        78.44481,
        47.94201,
        95.94322,
        47.94201,
        90.85041,
        78.24976,
        73.35077,
        78.24976,
        78.44481
      ]
    },
    {
      "type": "shape",
      "background": "#00ff00",
      "points": [
        74.59538,
        79.44952,
        74.59538,
        79.67238,
        74.44191,
        79.94044,
        74.24848,
        80.05081,
        74.05821,
        80.16224,
        73.90473,
        80.07394,
        73.90473,
        79.85213,
        73.90473,
        79.62928,
        74.05821,
        79.36122,
        74.24848,
        79.25189,
        74.44191,
        79.13941,
        74.59538,
        79.22981,
        74.59538,
        79.44952
      ],
      "segments": [
        1,
        4,
        4,
        4,
        4
      ]
    },
    {
      "type": "shape",
      "background": "#151f22",
      "points": [
        50.11842,
        93.34956,
        72.66055,
        80.33467,
        72.66055,
        81.67169,
        50.11842,
        94.68719,
        50.11842,
        93.34956
      ]
    },
    {
      "type": "shape",
      "background": "#414e52",
      "points": [
        78.21171,
        67.2124,
        47.95367,
        84.68136,
        24.25861,
        71.06883,
        54.51665,
        53.59988,
        78.21171,
        67.2124
      ]
    },
    {
      "type": "shape",
      "background": "#283539",
      "points": [
        47.95367,
        89.18512,
        24.25861,
        75.5732,
        24.25861,
        71.06883,
        47.95367,
        84.68136,
        47.95367,
        89.18512,
        47.95367,
        89.18512,
        47.95367,
        89.18512
      ]
    },
    {
      "type": "shape",
      "background": "#283539",
      "points": [
        78.24976,
        67.18111,
        47.94201,
        84.67829,
        47.94201,
        89.18573,
        78.24976,
        71.68733,
        78.24976,
        67.18111
      ]
    },
    {
      "type": "shape",
      "background": "#92a4af",
      "points": [
        74.69092,
        72.14568,
        69.24837,
        75.28727,
        69.24775,
        73.22928,
        74.69092,
        70.08585,
        74.69092,
        72.14568
      ]
    },
    {
      "type": "shape",
      "background": "#151f22",
      "points": [
        67.64444,
        76.70528,
        50.11781,
        86.82402,
        50.11781,
        85.42687,
        67.64444,
        75.30936,
        67.64444,
        76.70528
      ]
    },
    {
      "type": "shape",
      "background": "#414e52",
      "points": [
        78.21171,
        61.09796,
        47.95367,
        78.5663,
        24.25861,
        64.955,
        54.51665,
        47.48544,
        78.21171,
        61.09796
      ]
    },
    {
      "type": "shape",
      "background": "#283539",
      "points": [
        47.95367,
        83.62168,
        24.25861,
        70.00977,
        24.25861,
        64.955,
        47.95367,
        78.5663,
        47.95367,
        83.62168,
        47.95367,
        83.62168,
        47.95367,
        83.62168
      ]
    },
    {
      "type": "shape",
      "background": "#283539",
      "points": [
        78.24976,
        66.13432,
        47.94201,
        83.6315,
        47.94201,
        78.53869,
        78.24976,
        61.04151,
        78.24976,
        66.13432
      ]
    },
    {
      "type": "shape",
      "background": "#00ff00",
      "points": [
        74.59538,
        67.13947,
        74.59538,
        67.36022,
        74.44191,
        67.63039,
        74.24848,
        67.73971,
        74.05821,
        67.85009,
        73.90473,
        67.76179,
        73.90473,
        67.53998,
        73.90473,
        67.31923,
        74.05821,
        67.05117,
        74.24848,
        66.93868,
        74.44191,
        66.82936,
        74.59538,
        66.91766,
        74.59538,
        67.13947
      ],
      "segments": [
        1,
        4,
        4,
        4,
        4
      ]
    },
    {
      "type": "shape",
      "background": "#414e52",
      "points": [
        78.21171,
        55.02464,
        47.95367,
        72.4942,
        24.25861,
        58.88106,
        54.51665,
        41.41272,
        78.21171,
        55.02464
      ]
    },
    {
      "type": "shape",
      "background": "#283539",
      "points": [
        47.95367,
        77.54835,
        24.25861,
        63.93583,
        24.25861,
        58.88106,
        47.95367,
        72.4942,
        47.95367,
        77.54835,
        47.95367,
        77.54835,
        47.95367,
        77.54835
      ]
    },
    {
      "type": "shape",
      "background": "#283539",
      "points": [
        78.24976,
        60.06222,
        47.94201,
        77.56001,
        47.94201,
        72.46659,
        78.24976,
        54.96696,
        78.24976,
        60.06222
      ]
    },
    {
      "type": "shape",
      "background": "#00ff00",
      "points": [
        74.59538,
        61.0661,
        74.59538,
        61.2879,
        74.44191,
        61.55596,
        74.24848,
        61.66634,
        74.05821,
        61.77882,
        73.90473,
        61.68737,
        73.90473,
        61.46766,
        73.90473,
        61.2448,
        74.05821,
        60.97674,
        74.24848,
        60.86742,
        74.44191,
        60.75704,
        74.59538,
        60.84534,
        74.59538,
        61.0661
      ],
      "segments": [
        1,
        4,
        4,
        4,
        4
      ]
    },
    {
      "type": "shape",
      "background": "#151f22",
      "points": [
        50.11842,
        74.96636,
        72.66055,
        61.95208,
        72.66055,
        63.28971,
        50.11842,
        76.30338,
        50.11842,
        74.96636
      ]
    },
    {
      "type": "shape",
      "background": "#414e52",
      "points": [
        78.21171,
        43.58483,
        47.95367,
        61.05317,
        24.25861,
        47.44064,
        54.51665,
        29.9723,
        78.21171,
        43.58483
      ]
    },
    {
      "type": "shape",
      "background": "#283539",
      "points": [
        47.95367,
        66.10855,
        24.25861,
        52.49664,
        24.25861,
        47.44064,
        47.95367,
        61.05317,
        47.95367,
        66.10855,
        47.95367,
        66.10855,
        47.95367,
        66.10855
      ]
    },
    {
      "type": "shape",
      "background": "#283539",
      "points": [
        78.24976,
        48.62119,
        47.94201,
        66.11837,
        47.94201,
        61.02617,
        78.24976,
        43.52777,
        78.24976,
        48.62119
      ]
    },
    {
      "type": "shape",
      "background": "#00ff00",
      "points": [
        74.59538,
        49.62634,
        74.59538,
        49.84814,
        74.44191,
        50.1162,
        74.24848,
        50.22763,
        74.05821,
        50.33696,
        73.90473,
        50.24866,
        73.90473,
        50.02685,
        73.90473,
        49.8061,
        74.05821,
        49.53698,
        74.24848,
        49.42661,
        74.44191,
        49.31623,
        74.59538,
        49.40663,
        74.59538,
        49.62634
      ],
      "segments": [
        1,
        4,
        4,
        4,
        4
      ]
    },
    {
      "type": "shape",
      "background": "#414e52",
      "points": [
        78.21171,
        37.80357,
        47.95367,
        55.27253,
        24.25861,
        41.66061,
        54.51665,
        24.19166,
        78.21171,
        37.80357
      ]
    },
    {
      "type": "shape",
      "background": "#283539",
      "points": [
        47.95367,
        59.77506,
        24.25861,
        46.16437,
        24.25861,
        41.66061,
        47.95367,
        55.27253,
        47.95367,
        59.77506,
        47.95367,
        59.77506,
        47.95367,
        59.77506
      ]
    },
    {
      "type": "shape",
      "background": "#283539",
      "points": [
        78.24976,
        37.77167,
        47.94201,
        55.27007,
        47.94201,
        59.7769,
        78.24976,
        42.27788,
        78.24976,
        37.77167
      ]
    },
    {
      "type": "shape",
      "background": "#00ff00",
      "points": [
        51.53979,
        54.24855,
        51.53979,
        54.44303,
        51.40419,
        54.6806,
        51.23494,
        54.77731,
        51.06569,
        54.87403,
        50.93114,
        54.79413,
        50.93114,
        54.59861,
        50.93114,
        54.40729,
        51.06569,
        54.16971,
        51.23494,
        54.07405,
        51.40419,
        53.97629,
        51.53979,
        54.05302,
        51.53979,
        54.24855
      ],
      "segments": [
        1,
        4,
        4,
        4,
        4
      ]
    },
    {
      "type": "shape",
      "background": "#92a4af",
      "points": [
        74.69092,
        42.73746,
        69.24837,
        45.87967,
        69.24775,
        43.81984,
        74.69092,
        40.67702,
        74.69092,
        42.73746
      ]
    },
    {
      "type": "shape",
      "background": "#151f22",
      "points": [
        67.64444,
        47.29522,
        50.11781,
        57.41396,
        50.11781,
        56.01804,
        67.64444,
        45.89991,
        67.64444,
        47.29522
      ]
    },
    {
      "type": "shape",
      "background": "#414e52",
      "points": [
        78.21171,
        32.20026,
        47.95367,
        49.66982,
        24.25861,
        36.05668,
        54.51665,
        18.58773,
        78.21171,
        32.20026
      ]
    },
    {
      "type": "shape",
      "background": "#283539",
      "points": [
        47.95367,
        54.17236,
        24.25861,
        40.56105,
        24.25861,
        36.05668,
        47.95367,
        49.66982,
        47.95367,
        54.17236,
        47.95367,
        54.17236,
        47.95367,
        54.17236
      ]
    },
    {
      "type": "shape",
      "background": "#283539",
      "points": [
        78.24976,
        32.17203,
        47.94201,
        49.66982,
        47.94201,
        54.19506,
        78.24976,
        36.69665,
        78.24976,
        32.17203
      ]
    },
    {
      "type": "shape",
      "background": "#151f22",
      "points": [
        69.89264,
        40.86417,
        51.05845,
        51.73885,
        51.05845,
        51.33204,
        69.89264,
        40.45736,
        69.89264,
        40.86417
      ]
    },
    {
      "type": "shape",
      "background": "#3b4548",
      "points": [
        76.64153,
        34.6626,
        71.96965,
        37.36056,
        71.96965,
        36.45674,
        76.64153,
        33.75939,
        76.64153,
        34.6626
      ]
    },
    {
      "type": "shape",
      "background": "#3b4548",
      "points": [
        76.64153,
        36.09902,
        71.96965,
        38.79637,
        71.96965,
        37.89254,
        76.64153,
        35.1952,
        76.64153,
        36.09902
      ]
    },
    {
      "type": "shape",
      "background": "#414e52",
      "points": [
        78.21171,
        25.93058,
        47.95367,
        43.39953,
        24.25861,
        29.787,
        54.51665,
        12.31743,
        78.21171,
        25.93058
      ]
    },
    {
      "type": "shape",
      "background": "#283539",
      "points": [
        47.95367,
        47.90268,
        24.25861,
        34.29015,
        24.25861,
        29.787,
        47.95367,
        43.39953,
        47.95367,
        47.90268,
        47.95367,
        47.90268,
        47.95367,
        47.90268
      ]
    },
    {
      "type": "shape",
      "background": "#283539",
      "points": [
        78.24976,
        25.90235,
        47.94201,
        43.40076,
        47.94201,
        47.92477,
        78.24976,
        30.42698,
        78.24976,
        25.90235
      ]
    },
    {
      "type": "shape",
      "background": "#151f22",
      "points": [
        69.89264,
        34.59388,
        51.05845,
        45.46733,
        51.05845,
        45.06236,
        69.89264,
        34.18768,
        69.89264,
        34.59388
      ]
    },
    {
      "type": "shape",
      "background": "#3b4548",
      "points": [
        76.64153,
        28.39353,
        71.96965,
        31.09088,
        71.96965,
        30.18645,
        76.64153,
        27.4891,
        76.64153,
        28.39353
      ]
    },
    {
      "type": "shape",
      "background": "#3b4548",
      "points": [
        76.64153,
        29.82872,
        71.96965,
        32.52607,
        71.96965,
        31.62164,
        76.64153,
        28.92552,
        76.64153,
        29.82872
      ]
    },
    {
      "type": "shape",
      "background": "#888b8d",
      "points": [
        75.36274,
        119.89966,
        76.41396,
        120.64,
        76.41396,
        22.66688,
        75.58008,
        22.34904,
        75.36274,
        116.30403
      ]
    },
    {
      "type": "shape",
      "background": "rgb(230,230,230)",
      "points": [
        19.58243,
        20.37573,
        46.53873,
        35.93948,
        80.3783,
        16.40211,
        53.422,
        0.83775,
        19.58243,
        20.37573,
        19.58243,
        20.37573,
        19.58243,
        20.37573
      ]
    },
    {
      "type": "shape",
      "background": "rgb(230,230,230)",
      "points": [
        46.53873,
        137.80673,
        19.58243,
        122.2442,
        19.58243,
        20.37573,
        46.53873,
        35.9401,
        46.53873,
        137.80673,
        46.53873,
        137.80673,
        46.53873,
        137.80673
      ]
    },
    {
      "type": "shape",
      "background": "rgb(145,146,148)",
      "points": [
        46.53873,
        39.86647,
        19.58243,
        24.30272,
        19.58243,
        20.37573,
        46.53873,
        35.9401,
        46.53873,
        39.86647,
        46.53873,
        39.86647,
        46.53873,
        39.86647
      ]
    },
    {
      "type": "shape",
      "background": "rgb(145,146,148)",
      "points": [
        46.53873,
        137.80673,
        19.58243,
        122.2442,
        19.58243,
        113.55698,
        46.53873,
        129.12134,
        46.53873,
        137.80673,
        46.53873,
        137.80673,
        46.53873,
        137.80673
      ]
    },
    {
      "type": "shape",
      "background": "rgb(158,155,153)",
      "points": [
        80.3783,
        109.59256,
        76.31572,
        111.93832,
        76.31572,
        22.66688,
        80.3783,
        20.32112,
        80.3783,
        109.59256
      ]
    },
    {
      "type": "shape",
      "background": "rgb(120,122,128)",
      "points": [
        46.52,
        39.88,
        80.3783,
        20.32112,
        80.3783,
        16.40273,
        46.52,
        35.94
      ]
    },
    {
      "type": "shape",
      "background": "rgb(119,122,128)",
      "points": [
        46.53873,
        137.80673,
        80.34697,
        118.29774,
        80.34697,
        109.62095,
        46.53873,
        129.13054,
        46.53873,
        137.80673
      ]
    },
    {
      "type": "shape",
      "background": "rgb(99,102,105)",
      "points": [
        77.36005,
        76.39603,
        79.14008,
        75.36888,
        79.14008,
        62.95653,
        77.36005,
        63.98553,
        77.36005,
        76.39603,
        77.36005,
        76.39603,
        77.36005,
        76.39603
      ]
    },
    {
      "type": "shape",
      "background": "rgb(158,155,153)",
      "points": [
        49.03666,
        127.68922,
        46.53873,
        129.13054,
        46.53873,
        39.85911,
        49.03666,
        38.41778,
        49.03666,
        127.68922
      ]
    },
    {
      "type": "shape",
      "background": "rgba(255,255,255,0.4)",
      "gradient": "linear.south",
      "gradientColor": "rgba(255,255,255,0)",
      "points": [
        76.41396,
        101.42386,
        76.41396,
        22.4803,
        76.41396,
        22.4803,
        55.33933,
        34.81325
      ]
    },
    {
      "type": "shape",
      "background": "rgb(163,163,163)",
      "points": [
        49.03666,
        126.47801,
        75.38,
        111.36,
        76.32,
        112,
        49.03666,
        127.81626,
        49.03666,
        126.47801
      ]
    }
  ]
}