{
  "width": 200,
  "height": 70,
  "comps": [
    {
      "type": "shape",
      "background": {
        "func": "attr@logo.color4",
        "value": "rgba(138,138,138,0.30)"
      },
      "gradient": "linear.northwest",
      "gradientColor": "rgba(255,255,255,0.00)",
      "fillRule": "evenodd",
      "shadowColor": "rgba(0,0,0,0.39)",
      "onEnter": "__ht__function(event, data, view, point, width, height) {\ndata.a('logo.color4','rgb(105,196,245)');\n}",
      "onLeave": "__ht__function(event, data, view, point, width, height) {\ndata.a('logo.color4', undefined);\n}",
      "points": [
        42.58678,
        57.79422,
        50.59138,
        57.79422,
        55.01221,
        57.79422,
        58.59599,
        54.44636,
        58.59599,
        50.3247,
        58.59599,
        20.43941,
        42.58678,
        20.43941
      ],
      "segments": [
        1,
        2,
        4,
        2,
        2
      ]
    },
    {
      "type": "shape",
      "background": {
        "func": "attr@logo.color3",
        "value": "rgba(138,138,138,0.30)"
      },
      "fillRule": "evenodd",
      "shadowColor": "rgba(0,0,0,0.39)",
      "onEnter": "__ht__function(event, data, view, point, width, height) {\ndata.a('logo.color3','#48F4E8');\n}",
      "onLeave": "__ht__function(event, data, view, point, width, height) {\ndata.a('logo.color3', undefined);\n}",
      "points": [
        66.12938,
        5.7643,
        70.81044,
        5.7643,
        74.6052,
        9.05768,
        74.6052,
        13.10185,
        74.6052,
        13.10185,
        74.6052,
        17.15427,
        70.8165,
        20.43941,
        66.12938,
        20.43941,
        26.57757,
        20.43941,
        26.57757,
        13.10185,
        26.57757,
        9.04943,
        30.36627,
        5.7643,
        35.05339,
        5.7643
      ],
      "segments": [
        1,
        4,
        2,
        4,
        2,
        2,
        4
      ]
    },
    {
      "type": "shape",
      "background": {
        "func": "attr@logo.color2",
        "value": "rgba(140,140,140,0.20)"
      },
      "fillRule": "evenodd",
      "shadowColor": "rgba(0,0,0,0.39)",
      "onEnter": "__ht__function(event, data, view, point, width, height) {\ndata.a('logo.color2', '#F24D63');\n}",
      "onLeave": "__ht__function(event, data, view, point, width, height) {\ndata.a('logo.color2', undefined);\n}",
      "points": [
        18.57297,
        41.78502,
        14.15215,
        41.78502,
        10.56837,
        45.37779,
        10.56837,
        49.78962,
        10.56837,
        49.78962,
        10.56837,
        54.21044,
        14.16114,
        57.79422,
        18.57297,
        57.79422,
        26.57757,
        57.79422,
        26.57757,
        49.78962,
        26.57757,
        45.3688,
        22.98479,
        41.78502,
        18.57297,
        41.78502
      ],
      "segments": [
        1,
        4,
        2,
        4,
        2,
        2,
        4
      ]
    },
    {
      "type": "shape",
      "background": {
        "func": "attr@logo.color1",
        "value": "rgba(140,140,140,0.15)"
      },
      "fillRule": "evenodd",
      "shadowColor": "rgba(0,0,0,0.39)",
      "onEnter": "__ht__function(event, data, view, point, width, height) {\ndata.a('logo.color1', '#FFC826');\n}",
      "onLeave": "__ht__function(event, data, view, point, width, height) {\ndata.a('logo.color1', undefined);\n}",
      "points": [
        26.57757,
        28.44075,
        26.57757,
        32.86337,
        22.98479,
        36.44861,
        18.57297,
        36.44861,
        18.57297,
        36.44861,
        14.15215,
        36.44861,
        10.56837,
        32.85583,
        10.56837,
        28.44401,
        10.56837,
        28.44401,
        10.56837,
        24.02319,
        14.16114,
        20.43941,
        18.57297,
        20.43941,
        26.57757,
        20.43941,
        26.57757,
        28.43494
      ],
      "segments": [
        1,
        4,
        2,
        4,
        2,
        4,
        2,
        2
      ]
    },
    {
      "type": "text",
      "text": "图扑软件",
      "color": {
        "func": "attr@logo.text.color",
        "value": "rgba(138,138,138,0.30)"
      },
      "shadow": true,
      "shadowOffsetX": 0,
      "scaleX": 2,
      "scaleY": 2,
      "rect": [
        112.89964,
        -7.5976,
        50,
        50
      ]
    },
    {
      "type": "text",
      "text": "Hightopo",
      "color": {
        "func": "attr@logo.text.color",
        "value": "rgba(138,138,138,0.30)"
      },
      "shadow": true,
      "shadowOffsetX": 0,
      "scaleX": 2,
      "scaleY": 2,
      "rect": [
        112.89964,
        25,
        50,
        50
      ]
    }
  ]
}