{
  "background": "rgb(0,0,0)",
  "width": 256,
  "height": 128,
  "comps": [
    {
      "type": "shape",
      "background": "rgb(255,255,255)",
      "borderColor": "#979797",
      "gradient": "linear.west",
      "gradientColor": "rgba(255,255,255,0.00)",
      "points": [
        17.93538,
        49.32096,
        180.28651,
        49.32096,
        180.28651,
        25.86818,
        256,
        63.62979,
        180.28651,
        102.13182,
        180.28651,
        78.06805,
        17.93538,
        78.06805
      ]
    }
  ]
}