{
  "background": "rgb(0,0,0)",
  "width": 62,
  "height": 50,
  "comps": [
    {
      "type": "shape",
      "background": "rgb(212,0,0)",
      "gradient": "spread.north",
      "gradientColor": "rgb(110,15,47)",
      "fillRule": "evenodd",
      "shadowColor": "#1ABC9C",
      "rotation": -0.34907,
      "points": [
        67.24545,
        10.91275,
        67.23732,
        11.11622,
        63.31621,
        28.04044,
        61.76304,
        32.72089,
        59.06368,
        40.85535,
        53.95478,
        47.99732,
        45.26314,
        47.99732,
        45.26314,
        47.99732,
        36.12356,
        47.99732,
        28.71447,
        40.56962,
        28.71447,
        31.44865,
        28.71447,
        31.44865,
        28.71447,
        22.57088,
        36.09149,
        17.4659,
        44.48364,
        14.91809,
        50.87342,
        12.97819,
        67.24545,
        10.91275,
        67.24545,
        10.91275
      ],
      "segments": [
        1,
        4,
        4,
        2,
        4,
        2,
        4,
        4
      ]
    },
    {
      "type": "shape",
      "background": "rgb(212,0,0)",
      "gradient": "spread.north",
      "gradientColor": "rgb(110,15,47)",
      "fillRule": "evenodd",
      "shadowColor": "#1ABC9C",
      "rotation": 4.88692,
      "points": [
        34.74116,
        10.91275,
        34.73303,
        11.11622,
        30.81192,
        28.04044,
        29.25875,
        32.72089,
        26.55939,
        40.85535,
        21.45049,
        47.99732,
        12.75885,
        47.99732,
        12.75885,
        47.99732,
        3.61927,
        47.99732,
        -3.78982,
        40.56962,
        -3.78982,
        31.44865,
        -3.78982,
        31.44865,
        -3.78982,
        22.57088,
        3.5872,
        17.4659,
        11.97935,
        14.91809,
        18.36913,
        12.97819,
        34.74116,
        10.91275,
        34.74116,
        10.91275
      ],
      "segments": [
        1,
        4,
        4,
        2,
        4,
        2,
        4,
        4
      ]
    },
    {
      "type": "shape",
      "background": "rgb(212,0,0)",
      "gradient": "spread.north",
      "gradientColor": "rgb(110,15,47)",
      "fillRule": "evenodd",
      "shadowColor": "#1ABC9C",
      "rotation": 5.49779,
      "points": [
        52.21575,
        8.19185,
        52.20762,
        8.39532,
        48.28651,
        25.31954,
        46.73334,
        29.99999,
        44.03398,
        38.13445,
        38.92508,
        45.27642,
        30.23344,
        45.27642,
        30.23344,
        45.27642,
        21.09386,
        45.27642,
        13.68477,
        37.84872,
        13.68477,
        28.72775,
        13.68477,
        28.72775,
        13.68477,
        19.84998,
        21.06179,
        14.745,
        29.45394,
        12.19719,
        35.84372,
        10.25729,
        52.21575,
        8.19185,
        52.21575,
        8.19185
      ],
      "segments": [
        1,
        4,
        4,
        2,
        4,
        2,
        4,
        4
      ]
    }
  ]
}