{
  "width": 100,
  "height": 44,
  "comps": [
    {
      "type": "shape",
      "background": "#ececec",
      "shadowColor": "#1ABC9C",
      "points": [
        75.16407,
        11.17253,
        75.16407,
        11.17253,
        77.3985,
        1.5644,
        69.8014,
        0.78238,
        62.20429,
        0.00037,
        61.42209,
        10.05531,
        61.42209,
        10.05531,
        61.42209,
        10.05531,
        60.08147,
        4.80443,
        54.16019,
        6.25667,
        48.23891,
        7.70908,
        48.68572,
        14.63579,
        48.68572,
        14.63579,
        48.68572,
        14.63579,
        43.88165,
        9.38491,
        38.40718,
        14.52399,
        32.93272,
        19.66326,
        37.73678,
        29.9418,
        46.00429,
        29.4948,
        54.2718,
        29.04799,
        56.61803,
        24.69073,
        56.61803,
        24.69073,
        56.61803,
        24.69073,
        59.68441,
        31.56292,
        66.22616,
        30.72381,
        70.77139,
        30.14079,
        73.04125,
        26.59015,
        73.04125,
        26.59015,
        73.04125,
        26.59015,
        80.97356,
        36.31007,
        89.91129,
        27.26055,
        98.84902,
        18.21103,
        89.68788,
        5.69806,
        83.3196,
        5.80985,
        76.95132,
        5.92165,
        75.16407,
        11.17253,
        75.16407,
        11.17253,
        75.16407,
        11.17253
      ],
      "segments": [
        1,
        4,
        4,
        4,
        4,
        4,
        4,
        4,
        4,
        4,
        4,
        4,
        4,
        2
      ]
    },
    {
      "type": "shape",
      "background": "#f4f4f4",
      "shadowColor": "#1ABC9C",
      "points": [
        70.16854,
        2.98506,
        62.57143,
        2.20304,
        61.78924,
        12.25799,
        61.78924,
        12.25799,
        61.78924,
        12.25799,
        60.44861,
        7.00711,
        54.52733,
        8.45934,
        48.60605,
        9.91176,
        49.05286,
        16.83846,
        49.05286,
        16.83846,
        49.05286,
        16.83846,
        44.2488,
        11.58758,
        38.77433,
        16.72667,
        37.06932,
        18.32723,
        36.36165,
        20.42655,
        36.44481,
        22.54497,
        35.62204,
        19.74844,
        36.1074,
        16.68279,
        38.40718,
        14.52381,
        43.88165,
        9.38454,
        48.68572,
        14.6356,
        48.68572,
        14.6356,
        48.68572,
        14.6356,
        48.23872,
        7.7089,
        54.16019,
        6.25648,
        60.08147,
        4.80407,
        61.42209,
        10.05513,
        61.42209,
        10.05513,
        61.42209,
        10.05513,
        62.20411,
        0,
        69.8014,
        0.7822,
        74.13699,
        1.22846,
        75.26999,
        4.5489,
        75.44439,
        7.31808,
        74.8353,
        5.22481,
        73.38104,
        3.31585,
        70.16854,
        2.98506,
        70.16854,
        2.98506
      ],
      "segments": [
        1,
        4,
        4,
        4,
        4,
        4,
        4,
        4,
        4,
        4,
        4,
        4,
        4,
        2
      ]
    },
    {
      "type": "shape",
      "background": "#f4f4f4",
      "shadowColor": "#1ABC9C",
      "points": [
        83.68693,
        8.01253,
        77.31865,
        8.12432,
        74.95535,
        13.86405,
        74.95535,
        13.86405,
        74.95535,
        13.86405,
        74.9783,
        12.9003,
        75.20776,
        10.99575,
        76.69928,
        8.21923,
        79.02201,
        5.88493,
        83.31979,
        5.80967,
        87.58544,
        5.73477,
        93.10323,
        11.32453,
        93.59649,
        17.74347,
        92.20116,
        12.30168,
        87.45528,
        7.94644,
        83.68693,
        8.01253,
        83.68693,
        8.01253
      ],
      "segments": [
        1,
        4,
        4,
        4,
        4,
        4,
        2
      ]
    },
    {
      "type": "shape",
      "background": "#e3e3e3",
      "shadowColor": "#1ABC9C",
      "points": [
        46.00447,
        26.06825,
        54.27198,
        25.62144,
        56.61821,
        21.26419,
        56.61821,
        21.26419,
        56.61821,
        21.26419,
        59.68459,
        28.13637,
        66.22634,
        27.29726,
        70.77157,
        26.71424,
        73.04143,
        23.1636,
        73.04143,
        23.1636,
        73.04143,
        23.1636,
        80.97374,
        32.88353,
        89.91147,
        23.834,
        92.06018,
        21.6585,
        93.1605,
        19.2829,
        93.50745,
        16.93062,
        93.99392,
        20.32485,
        93.11663,
        24.01537,
        89.91147,
        27.26073,
        80.97374,
        36.31026,
        73.04143,
        26.59033,
        73.04143,
        26.59033,
        73.04143,
        26.59033,
        70.77157,
        30.14097,
        66.22634,
        30.72399,
        59.68459,
        31.5631,
        56.61821,
        24.69092,
        56.61821,
        24.69092,
        56.61821,
        24.69092,
        54.27198,
        29.04817,
        46.00447,
        29.49498,
        39.48677,
        29.84726,
        35.12309,
        23.53405,
        36.24967,
        18.32778,
        37.09502,
        22.50917,
        40.88503,
        26.34508,
        46.00447,
        26.06825,
        46.00447,
        26.06825
      ],
      "segments": [
        1,
        4,
        4,
        4,
        4,
        4,
        4,
        4,
        4,
        4,
        4,
        4,
        4,
        2
      ]
    },
    {
      "type": "shape",
      "background": "#e3e3e3",
      "shadowColor": "#1ABC9C",
      "points": [
        61.01273,
        13.31352,
        58.18958,
        10.1583,
        53.11328,
        8.50597,
        49.31684,
        10.66569,
        48.56181,
        12.70333,
        48.68572,
        14.63597,
        48.68572,
        14.63597,
        48.68572,
        14.63597,
        43.88165,
        9.38509,
        38.40718,
        14.52418,
        32.93272,
        19.66344,
        37.73678,
        29.94198,
        46.00429,
        29.49498,
        54.2718,
        29.04799,
        56.61803,
        24.69092,
        56.61803,
        24.69092,
        56.61803,
        24.69092,
        57.55681,
        26.79354,
        59.50267,
        28.53068,
        60.52571,
        27.40539,
        61.32884,
        26.07027,
        61.93059,
        24.69496,
        63.58273,
        21.02353,
        63.7663,
        16.25067,
        61.01273,
        13.31352,
        61.01273,
        13.31352
      ],
      "segments": [
        1,
        4,
        4,
        4,
        4,
        4,
        4,
        4,
        4,
        2
      ]
    },
    {
      "type": "shape",
      "background": "#cccccc",
      "shadowColor": "#1ABC9C",
      "points": [
        25.99995,
        2.07711,
        32.59164,
        1.6303,
        34.82607,
        8.6688,
        34.82607,
        8.6688,
        34.82607,
        8.6688,
        35.94329,
        1.40689,
        42.08798,
        2.63572,
        48.23267,
        3.86473,
        48.45607,
        13.36107,
        48.45607,
        13.36107,
        48.45607,
        13.36107,
        55.15937,
        8.557,
        59.74003,
        15.14869,
        64.32069,
        21.74037,
        58.17582,
        27.66165,
        53.59534,
        27.43825,
        49.01468,
        27.21484,
        48.12087,
        25.98583,
        48.12087,
        25.98583,
        48.12087,
        25.98583,
        46.78025,
        35.48235,
        40.63538,
        35.14715,
        34.49069,
        34.81195,
        31.80926,
        28.89067,
        31.80926,
        28.89067,
        31.80926,
        28.89067,
        29.79823,
        35.03535,
        24.32376,
        34.58854,
        18.84929,
        34.14154,
        11.58739,
        31.9223,
        11.58739,
        31.9223,
        11.58739,
        31.9223,
        8.23574,
        32.24231,
        4.32549,
        24.98041,
        1.15098,
        19.08483,
        6.74624,
        12.54656,
        11.58739,
        12.24403,
        15.16244,
        12.02063,
        17.39688,
        12.57924,
        17.39688,
        12.57924,
        17.39688,
        12.57924,
        19.40827,
        2.52392,
        25.99995,
        2.07711,
        25.99995,
        2.07711
      ],
      "segments": [
        1,
        4,
        4,
        4,
        4,
        4,
        4,
        4,
        4,
        4,
        4,
        4,
        4,
        4,
        4,
        2
      ]
    },
    {
      "type": "shape",
      "background": "#c7c7c7",
      "shadowColor": "#1ABC9C",
      "points": [
        56.79058,
        20.10567,
        53.66987,
        17.71924,
        49.26415,
        17.71924,
        45.7763,
        19.73852,
        44.85844,
        20.28924,
        43.57344,
        21.02353,
        43.75701,
        22.4921,
        41.55415,
        20.83995,
        38.80058,
        21.39067,
        36.59772,
        23.04281,
        35.67986,
        23.59353,
        34.76201,
        24.51138,
        34.94558,
        25.79638,
        31.09058,
        24.32781,
        26.48574,
        22.4967,
        19.51007,
        31.28151,
        6.28608,
        35.50976,
        2.83386,
        22.4921,
        4.24123,
        17.76531,
        3.20423,
        19.94926,
        3.00138,
        22.52055,
        4.32585,
        24.98023,
        10.47253,
        35.14697,
        2.90203,
        32.9317,
        12.61751,
        41.51161,
        12.61751,
        35.14697,
        18.84966,
        34.14136,
        24.32413,
        34.58836,
        29.7986,
        35.03517,
        31.80963,
        28.89048,
        31.80963,
        28.89048,
        31.80963,
        28.89048,
        34.49087,
        34.81176,
        40.63574,
        35.14697,
        46.78061,
        35.48217,
        48.12124,
        25.98565,
        48.12124,
        25.98565,
        48.12124,
        25.98565,
        49.01505,
        27.21466,
        53.59571,
        27.43806,
        57.97187,
        27.65156,
        63.77456,
        22.25676,
        60.29019,
        16.02708,
        58.67017,
        16.85131,
        57.35048,
        18.14586,
        56.79058,
        20.10567,
        56.79058,
        20.10567
      ],
      "segments": [
        1,
        4,
        4,
        4,
        4,
        4,
        4,
        4,
        4,
        4,
        4,
        4,
        4,
        4,
        4,
        4,
        2
      ]
    },
    {
      "type": "shape",
      "background": "#d3d3d3",
      "shadowColor": "#1ABC9C",
      "points": [
        19.15843,
        13.86424,
        19.342,
        9.82566,
        22.27914,
        5.41995,
        26.13415,
        4.31852,
        30.53986,
        3.21709,
        33.10986,
        7.62281,
        34.57843,
        11.11066,
        36.23058,
        7.98995,
        39.16772,
        3.95138,
        42.83915,
        5.41995,
        46.69415,
        7.07209,
        47.24487,
        11.84495,
        48.16272,
        15.51638,
        50.54915,
        13.12995,
        54.22058,
        13.49709,
        57.15773,
        13.86424,
        57.86705,
        13.89967,
        58.50698,
        14.05276,
        59.08578,
        14.29857,
        54.54844,
        8.99519,
        48.45626,
        13.36107,
        48.45626,
        13.36107,
        48.45626,
        13.36107,
        48.23285,
        3.86455,
        42.08798,
        2.63572,
        35.9431,
        1.40689,
        34.82607,
        8.6688,
        34.82607,
        8.6688,
        34.82607,
        8.6688,
        32.59164,
        1.6303,
        25.99995,
        2.07711,
        19.40827,
        2.52392,
        17.39724,
        12.57905,
        17.39724,
        12.57905,
        17.39724,
        12.57905,
        15.16281,
        12.02044,
        11.58776,
        12.24385,
        8.88687,
        12.41274,
        5.95174,
        14.52271,
        4.43526,
        17.37908,
        8.40701,
        14.08067,
        14.26148,
        12.74482,
        19.15843,
        13.86424,
        19.15843,
        13.86424
      ],
      "segments": [
        1,
        4,
        4,
        4,
        4,
        4,
        4,
        4,
        4,
        4,
        4,
        4,
        4,
        4,
        4,
        2
      ]
    },
    {
      "type": "shape",
      "background": "#dedede",
      "shadowColor": "#1ABC9C",
      "points": [
        45.52829,
        26.95435,
        45.03742,
        25.04815,
        45.75812,
        22.93726,
        47.36566,
        21.80132,
        48.97301,
        20.66538,
        51.23002,
        20.57322,
        52.96624,
        21.50063,
        54.70246,
        22.42803,
        55.86869,
        24.3045,
        56.01848,
        26.26706,
        57.46705,
        25.29028,
        59.49514,
        25.26017,
        60.97198,
        26.19363,
        62.44881,
        27.12709,
        63.29195,
        28.9718,
        63.0311,
        30.69939,
        64.22303,
        29.89315,
        65.92767,
        29.94069,
        67.07297,
        30.81192,
        68.21828,
        31.68315,
        68.65279,
        33.29308,
        68.25976,
        34.67721,
        67.66701,
        36.7646,
        64.68398,
        39.01335,
        60.78308,
        36.7187,
        60.40933,
        39.52184,
        56.76801,
        41.96499,
        53.94009,
        41.96554,
        51.11217,
        41.96628,
        48.47516,
        40.11331,
        47.11013,
        37.63675,
        46.73399,
        39.91982,
        44.36078,
        41.57032,
        42.04924,
        41.46715,
        39.73771,
        41.3638,
        37.65491,
        39.7491,
        36.62305,
        37.67805,
        35.71566,
        39.6564,
        32.8525,
        40.17774,
        31.01476,
        39.01151,
        29.17684,
        37.84547,
        28.36601,
        35.4818,
        28.54517,
        33.31272,
        28.62833,
        32.30656,
        28.89873,
        31.30738,
        29.40888,
        30.43634,
        30.93289,
        27.83384,
        34.72162,
        26.89065,
        37.28795,
        28.47488,
        36.63847,
        26.48423,
        38.37286,
        24.23584,
        40.4507,
        23.97609,
        42.52836,
        23.71634,
        44.57647,
        25.11001,
        45.52499,
        26.97675
      ],
      "segments": [
        1,
        4,
        4,
        4,
        4,
        4,
        4,
        4,
        4,
        4,
        4,
        4,
        4,
        4,
        4,
        4,
        4,
        4,
        4
      ]
    },
    {
      "type": "shape",
      "background": "#dedede",
      "opacity": 0.2,
      "shadowColor": "#1ABC9C",
      "points": [
        60.27844,
        33.68996,
        60.09487,
        35.3421,
        58.80987,
        36.6271,
        57.52487,
        37.36139,
        53.4863,
        39.93139,
        50.31969,
        37.08603,
        47.0154,
        34.88317,
        46.83183,
        36.35174,
        44.49129,
        37.40728,
        43.38987,
        37.958,
        40.81987,
        39.05942,
        37.69915,
        36.19883,
        36.65885,
        35.03609,
        35.95522,
        35.28079,
        33.96641,
        37.17782,
        31.79421,
        35.9846,
        30.48185,
        35.03003,
        29.59649,
        33.30629,
        28.83063,
        31.78173,
        28.68157,
        32.27939,
        28.58813,
        32.79505,
        28.54536,
        33.31272,
        28.36619,
        35.48198,
        29.17703,
        37.84547,
        31.01476,
        39.01151,
        32.85268,
        40.17774,
        35.71566,
        39.6564,
        36.62305,
        37.67787,
        37.65491,
        39.74892,
        39.73771,
        41.36361,
        42.04924,
        41.46696,
        44.36078,
        41.57032,
        46.73399,
        39.91982,
        47.11013,
        37.63675,
        48.47535,
        40.11349,
        51.11217,
        41.96628,
        53.94009,
        41.96554,
        56.76801,
        41.96481,
        60.40933,
        39.52184,
        60.78308,
        36.7187,
        64.68398,
        39.01335,
        67.66701,
        36.7646,
        68.25976,
        34.67721,
        68.3633,
        34.31282,
        68.40772,
        33.93282,
        68.39873,
        33.55485,
        66.13291,
        35.27014,
        62.59787,
        35.19066,
        60.27844,
        33.68996,
        60.27844,
        33.68996
      ],
      "segments": [
        1,
        4,
        4,
        4,
        4,
        4,
        4,
        4,
        4,
        4,
        4,
        4,
        4,
        4,
        4,
        4,
        4,
        2
      ]
    },
    {
      "type": "shape",
      "background": "#e7e7e7",
      "shadowColor": "#1ABC9C",
      "points": [
        67.07316,
        30.81192,
        65.92786,
        29.94069,
        64.22321,
        29.89315,
        63.03128,
        30.69939,
        63.29195,
        28.9718,
        62.44899,
        27.12709,
        60.97216,
        26.19363,
        59.49533,
        25.26017,
        57.46723,
        25.29028,
        56.01867,
        26.26706,
        55.86869,
        24.3045,
        54.70246,
        22.42803,
        52.96642,
        21.50063,
        51.23039,
        20.57322,
        48.97338,
        20.66538,
        47.36584,
        21.80132,
        45.75831,
        22.93726,
        45.0376,
        25.04815,
        45.52847,
        26.95435,
        45.52517,
        26.97693,
        44.57666,
        25.11019,
        42.52873,
        23.71652,
        40.45107,
        23.97627,
        38.37341,
        24.23603,
        36.63884,
        26.48441,
        37.28832,
        28.47506,
        34.72346,
        26.89176,
        30.93748,
        27.83329,
        29.41181,
        30.43248,
        30.62871,
        29.38778,
        32.2111,
        28.74216,
        33.84433,
        28.55014,
        35.68005,
        28.36657,
        37.51576,
        28.91728,
        38.80076,
        30.38585,
        38.25005,
        28.55014,
        38.98433,
        26.16371,
        41.00362,
        25.79657,
        43.02291,
        25.613,
        44.49148,
        27.08157,
        45.59291,
        28.55014,
        47.06148,
        26.16371,
        46.87791,
        23.16544,
        51.83434,
        23.59371,
        53.91953,
        23.77398,
        54.90916,
        25.45237,
        55.64345,
        27.47166,
        57.29559,
        26.73737,
        58.5347,
        26.00309,
        60.78345,
        27.67818,
        62.08699,
        28.64927,
        62.41265,
        30.33996,
        62.22907,
        31.80853,
        63.92968,
        31.14713,
        65.6826,
        31.00908,
        67.62699,
        31.35658,
        67.46619,
        31.15447,
        67.2817,
        30.97071,
        67.07316,
        30.81192,
        67.07316,
        30.81192
      ],
      "segments": [
        1,
        4,
        4,
        4,
        4,
        4,
        4,
        2,
        4,
        4,
        4,
        4,
        4,
        4,
        4,
        4,
        4,
        4,
        4,
        4,
        4,
        2
      ]
    }
  ]
}