{
  "modified": "Thu Nov 29 2018 20:38:44 GMT+0800 (中国标准时间)",
  "width": 64,
  "height": 64,
  "attachStyle": "close",
  "comps": [
    {
      "type": "polygon",
      "background": "rgba(6,13,36,0.80)",
      "rotation": 1.5708,
      "rect": [
        -11.92477,
        4.31632,
        87.84955,
        55.36736
      ]
    },
    {
      "type": "shape",
      "borderWidth": 2,
      "borderColor": "rgb(0,145,194)",
      "borderJoin": "bevel",
      "points": [
        6.14159,
        22.76144,
        6.14159,
        16.3382,
        32.01885,
        1.29704,
        57.8961,
        16.3382,
        57.8961,
        22.76144,
        57.8961,
        41.52307,
        57.8961,
        47.26776,
        32.01885,
        62.5179,
        6.14159,
        47.26776,
        6.14159,
        41.52307
      ],
      "segments": [
        1,
        2,
        2,
        2,
        2,
        1,
        2,
        2,
        2,
        2
      ]
    },
    {
      "type": "shape",
      "background": "#e6e7e8",
      "points": [
        35.26635,
        11.107,
        28.90124,
        11.107,
        28.12183,
        11.107,
        27.60223,
        10.4575,
        27.60223,
        9.808,
        27.60223,
        7.20999,
        27.60223,
        6.56049,
        28.12183,
        5.91099,
        28.90124,
        5.91099,
        35.26635,
        5.91099,
        36.04576,
        5.91099,
        36.56536,
        6.56049,
        36.56536,
        7.20999,
        36.56536,
        9.808,
        36.56536,
        10.4575,
        35.91586,
        11.107,
        35.26635,
        11.107
      ],
      "segments": [
        1,
        2,
        4,
        2,
        4,
        2,
        4,
        2,
        4
      ]
    },
    {
      "type": "shape",
      "background": "#d2f3fa",
      "opacity": 0.31,
      "points": [
        53.97201,
        31.76116,
        53.97201,
        43.71199,
        44.22948,
        53.45452,
        32.27865,
        53.45452,
        20.32781,
        53.45452,
        10.58528,
        43.71199,
        10.58528,
        31.76116,
        10.58528,
        19.81033,
        20.32781,
        10.0678,
        32.27865,
        10.0678,
        44.22948,
        10.0678,
        53.97201,
        19.68043,
        53.97201,
        31.76116
      ],
      "segments": [
        1,
        4,
        4,
        4,
        4
      ]
    },
    {
      "type": "shape",
      "background": "#b4ebf7",
      "opacity": 0.31,
      "points": [
        49.16569,
        31.76116,
        49.16569,
        41.11399,
        41.63147,
        48.77811,
        32.14875,
        48.77811,
        22.79592,
        48.77811,
        15.1318,
        41.24389,
        15.1318,
        31.76116,
        15.1318,
        22.27843,
        22.66602,
        14.74421,
        32.14875,
        14.74421,
        41.63147,
        14.74421,
        49.16569,
        22.27843,
        49.16569,
        31.76116
      ],
      "segments": [
        1,
        4,
        4,
        4,
        4
      ]
    },
    {
      "type": "shape",
      "background": "#e0632f",
      "points": [
        19.67831,
        49.55751,
        19.15871,
        49.16781,
        18.89891,
        49.03791,
        18.63911,
        48.77811,
        18.50921,
        48.64821,
        18.37931,
        48.51831,
        18.11951,
        48.38841,
        13.70289,
        44.6213,
        10.97499,
        39.42528,
        10.45538,
        33.70966,
        9.93578,
        27.99405,
        11.75439,
        22.27843,
        15.3916,
        17.86182,
        16.5607,
        18.77112,
        13.05339,
        22.92793,
        11.49459,
        28.12395,
        11.88429,
        33.44986,
        12.40389,
        38.77578,
        14.872,
        43.71199,
        19.02881,
        47.2193,
        19.28861,
        47.3492,
        19.41851,
        47.4791,
        19.54841,
        47.609,
        19.80821,
        47.8688,
        19.93811,
        47.9987,
        20.45771,
        48.25851,
        19.67831,
        49.55751,
        19.67831,
        49.55751
      ],
      "segments": [
        1,
        4,
        4,
        4,
        4,
        2,
        4,
        4,
        4,
        4,
        2,
        2
      ]
    },
    {
      "type": "shape",
      "background": "#e0632f",
      "points": [
        44.74908,
        49.29771,
        43.83978,
        48.12861,
        45.13878,
        47.2193,
        46.43779,
        46.0502,
        47.47699,
        44.7512,
        50.9843,
        40.59438,
        52.5431,
        35.39837,
        52.1534,
        29.94255,
        51.6338,
        24.61664,
        49.16569,
        19.68043,
        45.00888,
        16.30302,
        45.91818,
        15.13391,
        50.3348,
        18.90102,
        53.0627,
        24.09704,
        53.58231,
        29.81265,
        54.10191,
        35.52827,
        52.2833,
        41.24389,
        48.64609,
        45.6605,
        47.47699,
        46.9595,
        46.17798,
        48.25851,
        44.74908,
        49.29771
      ],
      "segments": [
        1,
        2,
        4,
        4,
        4,
        2,
        4,
        4,
        4
      ]
    },
    {
      "type": "shape",
      "background": "#e0632f",
      "points": [
        16.0411,
        22.53823,
        15.7813,
        18.64122,
        11.75439,
        19.03092,
        11.62449,
        17.47212,
        17.2102,
        16.95252,
        17.5999,
        22.40833,
        16.0411,
        22.53823,
        16.0411,
        22.53823
      ]
    },
    {
      "type": "shape",
      "background": "#f1f2f2",
      "points": [
        40.20257,
        55.66283,
        24.09492,
        55.66283,
        22.40622,
        55.66283,
        21.10721,
        54.36382,
        21.10721,
        52.67512,
        21.10721,
        11.4967,
        21.10721,
        9.808,
        22.40622,
        8.50899,
        24.09492,
        8.50899,
        40.20257,
        8.50899,
        41.89127,
        8.50899,
        43.19028,
        9.808,
        43.19028,
        11.4967,
        43.19028,
        52.67512,
        43.19028,
        54.36382,
        41.76137,
        55.66283,
        40.20257,
        55.66283
      ],
      "segments": [
        1,
        2,
        4,
        2,
        4,
        2,
        4,
        2,
        4
      ]
    },
    {
      "type": "shape",
      "background": "#FEB64D",
      "shadow": true,
      "shadowColor": "#FEB64D",
      "shadowOffsetX": 0,
      "shadowOffsetY": 0,
      "points": [
        25.13413,
        17.08242,
        39.03346,
        17.08242,
        39.03346,
        17.08242,
        39.03346,
        17.08242,
        39.03346,
        20.84953,
        39.03346,
        20.84953,
        39.03346,
        20.84953,
        25.13413,
        20.84953,
        25.13413,
        20.84953,
        25.13413,
        20.84953,
        25.13413,
        17.08242,
        25.13413,
        17.08242,
        25.13413,
        17.08242,
        25.13413,
        17.08242
      ],
      "segments": [
        1,
        2,
        3,
        2,
        3,
        2,
        3,
        2,
        3,
        2
      ]
    },
    {
      "type": "shape",
      "background": "#FEB64D",
      "shadow": true,
      "shadowColor": "#FEB64D",
      "shadowOffsetX": 0,
      "shadowOffsetY": 0,
      "points": [
        25.13413,
        23.70734,
        39.03346,
        23.70734,
        39.03346,
        23.70734,
        39.03346,
        23.70734,
        39.03346,
        27.47445,
        39.03346,
        27.47445,
        39.03346,
        27.47445,
        25.13413,
        27.47445,
        25.13413,
        27.47445,
        25.13413,
        27.47445,
        25.13413,
        23.70734,
        25.13413,
        23.70734,
        25.13413,
        23.70734,
        25.13413,
        23.70734
      ],
      "segments": [
        1,
        2,
        3,
        2,
        3,
        2,
        3,
        2,
        3,
        2
      ]
    },
    {
      "type": "shape",
      "background": "#FEB64D",
      "shadow": true,
      "shadowColor": "#FEB64D",
      "shadowOffsetX": 0,
      "shadowOffsetY": 0,
      "points": [
        25.13413,
        30.33226,
        39.03346,
        30.33226,
        39.03346,
        30.33226,
        39.03346,
        30.33226,
        39.03346,
        34.09937,
        39.03346,
        34.09937,
        39.03346,
        34.09937,
        25.13413,
        34.09937,
        25.13413,
        34.09937,
        25.13413,
        34.09937,
        25.13413,
        30.33226,
        25.13413,
        30.33226,
        25.13413,
        30.33226,
        25.13413,
        30.33226
      ],
      "segments": [
        1,
        2,
        3,
        2,
        3,
        2,
        3,
        2,
        3,
        2
      ]
    },
    {
      "type": "shape",
      "background": "#FEB64D",
      "shadow": true,
      "shadowColor": "#FEB64D",
      "shadowOffsetX": 0,
      "shadowOffsetY": 0,
      "points": [
        25.13413,
        36.95717,
        39.03346,
        36.95717,
        39.03346,
        36.95717,
        39.03346,
        36.95717,
        39.03346,
        40.59438,
        39.03346,
        40.59438,
        39.03346,
        40.59438,
        25.13413,
        40.59438,
        25.13413,
        40.59438,
        25.13413,
        40.59438,
        25.13413,
        36.95717,
        25.13413,
        36.95717,
        25.13413,
        36.95717,
        25.13413,
        36.95717
      ],
      "segments": [
        1,
        2,
        3,
        2,
        3,
        2,
        3,
        2,
        3,
        2
      ]
    },
    {
      "type": "shape",
      "background": "#FEB64D",
      "shadow": true,
      "shadowColor": "#FEB64D",
      "shadowOffsetX": 0,
      "shadowOffsetY": 0,
      "points": [
        25.13413,
        43.58209,
        39.03346,
        43.58209,
        39.03346,
        43.58209,
        39.03346,
        43.58209,
        39.03346,
        47.3492,
        39.03346,
        47.3492,
        39.03346,
        47.3492,
        25.13413,
        47.3492,
        25.13413,
        47.3492,
        25.13413,
        47.3492,
        25.13413,
        43.58209,
        25.13413,
        43.58209,
        25.13413,
        43.58209,
        25.13413,
        43.58209
      ],
      "segments": [
        1,
        2,
        3,
        2,
        3,
        2,
        3,
        2,
        3,
        2
      ]
    },
    {
      "type": "shape",
      "background": "#53667f",
      "points": [
        40.20257,
        8.50899,
        24.09492,
        8.50899,
        22.40622,
        8.50899,
        21.10721,
        9.808,
        21.10721,
        11.4967,
        21.10721,
        13.83491,
        43.19028,
        13.83491,
        43.19028,
        11.4967,
        43.19028,
        9.9379,
        41.76137,
        8.50899,
        40.20257,
        8.50899
      ],
      "segments": [
        1,
        2,
        4,
        2,
        2,
        2,
        4
      ]
    },
    {
      "type": "shape",
      "background": "#53667f",
      "points": [
        21.10721,
        49.94721,
        21.10721,
        52.67512,
        21.10721,
        54.36382,
        22.40622,
        55.66283,
        24.09492,
        55.66283,
        40.20257,
        55.66283,
        41.89127,
        55.66283,
        43.19028,
        54.36382,
        43.19028,
        52.67512,
        43.19028,
        49.94721,
        21.10721,
        49.94721,
        21.10721,
        49.94721
      ],
      "segments": [
        1,
        2,
        4,
        2,
        4,
        2,
        2,
        2
      ]
    }
  ]
}