{
  "background": "rgb(255,255,255)",
  "width": 180,
  "height": 180,
  "comps": [
    {
      "type": "shape",
      "background": "rgba(51,153,255,0.46)",
      "points": [
        135.40752,
        103.02412,
        141.26394,
        104.54387,
        142.21708,
        101.21308,
        142.83465,
        97.78791,
        143.12596,
        94.33389,
        137.12127,
        93.40812,
        136.88241,
        96.67104,
        136.31,
        99.8923,
        135.40752,
        103.02412,
        135.40752,
        103.02412
      ],
      "segments": [
        1,
        2,
        4,
        2,
        4,
        2
      ]
    },
    {
      "type": "shape",
      "background": "rgba(76,205,252,0.39)",
      "points": [
        103.03505,
        44.70069,
        114.28498,
        47.92049,
        124.36268,
        55.26866,
        130.75101,
        66.09737,
        131.04261,
        66.60366,
        131.32198,
        67.105,
        131.60134,
        67.61565,
        134.43545,
        72.85332,
        136.16783,
        78.41988,
        136.87601,
        84.02926,
        142.94389,
        83.74086,
        142.17252,
        77.1795,
        140.17154,
        70.66882,
        136.82357,
        64.55025,
        136.54421,
        64.04396,
        136.26368,
        63.53825,
        135.96742,
        63.03836,
        128.73344,
        50.77441,
        117.30756,
        42.46376,
        104.5545,
        38.85652,
        103.03505,
        44.70069,
        103.03505,
        44.70069
      ],
      "segments": [
        1,
        4,
        4,
        4,
        2,
        4,
        4,
        4,
        2,
        2
      ]
    },
    {
      "type": "shape",
      "background": "rgba(76,205,252,0.39)",
      "points": [
        44.8931,
        118.44438,
        50.11533,
        115.38218,
        49.80684,
        114.89307,
        49.49981,
        114.40543,
        49.20209,
        113.90555,
        42.82571,
        103.07802,
        41.27684,
        90.7188,
        43.92859,
        79.35439,
        46.75658,
        67.19093,
        54.38412,
        56.16473,
        66.0043,
        49.34876,
        66.0043,
        49.34876,
        62.93714,
        44.14022,
        62.93714,
        44.14022,
        49.86976,
        51.79864,
        41.28266,
        64.1797,
        38.05966,
        77.83815,
        35.02629,
        90.70161,
        36.75111,
        104.70262,
        43.97928,
        116.96483,
        44.27757,
        117.46792,
        44.58607,
        117.95847,
        44.8931,
        118.44438,
        44.8931,
        118.44438
      ],
      "segments": [
        1,
        2,
        4,
        4,
        4,
        2,
        2,
        2,
        4,
        4,
        4,
        2
      ]
    },
    {
      "type": "shape",
      "background": "rgba(76,205,252,0.39)",
      "points": [
        77.7745,
        141.76396,
        90.67525,
        144.79558,
        104.71326,
        143.0693,
        117.02004,
        135.86123,
        117.02004,
        135.86123,
        113.94706,
        130.65445,
        113.94706,
        130.65445,
        103.08573,
        137.0183,
        90.69885,
        138.5596,
        79.30035,
        135.92154,
        73.80342,
        134.64999,
        68.53633,
        132.40228,
        63.78921,
        129.25968,
        60.45843,
        134.30741,
        65.77184,
        137.8159,
        71.64514,
        140.33074,
        77.7745,
        141.76396,
        77.7745,
        141.76396
      ],
      "segments": [
        1,
        4,
        2,
        2,
        2,
        4,
        4,
        2,
        4,
        2
      ]
    },
    {
      "type": "shape",
      "background": "rgba(51,153,255,0.46)",
      "points": [
        113.56239,
        129.96215,
        135.66286,
        117.00897,
        143.07279,
        88.53794,
        130.08115,
        66.49952,
        117.08136,
        44.46663,
        88.53225,
        37.07971,
        66.43761,
        50.0329,
        44.33248,
        62.99104,
        36.9272,
        91.45712,
        49.92059,
        113.49582,
        62.91223,
        135.53338,
        91.46308,
        142.9203,
        113.56239,
        129.96215,
        113.56239,
        129.96215,
        66.60278,
        50.33382,
        88.54274,
        37.47617,
        116.87628,
        44.80746,
        129.77849,
        66.67663,
        142.67312,
        88.54901,
        135.31853,
        116.80069,
        113.38469,
        129.65804,
        91.45085,
        142.52355,
        63.11294,
        135.19226,
        50.21655,
        113.31813,
        37.32192,
        91.44925,
        44.67476,
        63.1932,
        66.60278,
        50.33382,
        66.60278,
        50.33382
      ],
      "segments": [
        1,
        4,
        4,
        4,
        4,
        2,
        1,
        4,
        4,
        4,
        4,
        2
      ]
    },
    {
      "type": "shape",
      "background": "rgba(51,153,255,0.46)",
      "points": [
        145.0512,
        90.00772,
        146.09727,
        90.00772,
        146.09727,
        84.14666,
        145.18229,
        78.35667,
        143.37124,
        72.79332,
        142.38371,
        73.1123,
        144.15981,
        78.57252,
        145.0576,
        84.25794,
        145.0512,
        90.00772,
        145.0512,
        90.00772
      ],
      "segments": [
        1,
        2,
        4,
        2,
        4,
        2
      ]
    },
    {
      "type": "shape",
      "background": "rgba(51,153,255,0.46)",
      "points": [
        121.83678,
        43.93543,
        117.00956,
        40.623,
        111.70692,
        38.09301,
        106.07424,
        36.40956,
        105.77623,
        37.41077,
        111.30288,
        39.05694,
        116.50647,
        41.54119,
        121.2431,
        44.79449,
        121.83678,
        43.93543,
        121.83678,
        43.93543
      ],
      "segments": [
        1,
        4,
        2,
        4,
        2,
        2
      ]
    },
    {
      "type": "shape",
      "background": "rgba(51,153,255,0.46)",
      "points": [
        131.10466,
        51.93467,
        130.70498,
        51.50879,
        130.29919,
        51.08465,
        129.89371,
        50.66809,
        129.15145,
        51.40391,
        129.55113,
        51.80826,
        129.9505,
        52.22803,
        130.33939,
        52.64605,
        131.10466,
        51.93467,
        131.10466,
        51.93467
      ],
      "segments": [
        1,
        4,
        2,
        4,
        2,
        2
      ]
    },
    {
      "type": "shape",
      "background": "rgba(51,153,255,0.46)",
      "points": [
        142.80669,
        71.13492,
        141.62341,
        67.86239,
        140.12668,
        64.67375,
        138.33865,
        61.64796,
        137.44056,
        62.17727,
        139.19479,
        65.14568,
        140.66326,
        68.27459,
        141.81771,
        71.48798,
        142.80669,
        71.13492,
        142.80669,
        71.13492
      ],
      "segments": [
        1,
        4,
        2,
        4,
        2,
        2
      ]
    },
    {
      "type": "shape",
      "background": "rgba(51,153,255,0.46)",
      "points": [
        143.71993,
        101.93055,
        144.743,
        102.15866,
        144.86943,
        101.58653,
        144.98828,
        101.01237,
        145.0978,
        100.4417,
        144.06862,
        100.24711,
        143.96551,
        100.80729,
        143.85102,
        101.36893,
        143.71993,
        101.93055,
        143.71993,
        101.93055
      ],
      "segments": [
        1,
        2,
        4,
        2,
        4,
        2
      ]
    },
    {
      "type": "shape",
      "background": "rgba(51,153,255,0.46)",
      "points": [
        60.37191,
        137.53974,
        65.35381,
        140.61767,
        70.77035,
        142.8916,
        76.47877,
        144.30007,
        76.72871,
        143.29273,
        71.12982,
        141.90408,
        65.81175,
        139.67327,
        60.92568,
        136.65387,
        60.37191,
        137.53974,
        60.37191,
        137.53974
      ],
      "segments": [
        1,
        4,
        2,
        4,
        2,
        2
      ]
    },
    {
      "type": "shape",
      "background": "rgba(51,153,255,0.46)",
      "points": [
        78.19281,
        144.69508,
        81.60837,
        145.43877,
        85.12763,
        145.84923,
        88.6297,
        145.93866,
        88.65272,
        144.90044,
        85.21997,
        144.81218,
        81.76888,
        144.40057,
        78.40838,
        143.68134,
        78.19281,
        144.69508,
        78.19281,
        144.69508
      ],
      "segments": [
        1,
        4,
        2,
        4,
        2,
        2
      ]
    },
    {
      "type": "shape",
      "background": "rgba(51,153,255,0.46)",
      "points": [
        50.72795,
        129.99406,
        51.14452,
        130.40596,
        51.57361,
        130.81175,
        51.996,
        131.20034,
        52.70446,
        130.43654,
        52.2876,
        130.05114,
        51.86491,
        129.65148,
        51.4533,
        129.25181,
        50.72795,
        129.99406,
        50.72795,
        129.99406
      ],
      "segments": [
        1,
        4,
        2,
        4,
        2,
        2
      ]
    },
    {
      "type": "shape",
      "background": "rgba(51,153,255,0.46)",
      "points": [
        105.94927,
        143.64608,
        106.50304,
        143.48092,
        107.074,
        143.30351,
        107.62806,
        143.11854,
        107.29627,
        142.12635,
        106.75473,
        142.30987,
        106.19921,
        142.48757,
        105.65767,
        142.64633,
        105.94927,
        143.64608,
        105.94927,
        143.64608
      ],
      "segments": [
        1,
        4,
        2,
        4,
        2,
        2
      ]
    },
    {
      "type": "shape",
      "background": "rgba(51,153,255,0.46)",
      "points": [
        131.4082,
        126.18641,
        132.19676,
        126.87156,
        134.50449,
        124.24427,
        136.56751,
        121.38977,
        138.34476,
        118.37387,
        137.44056,
        117.8507,
        135.7035,
        120.80512,
        133.67019,
        123.6098,
        131.4082,
        126.18641,
        131.4082,
        126.18641
      ],
      "segments": [
        1,
        2,
        4,
        2,
        4,
        2
      ]
    },
    {
      "type": "shape",
      "background": "rgba(51,153,255,0.46)",
      "points": [
        104.38321,
        35.93735,
        100.99999,
        35.03809,
        97.51015,
        34.4549,
        94.01856,
        34.20175,
        93.94457,
        35.23676,
        97.37265,
        35.48554,
        100.7885,
        36.06086,
        104.11929,
        36.94498,
        104.38321,
        35.93735,
        104.38321,
        35.93735
      ],
      "segments": [
        1,
        4,
        2,
        4,
        2,
        2
      ]
    },
    {
      "type": "shape",
      "background": "rgba(51,153,255,0.46)",
      "points": [
        117.88434,
        137.33292,
        117.50623,
        137.55663,
        117.12346,
        137.77278,
        116.74125,
        137.98399,
        117.24406,
        138.89256,
        117.63907,
        138.67786,
        118.0265,
        138.45589,
        118.4151,
        138.22752,
        123.10046,
        135.47672,
        127.34653,
        132.0935,
        131.01347,
        128.16873,
        130.25288,
        127.45737,
        126.64884,
        131.31484,
        122.48959,
        134.63601,
        117.88434,
        137.33292,
        117.88434,
        137.33292
      ],
      "segments": [
        1,
        4,
        2,
        4,
        4,
        2,
        4,
        2
      ]
    },
    {
      "type": "shape",
      "background": "rgba(51,153,255,0.46)",
      "points": [
        76.60374,
        35.65682,
        76.03307,
        35.79549,
        75.46066,
        35.94522,
        74.90659,
        36.10427,
        75.18741,
        37.10403,
        75.73507,
        36.94964,
        76.29525,
        36.80282,
        76.85514,
        36.66736,
        76.60374,
        35.65682,
        76.60374,
        35.65682
      ],
      "segments": [
        1,
        4,
        2,
        4,
        2,
        2
      ]
    },
    {
      "type": "shape",
      "background": "rgba(51,153,255,0.46)",
      "points": [
        41.22615,
        115.53162,
        39.62018,
        112.48165,
        38.30086,
        109.28486,
        37.29498,
        106.01262,
        36.29522,
        106.31966,
        37.31799,
        109.6522,
        38.66645,
        112.91074,
        40.3065,
        116.01168,
        41.22615,
        115.53162,
        41.22615,
        115.53162
      ],
      "segments": [
        1,
        4,
        2,
        4,
        2,
        2
      ]
    },
    {
      "type": "shape",
      "background": "rgba(51,153,255,0.46)",
      "points": [
        34.9759,
        87.36646,
        33.93011,
        87.31401,
        33.64434,
        93.16897,
        34.27269,
        98.99916,
        35.81515,
        104.63475,
        36.8152,
        104.36646,
        35.31236,
        98.82787,
        34.68896,
        93.10896,
        34.9759,
        87.36646,
        34.9759,
        87.36646
      ],
      "segments": [
        1,
        2,
        4,
        2,
        4,
        2
      ]
    },
    {
      "type": "shape",
      "background": "rgba(51,153,255,0.46)",
      "points": [
        62.06905,
        42.67466,
        62.06905,
        42.67466,
        63.21097,
        42.00524,
        64.37707,
        41.37573,
        65.56035,
        40.79254,
        65.09135,
        39.86386,
        63.897,
        40.45142,
        62.70293,
        41.09812,
        61.54266,
        41.77715,
        61.54266,
        41.77715,
        57.64121,
        44.06506,
        54.03572,
        46.80188,
        50.82321,
        49.9139,
        51.55613,
        50.66197,
        54.70369,
        47.60705,
        58.23984,
        44.91801,
        62.06905,
        42.67466,
        62.06905,
        42.67466
      ],
      "segments": [
        1,
        2,
        4,
        2,
        4,
        2,
        4,
        2,
        4,
        2
      ]
    },
    {
      "type": "shape",
      "background": "rgba(51,153,255,0.46)",
      "points": [
        36.87201,
        75.51324,
        35.86001,
        75.24174,
        35.70737,
        75.80017,
        35.55764,
        76.37113,
        35.42014,
        76.93713,
        36.43854,
        77.1795,
        36.56963,
        76.62573,
        36.7179,
        76.06555,
        36.87201,
        75.51324,
        36.87201,
        75.51324
      ],
      "segments": [
        1,
        2,
        4,
        2,
        4,
        2
      ]
    },
    {
      "type": "shape",
      "background": "rgba(51,153,255,0.46)",
      "points": [
        50.33294,
        51.87904,
        49.58487,
        51.15544,
        47.15043,
        53.66737,
        44.95194,
        56.42253,
        43.02642,
        59.35247,
        43.89946,
        59.91878,
        45.78042,
        57.04767,
        47.95093,
        54.34436,
        50.33294,
        51.87904,
        50.33294,
        51.87904
      ],
      "segments": [
        1,
        2,
        4,
        2,
        4,
        2
      ]
    },
    {
      "type": "shape",
      "background": "rgba(51,153,255,0.46)",
      "points": [
        119.70341,
        140.37705,
        147.56794,
        124.04472,
        156.90485,
        88.15647,
        140.51893,
        60.37991,
        124.14378,
        32.59578,
        88.14891,
        23.28653,
        60.28904,
        39.61682,
        32.43557,
        55.95352,
        23.09515,
        91.8374,
        39.46914,
        119.62037,
        55.85012,
        147.39664,
        91.84528,
        156.71346,
        119.70341,
        140.37705,
        119.70341,
        140.37705,
        60.51888,
        39.99348,
        88.1658,
        23.78175,
        123.88596,
        33.02603,
        140.14111,
        60.59606,
        156.40236,
        88.17191,
        147.13448,
        123.7875,
        119.48755,
        140.00039,
        91.82839,
        156.21067,
        56.10676,
        146.96785,
        39.84726,
        119.39665,
        23.59183,
        91.82692,
        32.85971,
        56.20492,
        60.51888,
        39.99348,
        60.51888,
        39.99348
      ],
      "segments": [
        1,
        4,
        4,
        4,
        4,
        2,
        1,
        4,
        4,
        4,
        4,
        2
      ]
    },
    {
      "type": "shape",
      "background": "rgba(51,153,255,0.46)",
      "points": [
        156.09022,
        82.1981,
        157.47246,
        82.03906,
        157.33497,
        80.87908,
        157.16368,
        79.70833,
        156.96938,
        78.56175,
        155.60403,
        78.79771,
        155.79221,
        79.92097,
        155.96496,
        81.06872,
        156.09022,
        82.1981,
        156.09022,
        82.1981
      ],
      "segments": [
        1,
        2,
        4,
        2,
        4,
        2
      ]
    },
    {
      "type": "shape",
      "background": "rgba(51,153,255,0.46)",
      "points": [
        140.24116,
        46.47795,
        141.29161,
        45.56616,
        140.52635,
        44.68846,
        139.73166,
        43.81833,
        138.92039,
        42.98199,
        137.92063,
        43.94009,
        138.7089,
        44.76536,
        139.49892,
        45.6186,
        140.24116,
        46.47795,
        140.24116,
        46.47795
      ],
      "segments": [
        1,
        2,
        4,
        2,
        4,
        2
      ]
    },
    {
      "type": "shape",
      "background": "rgba(51,153,255,0.46)",
      "points": [
        112.5584,
        26.09909,
        111.46164,
        25.7102,
        110.34157,
        25.35218,
        109.21684,
        25.02184,
        108.82824,
        26.35165,
        109.925,
        26.67588,
        111.02788,
        27.02748,
        112.10192,
        27.40531,
        112.5584,
        26.09909,
        112.5584,
        26.09909
      ],
      "segments": [
        1,
        4,
        2,
        4,
        2,
        2
      ]
    },
    {
      "type": "shape",
      "background": "rgba(51,153,255,0.46)",
      "points": [
        77.93501,
        23.30343,
        76.78697,
        23.50851,
        75.62699,
        23.74447,
        74.49003,
        24.00839,
        74.80464,
        25.36296,
        75.92325,
        25.10399,
        77.05555,
        24.86949,
        78.18029,
        24.66878,
        77.93501,
        23.30343,
        77.93501,
        23.30343
      ],
      "segments": [
        1,
        4,
        2,
        4,
        2,
        2
      ]
    },
    {
      "type": "shape",
      "background": "rgba(51,153,255,0.46)",
      "points": [
        135.47074,
        41.53304,
        136.4239,
        40.5225,
        131.28817,
        35.72586,
        125.44255,
        31.76557,
        119.05539,
        28.75871,
        118.46142,
        30.01132,
        120.18624,
        30.8229,
        121.8662,
        31.70701,
        123.50654,
        32.65871,
        123.50012,
        32.66657,
        124.4891,
        33.23549,
        125.47169,
        33.8484,
        126.43125,
        34.47296,
        126.43766,
        34.46072,
        129.64812,
        36.54997,
        132.66431,
        38.91508,
        135.47074,
        41.53304,
        135.47074,
        41.53304
      ],
      "segments": [
        1,
        2,
        4,
        2,
        4,
        2,
        4,
        2,
        4,
        2
      ]
    },
    {
      "type": "shape",
      "background": "rgba(76,205,252,0.39)",
      "points": [
        33.14184,
        55.43995,
        33.15262,
        55.44608,
        33.74193,
        54.47574,
        34.3761,
        53.50393,
        35.0161,
        52.56244,
        35.00386,
        52.55633,
        36.29522,
        50.66168,
        37.68999,
        48.84276,
        39.17565,
        47.09639,
        39.18643,
        47.10076,
        40.94067,
        45.02259,
        42.83241,
        43.06327,
        44.82552,
        41.2228,
        45.64321,
        40.47472,
        46.48887,
        39.73393,
        47.34502,
        39.02111,
        47.34036,
        39.0147,
        49.09925,
        37.55526,
        50.93361,
        36.17768,
        52.84195,
        34.90176,
        52.85273,
        34.91254,
        53.94979,
        34.17816,
        55.08704,
        33.46533,
        56.24091,
        32.7895,
        61.05298,
        29.97083,
        66.17209,
        27.76303,
        71.47939,
        26.23251,
        71.09049,
        24.89658,
        67.33673,
        25.98723,
        63.67589,
        27.40501,
        60.15052,
        29.12692,
        60.13828,
        29.11585,
        59.0922,
        29.62797,
        58.04146,
        30.1695,
        57.01869,
        30.72823,
        57.03093,
        30.74658,
        56.5325,
        31.02274,
        56.03583,
        31.3053,
        55.53886,
        31.59515,
        55.025,
        31.89432,
        54.50997,
        32.20631,
        54.00222,
        32.52383,
        53.98999,
        32.50723,
        50.37372,
        34.75349,
        46.9905,
        37.33766,
        43.87237,
        40.21488,
        43.85518,
        40.23352,
        43.82605,
        40.25188,
        43.80886,
        40.26295,
        43.80886,
        40.26295,
        42.95097,
        41.05734,
        42.11813,
        41.87503,
        41.30043,
        42.70991,
        41.29402,
        42.70991,
        36.38174,
        47.73144,
        32.29676,
        53.48006,
        29.15095,
        59.78245,
        30.39599,
        60.40118,
        31.23932,
        58.70753,
        32.16189,
        57.04767,
        33.14184,
        55.43995,
        33.14184,
        55.43995
      ],
      "segments": [
        1,
        2,
        4,
        2,
        4,
        2,
        4,
        4,
        2,
        4,
        2,
        4,
        4,
        2,
        4,
        2,
        4,
        2,
        4,
        4,
        2,
        4,
        4,
        2,
        4,
        2,
        4,
        2,
        4,
        2
      ]
    },
    {
      "type": "shape",
      "background": "rgba(76,205,252,0.39)",
      "points": [
        153.65082,
        109.34341,
        153.65548,
        109.35128,
        153.31903,
        110.44513,
        152.95345,
        111.5282,
        152.56455,
        112.60021,
        152.56455,
        112.60021,
        152.38715,
        113.08785,
        152.19896,
        113.57695,
        152.01107,
        114.05965,
        151.97699,
        114.14792,
        151.94145,
        114.23414,
        151.90736,
        114.32677,
        151.75938,
        114.7142,
        151.59887,
        115.08738,
        151.44477,
        115.46519,
        150.23381,
        118.35349,
        148.82798,
        121.1675,
        147.21734,
        123.87519,
        147.22813,
        123.88129,
        146.64493,
        124.86417,
        146.02766,
        125.83451,
        145.39378,
        126.78941,
        145.38299,
        126.78037,
        144.75349,
        127.72915,
        144.08552,
        128.6689,
        143.40678,
        129.58361,
        143.42397,
        129.59439,
        142.05249,
        131.43194,
        140.58986,
        133.19696,
        139.03633,
        134.88012,
        139.03633,
        134.88012,
        138.2064,
        135.77327,
        137.36248,
        136.65097,
        136.4877,
        137.50128,
        136.41807,
        137.5645,
        136.35661,
        137.62771,
        136.29309,
        137.69239,
        135.28752,
        138.65981,
        134.25367,
        139.59315,
        133.20148,
        140.49241,
        133.20148,
        140.49241,
        132.32202,
        141.23,
        131.43063,
        141.95827,
        130.5171,
        142.64633,
        130.52351,
        142.65245,
        128.71216,
        144.04721,
        126.82072,
        145.34964,
        124.85995,
        146.54341,
        124.85529,
        146.52943,
        124.47746,
        146.76713,
        124.1011,
        146.9891,
        123.71832,
        147.21457,
        121.75259,
        148.36698,
        119.73034,
        149.41451,
        117.67373,
        150.35397,
        117.4669,
        150.44807,
        117.26183,
        150.54537,
        117.05034,
        150.63655,
        114.87341,
        151.60834,
        112.65017,
        152.46303,
        110.38846,
        153.18838,
        110.38236,
        153.17759,
        109.9655,
        153.31189,
        109.54922,
        153.43977,
        109.12479,
        153.56795,
        103.61679,
        155.21732,
        97.96749,
        156.14746,
        92.27597,
        156.34816,
        92.27597,
        156.34816,
        85.39213,
        156.57656,
        78.51878,
        155.73875,
        71.86187,
        153.86741,
        71.48521,
        155.20014,
        77.5531,
        156.91418,
        83.79199,
        157.77061,
        90.07108,
        157.7645,
        90.07108,
        157.77965,
        93.16154,
        157.77061,
        96.25317,
        157.55301,
        99.32178,
        157.12246,
        99.32178,
        157.13645,
        100.48642,
        156.97156,
        101.6531,
        156.78163,
        102.80054,
        156.56578,
        102.79443,
        156.54712,
        103.94247,
        156.32196,
        105.07914,
        156.07667,
        106.22251,
        155.79411,
        106.22863,
        155.8113,
        110.0456,
        154.8765,
        113.76966,
        153.60057,
        117.36932,
        152.01442,
        117.37544,
        152.01442,
        117.46195,
        151.98063,
        117.53593,
        151.94043,
        117.61634,
        151.90779,
        117.83861,
        151.80934,
        118.04981,
        151.70883,
        118.2674,
        151.60863,
        119.03267,
        151.26284,
        119.80405,
        150.90222,
        120.55212,
        150.52555,
        120.55212,
        150.51478,
        121.59207,
        149.98868,
        122.62097,
        149.43812,
        123.64374,
        148.85462,
        123.6484,
        148.87181,
        123.92923,
        148.71597,
        124.19752,
        148.554,
        124.47222,
        148.39495,
        124.47688,
        148.39495,
        124.47688,
        148.39495,
        124.47688,
        148.39495,
        128.89365,
        145.80612,
        132.99611,
        142.72527,
        136.70967,
        139.21067,
        136.70967,
        139.21067,
        136.89319,
        139.03938,
        137.07059,
        138.86983,
        137.24654,
        138.69855,
        137.31617,
        138.62748,
        137.38987,
        138.5628,
        137.45803,
        138.49319,
        142.25146,
        133.83724,
        146.31518,
        128.5052,
        149.54283,
        122.638,
        149.53206,
        122.63334,
        150.6565,
        120.57818,
        151.68568,
        118.47555,
        152.59427,
        116.33124,
        152.59427,
        116.33124,
        152.63447,
        116.23716,
        152.66854,
        116.14307,
        152.70874,
        116.04722,
        152.88003,
        115.63678,
        153.04492,
        115.23099,
        153.20542,
        114.81617,
        153.23922,
        114.74188,
        153.26864,
        114.65712,
        153.30242,
        114.58312,
        154.49678,
        111.51481,
        155.47935,
        108.36579,
        156.2216,
        105.1492,
        156.21081,
        105.14454,
        157.4279,
        99.85909,
        158.00496,
        94.45596,
        157.93564,
        89.02573,
        156.54233,
        89.04408,
        156.63291,
        95.92122,
        155.66112,
        102.74972,
        153.65082,
        109.34341,
        153.65082,
        109.34341
      ],
      "segments": [
        1,
        2,
        4,
        2,
        4,
        4,
        4,
        4,
        2,
        4,
        2,
        4,
        2,
        4,
        2,
        4,
        4,
        4,
        2,
        4,
        2,
        4,
        2,
        4,
        4,
        4,
        4,
        2,
        4,
        4,
        2,
        4,
        2,
        4,
        2,
        4,
        2,
        4,
        2,
        4,
        2,
        4,
        2,
        4,
        4,
        4,
        2,
        4,
        2,
        4,
        4,
        4,
        2,
        4,
        4,
        4,
        2,
        4,
        2,
        4,
        4,
        4,
        4,
        2,
        4,
        2,
        4,
        2
      ]
    },
    {
      "type": "shape",
      "background": "rgba(51,153,255,0.46)",
      "points": [
        64.83995,
        152.95709,
        65.91981,
        153.38268,
        67.02766,
        153.79459,
        68.13083,
        154.16338,
        68.58294,
        152.85222,
        67.49666,
        152.48516,
        66.41067,
        152.0855,
        65.35381,
        151.66252,
        64.83995,
        152.95709,
        64.83995,
        152.95709
      ],
      "segments": [
        1,
        4,
        2,
        4,
        2,
        2
      ]
    },
    {
      "type": "shape",
      "background": "rgba(51,153,255,0.46)",
      "points": [
        25.57897,
        73.22998,
        24.23372,
        72.87634,
        23.24037,
        76.67961,
        22.57677,
        80.53796,
        22.25138,
        84.42748,
        22.24061,
        84.42748,
        22.14011,
        85.5892,
        22.07369,
        86.76462,
        22.0399,
        87.92955,
        22.05213,
        87.92955,
        21.99504,
        89.85332,
        22.01193,
        91.77886,
        22.10923,
        93.70293,
        23.50225,
        93.6304,
        23.132,
        86.76462,
        23.82939,
        79.90408,
        25.57897,
        73.22998,
        25.57897,
        73.22998
      ],
      "segments": [
        1,
        2,
        4,
        2,
        4,
        2,
        4,
        2,
        4,
        2
      ]
    },
    {
      "type": "shape",
      "background": "rgba(51,153,255,0.46)",
      "points": [
        27.65685,
        66.69134,
        26.35326,
        66.2037,
        25.94747,
        67.29143,
        25.55741,
        68.41179,
        25.21163,
        69.51147,
        26.53066,
        69.93415,
        26.87935,
        68.85137,
        27.25601,
        67.75751,
        27.65685,
        66.69134,
        27.65685,
        66.69134
      ],
      "segments": [
        1,
        2,
        4,
        2,
        4,
        2
      ]
    },
    {
      "type": "shape",
      "background": "rgba(51,153,255,0.46)",
      "points": [
        24.22906,
        100.45248,
        22.85439,
        100.66979,
        23.03645,
        101.82395,
        23.25697,
        102.98422,
        23.49613,
        104.12118,
        24.86294,
        103.82958,
        24.62523,
        102.71883,
        24.41112,
        101.58333,
        24.22906,
        100.45248,
        24.22906,
        100.45248
      ],
      "segments": [
        1,
        2,
        4,
        2,
        4,
        2
      ]
    },
    {
      "type": "shape",
      "background": "rgba(51,153,255,0.46)",
      "points": [
        105.83362,
        24.11501,
        101.99975,
        23.19711,
        98.12714,
        22.62032,
        94.22422,
        22.37329,
        94.22422,
        22.36222,
        93.05929,
        22.28998,
        91.87601,
        22.24337,
        90.71137,
        22.23259,
        90.71137,
        22.24337,
        88.77361,
        22.22036,
        86.84196,
        22.2792,
        84.90595,
        22.42107,
        85.00295,
        23.80331,
        91.88242,
        23.29702,
        98.77238,
        23.85575,
        105.50852,
        25.46346,
        105.83362,
        24.11501,
        105.83362,
        24.11501
      ],
      "segments": [
        1,
        4,
        2,
        4,
        2,
        4,
        2,
        4,
        2,
        2
      ]
    },
    {
      "type": "shape",
      "background": "rgba(51,153,255,0.46)",
      "points": [
        54.19594,
        145.97275,
        53.23463,
        145.36042,
        52.27507,
        144.71227,
        51.3496,
        144.05187,
        51.33241,
        144.06411,
        49.47009,
        142.74042,
        47.66981,
        141.3101,
        45.95112,
        139.79824,
        45.95112,
        139.79503,
        43.92218,
        138.00844,
        42.01384,
        136.1173,
        40.2194,
        134.10817,
        40.2194,
        134.10817,
        39.46055,
        133.25348,
        38.71655,
        132.37111,
        38.00868,
        131.48263,
        37.9979,
        131.48874,
        36.56322,
        129.69925,
        35.22526,
        127.84626,
        33.98051,
        125.91491,
        33.99274,
        125.9117,
        33.52374,
        125.16945,
        33.04979,
        124.40886,
        32.59797,
        123.63923,
        29.54626,
        118.46157,
        27.21057,
        112.91656,
        25.6617,
        107.16998,
        24.31645,
        107.52625,
        25.8994,
        113.39926,
        28.28432,
        119.05553,
        31.39779,
        124.34709,
        31.47819,
        124.47499,
        31.55189,
        124.5985,
        31.62909,
        124.72666,
        31.61511,
        124.73745,
        34.40931,
        129.41056,
        37.75087,
        133.71345,
        41.57863,
        137.57994,
        41.57863,
        137.58431,
        46.51567,
        142.58603,
        52.19001,
        146.77791,
        58.45046,
        150.03646,
        59.09686,
        148.80831,
        57.4169,
        147.93178,
        55.78297,
        146.9894,
        54.18924,
        145.97886,
        54.19594,
        145.97275,
        54.19594,
        145.97275
      ],
      "segments": [
        1,
        4,
        2,
        4,
        2,
        4,
        2,
        4,
        2,
        4,
        2,
        4,
        4,
        2,
        4,
        4,
        2,
        4,
        2,
        4,
        2,
        4,
        2,
        2
      ]
    },
    {
      "type": "shape",
      "background": "rgba(51,153,255,0.46)",
      "points": [
        148.74787,
        55.97071,
        148.73709,
        55.97509,
        148.68028,
        55.86847,
        148.61066,
        55.76214,
        148.55357,
        55.66514,
        147.63421,
        54.1052,
        146.64026,
        52.56244,
        145.61167,
        51.09047,
        144.4683,
        51.88516,
        145.48669,
        53.3274,
        146.45092,
        54.83929,
        147.3598,
        56.36398,
        150.86799,
        62.32525,
        153.41691,
        68.74039,
        154.93024,
        75.42526,
        156.28481,
        75.11823,
        155.02724,
        69.54555,
        153.05715,
        64.15669,
        150.4284,
        59.0469,
        150.43453,
        59.0469,
        149.90814,
        58.0119,
        149.34184,
        56.9766,
        148.74787,
        55.97071,
        148.74787,
        55.97071
      ],
      "segments": [
        1,
        2,
        4,
        4,
        2,
        4,
        4,
        2,
        4,
        2,
        4,
        2
      ]
    },
    {
      "type": "shape",
      "background": "rgba(76,205,252,0.39)",
      "shadowColor": "rgba(51,153,255,0.46)",
      "shadowBlur": 26,
      "shadowOffsetX": 0,
      "shadowOffsetY": 0,
      "points": [
        111.7311,
        126.85582,
        91.35225,
        138.80779,
        65.02464,
        131.99328,
        53.03684,
        111.67298,
        41.05544,
        91.34656,
        47.88423,
        65.09615,
        68.26891,
        53.14418,
        88.64922,
        41.19221,
        114.98324,
        48.00672,
        126.96463,
        68.33168,
        138.94457,
        88.65344,
        132.11753,
        114.9088,
        111.7311,
        126.85582,
        111.7311,
        126.85582,
        70.73772,
        57.3282,
        52.67154,
        67.91977,
        46.61443,
        91.19421,
        57.23659,
        109.21232,
        67.86341,
        127.22782,
        91.19844,
        133.26279,
        109.26899,
        122.67326,
        127.33517,
        112.07906,
        133.39811,
        88.80579,
        122.76982,
        70.79059,
        112.14912,
        52.77393,
        88.7975,
        46.734,
        70.73772,
        57.3282,
        70.73772,
        57.3282
      ],
      "segments": [
        1,
        4,
        4,
        4,
        4,
        2,
        1,
        4,
        4,
        4,
        4,
        2
      ]
    },
    {
      "type": "oval",
      "borderWidth": 1,
      "borderColor": "rgba(51,153,255,0.20)",
      "rect": [
        5,
        5,
        170,
        170
      ]
    },
    {
      "type": "oval",
      "background": "rgba(78,206,252,0.10)",
      "selectable": false,
      "shadow": true,
      "shadowColor": "rgb(76,205,252)",
      "shadowBlur": 66,
      "shadowOffsetX": 0,
      "shadowOffsetY": 0,
      "rect": [
        59.25005,
        59.25005,
        61.4999,
        61.4999
      ]
    },
    {
      "type": "oval",
      "background": "rgba(78,206,252,0.10)",
      "selectable": false,
      "shadow": true,
      "shadowColor": "rgb(76,205,252)",
      "shadowBlur": 66,
      "shadowOffsetX": 0,
      "shadowOffsetY": 0,
      "rect": [
        63.02683,
        63.02683,
        53.94633,
        53.94633
      ]
    },
    {
      "type": "oval",
      "background": "rgba(78,206,252,0.10)",
      "selectable": false,
      "shadow": true,
      "shadowColor": "rgb(76,205,252)",
      "shadowBlur": 66,
      "shadowOffsetX": 0,
      "shadowOffsetY": 0,
      "rect": [
        73.03329,
        73.03329,
        33.93342,
        33.93342
      ]
    }
  ]
}