{
  "background": "rgb(255,255,255)",
  "width": 380,
  "height": 30,
  "fitSize": true,
  "comps": [
    {
      "type": "shape",
      "borderWidth": 1,
      "borderColor": "#277cf3",
      "borderCap": "square",
      "points": [
        144.94774,
        8,
        144.94774,
        14
      ]
    },
    {
      "type": "shape",
      "background": "rgb(0,0,0)",
      "fillRule": "evenodd",
      "points": [
        380,
        0,
        380,
        21,
        57,
        21,
        52,
        26,
        27,
        26,
        1,
        0
      ]
    },
    {
      "type": "shape",
      "borderWidth": 1,
      "borderColor": "rgb(3,26,89)",
      "borderJoin": "bevel",
      "points": [
        15.7046,
        23.7046,
        21,
        29,
        54,
        29,
        60,
        23,
        354,
        23
      ]
    },
    {
      "type": "shape",
      "background": "rgb(44,198,222)",
      "fillRule": "evenodd",
      "points": [
        62,
        25,
        74,
        25,
        69.99999,
        29,
        58,
        29,
        62,
        25,
        62,
        25
      ]
    },
    {
      "type": "shape",
      "background": "rgb(44,198,222)",
      "fillRule": "evenodd",
      "points": [
        78,
        25,
        90.00001,
        25,
        86,
        29,
        74,
        29,
        78,
        25,
        78,
        25
      ]
    },
    {
      "type": "shape",
      "background": "rgb(44,198,222)",
      "fillRule": "evenodd",
      "points": [
        94,
        25,
        106,
        25,
        102,
        29,
        90.00001,
        29,
        94,
        25,
        94,
        25
      ]
    },
    {
      "type": "shape",
      "background": "rgb(44,198,222)",
      "fillRule": "evenodd",
      "points": [
        110.00001,
        25,
        122,
        25,
        118,
        29,
        106,
        29,
        110.00001,
        25,
        110.00001,
        25
      ]
    },
    {
      "type": "components/progressBar/progressBar.json",
      "rect": [
        19.52472,
        1.07751,
        360.47528,
        17.74041
      ],
      "background": "rgb(33,68,138)",
      "foreColor": "rgb(44,124,222)",
      "value": 0.76,
      "valueVisible": false,
      "valueColor": "rgb(255,255,255)"
    },
    {
      "type": "shape",
      "background": "rgb(0,0,0)",
      "fillRule": "evenodd",
      "displayName": "不规则图形",
      "points": [
        20.2,
        20.19419,
        18.4,
        18.62,
        19.52472,
        0.22468,
        37.9248,
        20.19419
      ]
    },
    {
      "type": "shape",
      "background": "rgba(0,0,0,0.20)",
      "borderColor": "#979797",
      "scaleX": 0.8,
      "scaleY": 0.8,
      "points": [
        17.08564,
        -0.97639,
        27.52421,
        -0.97639,
        18.52421,
        11.03439
      ]
    },
    {
      "type": "shape",
      "background": "rgba(0,0,0,0.20)",
      "borderColor": "#979797",
      "scaleX": 0.8,
      "scaleY": 0.8,
      "points": [
        33.57478,
        -2.52427,
        42.57478,
        -2.52427,
        21.97676,
        22.71846,
        21.97676,
        11.92052,
        33.57478,
        -2.52427
      ]
    },
    {
      "type": "shape",
      "background": "rgba(0,0,0,0.20)",
      "borderColor": "#979797",
      "scaleX": 0.8,
      "scaleY": 0.8,
      "points": [
        48.82368,
        -2.24342,
        57.82368,
        -2.24342,
        37.82368,
        22.43761,
        28.82368,
        22.43761,
        48.82368,
        -2.24342
      ]
    },
    {
      "type": "shape",
      "background": "rgba(0,0,0,0.20)",
      "borderColor": "#979797",
      "scaleX": 0.8,
      "scaleY": 0.8,
      "points": [
        63.23238,
        -2.24342,
        72.23238,
        -2.24342,
        52.23238,
        22.43761,
        43.23238,
        22.43761,
        63.23238,
        -2.24342
      ]
    },
    {
      "type": "shape",
      "background": "rgba(0,0,0,0.20)",
      "borderColor": "#979797",
      "scaleX": 0.8,
      "scaleY": 0.8,
      "points": [
        77.64108,
        -2.24342,
        86.64108,
        -2.24342,
        66.64108,
        22.43761,
        57.64108,
        22.43761,
        77.64108,
        -2.24342
      ]
    },
    {
      "type": "shape",
      "background": "rgba(0,0,0,0.20)",
      "borderColor": "#979797",
      "scaleX": 0.8,
      "scaleY": 0.8,
      "points": [
        92.04979,
        -2.24342,
        101.04979,
        -2.24342,
        81.04979,
        22.43761,
        72.04979,
        22.43761,
        92.04979,
        -2.24342
      ]
    },
    {
      "type": "shape",
      "background": "rgba(0,0,0,0.20)",
      "borderColor": "#979797",
      "scaleX": 0.8,
      "scaleY": 0.8,
      "points": [
        106.45849,
        -2.24342,
        115.45849,
        -2.24342,
        95.45849,
        22.43761,
        86.45849,
        22.43761,
        106.45849,
        -2.24342
      ]
    },
    {
      "type": "shape",
      "background": "rgba(0,0,0,0.20)",
      "borderColor": "#979797",
      "scaleX": 0.8,
      "scaleY": 0.8,
      "points": [
        192.91071,
        -2.24342,
        201.91071,
        -2.24342,
        181.91071,
        22.43761,
        172.91071,
        22.43761,
        192.91071,
        -2.24342
      ]
    },
    {
      "type": "shape",
      "background": "rgba(0,0,0,0.20)",
      "borderColor": "#979797",
      "scaleX": 0.8,
      "scaleY": 0.8,
      "points": [
        236.13682,
        -2.24342,
        245.13682,
        -2.24342,
        225.13682,
        22.43761,
        216.13682,
        22.43761,
        236.13682,
        -2.24342
      ]
    },
    {
      "type": "shape",
      "background": "rgba(0,0,0,0.20)",
      "borderColor": "#979797",
      "scaleX": 0.8,
      "scaleY": 0.8,
      "points": [
        264.95422,
        -2.24342,
        273.95422,
        -2.24342,
        253.95422,
        22.43761,
        244.95422,
        22.43761,
        264.95422,
        -2.24342
      ]
    },
    {
      "type": "shape",
      "background": "rgba(0,0,0,0.20)",
      "borderColor": "#979797",
      "scaleX": 0.8,
      "scaleY": 0.8,
      "points": [
        164.0933,
        -2.24342,
        173.0933,
        -2.24342,
        153.0933,
        22.43761,
        144.0933,
        22.43761,
        164.0933,
        -2.24342
      ]
    },
    {
      "type": "shape",
      "background": "rgba(0,0,0,0.20)",
      "borderColor": "#979797",
      "scaleX": 0.8,
      "scaleY": 0.8,
      "points": [
        221.72811,
        -2.24342,
        230.72811,
        -2.24342,
        210.72811,
        22.43761,
        201.72811,
        22.43761,
        221.72811,
        -2.24342
      ]
    },
    {
      "type": "shape",
      "background": "rgba(0,0,0,0.20)",
      "borderColor": "#979797",
      "scaleX": 0.8,
      "scaleY": 0.8,
      "points": [
        250.54552,
        -2.24342,
        259.54552,
        -2.24342,
        239.54552,
        22.43761,
        230.54552,
        22.43761,
        250.54552,
        -2.24342
      ]
    },
    {
      "type": "shape",
      "background": "rgba(0,0,0,0.20)",
      "borderColor": "#979797",
      "scaleX": 0.8,
      "scaleY": 0.8,
      "points": [
        279.36293,
        -2.24342,
        288.36293,
        -2.24342,
        268.36293,
        22.43761,
        259.36293,
        22.43761,
        279.36293,
        -2.24342
      ]
    },
    {
      "type": "shape",
      "background": "rgba(0,0,0,0.20)",
      "borderColor": "#979797",
      "scaleX": 0.8,
      "scaleY": 0.8,
      "points": [
        120.86719,
        -2.24342,
        129.86719,
        -2.24342,
        109.86719,
        22.43761,
        100.86719,
        22.43761,
        120.86719,
        -2.24342
      ]
    },
    {
      "type": "shape",
      "background": "rgba(0,0,0,0.20)",
      "borderColor": "#979797",
      "scaleX": 0.8,
      "scaleY": 0.8,
      "points": [
        135.27589,
        -2.24342,
        144.27589,
        -2.24342,
        124.27589,
        22.43761,
        115.27589,
        22.43761,
        135.27589,
        -2.24342
      ]
    },
    {
      "type": "shape",
      "background": "rgba(0,0,0,0.20)",
      "borderColor": "#979797",
      "scaleX": 0.8,
      "scaleY": 0.8,
      "points": [
        308.18033,
        -2.24342,
        317.18033,
        -2.24342,
        297.18033,
        22.43761,
        288.18033,
        22.43761,
        308.18033,
        -2.24342
      ]
    },
    {
      "type": "shape",
      "background": "rgba(0,0,0,0.20)",
      "borderColor": "#979797",
      "scaleX": 0.8,
      "scaleY": 0.8,
      "points": [
        336.99774,
        -2.24342,
        345.99774,
        -2.24342,
        325.99774,
        22.43761,
        316.99774,
        22.43761,
        336.99774,
        -2.24342
      ]
    },
    {
      "type": "shape",
      "background": "rgba(0,0,0,0.20)",
      "borderColor": "#979797",
      "scaleX": 0.8,
      "scaleY": 0.8,
      "points": [
        207.31941,
        -2.24342,
        216.31941,
        -2.24342,
        196.31941,
        22.43761,
        187.31941,
        22.43761,
        207.31941,
        -2.24342
      ]
    },
    {
      "type": "shape",
      "background": "rgba(0,0,0,0.20)",
      "borderColor": "#979797",
      "scaleX": 0.8,
      "scaleY": 0.8,
      "points": [
        293.77163,
        -2.24342,
        302.77163,
        -2.24342,
        282.77163,
        22.43761,
        273.77163,
        22.43761,
        293.77163,
        -2.24342
      ]
    },
    {
      "type": "shape",
      "background": "rgba(0,0,0,0.20)",
      "borderColor": "#979797",
      "scaleX": 0.8,
      "scaleY": 0.8,
      "points": [
        322.58904,
        -2.24342,
        331.58904,
        -2.24342,
        311.58904,
        22.43761,
        302.58904,
        22.43761,
        322.58904,
        -2.24342
      ]
    },
    {
      "type": "shape",
      "background": "rgba(0,0,0,0.20)",
      "borderColor": "#979797",
      "scaleX": 0.8,
      "scaleY": 0.8,
      "points": [
        351.40644,
        -2.24342,
        360.40644,
        -2.24342,
        340.40644,
        22.43761,
        331.40644,
        22.43761,
        351.40644,
        -2.24342
      ]
    },
    {
      "type": "shape",
      "background": "rgba(0,0,0,0.20)",
      "borderColor": "#979797",
      "scaleX": 0.8,
      "scaleY": 0.8,
      "points": [
        149.6846,
        -2.24342,
        158.6846,
        -2.24342,
        138.6846,
        22.43761,
        129.6846,
        22.43761,
        149.6846,
        -2.24342
      ]
    },
    {
      "type": "shape",
      "background": "rgba(0,0,0,0.20)",
      "borderColor": "#979797",
      "scaleX": 0.8,
      "scaleY": 0.8,
      "points": [
        178.502,
        -2.24342,
        187.502,
        -2.24342,
        167.502,
        22.43761,
        158.502,
        22.43761,
        178.502,
        -2.24342
      ]
    },
    {
      "type": "shape",
      "background": "rgba(0,0,0,0.20)",
      "borderColor": "#979797",
      "scaleX": 0.8,
      "scaleY": 0.8,
      "points": [
        381.01433,
        -2.24342,
        382.10952,
        -2.24342,
        382.10952,
        7.51153,
        370.01433,
        22.43759,
        361.01433,
        22.43759,
        381.01433,
        -2.24342
      ]
    },
    {
      "type": "shape",
      "background": "rgba(0,0,0,0.20)",
      "borderColor": "#979797",
      "displayName": "不规则图形",
      "scaleX": 0.8,
      "scaleY": 0.8,
      "points": [
        365.81514,
        -2.24342,
        374.81514,
        -2.24342,
        354.81514,
        22.43759,
        345.81514,
        22.43759,
        365.81514,
        -2.24342
      ]
    }
  ]
}