{
  "dataBindings": [
    {
      "attr": "powerLevel",
      "valueType": "PowerLevel",
      "defaultValue": "red",
      "name": "电压等级"
    },
    {
      "attr": "powerOffColor",
      "valueType": "Color",
      "defaultValue": "rgb(128,128,128)",
      "name": "失电颜色"
    },
    {
      "attr": "powerOn",
      "valueType": "Boolean",
      "defaultValue": true,
      "name": "是否带电"
    }
  ],
  "width": 48,
  "height": 64,
  "comps": [
    {
      "type": "shape",
      "borderWidth": 2,
      "borderColor": {
        "func": "attr@lineColor",
        "value": "rgb(250,0,0)"
      },
      "shadowColor": "#1ABC9C",
      "points": [
        24,
        34.34762,
        24,
        0
      ]
    },
    {
      "type": "shape",
      "borderWidth": 2,
      "borderColor": {
        "func": "attr@lineColor",
        "value": "rgb(250,0,0)"
      },
      "borderCap": "round",
      "shadowColor": "#1ABC9C",
      "rotation": 1.5708,
      "points": [
        24,
        49.34762,
        24,
        19.34762
      ]
    },
    {
      "type": "shape",
      "borderWidth": 2,
      "borderColor": {
        "func": "attr@lineColor",
        "value": "rgb(250,0,0)"
      },
      "borderCap": "round",
      "shadowColor": "#1ABC9C",
      "rotation": 1.5708,
      "points": [
        24,
        50.95336,
        24,
        30.95336
      ]
    },
    {
      "type": "shape",
      "borderWidth": 2,
      "borderColor": {
        "func": "attr@lineColor",
        "value": "rgb(250,0,0)"
      },
      "borderCap": "round",
      "shadowColor": "#1ABC9C",
      "rotation": 1.5708,
      "points": [
        24,
        54.07664,
        24,
        44.07664
      ]
    }
  ]
}