{
  "modified": "Thu Dec 13 2018 14:31:29 GMT+0800 (China Standard Time)",
  "width": 40,
  "height": 66,
  "comps": [
    {
      "type": "shape",
      "borderWidth": 1.98758,
      "borderColor": "#1e993a",
      "points": [
        23.99404,
        5.14708,
        23.99404,
        2.95602,
        22.19106,
        1.15304,
        20,
        1.15304,
        17.80894,
        1.15304,
        16.00596,
        2.95602,
        16.00596,
        5.14708,
        16.00596,
        7.33814,
        17.80894,
        9.14112,
        20,
        9.14112,
        22.19106,
        9.14112,
        23.99404,
        7.33814,
        23.99404,
        5.14708
      ],
      "segments": [
        1,
        4,
        4,
        4,
        4
      ]
    },
    {
      "type": "shape",
      "borderWidth": 0.99379,
      "borderColor": "#1e993a",
      "points": [
        20,
        27.83429
      ]
    },
    {
      "type": "shape",
      "borderWidth": 2.98137,
      "borderColor": "#1e993a",
      "borderCap": "round",
      "points": [
        1.48571,
        49.12323,
        38.51627,
        49.12323
      ]
    },
    {
      "type": "shape",
      "borderWidth": 2.98137,
      "borderColor": "#1e993a",
      "borderCap": "round",
      "points": [
        6.73689,
        55.53516,
        33.26509,
        55.53516
      ]
    },
    {
      "type": "shape",
      "borderWidth": 2.98137,
      "borderColor": "#1e993a",
      "borderCap": "round",
      "points": [
        8.75627,
        61.80199,
        31.24373,
        61.80199
      ]
    },
    {
      "type": "shape",
      "borderWidth": 2.98137,
      "borderColor": "#1e993a",
      "borderCap": "round",
      "points": [
        20.00099,
        36.22186,
        20.00099,
        47.48944
      ]
    },
    {
      "type": "shape",
      "borderWidth": 2.98137,
      "borderColor": "#1e993a",
      "borderCap": "round",
      "points": [
        20,
        9.84671,
        20,
        19.70509
      ]
    },
    {
      "type": "shape",
      "borderWidth": 2.98137,
      "borderColor": "#1e993a",
      "borderCap": "round",
      "points": [
        28.7672,
        26.36248,
        20.00099,
        36.22186
      ]
    }
  ]
}