{
  "modified": "Thu Dec 13 2018 14:31:33 GMT+0800 (China Standard Time)",
  "width": 33,
  "height": 69,
  "comps": [
    {
      "type": "shape",
      "borderWidth": 1,
      "borderColor": "#1e993a",
      "points": [
        32.799,
        63.047,
        32.799,
        63.828,
        32.172,
        64.465,
        31.401,
        64.465,
        1.601,
        64.465,
        0.828,
        64.465,
        0.201,
        63.828,
        0.201,
        63.047,
        0.201,
        7.375,
        0.201,
        6.592,
        0.828,
        5.958,
        1.601,
        5.958,
        31.401,
        5.958,
        32.172,
        5.958,
        32.799,
        6.593,
        32.799,
        7.375,
        32.799,
        63.047
      ],
      "segments": [
        1,
        4,
        2,
        4,
        2,
        4,
        2,
        4,
        2,
        5
      ]
    },
    {
      "type": "shape",
      "borderWidth": 1,
      "borderColor": "#000000",
      "points": [
        20.916,
        5.53,
        20.916,
        3.10745,
        18.92255,
        1.114,
        16.5,
        1.114,
        14.07745,
        1.114,
        12.084,
        3.10745,
        12.084,
        5.53,
        12.084,
        7.95255,
        14.07745,
        9.946,
        16.5,
        9.946,
        18.92255,
        9.946,
        20.916,
        7.95255,
        20.916,
        5.53
      ],
      "segments": [
        1,
        4,
        4,
        4,
        4
      ]
    },
    {
      "type": "shape",
      "borderWidth": 1,
      "borderColor": "#ffffff",
      "points": [
        20.916,
        5.246,
        20.916,
        2.82345,
        18.92255,
        0.83,
        16.5,
        0.83,
        14.07745,
        0.83,
        12.084,
        2.82345,
        12.084,
        5.246,
        12.084,
        7.66855,
        14.07745,
        9.662,
        16.5,
        9.662,
        18.92255,
        9.662,
        20.916,
        7.66855,
        20.916,
        5.246
      ],
      "segments": [
        1,
        4,
        4,
        4,
        4
      ]
    },
    {
      "type": "shape",
      "borderWidth": 1,
      "borderColor": "#000000",
      "points": [
        20.916,
        64.037,
        20.916,
        61.61445,
        18.92255,
        59.621,
        16.5,
        59.621,
        14.07745,
        59.621,
        12.084,
        61.61445,
        12.084,
        64.037,
        12.084,
        66.45955,
        14.07745,
        68.453,
        16.5,
        68.453,
        18.92255,
        68.453,
        20.916,
        66.45955,
        20.916,
        64.037
      ],
      "segments": [
        1,
        4,
        4,
        4,
        4
      ]
    },
    {
      "type": "shape",
      "borderWidth": 1,
      "borderColor": "#ffffff",
      "points": [
        20.916,
        63.752,
        20.916,
        61.32945,
        18.92255,
        59.336,
        16.5,
        59.336,
        14.07745,
        59.336,
        12.084,
        61.32945,
        12.084,
        63.752,
        12.084,
        66.17455,
        14.07745,
        68.168,
        16.5,
        68.168,
        18.92255,
        68.168,
        20.916,
        66.17455,
        20.916,
        63.752
      ],
      "segments": [
        1,
        4,
        4,
        4,
        4
      ]
    }
  ]
}