{
  "modified": "Thu Dec 13 2018 14:31:37 GMT+0800 (China Standard Time)",
  "width": 33,
  "height": 69,
  "comps": [
    {
      "type": "shape",
      "background": "#e71f19",
      "points": [
        32.799,
        63.029,
        32.799,
        63.82,
        32.172,
        64.465,
        31.401,
        64.465,
        1.601,
        64.465,
        0.828,
        64.465,
        0.201,
        63.82,
        0.201,
        63.029,
        0.201,
        6.656,
        0.201,
        5.864,
        0.828,
        5.22,
        1.601,
        5.22,
        31.401,
        5.22,
        32.172,
        5.22,
        32.799,
        5.863,
        32.799,
        6.656,
        32.799,
        63.029
      ],
      "segments": [
        1,
        4,
        2,
        4,
        2,
        4,
        2,
        4,
        2,
        5
      ]
    },
    {
      "type": "shape",
      "borderWidth": 1,
      "borderColor": "#e71f19",
      "points": [
        32.799,
        63.029,
        32.799,
        63.82,
        32.172,
        64.465,
        31.401,
        64.465,
        1.601,
        64.465,
        0.828,
        64.465,
        0.201,
        63.82,
        0.201,
        63.029,
        0.201,
        6.656,
        0.201,
        5.864,
        0.828,
        5.22,
        1.601,
        5.22,
        31.401,
        5.22,
        32.172,
        5.22,
        32.799,
        5.863,
        32.799,
        6.656,
        32.799,
        63.029
      ],
      "segments": [
        1,
        4,
        2,
        4,
        2,
        4,
        2,
        4,
        2,
        5
      ]
    },
    {
      "type": "shape",
      "borderWidth": 1,
      "borderColor": "#000000",
      "points": [
        20.916,
        5.504,
        20.916,
        3.08145,
        18.92255,
        1.088,
        16.5,
        1.088,
        14.07745,
        1.088,
        12.084,
        3.08145,
        12.084,
        5.504,
        12.084,
        7.92655,
        14.07745,
        9.92,
        16.5,
        9.92,
        18.92255,
        9.92,
        20.916,
        7.92655,
        20.916,
        5.504
      ],
      "segments": [
        1,
        4,
        4,
        4,
        4
      ]
    },
    {
      "type": "shape",
      "borderWidth": 1,
      "borderColor": "#ffffff",
      "points": [
        20.916,
        5.221,
        20.916,
        2.79845,
        18.92255,
        0.805,
        16.5,
        0.805,
        14.07745,
        0.805,
        12.084,
        2.79845,
        12.084,
        5.221,
        12.084,
        7.64355,
        14.07745,
        9.637,
        16.5,
        9.637,
        18.92255,
        9.637,
        20.916,
        7.64355,
        20.916,
        5.221
      ],
      "segments": [
        1,
        4,
        4,
        4,
        4
      ]
    },
    {
      "type": "shape",
      "borderWidth": 1,
      "borderColor": "#000000",
      "points": [
        20.916,
        64.035,
        20.916,
        61.61245,
        18.92255,
        59.619,
        16.5,
        59.619,
        14.07745,
        59.619,
        12.084,
        61.61245,
        12.084,
        64.035,
        12.084,
        66.45755,
        14.07745,
        68.451,
        16.5,
        68.451,
        18.92255,
        68.451,
        20.916,
        66.45755,
        20.916,
        64.035
      ],
      "segments": [
        1,
        4,
        4,
        4,
        4
      ]
    },
    {
      "type": "shape",
      "borderWidth": 1,
      "borderColor": "#ffffff",
      "points": [
        20.916,
        63.752,
        20.916,
        61.32945,
        18.92255,
        59.336,
        16.5,
        59.336,
        14.07745,
        59.336,
        12.084,
        61.32945,
        12.084,
        63.752,
        12.084,
        66.17455,
        14.07745,
        68.168,
        16.5,
        68.168,
        18.92255,
        68.168,
        20.916,
        66.17455,
        20.916,
        63.752
      ],
      "segments": [
        1,
        4,
        4,
        4,
        4
      ]
    }
  ]
}