{
  "dataBindings": [
    {
      "attr": "powerLevel",
      "valueType": "PowerLevel",
      "defaultValue": "red",
      "name": "电压等级"
    },
    {
      "attr": "powerOffColor",
      "valueType": "Color",
      "defaultValue": "rgb(128,128,128)",
      "name": "失电颜色"
    },
    {
      "attr": "powerOn",
      "valueType": "Boolean",
      "defaultValue": true,
      "name": "是否带电"
    },
    {
      "attr": "state",
      "valueType": "Boolean",
      "defaultValue": true,
      "name": "开关状态"
    }
  ],
  "width": 24,
  "height": 64,
  "comps": [
    {
      "type": "rect",
      "borderWidth": 2,
      "borderColor": {
        "func": "attr@lineColor",
        "value": "rgb(250,0,0)"
      },
      "shadowColor": "#1ABC9C",
      "rect": [
        2,
        13,
        20,
        38
      ]
    },
    {
      "type": "shape",
      "borderWidth": 2,
      "borderColor": {
        "func": "attr@lineColor",
        "value": "rgb(250,0,0)"
      },
      "shadowColor": "#1ABC9C",
      "points": [
        12,
        22,
        12,
        0
      ]
    },
    {
      "type": "shape",
      "borderWidth": 2,
      "borderColor": {
        "func": "attr@lineColor",
        "value": "rgb(250,0,0)"
      },
      "shadowColor": "#1ABC9C",
      "points": [
        12,
        64,
        12,
        42
      ]
    },
    {
      "type": "roundRect",
      "background": "rgb(250,0,0)",
      "borderColor": {
        "func": "attr@lineColor",
        "value": "#979797"
      },
      "cornerRadius": 1,
      "visible": {
        "func": "attr@state",
        "value": false
      },
      "displayName": "连接(已隐藏)",
      "anchorX": 0.55563,
      "rect": [
        11,
        20.8332,
        2,
        23
      ]
    },
    {
      "type": "shape",
      "borderWidth": 2,
      "borderColor": {
        "func": "attr@lineColor",
        "value": "rgb(250,0,0)"
      },
      "borderCap": "round",
      "visible": {
        "func": "__ht__function(data, view) {\nreturn !data.a('state')\n}",
        "value": true
      },
      "shadowColor": "#1ABC9C",
      "points": [
        12,
        42,
        18.13674,
        32.54896
      ]
    }
  ]
}