{
  "dataBindings": [
    {
      "attr": "powerLevel",
      "valueType": "PowerLevel",
      "defaultValue": "red",
      "name": "电压等级"
    },
    {
      "attr": "powerOffColor",
      "valueType": "Color",
      "defaultValue": "rgb(128,128,128)",
      "name": "失电颜色"
    },
    {
      "attr": "powerOn",
      "valueType": "Boolean",
      "defaultValue": true,
      "name": "是否带电"
    }
  ],
  "width": 47,
  "height": 47,
  "comps": [
    {
      "type": "arc",
      "borderWidth": 2,
      "borderColor": {
        "func": "attr@lineColor",
        "value": "rgb(250,0,0)"
      },
      "borderCap": "round",
      "arcClose": false,
      "shadowColor": "#1ABC9C",
      "displayName": "2",
      "rect": [
        5.72452,
        3.42743,
        9.13774,
        12.75133
      ]
    },
    {
      "type": "arc",
      "borderWidth": 2,
      "borderColor": {
        "func": "attr@lineColor",
        "value": "rgb(250,0,0)"
      },
      "borderCap": "round",
      "arcClose": false,
      "shadowColor": "#1ABC9C",
      "displayName": "2",
      "rect": [
        14.86226,
        3.42743,
        9.13774,
        12.75133
      ]
    },
    {
      "type": "arc",
      "borderWidth": 2,
      "borderColor": {
        "func": "attr@lineColor",
        "value": "rgb(250,0,0)"
      },
      "borderCap": "round",
      "arcClose": false,
      "shadowColor": "#1ABC9C",
      "displayName": "2",
      "rect": [
        24,
        3.42743,
        9.13774,
        12.75133
      ]
    },
    {
      "type": "arc",
      "borderWidth": 2,
      "borderColor": {
        "func": "attr@lineColor",
        "value": "rgb(250,0,0)"
      },
      "borderCap": "round",
      "arcClose": false,
      "shadowColor": "#1ABC9C",
      "displayName": "2",
      "rect": [
        33.13774,
        3.42743,
        9.13774,
        12.75133
      ]
    },
    {
      "type": "shape",
      "borderWidth": 2,
      "borderColor": {
        "func": "attr@lineColor",
        "value": "rgb(250,0,0)"
      },
      "borderJoin": "miter",
      "displayName": "1",
      "points": [
        0,
        32.5,
        17.5,
        32.5,
        17.5,
        44,
        17.5,
        32.5,
        17.5,
        21
      ]
    },
    {
      "type": "shape",
      "borderWidth": 2,
      "borderColor": {
        "func": "attr@lineColor",
        "value": "rgb(250,0,0)"
      },
      "borderJoin": "miter",
      "displayName": "1",
      "points": [
        47,
        32.5,
        29.52623,
        32.5,
        29.52623,
        44,
        29.52623,
        32.5,
        29.52623,
        21
      ]
    },
    {
      "type": "shape",
      "borderWidth": 2,
      "borderColor": {
        "func": "attr@lineColor",
        "value": "rgb(255,0,0)"
      },
      "points": [
        46,
        32.5,
        46,
        9.84679,
        42.09859,
        9.84679
      ]
    },
    {
      "type": "shape",
      "borderWidth": 2,
      "borderColor": {
        "func": "attr@lineColor",
        "value": "rgb(255,0,0)"
      },
      "points": [
        1,
        32.5,
        1,
        9.84679,
        5.37035,
        9.84679
      ]
    }
  ]
}