{
  "background": "#000000",
  "dataBindings": [
    {
      "attr": "showLabel",
      "valueType": "Boolean",
      "name": "显示名称",
      "defaultValue": false
    },
    {
      "attr": "showUnit",
      "valueType": "Boolean",
      "name": "显示单位",
      "defaultValue": false
    },
    {
      "attr": "label",
      "valueType": "String",
      "name": "名称"
    },
    {
      "attr": "unit",
      "valueType": "String",
      "name": "单位"
    },
    {
      "attr": "unitColor",
      "valueType": "Color",
      "name": "单位颜色"
    },
    {
      "attr": "value",
      "valueType": "Number",
      "defaultValue": 0,
      "name": "遥测值"
    },
    {
      "attr": "numberColor",
      "valueType": "PowerNumberColor",
      "defaultValue": "#00ff00",
      "name": "数字着色"
    },
    {
      "attr": "numberPoint",
      "valueType": "PositiveNumber",
      "defaultValue": 2,
      "name": "小数点位置"
    },
    {
      "attr": "manual",
      "valueType": "Boolean",
      "defaultValue": false,
      "name": "人工置数"
    },
    {
      "attr": "offLimits",
      "valueType": "Boolean",
      "defaultValue": false,
      "name": "越限"
    },
    {
      "attr": "test",
      "valueType": "Boolean",
      "defaultValue": false,
      "name": "检修/无效"
    }
  ],
  "width": 110,
  "height": 20,
  "comps": [
    {
      "type": "text",
      "text": {
        "func": "__ht__function(data, view) {\nreturn Number(data.a('value')).toFixed(data.a('numberPoint'))\n}",
        "value": "000.000"
      },
      "align": "right",
      "color": {
        "func": "attr@numberColor",
        "value": "rgb(0,255,0)"
      },
      "rect": [
        28.36887,
        -15,
        50,
        50
      ]
    },
    {
      "type": "text",
      "text": {
        "func": "attr@unit",
        "value": "A"
      },
      "color": {
        "func": "attr@unitColor",
        "value": "#FFFFFF"
      },
      "visible": {
        "func": "attr@showUnit",
        "value": true
      },
      "rect": [
        78.36887,
        -15,
        31.63113,
        50
      ]
    },
    {
      "type": "text",
      "text": {
        "func": "attr@label",
        "value": "Ia"
      },
      "align": "right",
      "color": {
        "func": "attr@unitColor",
        "value": "#FFFFFF"
      },
      "visible": {
        "func": "attr@showLabel",
        "value": true
      },
      "rect": [
        0,
        -15,
        28.36887,
        50
      ]
    }
  ]
}