{
  "dataBindings": [
    {
      "attr": "powerLevel",
      "valueType": "PowerLevel",
      "defaultValue": "red",
      "name": "电压等级"
    },
    {
      "attr": "powerOffColor",
      "valueType": "Color",
      "defaultValue": "rgb(128,128,128)",
      "name": "失电颜色"
    },
    {
      "attr": "powerOn",
      "valueType": "Boolean",
      "defaultValue": true,
      "name": "是否带电"
    },
    {
      "attr": "enabled",
      "valueType": "Boolean",
      "defaultValue": true,
      "name": "是否有效"
    },
    {
      "attr": "state",
      "valueType": "Boolean",
      "defaultValue": true,
      "name": "开关状态"
    }
  ],
  "width": 48,
  "height": 58,
  "comps": [
    {
      "type": "circle",
      "borderWidth": 2,
      "borderColor": {
        "func": "attr@lineColor",
        "value": "rgb(250,0,0)"
      },
      "shadowColor": "#1ABC9C",
      "rect": [
        21.5,
        6.93108,
        5,
        5
      ]
    },
    {
      "type": "shape",
      "borderWidth": 2,
      "borderColor": {
        "func": "attr@lineColor",
        "value": "rgb(250,0,0)"
      },
      "shadowColor": "#1ABC9C",
      "points": [
        24,
        6.93108,
        24,
        0
      ]
    },
    {
      "type": "circle",
      "borderWidth": 2,
      "borderColor": {
        "func": "attr@lineColor",
        "value": "rgb(250,0,0)"
      },
      "shadowColor": "#1ABC9C",
      "rect": [
        21.5,
        46.06892,
        5,
        5
      ]
    },
    {
      "type": "shape",
      "borderWidth": 2,
      "borderColor": {
        "func": "attr@lineColor",
        "value": "rgb(250,0,0)"
      },
      "shadowColor": "#1ABC9C",
      "points": [
        24,
        58,
        24,
        51.06892
      ]
    },
    {
      "type": "roundRect",
      "background": "rgb(250,0,0)",
      "borderColor": {
        "func": "attr@lineColor",
        "value": "#979797"
      },
      "cornerRadius": 1,
      "visible": {
        "func": "__ht__function(data, view) {\nreturn !data.a('enabled')\n}",
        "value": false
      },
      "displayName": "无效(已隐藏)",
      "anchorX": 0,
      "anchorY": 1,
      "rotation": 5.49779,
      "rect": [
        27.05633,
        24.45132,
        2,
        10.64462
      ]
    },
    {
      "type": "roundRect",
      "background": "rgb(250,0,0)",
      "borderColor": {
        "func": "attr@lineColor",
        "value": "#979797"
      },
      "cornerRadius": 1,
      "visible": {
        "func": "__ht__function(data, view) {\nreturn !data.a('enabled') && data.a('powerOn')\n}",
        "value": false
      },
      "displayName": "无效(已隐藏)",
      "anchorX": 0,
      "anchorY": 1,
      "rotation": 0.7854,
      "rect": [
        19.52945,
        23.03711,
        2,
        10.64462
      ]
    },
    {
      "type": "shape",
      "borderWidth": 2,
      "borderColor": {
        "func": "attr@lineColor",
        "value": "rgb(250,0,0)"
      },
      "borderCap": "round",
      "visible": {
        "func": "attr@enabled",
        "value": true
      },
      "shadowColor": "#1ABC9C",
      "anchorX": 0,
      "anchorY": 1,
      "rotation": {
        "func": "__ht__function(data, view) {\nif (data.a('state')) {\nreturn 0;\n} else {\nreturn Math.PI/180*30;\n}\n}",
        "value": 0.5236
      },
      "points": [
        26.75,
        48.56892,
        26.75,
        9.43108
      ]
    }
  ]
}
