{
  "modified": "Thu Dec 13 2018 14:32:00 GMT+0800 (China Standard Time)",
  "width": 22,
  "height": 33,
  "comps": [
    {
      "type": "shape",
      "background": "#1e993a",
      "points": [
        7.459,
        3.978,
        7.459,
        2.08703,
        5.90297,
        0.531,
        4.012,
        0.531,
        2.12103,
        0.531,
        0.565,
        2.08703,
        0.565,
        3.978,
        0.565,
        5.86897,
        2.12103,
        7.425,
        4.012,
        7.425,
        5.90297,
        7.425,
        7.459,
        5.86897,
        7.459,
        3.978
      ],
      "segments": [
        1,
        4,
        4,
        4,
        4
      ]
    },
    {
      "type": "shape",
      "borderWidth": 1,
      "borderColor": "#1e993a",
      "points": [
        7.459,
        3.978,
        7.459,
        2.08703,
        5.90297,
        0.531,
        4.012,
        0.531,
        2.12103,
        0.531,
        0.565,
        2.08703,
        0.565,
        3.978,
        0.565,
        5.86897,
        2.12103,
        7.425,
        4.012,
        7.425,
        5.90297,
        7.425,
        7.459,
        5.86897,
        7.459,
        3.978
      ],
      "segments": [
        1,
        4,
        4,
        4,
        4
      ]
    },
    {
      "type": "shape",
      "background": "#1e993a",
      "points": [
        7.459,
        29.026,
        7.459,
        27.13503,
        5.90297,
        25.579,
        4.012,
        25.579,
        2.12103,
        25.579,
        0.565,
        27.13503,
        0.565,
        29.026,
        0.565,
        30.91697,
        2.12103,
        32.473,
        4.012,
        32.473,
        5.90297,
        32.473,
        7.459,
        30.91697,
        7.459,
        29.026
      ],
      "segments": [
        1,
        4,
        4,
        4,
        4
      ]
    },
    {
      "type": "shape",
      "borderWidth": 1,
      "borderColor": "#1e993a",
      "points": [
        7.459,
        29.026,
        7.459,
        27.13503,
        5.90297,
        25.579,
        4.012,
        25.579,
        2.12103,
        25.579,
        0.565,
        27.13503,
        0.565,
        29.026,
        0.565,
        30.91697,
        2.12103,
        32.473,
        4.012,
        32.473,
        5.90297,
        32.473,
        7.459,
        30.91697,
        7.459,
        29.026
      ],
      "segments": [
        1,
        4,
        4,
        4,
        4
      ]
    },
    {
      "type": "shape",
      "borderWidth": 4,
      "borderColor": "#1e993a",
      "borderCap": "round",
      "points": [
        4,
        4.625,
        4.012,
        29
      ]
    }
  ]
}