{
  "width": 200,
  "height": 140,
  "comps": [
    {
      "type": "text",
      "text": "已 接 地",
      "align": "center",
      "color": "rgb(61,61,61)",
      "scaleX": 4,
      "scaleY": 4,
      "rect": [
        68.61205,
        48.34804,
        62.7759,
        44.5625
      ]
    },
    {
      "type": "rect",
      "borderWidth": 3,
      "borderColor": "rgb(255,0,0)",
      "borderJoin": "miter",
      "shadowColor": "#1ABC9C",
      "rect": [
        4.54081,
        4.82537,
        190.91839,
        130.34925
      ]
    }
  ]
}