{
  "modified": "Thu Dec 13 2018 14:31:18 GMT+0800 (China Standard Time)",
  "width": 76,
  "height": 121,
  "comps": [
    {
      "type": "shape",
      "borderWidth": 3,
      "borderColor": "#103290",
      "points": [
        72.618,
        35.683,
        72.618,
        18.07895,
        58.13205,
        3.593,
        40.528,
        3.593,
        22.92395,
        3.593,
        8.438,
        18.07895,
        8.438,
        35.683,
        8.438,
        53.28705,
        22.92395,
        67.773,
        40.528,
        67.773,
        58.13205,
        67.773,
        72.618,
        53.28705,
        72.618,
        35.683
      ],
      "segments": [
        1,
        4,
        4,
        4,
        4
      ]
    },
    {
      "type": "shape",
      "borderWidth": 3,
      "borderColor": "#1e993a",
      "borderCap": "round",
      "points": [
        1.374,
        48.483,
        71.271,
        2.937
      ]
    },
    {
      "type": "shape",
      "borderWidth": 2,
      "borderColor": "#1e993a",
      "borderCap": "round",
      "points": [
        74.509,
        1,
        67.691,
        10.479
      ]
    },
    {
      "type": "shape",
      "borderWidth": 2,
      "borderColor": "#1e993a",
      "borderCap": "round",
      "points": [
        74.509,
        1,
        62.987,
        2.881
      ]
    },
    {
      "type": "shape",
      "background": "#1e993a",
      "points": [
        42.138,
        3.686,
        42.138,
        2.7375,
        41.3575,
        1.957,
        40.409,
        1.957,
        39.4605,
        1.957,
        38.68,
        2.7375,
        38.68,
        3.686,
        38.68,
        4.6345,
        39.4605,
        5.415,
        40.409,
        5.415,
        41.3575,
        5.415,
        42.138,
        4.6345,
        42.138,
        3.686
      ],
      "segments": [
        1,
        4,
        4,
        4,
        4
      ]
    },
    {
      "type": "shape",
      "borderWidth": 3,
      "borderColor": "#1e993a",
      "borderCap": "round",
      "points": [
        42.138,
        3.686,
        42.138,
        2.7375,
        41.3575,
        1.957,
        40.409,
        1.957,
        39.4605,
        1.957,
        38.68,
        2.7375,
        38.68,
        3.686,
        38.68,
        4.6345,
        39.4605,
        5.415,
        40.409,
        5.415,
        41.3575,
        5.415,
        42.138,
        4.6345,
        42.138,
        3.686
      ],
      "segments": [
        1,
        4,
        4,
        4,
        4
      ]
    },
    {
      "type": "shape",
      "borderWidth": 3,
      "borderColor": "#1e993a",
      "borderCap": "round",
      "points": [
        55.729,
        20.549,
        40.761,
        35.516
      ]
    },
    {
      "type": "shape",
      "borderWidth": 2,
      "borderColor": "#1e993a",
      "borderCap": "round",
      "points": [
        40.41,
        35.186,
        40.176,
        60.5
      ]
    },
    {
      "type": "shape",
      "background": "#1e993a",
      "points": [
        42.044,
        34.661,
        42.044,
        33.70098,
        41.25402,
        32.911,
        40.294,
        32.911,
        39.33398,
        32.911,
        38.544,
        33.70098,
        38.544,
        34.661,
        38.544,
        35.62102,
        39.33398,
        36.411,
        40.294,
        36.411,
        41.25402,
        36.411,
        42.044,
        35.62102,
        42.044,
        34.661
      ],
      "segments": [
        1,
        4,
        4,
        4,
        4
      ]
    },
    {
      "type": "shape",
      "borderWidth": 3,
      "borderColor": "#1e993a",
      "borderCap": "round",
      "points": [
        42.044,
        34.661,
        42.044,
        33.70098,
        41.25402,
        32.911,
        40.294,
        32.911,
        39.33398,
        32.911,
        38.544,
        33.70098,
        38.544,
        34.661,
        38.544,
        35.62102,
        39.33398,
        36.411,
        40.294,
        36.411,
        41.25402,
        36.411,
        42.044,
        35.62102,
        42.044,
        34.661
      ],
      "segments": [
        1,
        4,
        4,
        4,
        4
      ]
    },
    {
      "type": "shape",
      "borderWidth": 3,
      "borderColor": "#1e993a",
      "borderCap": "round",
      "points": [
        25.328,
        20.548,
        40.294,
        35.516
      ]
    },
    {
      "type": "shape",
      "borderWidth": 3,
      "borderColor": "#1e993a",
      "borderCap": "round",
      "points": [
        55.979,
        71.585,
        41.012,
        86.552
      ]
    },
    {
      "type": "shape",
      "background": "#1e993a",
      "points": [
        42.529,
        85.526,
        42.529,
        84.56598,
        41.73902,
        83.776,
        40.779,
        83.776,
        39.81898,
        83.776,
        39.029,
        84.56598,
        39.029,
        85.526,
        39.029,
        86.48602,
        39.81898,
        87.276,
        40.779,
        87.276,
        41.73902,
        87.276,
        42.529,
        86.48602,
        42.529,
        85.526
      ],
      "segments": [
        1,
        4,
        4,
        4,
        4
      ]
    },
    {
      "type": "shape",
      "borderWidth": 3,
      "borderColor": "#1e993a",
      "borderCap": "round",
      "points": [
        42.529,
        85.526,
        42.529,
        84.56598,
        41.73902,
        83.776,
        40.779,
        83.776,
        39.81898,
        83.776,
        39.029,
        84.56598,
        39.029,
        85.526,
        39.029,
        86.48602,
        39.81898,
        87.276,
        40.779,
        87.276,
        41.73902,
        87.276,
        42.529,
        86.48602,
        42.529,
        85.526
      ],
      "segments": [
        1,
        4,
        4,
        4,
        4
      ]
    },
    {
      "type": "shape",
      "borderWidth": 3,
      "borderColor": "#1e993a",
      "borderCap": "round",
      "points": [
        25.579,
        71.585,
        40.545,
        86.553
      ]
    },
    {
      "type": "shape",
      "borderWidth": 3,
      "borderColor": "#103290",
      "points": [
        72.869,
        85.525,
        72.869,
        67.92095,
        58.38305,
        53.435,
        40.779,
        53.435,
        23.17495,
        53.435,
        8.689,
        67.92095,
        8.689,
        85.525,
        8.689,
        103.12905,
        23.17495,
        117.615,
        40.779,
        117.615,
        58.38305,
        117.615,
        72.869,
        103.12905,
        72.869,
        85.525
      ],
      "segments": [
        1,
        4,
        4,
        4,
        4
      ]
    },
    {
      "type": "shape",
      "background": "#1e993a",
      "points": [
        42.741,
        117.615,
        42.741,
        116.6665,
        41.9605,
        115.886,
        41.012,
        115.886,
        40.0635,
        115.886,
        39.283,
        116.6665,
        39.283,
        117.615,
        39.283,
        118.5635,
        40.0635,
        119.344,
        41.012,
        119.344,
        41.9605,
        119.344,
        42.741,
        118.5635,
        42.741,
        117.615
      ],
      "segments": [
        1,
        4,
        4,
        4,
        4
      ]
    },
    {
      "type": "shape",
      "borderWidth": 3,
      "borderColor": "#1e993a",
      "borderCap": "round",
      "points": [
        42.741,
        117.615,
        42.741,
        116.6665,
        41.9605,
        115.886,
        41.012,
        115.886,
        40.0635,
        115.886,
        39.283,
        116.6665,
        39.283,
        117.615,
        39.283,
        118.5635,
        40.0635,
        119.344,
        41.012,
        119.344,
        41.9605,
        119.344,
        42.741,
        118.5635,
        42.741,
        117.615
      ],
      "segments": [
        1,
        4,
        4,
        4,
        4
      ]
    },
    {
      "type": "shape",
      "borderWidth": 2,
      "borderColor": "#1e993a",
      "borderCap": "round",
      "points": [
        40.778,
        85.525,
        40.778,
        109.543
      ]
    }
  ]
}