{
  "dataBindings": [
    {
      "attr": "powerLevel",
      "valueType": "PowerLevel",
      "defaultValue": "red",
      "name": "电压等级"
    },
    {
      "attr": "powerOffColor",
      "valueType": "Color",
      "defaultValue": "rgb(128,128,128)",
      "name": "失电颜色"
    },
    {
      "attr": "powerOn",
      "valueType": "Boolean",
      "defaultValue": true,
      "name": "是否带电",
      "description": "合状态表示带电"
    },
    {
      "attr": "enabled",
      "valueType": "Boolean",
      "defaultValue": true,
      "name": "是否有效"
    },
    {
      "attr": "state",
      "valueType": "Boolean",
      "defaultValue": true,
      "name": "开关状态"
    }
  ],
  "width": 24,
  "height": 64,
  "comps": [
    {
      "type": "rect",
      "background": {
        "func": "__ht__function(data, view) {\nif (data.a('enabled')) {\nreturn data.a('lineColor')\n} else {\nreturn null;\n}\n}",
        "value": null
      },
      "borderWidth": 2,
      "borderColor": {
        "func": "attr@lineColor",
        "value": "rgb(250,0,0)"
      },
      "shadowColor": "#1ABC9C",
      "rect": [
        2,
        13,
        20,
        38
      ]
    },
    {
      "type": "shape",
      "borderWidth": 2,
      "borderColor": {
        "func": "attr@lineColor",
        "value": "rgb(250,0,0)"
      },
      "shadowColor": "#1ABC9C",
      "points": [
        12,
        13,
        12,
        0
      ]
    },
    {
      "type": "shape",
      "borderWidth": 2,
      "borderColor": {
        "func": "attr@lineColor",
        "value": "rgb(250,0,0)"
      },
      "shadowColor": "#1ABC9C",
      "points": [
        12,
        64,
        12,
        51
      ]
    },
    {
      "type": "shape",
      "borderWidth": 2,
      "borderColor": {
        "func": "attr@lineColor",
        "value": "rgb(250,0,0)"
      },
      "borderCap": "round",
      "visible": {
        "func": "__ht__function(data, view) {\nreturn !data.a('enabled')\n}",
        "value": true
      },
      "shadowColor": "#1ABC9C",
      "points": [
        22,
        51,
        2,
        13
      ]
    },
    {
      "type": "shape",
      "borderWidth": 2,
      "borderColor": {
        "func": "attr@lineColor",
        "value": "rgb(250,0,0)"
      },
      "borderCap": "round",
      "visible": {
        "func": "__ht__function(data, view) {\nreturn !data.a('enabled') && data.a('state')\n}",
        "value": true
      },
      "shadowColor": "#1ABC9C",
      "points": [
        2,
        51,
        22,
        13
      ]
    }
  ]
}