{
  "dataBindings": [
    {
      "attr": "powerLevel",
      "valueType": "PowerLevel",
      "defaultValue": "red",
      "name": "电压等级"
    },
    {
      "attr": "powerOffColor",
      "valueType": "Color",
      "defaultValue": "rgb(128,128,128)",
      "name": "失电颜色"
    },
    {
      "attr": "powerOn",
      "valueType": "Boolean",
      "defaultValue": true,
      "name": "是否带电"
    }
  ],
  "width": 100,
  "height": 130,
  "comps": [
    {
      "type": "circle",
      "borderWidth": 2,
      "borderColor": {
        "func": "attr@lineColor",
        "value": "rgb(250,0,0)"
      },
      "shadowColor": "#1ABC9C",
      "rotation": -1.5708,
      "rect": [
        20.15442,
        92.28321,
        35.26496,
        35.26496
      ]
    },
    {
      "type": "circle",
      "borderWidth": 2,
      "borderColor": {
        "func": "attr@lineColor",
        "value": "rgb(250,0,0)"
      },
      "shadowColor": "#1ABC9C",
      "rotation": -1.5708,
      "rect": [
        44.58062,
        92.28321,
        35.26496,
        35.26496
      ]
    },
    {
      "type": "circle",
      "borderWidth": 2,
      "borderColor": {
        "func": "attr@lineColor",
        "value": "rgb(250,0,0)"
      },
      "shadowColor": "#1ABC9C",
      "rotation": -1.5708,
      "rect": [
        32.36752,
        72.71198,
        35.26496,
        35.26496
      ]
    },
    {
      "type": "shape",
      "borderWidth": 2,
      "borderColor": {
        "func": "attr@lineColor",
        "value": "rgb(250,0,0)"
      },
      "borderJoin": "miter",
      "displayName": "1",
      "rotation": 3.14159,
      "points": [
        44,
        0,
        50,
        6,
        50,
        86.86038,
        50,
        6,
        56,
        0
      ]
    },
    {
      "type": "shape",
      "borderWidth": 2,
      "borderColor": {
        "func": "attr@lineColor",
        "value": "rgb(250,0,0)"
      },
      "borderCap": "round",
      "displayName": "2",
      "rotation": 3.14159,
      "points": [
        62.2131,
        104.14146,
        68.2131,
        110.14146,
        68.2131,
        118.28986,
        68.2131,
        110.14146,
        74.2131,
        104.14146
      ]
    },
    {
      "type": "triangle",
      "borderWidth": 2,
      "borderColor": {
        "func": "attr@lineColor",
        "value": "rgb(250,0,0)"
      },
      "shadowColor": "#1ABC9C",
      "displayName": "3",
      "rect": [
        28.62583,
        104.14769,
        12,
        11.536
      ]
    },
    {
      "type": "rect",
      "borderWidth": 2,
      "borderColor": {
        "func": "attr@lineColor",
        "value": "rgb(250,0,0)"
      },
      "shadowColor": "#1ABC9C",
      "rect": [
        40,
        30.45163,
        20,
        38
      ]
    },
    {
      "type": "shape",
      "borderWidth": 2,
      "borderColor": {
        "func": "attr@lineColor",
        "value": "rgb(250,0,0)"
      },
      "visible": {
        "func": "attr@state",
        "value": true
      },
      "shadowColor": "#1ABC9C",
      "displayName": "22222",
      "points": [
        40.62583,
        15.08007,
        50.16859,
        5.47221,
        59.64946,
        15.08007
      ]
    },
    {
      "type": "shape",
      "borderWidth": 2,
      "borderColor": {
        "func": "attr@lineColor",
        "value": "rgb(250,0,0)"
      },
      "visible": {
        "func": "attr@state",
        "value": true
      },
      "shadowColor": "#1ABC9C",
      "displayName": "22222",
      "points": [
        40.62583,
        24.44868,
        50.11665,
        14.71071,
        59.64946,
        24.44868
      ]
    }
  ]
}