{
  "width": 200,
  "height": 140,
  "comps": [
    {
      "type": "rect",
      "borderWidth": 3,
      "borderColor": "rgb(255,0,0)",
      "borderJoin": "miter",
      "shadowColor": "#1ABC9C",
      "rect": [
        4.54081,
        4.82537,
        190.91839,
        130.34925
      ]
    },
    {
      "type": "rect",
      "background": "rgb(217,36,26)",
      "borderColor": "rgb(255,0,0)",
      "shadowColor": "#1ABC9C",
      "rect": [
        15.01985,
        88.09044,
        169.96031,
        37.49204
      ]
    },
    {
      "type": "text",
      "text": "待维修    禁止操作",
      "align": "center",
      "color": "rgb(255,255,255)",
      "scaleX": 1.5,
      "scaleY": 1.5,
      "rect": [
        41.83866,
        94.33911,
        116.3227,
        24.99469
      ]
    },
    {
      "type": "circle",
      "background": "rgb(61,61,61)",
      "borderColor": "rgb(61,61,61)",
      "shadowColor": "#1ABC9C",
      "rect": [
        9.50415,
        8.5382,
        3,
        3
      ]
    },
    {
      "type": "circle",
      "background": "rgb(61,61,61)",
      "borderColor": "rgb(61,61,61)",
      "shadowColor": "#1ABC9C",
      "rect": [
        9.50415,
        126.00946,
        3,
        3
      ]
    },
    {
      "type": "circle",
      "background": "rgb(61,61,61)",
      "borderColor": "rgb(61,61,61)",
      "shadowColor": "#1ABC9C",
      "rect": [
        187.48595,
        8.25249,
        3,
        3
      ]
    },
    {
      "type": "circle",
      "background": "rgb(61,61,61)",
      "borderColor": "rgb(61,61,61)",
      "shadowColor": "#1ABC9C",
      "rect": [
        187.48595,
        125.72376,
        3,
        3
      ]
    },
    {
      "type": "triangle",
      "background": "rgb(217,36,26)",
      "borderWidth": 3,
      "borderColor": "rgb(217,36,26)",
      "shadowColor": "#1ABC9C",
      "rect": [
        19.72079,
        11.5382,
        72.24462,
        67.07942
      ]
    },
    {
      "type": "shape",
      "background": "rgb(255,255,255)",
      "shadowColor": "#1ABC9C",
      "points": [
        42.66043,
        49.11444,
        39.152,
        54.25205,
        40.9079,
        56.00795,
        45.72774,
        52.19446,
        50.52478,
        56.97767,
        53.22461,
        61.10069,
        53.27433,
        61.15976,
        53.32368,
        61.21807,
        53.37826,
        61.2734,
        62.85458,
        70.74972,
        63.91627,
        71.81179,
        65.63853,
        71.81179,
        66.70059,
        70.74972,
        67.7619,
        69.68878,
        67.7619,
        67.96578,
        66.70059,
        66.90447,
        57.22352,
        57.42777,
        57.13492,
        57.3388,
        57.04034,
        57.25992,
        56.94239,
        57.18627,
        52.97751,
        54.62214,
        48.44103,
        50.08566,
        48.38458,
        50.02922,
        48.32402,
        49.97912,
        48.26196,
        49.93202,
        48.31505,
        49.83856,
        48.36664,
        49.74248,
        48.41524,
        49.64304,
        49.373,
        49.82734,
        51.12441,
        47.96154,
        52.61227,
        46.4748,
        48.27879,
        42.14057,
        46.34046,
        44.07852,
        44.92549,
        45.37909,
        45.10942,
        46.3376,
        44.6668,
        46.55405,
        44.27128,
        46.81835,
        43.99091,
        47.09948,
        43.38006,
        47.71032,
        42.98417,
        48.10696,
        42.74529,
        48.60042,
        42.66043,
        49.11444
      ],
      "segments": [
        1,
        2,
        2,
        2,
        2,
        2,
        4,
        2,
        4,
        4,
        2,
        4,
        2,
        2,
        4,
        4,
        4,
        2,
        4,
        4,
        2,
        4
      ]
    },
    {
      "type": "shape",
      "background": "rgb(255,255,255)",
      "shadowColor": "#1ABC9C",
      "points": [
        51.36254,
        67.97737,
        51.39843,
        67.60204,
        51.39843,
        66.92241,
        51.25899,
        66.27867,
        51.03768,
        65.67717,
        62.46654,
        54.24756,
        63.06842,
        54.46999,
        63.71178,
        54.60906,
        64.39179,
        54.60906,
        64.76637,
        54.57205,
        67.66508,
        54.37541,
        69.96005,
        51.98811,
        69.96005,
        49.04042,
        69.96005,
        48.18322,
        69.75145,
        47.3791,
        69.40378,
        46.65312,
        65.70357,
        50.35296,
        65.50993,
        50.54772,
        65.28002,
        50.68081,
        65.03703,
        50.77053,
        64.3787,
        51.01315,
        63.61047,
        50.88156,
        63.07926,
        50.35296,
        62.71851,
        49.99108,
        62.53533,
        49.51519,
        62.53533,
        49.04005,
        62.53533,
        48.82061,
        62.5843,
        48.60416,
        62.66243,
        48.39556,
        62.75477,
        48.15257,
        62.88561,
        47.92229,
        63.08075,
        47.72752,
        66.77909,
        44.02768,
        66.05423,
        43.68076,
        65.24936,
        43.47179,
        64.39216,
        43.47179,
        61.44448,
        43.47179,
        59.05717,
        45.76713,
        58.86128,
        48.66509,
        58.82353,
        49.04005,
        58.82353,
        49.71968,
        58.96297,
        50.36342,
        59.18428,
        50.9653,
        47.75542,
        62.39416,
        47.15392,
        62.17247,
        46.51055,
        62.03341,
        45.83092,
        62.03341,
        45.45559,
        62.07116,
        42.55837,
        62.26705,
        40.26191,
        64.65398,
        40.26191,
        67.60167,
        40.26191,
        68.45887,
        40.47051,
        69.26373,
        40.81855,
        69.98935,
        44.51801,
        66.28913,
        44.71203,
        66.09549,
        44.94418,
        65.96128,
        45.18531,
        65.87081,
        45.84288,
        65.62782,
        46.61111,
        65.75792,
        47.1427,
        66.28913,
        47.50532,
        66.64989,
        47.68626,
        67.1269,
        47.68626,
        67.60167,
        47.68626,
        67.82111,
        47.63916,
        68.03868,
        47.5614,
        68.24541,
        47.46906,
        68.48765,
        47.33859,
        68.72055,
        47.1427,
        68.91457,
        43.44249,
        72.61366,
        44.1696,
        72.9617,
        44.97297,
        73.16993,
        45.83055,
        73.16993,
        48.77748,
        73.17068,
        51.16479,
        70.87384,
        51.36254,
        67.97737,
        51.36254,
        67.97737
      ],
      "segments": [
        1,
        2,
        4,
        2,
        4,
        2,
        4,
        4,
        2,
        4,
        4,
        4,
        4,
        4,
        2,
        4,
        4,
        2,
        4,
        2,
        4,
        2,
        4,
        4,
        2,
        4,
        4,
        4,
        4,
        4,
        2,
        4,
        4,
        2
      ]
    },
    {
      "type": "shape",
      "background": "#1e1a16",
      "fillRule": "evenodd",
      "shadowColor": "#1ABC9C",
      "points": [
        135.51993,
        30.23696,
        143.15815,
        28.39679,
        142.34417,
        29.7494,
        142.34417,
        29.7494,
        144.32139,
        30.17153,
        147.68965,
        31.54246,
        151.05791,
        32.9134,
        152.9673,
        34.38445,
        152.9673,
        34.38445,
        151.65135,
        36.44926,
        151.65135,
        36.44926,
        149.02112,
        34.88254,
        146.0772,
        33.77057,
        143.13329,
        32.6586,
        141.82192,
        32.33839,
        141.82192,
        32.33839,
        141.82192,
        34.19852,
        135.51993,
        30.23696,
        135.51993,
        30.23696
      ],
      "segments": [
        1,
        2,
        2,
        4,
        4,
        2,
        4,
        4,
        2,
        2,
        2
      ]
    },
    {
      "type": "shape",
      "background": "#1e1a16",
      "fillRule": "evenodd",
      "shadowColor": "#1ABC9C",
      "points": [
        134.45989,
        53.75031,
        147.6507,
        46.58459,
        149.32914,
        49.38707,
        134.45989,
        57.33248,
        134.45989,
        53.75031,
        134.45989,
        53.75031
      ]
    },
    {
      "type": "shape",
      "background": "#1e1a16",
      "fillRule": "evenodd",
      "shadowColor": "#1ABC9C",
      "points": [
        119.74179,
        28.37881,
        122.69251,
        28.37881,
        122.69251,
        75.24312,
        119.74179,
        75.24312,
        119.74179,
        28.37881,
        119.74179,
        28.37881,
        123.32194,
        28.36114,
        131.34765,
        28.36114,
        132.66141,
        28.36114,
        133.73627,
        29.40288,
        133.73627,
        30.67617,
        133.73627,
        66.31456,
        133.73627,
        67.58785,
        132.66141,
        68.62959,
        131.34765,
        68.62959,
        123.32194,
        68.62959,
        123.32194,
        28.361,
        123.32194,
        28.36114,
        128.52912,
        56.17195,
        129.72718,
        56.17195,
        130.69877,
        57.14357,
        130.69877,
        58.34159,
        130.69877,
        59.53962,
        129.72718,
        60.51124,
        128.52912,
        60.51124,
        127.33106,
        60.51124,
        126.35948,
        59.53962,
        126.35948,
        58.34159,
        126.35948,
        57.14357,
        127.33106,
        56.17195,
        128.52912,
        56.17195,
        128.52912,
        56.17195,
        128.52912,
        56.51909,
        129.53549,
        56.51909,
        130.35163,
        57.33522,
        130.35163,
        58.34159,
        130.35163,
        59.34792,
        129.53549,
        60.16409,
        128.52912,
        60.16409,
        127.52276,
        60.16409,
        126.70662,
        59.34792,
        126.70662,
        58.34159,
        126.70662,
        57.33522,
        127.52276,
        56.51909,
        128.52912,
        56.51909,
        128.52912,
        56.51909
      ],
      "segments": [
        1,
        2,
        2,
        2,
        2,
        2,
        1,
        2,
        4,
        2,
        4,
        2,
        2,
        2,
        1,
        4,
        4,
        4,
        4,
        2,
        1,
        4,
        4,
        4,
        4,
        2
      ]
    },
    {
      "type": "shape",
      "background": "#1e1a16",
      "fillRule": "evenodd",
      "shadowColor": "#1ABC9C",
      "points": [
        156.10537,
        60.66297,
        168.85537,
        53.3788,
        171.42937,
        55.87327,
        163.97218,
        68.59352,
        156.10537,
        60.66297,
        156.10537,
        60.66297,
        157.53136,
        58.88046,
        168.17969,
        52.93772,
        166.76696,
        50.00006,
        166.76696,
        46.85008,
        163.52919,
        40.95841,
        163.52919,
        40.95841,
        163.12307,
        40.09662,
        162.26712,
        39.94381,
        161.41117,
        39.791,
        160.72921,
        40.13998,
        160.72921,
        40.13998,
        157.49515,
        42.05257,
        155.92794,
        39.33808,
        155.54147,
        38.66869,
        154.60297,
        38.48029,
        153.84234,
        38.91943,
        153.84234,
        38.91943,
        153.08175,
        39.35856,
        152.77564,
        40.26551,
        153.16215,
        40.93494,
        155.6621,
        45.26499,
        156.04861,
        45.93442,
        156.98708,
        46.12282,
        157.7477,
        45.68368,
        157.7477,
        45.68368,
        158.50833,
        45.24455,
        158.8144,
        44.33757,
        158.42793,
        43.66817,
        158.39602,
        43.61294,
        160.73441,
        43.61294,
        161.2652,
        47.04403,
        160.54737,
        46.4651,
        160.29143,
        44.77601,
        160.21856,
        44.48566,
        159.73152,
        44.09929,
        159.44124,
        44.08325,
        159.20521,
        44.0702,
        159.01536,
        44.14341,
        158.92962,
        44.46143,
        158.70089,
        45.30981,
        158.47934,
        45.71534,
        157.9487,
        46.00753,
        157.10677,
        46.47114,
        156.58626,
        46.08665,
        156.1884,
        46.09994,
        155.79054,
        46.11324,
        155.86219,
        46.2782,
        155.77138,
        46.79374,
        155.68057,
        47.30928,
        154.93404,
        47.87717,
        154.45633,
        47.98732,
        153.97863,
        48.09747,
        153.65061,
        47.98052,
        153.32059,
        47.94719,
        152.99056,
        47.91387,
        152.78349,
        48.21366,
        152.73669,
        48.62568,
        152.6899,
        49.03771,
        152.1437,
        49.61438,
        151.62667,
        49.69388,
        151.30358,
        49.74355,
        150.74826,
        49.7707,
        150.47936,
        49.70106,
        150.17998,
        49.62355,
        150.31252,
        49.86478,
        150.31252,
        49.86478,
        150.31252,
        49.86478,
        153.83252,
        55.71063,
        154.25509,
        55.99737,
        154.67767,
        56.28411,
        154.77737,
        56.29765,
        155.33405,
        56.48472,
        155.89073,
        56.6718,
        156.35812,
        56.82447,
        156.41832,
        56.92993,
        157.53136,
        58.88046,
        157.53136,
        58.88046,
        152.92116,
        41.11861,
        155.42115,
        45.4487,
        155.80762,
        46.1181,
        155.50155,
        47.02508,
        154.74092,
        47.46421,
        154.74092,
        47.46421,
        153.9803,
        47.90335,
        153.04183,
        47.71495,
        152.65532,
        47.04552,
        150.15537,
        42.71547,
        149.76886,
        42.04604,
        150.07497,
        41.13909,
        150.83556,
        40.69996,
        150.83556,
        40.69996,
        151.59619,
        40.26082,
        152.53469,
        40.44922,
        152.92116,
        41.11861,
        152.92116,
        41.11861,
        149.91768,
        42.89911,
        152.41767,
        47.2292,
        152.80414,
        47.89859,
        152.49806,
        48.80557,
        151.73744,
        49.24471,
        151.73744,
        49.24471,
        150.97681,
        49.68385,
        150.03835,
        49.49545,
        149.65184,
        48.82602,
        147.15189,
        44.49597,
        146.76538,
        43.82654,
        147.07149,
        42.91959,
        147.83208,
        42.48045,
        147.83208,
        42.48045,
        148.59271,
        42.04132,
        149.53121,
        42.22971,
        149.91768,
        42.89911,
        149.91768,
        42.89911,
        159.07688,
        37.45348,
        160.49152,
        39.90368,
        157.72569,
        41.50054,
        156.31108,
        39.05033,
        155.92457,
        38.3809,
        156.23069,
        37.47396,
        156.99128,
        37.03482,
        156.99128,
        37.03482,
        157.7519,
        36.59569,
        158.6904,
        36.78408,
        159.07688,
        37.45348,
        159.07688,
        37.45348
      ],
      "segments": [
        1,
        2,
        2,
        2,
        2,
        2,
        1,
        2,
        2,
        2,
        2,
        4,
        4,
        2,
        2,
        4,
        2,
        4,
        2,
        4,
        2,
        4,
        2,
        2,
        2,
        2,
        2,
        4,
        4,
        4,
        4,
        4,
        4,
        4,
        4,
        4,
        4,
        4,
        4,
        4,
        4,
        2,
        2,
        1,
        2,
        4,
        2,
        4,
        2,
        4,
        2,
        4,
        2,
        1,
        2,
        4,
        2,
        4,
        2,
        4,
        2,
        4,
        2,
        1,
        2,
        2,
        2,
        4,
        2,
        4,
        2
      ]
    },
    {
      "type": "shape",
      "background": "rgb(217,36,26)",
      "fillRule": "evenodd",
      "shadowColor": "#1ABC9C",
      "points": [
        139.0536,
        8.5382,
        160.61868,
        8.5382,
        178.10719,
        26.02671,
        178.10719,
        47.59179,
        178.10719,
        69.15687,
        160.61868,
        86.64538,
        139.0536,
        86.64538,
        117.48852,
        86.64538,
        100.00001,
        69.15687,
        100.00001,
        47.59179,
        100.00001,
        26.02671,
        117.48852,
        8.5382,
        139.0536,
        8.5382,
        139.0536,
        8.5382,
        118.93753,
        22.56639,
        164.07896,
        67.70782,
        168.51014,
        62.20269,
        171.16429,
        55.20706,
        171.16429,
        47.59175,
        171.16429,
        29.86049,
        156.78483,
        15.48103,
        139.05356,
        15.48103,
        131.43825,
        15.48103,
        124.44263,
        18.13518,
        118.93749,
        22.56635,
        118.93753,
        22.56639,
        159.16967,
        72.61712,
        114.02823,
        27.47568,
        109.59664,
        32.98037,
        106.9429,
        39.97641,
        106.9429,
        47.59175,
        106.9429,
        65.32302,
        121.32237,
        79.70248,
        139.05363,
        79.70248,
        146.66898,
        79.70248,
        153.66502,
        77.04875,
        159.1697,
        72.61715,
        159.16967,
        72.61712
      ],
      "segments": [
        1,
        4,
        4,
        4,
        4,
        2,
        1,
        2,
        4,
        4,
        4,
        2,
        1,
        2,
        4,
        4,
        4,
        2
      ]
    }
  ]
}