{
  "width": 140,
  "height": 200,
  "comps": [
    {
      "type": "rect",
      "background": "rgb(255,255,255)",
      "borderWidth": 1,
      "borderColor": "rgb(61,61,61)",
      "shadowColor": "#1ABC9C",
      "rect": [
        2.64053,
        2.47274,
        134.71895,
        195.05451
      ]
    },
    {
      "type": "rect",
      "background": "rgb(217,36,26)",
      "borderColor": "rgb(255,0,0)",
      "borderJoin": "miter",
      "shadowColor": "#1ABC9C",
      "rect": [
        3.15452,
        161.79084,
        133.75166,
        35.21947
      ]
    },
    {
      "type": "shape",
      "background": "#1e1a16",
      "fillRule": "evenodd",
      "shadowColor": "#1ABC9C",
      "scaleX": -1,
      "rotation": 0.8618,
      "points": [
        64.86233,
        69.49428,
        75.96768,
        66.81882,
        74.78422,
        68.7854,
        74.78422,
        68.7854,
        77.65894,
        69.39914,
        82.55611,
        71.39237,
        87.45329,
        73.3856,
        90.22939,
        75.52439,
        90.22939,
        75.52439,
        88.3161,
        78.52645,
        88.3161,
        78.52645,
        84.49196,
        76.24856,
        80.21175,
        74.63185,
        75.93154,
        73.01514,
        74.02492,
        72.54959,
        74.02492,
        72.54959,
        74.02492,
        75.25407,
        64.86233,
        69.49428,
        64.86233,
        69.49428
      ],
      "segments": [
        1,
        2,
        2,
        4,
        4,
        2,
        4,
        4,
        2,
        2,
        2
      ]
    },
    {
      "type": "shape",
      "background": "#1e1a16",
      "fillRule": "evenodd",
      "shadowColor": "#1ABC9C",
      "points": [
        63.32112,
        103.68078,
        82.49949,
        93.26239,
        84.9398,
        97.33698,
        63.32112,
        108.88896,
        63.32112,
        103.68078,
        63.32112,
        103.68078
      ]
    },
    {
      "type": "shape",
      "background": "#1e1a16",
      "fillRule": "evenodd",
      "shadowColor": "#1ABC9C",
      "points": [
        41.9222,
        66.79268,
        46.2123,
        66.79268,
        46.2123,
        134.92957,
        41.9222,
        134.92957,
        41.9222,
        66.79268,
        41.9222,
        66.79268,
        47.12746,
        66.76699,
        58.79618,
        66.76699,
        60.70628,
        66.76699,
        62.26904,
        68.28159,
        62.26904,
        70.13285,
        62.26904,
        121.94818,
        62.26904,
        123.79943,
        60.70628,
        125.31404,
        58.79618,
        125.31404,
        47.12746,
        125.31404,
        47.12746,
        66.76678,
        47.12746,
        66.76699,
        54.69827,
        107.20164,
        56.44015,
        107.20164,
        57.85276,
        108.61429,
        57.85276,
        110.35612,
        57.85276,
        112.09795,
        56.44015,
        113.51061,
        54.69827,
        113.51061,
        52.95639,
        113.51061,
        51.54379,
        112.09795,
        51.54379,
        110.35612,
        51.54379,
        108.61429,
        52.95639,
        107.20164,
        54.69827,
        107.20164,
        54.69827,
        107.20164,
        54.69827,
        107.70635,
        56.16145,
        107.70635,
        57.34804,
        108.89295,
        57.34804,
        110.35612,
        57.34804,
        111.81925,
        56.16145,
        113.00589,
        54.69827,
        113.00589,
        53.23509,
        113.00589,
        52.0485,
        111.81925,
        52.0485,
        110.35612,
        52.0485,
        108.89295,
        53.23509,
        107.70635,
        54.69827,
        107.70635,
        54.69827,
        107.70635
      ],
      "segments": [
        1,
        2,
        2,
        2,
        2,
        2,
        1,
        2,
        4,
        2,
        4,
        2,
        2,
        2,
        1,
        4,
        4,
        4,
        4,
        2,
        1,
        4,
        4,
        4,
        4,
        2
      ]
    },
    {
      "type": "shape",
      "background": "#1e1a16",
      "fillRule": "evenodd",
      "shadowColor": "#1ABC9C",
      "points": [
        94.79189,
        113.73122,
        113.32936,
        103.14063,
        117.07174,
        106.76738,
        106.2296,
        125.2616,
        94.79189,
        113.73122,
        94.79189,
        113.73122,
        96.86516,
        111.1396,
        112.34698,
        102.49933,
        110.29298,
        98.22821,
        110.29298,
        93.6484,
        105.58553,
        85.08238,
        105.58553,
        85.08238,
        104.99506,
        83.82942,
        103.75057,
        83.60725,
        102.50609,
        83.38507,
        101.51457,
        83.89246,
        101.51457,
        83.89246,
        96.81252,
        86.6732,
        94.53392,
        82.72656,
        93.97202,
        81.75332,
        92.60752,
        81.47941,
        91.50163,
        82.11787,
        91.50163,
        82.11787,
        90.39579,
        82.75634,
        89.95073,
        84.07497,
        90.51269,
        85.04826,
        94.14741,
        91.34381,
        94.70936,
        92.31711,
        96.07382,
        92.59102,
        97.1797,
        91.95255,
        97.1797,
        91.95255,
        98.28559,
        91.31408,
        98.7306,
        89.99541,
        98.1687,
        89.02216,
        98.12232,
        88.94186,
        101.52214,
        88.94186,
        102.29386,
        93.93039,
        101.2502,
        93.08867,
        100.87807,
        90.63287,
        100.77213,
        90.21072,
        100.06402,
        89.64897,
        99.64197,
        89.62565,
        99.29881,
        89.60667,
        99.02278,
        89.71312,
        98.89812,
        90.17549,
        98.56556,
        91.40897,
        98.24345,
        91.99858,
        97.47194,
        92.4234,
        96.24784,
        93.09745,
        95.49107,
        92.53843,
        94.91261,
        92.55776,
        94.33416,
        92.57709,
        94.43833,
        92.81693,
        94.3063,
        93.56649,
        94.17426,
        94.31604,
        93.08887,
        95.14171,
        92.39432,
        95.30186,
        91.69978,
        95.462,
        91.22287,
        95.29196,
        90.74304,
        95.24351,
        90.2632,
        95.19506,
        89.96214,
        95.63093,
        89.8941,
        96.22998,
        89.82607,
        96.82903,
        89.03195,
        97.66747,
        88.28022,
        97.78305,
        87.81048,
        97.85527,
        87.00308,
        97.89474,
        86.61213,
        97.7935,
        86.17686,
        97.68079,
        86.36956,
        98.03152,
        86.36956,
        98.03152,
        86.36956,
        98.03152,
        91.48735,
        106.53092,
        92.10174,
        106.94781,
        92.71613,
        107.36471,
        92.86109,
        107.3844,
        93.67045,
        107.65639,
        94.47982,
        107.92838,
        95.15937,
        108.15036,
        95.24689,
        108.30369,
        96.86516,
        111.1396,
        96.86516,
        111.1396,
        90.16231,
        85.31531,
        93.79709,
        91.61091,
        94.35899,
        92.58415,
        93.91398,
        93.90283,
        92.80809,
        94.5413,
        92.80809,
        94.5413,
        91.70221,
        95.17977,
        90.33775,
        94.90586,
        89.7758,
        93.93256,
        86.14107,
        87.63701,
        85.57912,
        86.66371,
        86.02418,
        85.34509,
        87.13002,
        84.70662,
        87.13002,
        84.70662,
        88.23591,
        84.06815,
        89.60041,
        84.34206,
        90.16231,
        85.31531,
        90.16231,
        85.31531,
        85.79549,
        87.90401,
        89.43027,
        94.1996,
        89.99217,
        95.17285,
        89.54716,
        96.49153,
        88.44127,
        97.13,
        88.44127,
        97.13,
        87.33539,
        97.76846,
        85.97093,
        97.49455,
        85.40898,
        96.52126,
        81.77426,
        90.22571,
        81.2123,
        89.25241,
        81.65736,
        87.93379,
        82.7632,
        87.29532,
        82.7632,
        87.29532,
        83.86909,
        86.65685,
        85.23359,
        86.93076,
        85.79549,
        87.90401,
        85.79549,
        87.90401,
        99.11222,
        79.9865,
        101.16899,
        83.5489,
        97.14771,
        85.8706,
        95.09098,
        82.3082,
        94.52903,
        81.33491,
        94.97409,
        80.01628,
        96.07992,
        79.37781,
        96.07992,
        79.37781,
        97.18581,
        78.73934,
        98.55032,
        79.01325,
        99.11222,
        79.9865,
        99.11222,
        79.9865
      ],
      "segments": [
        1,
        2,
        2,
        2,
        2,
        2,
        1,
        2,
        2,
        2,
        2,
        4,
        4,
        2,
        2,
        4,
        2,
        4,
        2,
        4,
        2,
        4,
        2,
        2,
        2,
        2,
        2,
        4,
        4,
        4,
        4,
        4,
        4,
        4,
        4,
        4,
        4,
        4,
        4,
        4,
        4,
        2,
        2,
        1,
        2,
        4,
        2,
        4,
        2,
        4,
        2,
        4,
        2,
        1,
        2,
        4,
        2,
        4,
        2,
        4,
        2,
        4,
        2,
        1,
        2,
        2,
        2,
        4,
        2,
        4,
        2
      ]
    },
    {
      "type": "shape",
      "background": "rgb(217,36,26)",
      "fillRule": "evenodd",
      "shadowColor": "#1ABC9C",
      "points": [
        70,
        37.94604,
        101.35387,
        37.94604,
        126.78074,
        63.37291,
        126.78074,
        94.72678,
        126.78074,
        126.08065,
        101.35387,
        151.50752,
        70,
        151.50752,
        38.64613,
        151.50752,
        13.21926,
        126.08065,
        13.21926,
        94.72678,
        13.21926,
        63.37291,
        38.64613,
        37.94604,
        70,
        37.94604,
        70,
        37.94604,
        40.75287,
        58.34188,
        106.38485,
        123.97386,
        112.82742,
        115.96985,
        116.68634,
        105.79877,
        116.68634,
        94.72673,
        116.68634,
        68.94691,
        95.77977,
        48.04034,
        69.99995,
        48.04034,
        58.92791,
        48.04034,
        48.75684,
        51.89926,
        40.75282,
        58.34183,
        40.75287,
        58.34188,
        99.24713,
        131.11158,
        33.61515,
        65.4796,
        27.17198,
        73.48296,
        23.31366,
        83.65464,
        23.31366,
        94.72673,
        23.31366,
        120.50655,
        44.22023,
        141.41312,
        70.00005,
        141.41312,
        81.07214,
        141.41312,
        91.24382,
        137.55481,
        99.24718,
        131.11163,
        99.24713,
        131.11158
      ],
      "segments": [
        1,
        4,
        4,
        4,
        4,
        2,
        1,
        2,
        4,
        4,
        4,
        2,
        1,
        2,
        4,
        4,
        4,
        2
      ]
    },
    {
      "type": "text",
      "text": "禁止分闸 !",
      "align": "center",
      "color": "rgb(0,0,0)",
      "scaleX": 2,
      "scaleY": 2,
      "rect": [
        41.1169,
        170.72494,
        64.16172,
        17.86821
      ]
    },
    {
      "type": "rect",
      "background": "rgb(240,190,38)",
      "borderColor": "rgb(255,0,0)",
      "borderJoin": "miter",
      "shadowColor": "#1ABC9C",
      "rect": [
        3.15452,
        2.97274,
        133.75166,
        26.80231
      ]
    },
    {
      "type": "text",
      "text": "设备标识牌",
      "align": "center",
      "color": "rgb(0,0,0)",
      "scaleX": 1.5,
      "scaleY": 1.5,
      "rect": [
        36.28991,
        7.4398,
        67.35947,
        17.86821
      ]
    }
  ]
}