{
  "dataBindings": [
    {
      "attr": "powerLevel",
      "valueType": "PowerLevel",
      "defaultValue": "red",
      "name": "电压等级"
    },
    {
      "attr": "powerOffColor",
      "valueType": "Color",
      "defaultValue": "rgb(128,128,128)",
      "name": "失电颜色"
    },
    {
      "attr": "powerOn",
      "valueType": "Boolean",
      "defaultValue": true,
      "name": "是否带电"
    }
  ],
  "gridBlockSize": 6,
  "width": 48,
  "height": 32,
  "comps": [
    {
      "type": "shape",
      "borderWidth": 2,
      "borderColor": {
        "func": "attr@lineColor",
        "value": "rgb(250,0,0)"
      },
      "displayName": "1",
      "points": [
        5.72452,
        32,
        5.72452,
        9.8031
      ]
    },
    {
      "type": "shape",
      "borderWidth": 2,
      "borderColor": {
        "func": "attr@lineColor",
        "value": "rgb(250,0,0)"
      },
      "displayName": "1",
      "points": [
        42.27548,
        32,
        42.27548,
        9.8031
      ]
    },
    {
      "type": "arc",
      "borderWidth": 2,
      "borderColor": {
        "func": "attr@lineColor",
        "value": "rgb(250,0,0)"
      },
      "borderCap": "round",
      "arcClose": false,
      "shadowColor": "#1ABC9C",
      "displayName": "2",
      "rect": [
        5.72452,
        3.42743,
        9.13774,
        12.75133
      ]
    },
    {
      "type": "arc",
      "borderWidth": 2,
      "borderColor": {
        "func": "attr@lineColor",
        "value": "rgb(250,0,0)"
      },
      "borderCap": "round",
      "arcClose": false,
      "shadowColor": "#1ABC9C",
      "displayName": "2",
      "rect": [
        14.86226,
        3.42743,
        9.13774,
        12.75133
      ]
    },
    {
      "type": "arc",
      "borderWidth": 2,
      "borderColor": {
        "func": "attr@lineColor",
        "value": "rgb(250,0,0)"
      },
      "borderCap": "round",
      "arcClose": false,
      "shadowColor": "#1ABC9C",
      "displayName": "2",
      "rect": [
        24,
        3.42743,
        9.13774,
        12.75133
      ]
    },
    {
      "type": "arc",
      "borderWidth": 2,
      "borderColor": {
        "func": "attr@lineColor",
        "value": "rgb(250,0,0)"
      },
      "borderCap": "round",
      "arcClose": false,
      "shadowColor": "#1ABC9C",
      "displayName": "2",
      "rect": [
        33.13774,
        3.42743,
        9.13774,
        12.75133
      ]
    }
  ]
}