{
  "modified": "Thu Dec 13 2018 14:31:44 GMT+0800 (China Standard Time)",
  "width": 15,
  "height": 42,
  "comps": [
    {
      "type": "shape",
      "borderWidth": 0.93809,
      "borderColor": "#1e993a",
      "points": [
        14.54972,
        4.41088,
        14.54972,
        3.00443,
        13.39238,
        1.84709,
        11.98593,
        1.84709,
        10.57948,
        1.84709,
        9.42214,
        3.00443,
        9.42214,
        4.41088,
        9.42214,
        5.81734,
        10.57948,
        6.97467,
        11.98593,
        6.97467,
        13.39238,
        6.97467,
        14.54972,
        5.81734,
        14.54972,
        4.41088
      ],
      "segments": [
        1,
        4,
        4,
        4,
        4
      ]
    },
    {
      "type": "shape",
      "borderWidth": 1.40713,
      "borderColor": "#1e993a",
      "borderCap": "round",
      "points": [
        11.98593,
        7.24578,
        11.98593,
        12.15009
      ]
    },
    {
      "type": "shape",
      "borderWidth": 1.40713,
      "borderColor": "#1c287e",
      "borderCap": "round",
      "points": [
        11.98593,
        18.71951,
        11.98593,
        34.87148
      ]
    },
    {
      "type": "shape",
      "borderWidth": 0.93809,
      "borderColor": "#1e993a",
      "points": [
        14.54972,
        37.75047,
        14.54972,
        36.34402,
        13.39238,
        35.18668,
        11.98593,
        35.18668,
        10.57948,
        35.18668,
        9.42214,
        36.34402,
        9.42214,
        37.75047,
        9.42214,
        39.15692,
        10.57948,
        40.31426,
        11.98593,
        40.31426,
        13.39238,
        40.31426,
        14.54972,
        39.15692,
        14.54972,
        37.75047
      ],
      "segments": [
        1,
        4,
        4,
        4,
        4
      ]
    },
    {
      "type": "shape",
      "borderWidth": 1.40713,
      "borderColor": "#1c287e",
      "borderCap": "round",
      "points": [
        11.98593,
        18.71951,
        0.19794,
        18.71951
      ]
    },
    {
      "type": "shape",
      "borderWidth": 1.40713,
      "borderColor": "#1c287e",
      "borderCap": "round",
      "points": [
        0.81238,
        18.97936,
        0.81238,
        25.15666,
        5.81144,
        30.15572,
        11.98687,
        30.15572
      ],
      "segments": [
        1,
        4
      ]
    }
  ]
}