{
  "modified": "Thu Dec 13 2018 14:31:40 GMT+0800 (China Standard Time)",
  "width": 36,
  "height": 39,
  "comps": [
    {
      "type": "shape",
      "borderWidth": 2,
      "borderColor": "#1e993a",
      "points": [
        21.942,
        5.013,
        21.942,
        2.85048,
        20.16252,
        1.071,
        18,
        1.071,
        15.83748,
        1.071,
        14.058,
        2.85048,
        14.058,
        5.013,
        14.058,
        7.17552,
        15.83748,
        8.955,
        18,
        8.955,
        20.16252,
        8.955,
        21.942,
        7.17552,
        21.942,
        5.013
      ],
      "segments": [
        1,
        4,
        4,
        4,
        4
      ]
    },
    {
      "type": "shape",
      "borderWidth": 2.5,
      "borderColor": "#1e993a",
      "borderCap": "round",
      "points": [
        18,
        9.245,
        18,
        31.695
      ]
    },
    {
      "type": "shape",
      "borderWidth": 2.5,
      "borderColor": "#1e993a",
      "borderCap": "round",
      "points": [
        1.25,
        32.185,
        34.749,
        32.185
      ]
    },
    {
      "type": "shape",
      "borderWidth": 2.5,
      "borderColor": "#1e993a",
      "borderCap": "round",
      "points": [
        2.632,
        37.574,
        33.367,
        37.574
      ]
    }
  ]
}