{
  "dataBindings": [
    {
      "attr": "powerLevel",
      "valueType": "PowerLevel",
      "defaultValue": "red",
      "name": "电压等级"
    },
    {
      "attr": "powerOffColor",
      "valueType": "Color",
      "defaultValue": "rgb(128,128,128)",
      "name": "失电颜色"
    },
    {
      "attr": "powerOn",
      "valueType": "Boolean",
      "defaultValue": true,
      "name": "是否带电"
    }
  ],
  "gridBlockSize": 6,
  "width": 47,
  "height": 31,
  "comps": [
    {
      "type": "shape",
      "borderWidth": 2,
      "borderColor": {
        "func": "attr@lineColor",
        "value": "rgb(250,0,0)"
      },
      "borderJoin": "miter",
      "displayName": "1",
      "points": [
        0,
        15.5,
        17.5,
        15.5,
        17.5,
        27,
        17.5,
        15.5,
        17.5,
        4
      ]
    },
    {
      "type": "shape",
      "borderWidth": 2,
      "borderColor": {
        "func": "attr@lineColor",
        "value": "rgb(250,0,0)"
      },
      "borderJoin": "miter",
      "displayName": "1",
      "points": [
        47,
        15.5,
        29.52623,
        15.5,
        29.52623,
        27,
        29.52623,
        15.5,
        29.52623,
        4
      ]
    }
  ]
}