{
  "dataBindings": [
    {
      "attr": "powerLevel",
      "valueType": "PowerLevel",
      "defaultValue": "red",
      "name": "电压等级"
    },
    {
      "attr": "powerOffColor",
      "valueType": "Color",
      "defaultValue": "rgb(128,128,128)",
      "name": "失电颜色"
    },
    {
      "attr": "powerOn",
      "valueType": "Boolean",
      "defaultValue": true,
      "name": "是否带电"
    }
  ],
  "width": 64,
  "height": 61,
  "comps": [
    {
      "type": "circle",
      "borderWidth": 2,
      "borderColor": {
        "func": "attr@lineColor",
        "value": "rgb(250,0,0)"
      },
      "shadowColor": "#1ABC9C",
      "displayName": "2",
      "rotation": 1.5708,
      "rect": [
        28.83318,
        4.36618,
        20.42587,
        20.34546
      ]
    },
    {
      "type": "circle",
      "borderWidth": 2,
      "borderColor": {
        "func": "attr@lineColor",
        "value": "rgb(250,0,0)"
      },
      "shadowColor": "#1ABC9C",
      "displayName": "2",
      "rotation": 1.5708,
      "rect": [
        14.74095,
        4.36618,
        20.42587,
        20.34546
      ]
    },
    {
      "type": "circle",
      "borderWidth": 2,
      "borderColor": {
        "func": "attr@lineColor",
        "value": "rgb(250,0,0)"
      },
      "shadowColor": "#1ABC9C",
      "displayName": "2",
      "rect": [
        22.13179,
        14.5389,
        20.34546,
        20.42587
      ]
    },
    {
      "type": "shape",
      "borderWidth": 2,
      "borderColor": {
        "func": "attr@lineColor",
        "value": "rgb(250,0,0)"
      },
      "borderJoin": "miter",
      "displayName": "1",
      "points": [
        0,
        50.54291,
        12,
        50.54291,
        12,
        58.25326,
        12,
        50.54291,
        12,
        42.83255
      ]
    },
    {
      "type": "shape",
      "borderWidth": 2,
      "borderColor": {
        "func": "attr@lineColor",
        "value": "rgb(250,0,0)"
      },
      "borderJoin": "miter",
      "displayName": "1",
      "points": [
        32,
        50.54291,
        20,
        50.54291,
        20,
        58.25326,
        20,
        50.54291,
        20,
        42.83255
      ]
    },
    {
      "type": "shape",
      "borderWidth": 2,
      "borderColor": {
        "func": "attr@lineColor",
        "value": "rgb(250,0,0)"
      },
      "borderJoin": "miter",
      "displayName": "1",
      "points": [
        32.33236,
        34.845,
        32.33236,
        50.54291,
        44,
        50.54291,
        44,
        58.25326,
        44,
        50.54291,
        44,
        42.83255
      ]
    },
    {
      "type": "shape",
      "borderWidth": 2,
      "borderColor": {
        "func": "attr@lineColor",
        "value": "rgb(250,0,0)"
      },
      "borderJoin": "miter",
      "displayName": "1",
      "points": [
        64,
        50.54291,
        52,
        50.54291,
        52,
        58.25326,
        52,
        50.54291,
        52,
        42.83255
      ]
    }
  ]
}