{
  "dataBindings": [
    {
      "attr": "powerLevel",
      "valueType": "PowerLevel",
      "defaultValue": "red",
      "name": "电压等级"
    },
    {
      "attr": "powerOffColor",
      "valueType": "Color",
      "defaultValue": "rgb(128,128,128)",
      "name": "失电颜色"
    },
    {
      "attr": "powerOn",
      "valueType": "Boolean",
      "defaultValue": true,
      "name": "是否带电"
    }
  ],
  "gridBlockSize": 6,
  "width": 48,
  "height": 64,
  "comps": [
    {
      "type": "shape",
      "borderWidth": 2,
      "borderColor": "rgb(250,0,0)",
      "shadowColor": "#1ABC9C",
      "points": [
        24,
        64,
        24,
        42.2747
      ]
    },
    {
      "type": "circle",
      "borderWidth": 2,
      "borderColor": {
        "func": "attr@lineColor",
        "value": "rgb(250,0,0)"
      },
      "shadowColor": "#1ABC9C",
      "displayName": "1",
      "rect": [
        14.08456,
        8.70799,
        19.83089,
        19.83089
      ]
    },
    {
      "type": "circle",
      "borderWidth": 2,
      "borderColor": {
        "func": "attr@lineColor",
        "value": "rgb(250,0,0)"
      },
      "shadowColor": "#1ABC9C",
      "displayName": "1",
      "rect": [
        14.08456,
        22.44381,
        19.83089,
        19.83089
      ]
    }
  ]
}