{
  "width": 200,
  "height": 140,
  "comps": [
    {
      "type": "rect",
      "background": "rgb(255,255,255)",
      "borderWidth": 1,
      "borderColor": "rgb(61,61,61)",
      "shadowColor": "#1ABC9C",
      "rect": [
        5.83615,
        3.78554,
        188.3277,
        132.42891
      ]
    },
    {
      "type": "rect",
      "borderWidth": 6,
      "borderColor": "rgb(255,0,0)",
      "borderJoin": "miter",
      "shadowColor": "#1ABC9C",
      "rect": [
        12.75798,
        10.43564,
        174.48405,
        119.12873
      ]
    },
    {
      "type": "text",
      "text": "设 备",
      "align": "center",
      "color": "rgb(61,61,61)",
      "scaleX": 3,
      "scaleY": 3,
      "rect": [
        68.61205,
        34.14494,
        62.7759,
        31.61797
      ]
    },
    {
      "type": "text",
      "text": "在 检 修",
      "align": "center",
      "color": "rgb(61,61,61)",
      "scaleX": 3,
      "scaleY": 3,
      "rect": [
        68.61205,
        83.56772,
        62.7759,
        26.95266
      ]
    }
  ]
}