{
  "v": "5.3.6",
  "p": {
    "background": "#292028",
    "autoAdjustIndex": true
  },
  "a": {
    "previewURL": "display-pv.html"
  },
  "d": [
    {
      "c": "ht.Text",
      "i": 455,
      "p": {
        "position": {
          "x": 513.5002858990943,
          "y": 81.7675614489004
        },
        "width": 47.6687606727038,
        "height": 33.64648771021993
      },
      "s": {
        "text": "组串",
        "text.color": "white",
        "text.align": "right",
        "2d.movable": false,
        "2d.selectable": false
      }
    },
    {
      "c": "ht.Text",
      "i": 456,
      "p": {
        "position": {
          "x": 513.5002858990941,
          "y": 29.436322121604146
        },
        "width": 47.6687606727038,
        "height": 33.64648771021993
      },
      "s": {
        "text": "汇流箱",
        "text.color": "white",
        "text.align": "right",
        "2d.movable": false,
        "2d.selectable": false
      }
    },
    {
      "c": "ht.Node",
      "i": 457,
      "p": {
        "tag": "zc_state_2",
        "position": {
          "x": 641.850078474952,
          "y": 81.05867216067575
        },
        "width": 54.7842661707632,
        "height": 29.436322121604146
      },
      "s": {
        "shape": "roundRect",
        "shape.background": "#FF6A01",
        "shape.border.width": 1,
        "shape.border.color": "rgb(150,150,150)",
        "label": "50",
        "label.position": 17,
        "label.offset.y": 0,
        "shape.corner.radius": 4,
        "label.color": "white",
        "2d.movable": false,
        "select.type": "shadow",
        "select.color": "white",
        "select.width": 2,
        "shadow.offset.x": 0,
        "shadow.offset.y": 0,
        "shadow.blur": 15
      }
    },
    {
      "c": "ht.Node",
      "i": 459,
      "p": {
        "tag": "zc_state_3",
        "position": {
          "x": 706.8620193260457,
          "y": 81.05867216067575
        },
        "width": 54.7842661707632,
        "height": 29.436322121604146
      },
      "s": {
        "shape": "roundRect",
        "shape.background": "#FF2D0D",
        "shape.border.width": 1,
        "shape.border.color": "rgb(150,150,150)",
        "label": "10",
        "label.position": 17,
        "label.offset.y": 0,
        "shape.corner.radius": 4,
        "label.color": "white",
        "2d.movable": false,
        "select.type": "shadow",
        "select.color": "white",
        "select.width": 2,
        "shadow.offset.x": 0,
        "shadow.offset.y": 0,
        "shadow.blur": 15
      }
    },
    {
      "c": "ht.Node",
      "i": 460,
      "p": {
        "tag": "hlx_state_0",
        "position": {
          "x": 771.6916357916283,
          "y": 29.998135291335497
        },
        "width": 54.7842661707632,
        "height": 29.436322121604146
      },
      "s": {
        "shape": "roundRect",
        "shape.background": "#6F7082",
        "shape.border.width": 1,
        "shape.border.color": "rgb(150,150,150)",
        "label": "2",
        "label.position": 17,
        "label.offset.y": 0,
        "shape.corner.radius": 4,
        "label.color": "white",
        "2d.movable": false,
        "select.type": "shadow",
        "select.color": "white",
        "select.width": 2,
        "shadow.offset.x": 0,
        "shadow.offset.y": 0,
        "shadow.blur": 15
      }
    },
    {
      "c": "ht.Node",
      "i": 461,
      "p": {
        "tag": "hlx_state_1",
        "position": {
          "x": 576.6558132383474,
          "y": 29.998135291335497
        },
        "width": 54.7842661707632,
        "height": 29.436322121604146
      },
      "s": {
        "shape": "roundRect",
        "shape.background": "#76E33E",
        "shape.border.width": 1,
        "shape.border.color": "rgb(150,150,150)",
        "label": "200",
        "label.position": 17,
        "label.offset.y": 0,
        "shape.corner.radius": 4,
        "label.color": "white",
        "2d.movable": false,
        "select.type": "shadow",
        "select.color": "white",
        "select.width": 2,
        "shadow.offset.x": 0,
        "shadow.offset.y": 0,
        "shadow.blur": 15
      }
    },
    {
      "c": "ht.Node",
      "i": 462,
      "p": {
        "tag": "hlx_state_2",
        "position": {
          "x": 641.667754089441,
          "y": 29.998135291335497
        },
        "width": 54.7842661707632,
        "height": 29.436322121604146
      },
      "s": {
        "shape": "roundRect",
        "shape.background": "#FF6A01",
        "shape.border.width": 1,
        "shape.border.color": "rgb(150,150,150)",
        "label": "50",
        "label.position": 17,
        "label.offset.y": 0,
        "shape.corner.radius": 4,
        "label.color": "white",
        "2d.movable": false,
        "select.type": "shadow",
        "select.color": "white",
        "select.width": 2,
        "shadow.offset.x": 0,
        "shadow.offset.y": 0,
        "shadow.blur": 15
      }
    },
    {
      "c": "ht.Node",
      "i": 463,
      "p": {
        "tag": "zc_state_1",
        "position": {
          "x": 576.8381376238584,
          "y": 81.05867216067575
        },
        "width": 54.7842661707632,
        "height": 29.436322121604146
      },
      "s": {
        "shape": "roundRect",
        "shape.background": "#76E33E",
        "shape.border.width": 1,
        "shape.border.color": "rgb(150,150,150)",
        "label": "2330",
        "label.position": 17,
        "label.offset.y": 0,
        "shape.corner.radius": 4,
        "label.color": "white",
        "2d.movable": false,
        "select.type": "shadow",
        "select.color": "white",
        "select.width": 2,
        "shadow.offset.x": 0,
        "shadow.offset.y": 0,
        "shadow.blur": 15
      }
    },
    {
      "c": "ht.Node",
      "i": 464,
      "p": {
        "tag": "hlx_state_3",
        "position": {
          "x": 706.6796949405347,
          "y": 29.998135291335497
        },
        "width": 54.7842661707632,
        "height": 29.436322121604146
      },
      "s": {
        "shape": "roundRect",
        "shape.background": "#FF2D0D",
        "shape.border.width": 1,
        "shape.border.color": "rgb(150,150,150)",
        "label": "10",
        "label.position": 17,
        "label.offset.y": 0,
        "shape.corner.radius": 4,
        "label.color": "white",
        "2d.movable": false,
        "select.type": "shadow",
        "select.color": "white",
        "select.width": 2,
        "shadow.offset.x": 0,
        "shadow.offset.y": 0,
        "shadow.blur": 15
      }
    },
    {
      "c": "ht.Node",
      "i": 458,
      "p": {
        "tag": "sum",
        "image": "symbols/pv/pv-sum.json",
        "position": {
          "x": 244.71344631306602,
          "y": 55.631536545924995
        }
      },
      "s": {
        "2d.movable": false
      }
    }
  ]
}