{
  "background": "rgb(179,179,179)",
  "width": 16,
  "height": 16,
  "comps": [
    {
      "type": "shape",
      "borderWidth": 1,
      "borderColor": "#000000",
      "borderCap": "round",
      "shadowColor": "#1ABC9C",
      "points": [
        2.35891,
        10.47175,
        3.3125,
        6.30284,
        15.5,
        6.30284,
        13.625,
        14.5,
        0.5,
        14.5,
        0.5,
        1.5,
        6.125,
        1.5,
        7.0625,
        3.2289,
        12.6875,
        3.2289,
        12.6875,
        6.30284
      ]
    }
  ]
}