{
  "background": "rgb(179,179,179)",
  "width": 16,
  "height": 16,
  "blendMode": "override",
  "comps": [
    {
      "type": "shape",
      "background": "rgb(255,227,199)",
      "borderWidth": 1,
      "borderColor": "rgb(138,138,138)",
      "borderCap": "round",
      "shadowColor": "#1ABC9C",
      "points": [
        14.51995,
        2,
        1.50086,
        2,
        1.50086,
        11.52,
        14.51995,
        11.52,
        14.51995,
        2,
        7.5043,
        11.52,
        4.57239,
        14.44,
        11.51823,
        14.44,
        8.58632,
        11.52
      ],
      "segments": [
        1,
        2,
        2,
        2,
        2,
        1,
        2,
        2,
        2
      ]
    },
    {
      "type": "shape",
      "background": "rgb(255,255,255)",
      "borderWidth": 1,
      "borderColor": "rgb(138,138,138)",
      "borderCap": "round",
      "shadowColor": "#1ABC9C",
      "points": [
        14.51995,
        9.5,
        14.51995,
        1.5,
        1.50086,
        1.5,
        1.50086,
        9.5,
        14.51995,
        9.5
      ]
    }
  ]
}