{
  "background": "rgb(179,179,179)",
  "width": 16,
  "height": 16,
  "blendMode": "override",
  "comps": [
    {
      "type": "shape",
      "background": "rgb(255,227,199)",
      "borderWidth": 1,
      "borderColor": "rgb(255,255,255)",
      "borderCap": "round",
      "shadowColor": "#1ABC9C",
      "points": [
        15.5,
        15.5,
        0.5,
        15.5,
        0.5,
        0.5,
        6.92857,
        0.5,
        8.00001,
        2.80769,
        15.5,
        2.80769,
        15.5,
        15.5
      ]
    },
    {
      "type": "shape",
      "background": "rgb(255,255,255)",
      "borderWidth": 1,
      "borderColor": "rgb(138,138,138)",
      "closePath": true,
      "points": [
        4.90316,
        8.05737,
        4.90316,
        8.05737,
        4.30121,
        6.50546,
        5.25104,
        5.82166,
        6.20086,
        5.13787,
        7.09165,
        5.82166,
        7.09165,
        5.82166,
        7.09165,
        5.82166,
        7.76857,
        4.36921,
        9.6391,
        4.91013,
        11.50964,
        5.45106,
        11.09684,
        8.05737,
        11.09684,
        8.05737,
        11.09684,
        8.05737,
        12.482,
        8.53031,
        12.482,
        9.79106,
        12.482,
        10.86629,
        11.67411,
        11.63079,
        11.09684,
        11.63079,
        4.90316,
        11.63079,
        4.31315,
        11.63079,
        3.518,
        10.84732,
        3.518,
        9.79106,
        3.518,
        8.56402,
        4.90316,
        8.05737,
        4.90316,
        8.05737
      ],
      "segments": [
        1,
        4,
        4,
        4,
        4,
        4,
        4,
        2,
        4,
        4
      ]
    },
    {
      "type": "shape",
      "borderWidth": 1,
      "borderColor": "rgb(138,138,138)",
      "borderJoin": "miter",
      "points": [
        13,
        13.5,
        8.02409,
        13.5,
        8,
        9,
        8.02409,
        13.5,
        3,
        13.5
      ]
    }
  ]
}