{
  "background": "rgb(179,179,179)",
  "width": 16,
  "height": 16,
  "blendMode": "override",
  "comps": [
    {
      "type": "circle",
      "borderWidth": 1,
      "borderColor": "rgb(51,153,255)",
      "shadowColor": "#1ABC9C",
      "rect": [
        6,
        1,
        4,
        4.00837
      ]
    },
    {
      "type": "circle",
      "borderWidth": 1,
      "borderColor": "rgb(51,153,255)",
      "shadowColor": "#1ABC9C",
      "rect": [
        11,
        10.99163,
        4,
        4.00837
      ]
    },
    {
      "type": "shape",
      "borderWidth": 1,
      "borderColor": "rgb(51,153,255)",
      "shadowColor": "#1ABC9C",
      "points": [
        2.98235,
        11.0795,
        2.98235,
        8,
        7.89475,
        8,
        7.89475,
        5.00837,
        7.89475,
        8,
        13,
        8,
        13,
        11
      ]
    },
    {
      "type": "circle",
      "borderWidth": 1,
      "borderColor": "rgb(51,153,255)",
      "shadowColor": "#1ABC9C",
      "rect": [
        1,
        10.99163,
        4,
        4.00837
      ]
    }
  ]
}