{
  "background": "rgb(179,179,179)",
  "width": 16,
  "height": 16,
  "blendMode": "override",
  "comps": [
    {
      "type": "circle",
      "borderWidth": 1,
      "borderColor": "rgb(255,255,255)",
      "shadowColor": "#1ABC9C",
      "rect": [
        0,
        2,
        10,
        8
      ]
    },
    {
      "type": "rect",
      "borderWidth": 1,
      "borderColor": "rgb(255,255,255)",
      "shadowColor": "#1ABC9C",
      "rect": [
        5,
        6,
        10,
        8
      ]
    }
  ]
}