{
  "width": 16,
  "height": 16,
  "comps": [
    {
      "type": "shape",
      "borderWidth": 1,
      "borderColor": "rgb(138,138,138)",
      "borderCap": "round",
      "shadowColor": "#1ABC9C",
      "points": [
        2.5,
        13.22742,
        6.0325,
        3.22742,
        9.5,
        13.22742,
        8.1903,
        9.51313,
        4.05085,
        9.51313
      ]
    },
    {
      "type": "shape",
      "background": "rgb(138,138,138)",
      "borderWidth": 1,
      "borderColor": "rgb(138,138,138)",
      "borderCap": "round",
      "shadowColor": "#1ABC9C",
      "rotation": 3.14159,
      "points": [
        11.02,
        12.80084,
        12.56058,
        9,
        14,
        12.80084,
        11.02,
        12.80084
      ]
    }
  ]
}