{
  "background": "rgb(255,255,255)",
  "width": 16,
  "height": 16,
  "comps": [
    {
      "type": "arc",
      "borderWidth": 1,
      "borderColor": "rgb(138,138,138)",
      "borderCap": "round",
      "arcFrom": 2.00713,
      "arcTo": 3.22886,
      "arcClose": false,
      "shadowColor": "#1ABC9C",
      "rect": [
        3.43716,
        3.6278,
        6,
        5.89981
      ]
    },
    {
      "type": "circle",
      "borderWidth": 1,
      "borderColor": "rgb(138,138,138)",
      "shadowColor": "#1ABC9C",
      "displayName": "节点",
      "rect": [
        1.43716,
        1.6612,
        10,
        9.83302
      ]
    },
    {
      "type": "shape",
      "borderWidth": 1,
      "borderColor": "rgb(138,138,138)",
      "borderCap": "round",
      "shadowColor": "#1ABC9C",
      "points": [
        11,
        11,
        14,
        14
      ]
    }
  ]
}