{
  "width": 16,
  "height": 16,
  "comps": [
    {
      "type": "roundRect",
      "borderColor": "#979797",
      "cornerRadius": 1,
      "shadowColor": "#1ABC9C",
      "rect": [
        1.5,
        6.54942,
        12.94,
        8
      ]
    },
    {
      "type": "shape",
      "borderWidth": 1,
      "borderColor": "#8a8a8a",
      "borderCap": "round",
      "shadowColor": "#1ABC9C",
      "closePath": true,
      "points": [
        1.5,
        2.4523,
        14.44,
        2.4523,
        14.44,
        2.4523,
        14.44,
        2.4523,
        14.44,
        14.54942,
        14.44,
        14.54942,
        14.44,
        14.54942,
        1.5,
        14.54942,
        1.5,
        14.54942,
        1.5,
        14.54942,
        1.5,
        2.4523,
        1.5,
        2.4523,
        1.5,
        2.4523,
        1.5,
        2.4523
      ],
      "segments": [
        1,
        2,
        3,
        2,
        3,
        2,
        3,
        2,
        3,
        2
      ]
    },
    {
      "type": "shape",
      "borderWidth": 1,
      "borderColor": "rgb(138,138,138)",
      "borderCap": "round",
      "points": [
        4.46,
        1,
        4.46,
        4
      ]
    },
    {
      "type": "shape",
      "borderWidth": 1,
      "borderColor": "rgb(138,138,138)",
      "borderCap": "round",
      "points": [
        11.5,
        1,
        11.5,
        4
      ]
    },
    {
      "type": "shape",
      "borderWidth": 1,
      "borderColor": "rgb(138,138,138)",
      "borderCap": "round",
      "points": [
        3.52013,
        9.50677,
        7.00013,
        9.50677,
        9.00013,
        9.50677,
        12.50756,
        9.50677
      ],
      "segments": [
        1,
        2,
        1,
        2
      ]
    },
    {
      "type": "shape",
      "borderWidth": 1,
      "borderColor": "rgb(138,138,138)",
      "borderCap": "round",
      "points": [
        3.52,
        12.52535,
        12.50756,
        12.52535
      ]
    },
    {
      "type": "shape",
      "borderWidth": 1,
      "borderColor": "rgb(138,138,138)",
      "borderCap": "round",
      "points": [
        3.52013,
        6.54942,
        7.00013,
        6.54942,
        9.00013,
        6.54942,
        12.50756,
        6.54942
      ],
      "segments": [
        1,
        2,
        1,
        2
      ]
    }
  ]
}