{
  "width": 26,
  "height": 16,
  "comps": [
    {
      "type": "roundRect",
      "background": "#979797",
      "borderColor": "#979797",
      "cornerRadius": 1,
      "shadowColor": "#1ABC9C",
      "rect": [
        0,
        0,
        26,
        16
      ]
    },
    {
      "type": "roundRect",
      "background": "rgb(255,255,255)",
      "borderColor": "#979797",
      "cornerRadius": 1,
      "shadowColor": "#1ABC9C",
      "rect": [
        1.9355,
        2,
        12,
        12
      ]
    }
  ]
}