{
  "width": 16,
  "height": 16,
  "comps": [
    {
      "type": "shape",
      "background": "rgb(51,153,255)",
      "fillRule": "evenodd",
      "shadowColor": "#1ABC9C",
      "points": [
        7.9867,
        6.73171,
        8.19943,
        6.52986,
        8.19943,
        6.20185,
        7.9867,
        6,
        7.77398,
        5.79815,
        7.4283,
        5.79815,
        7.21557,
        6,
        4.33048,
        8.73759,
        3.83855,
        9.20437,
        3.57265,
        9.80992,
        3.57265,
        10.46594,
        3.57265,
        11.12195,
        3.83855,
        11.7275,
        4.33048,
        12.19428,
        5.34093,
        13.15307,
        6.97625,
        13.15307,
        7.97341,
        12.19428,
        13.94967,
        6.65643,
        14.62773,
        6.01304,
        15,
        5.15517,
        15,
        4.24685,
        15,
        3.33852,
        14.62773,
        2.48066,
        13.94967,
        1.83726,
        12.54036,
        0.5,
        10.26686,
        0.5,
        8.85755,
        1.83726,
        2.35612,
        8.00631,
        1.47863,
        8.83894,
        1,
        9.9365,
        1,
        11.10976,
        1,
        12.28301,
        1.47863,
        13.39319,
        2.35612,
        14.2132,
        3.23362,
        15.04584,
        4.39031,
        15.5,
        5.62678,
        15.5,
        6.86325,
        15.5,
        8.03324,
        15.04584,
        8.89744,
        14.2132,
        11.78253,
        11.47561,
        11.99525,
        11.27376,
        11.99525,
        10.94575,
        11.78253,
        10.7439,
        11.5698,
        10.54205,
        11.22412,
        10.54205,
        11.01139,
        10.7439,
        8.12631,
        13.4815,
        7.46154,
        14.11228,
        6.57075,
        14.46552,
        5.62678,
        14.46552,
        4.68281,
        14.46552,
        3.79202,
        14.11228,
        3.12726,
        13.4815,
        2.46249,
        12.85071,
        2.09022,
        12.00547,
        2.09022,
        11.10976,
        2.09022,
        10.21405,
        2.46249,
        9.3688,
        3.12726,
        8.73802,
        9.62868,
        2.56897,
        10.10731,
        2.1148,
        10.73219,
        1.87511,
        11.39696,
        1.87511,
        12.06173,
        1.87511,
        12.69991,
        2.12742,
        13.16524,
        2.56897,
        13.64388,
        3.02313,
        13.89649,
        3.61606,
        13.89649,
        4.24685,
        13.89649,
        4.87763,
        13.63058,
        5.48318,
        13.16524,
        5.92473,
        7.18898,
        11.46257,
        6.61728,
        12.00505,
        5.67331,
        12.00505,
        5.08832,
        11.46257,
        4.80911,
        11.19765,
        4.64957,
        10.84441,
        4.64957,
        10.46594,
        4.64957,
        10.08747,
        4.80911,
        9.73423,
        5.08832,
        9.4693,
        7.44824,
        7.37553,
        7.44824,
        7.37553,
        7.44824,
        7.37553
      ],
      "segments": [
        1,
        4,
        4,
        2,
        4,
        4,
        4,
        2,
        4,
        4,
        4,
        2,
        4,
        4,
        4,
        4,
        2,
        4,
        4,
        2,
        4,
        4,
        4,
        4,
        2,
        4,
        4,
        4,
        4,
        2,
        4,
        4,
        4,
        2,
        2,
        2
      ]
    }
  ]
}