{
  "width": 21,
  "height": 21,
  "comps": [
    {
      "type": "oval",
      "background": "#FF0033",
      "borderWidth": 2,
      "borderColor": "#FF0033",
      "rect": [
        2,
        2,
        17,
        17
      ]
    },
    {
      "type": "shape",
      "borderWidth": 1,
      "borderColor": "rgb(255,255,255)",
      "borderCap": "round",
      "shadowColor": "#1ABC9C",
      "rotation": 5.49779,
      "points": [
        7.44352,
        3.08683,
        7.44352,
        9.23983,
        13.55648,
        9.23983
      ]
    },
    {
      "type": "shape",
      "borderWidth": 1,
      "borderColor": "rgb(255,255,255)",
      "borderCap": "round",
      "shadowColor": "#1ABC9C",
      "rotation": 2.35619,
      "points": [
        7.44352,
        11.76017,
        7.44352,
        17.91317,
        13.55648,
        17.91317
      ]
    }
  ]
}