{
  "width": 14,
  "height": 14,
  "comps": [
    {
      "type": "shape",
      "background": "#3399ff",
      "fillRule": "evenodd",
      "shadowColor": "#1ABC9C",
      "rotation": 3.14159,
      "points": [
        7.00002,
        14,
        7.00002,
        14,
        3.13402,
        14,
        0.00002,
        10.85812,
        0.00002,
        7.00001,
        0.00002,
        7.00001,
        0.00002,
        3.13402,
        3.1419,
        0.00002,
        7.00002,
        0.00002,
        14.00002,
        0.00002,
        13.99998,
        14.00002,
        7.00002,
        14
      ],
      "segments": [
        1,
        2,
        4,
        2,
        4,
        2,
        2,
        2
      ]
    }
  ]
}