{
  "width": 16,
  "height": 16,
  "comps": [
    {
      "type": "shape",
      "borderWidth": 1,
      "borderColor": "#3399ff",
      "borderCap": "round",
      "shadowColor": "#1ABC9C",
      "rotation": 5.49779,
      "points": [
        4.94352,
        0.58683,
        4.94352,
        6.73983,
        11.05648,
        6.73983
      ]
    },
    {
      "type": "shape",
      "borderWidth": 1,
      "borderColor": "#3399ff",
      "borderCap": "round",
      "shadowColor": "#1ABC9C",
      "rotation": 2.35619,
      "points": [
        4.94352,
        9.26017,
        4.94352,
        15.41317,
        11.05648,
        15.41317
      ]
    }
  ]
}