{
  "width": 16,
  "height": 16,
  "comps": [
    {
      "type": "shape",
      "borderWidth": 1,
      "borderColor": "#3399ff",
      "borderJoin": "miter",
      "shadowColor": "#1ABC9C",
      "closePath": true,
      "points": [
        8.3115,
        13.46059,
        7.6865,
        13.46059,
        7.6865,
        4.68159,
        3.8445,
        8.52359,
        3.4055,
        8.08459,
        7.9995,
        3.48959,
        12.5945,
        8.08459,
        12.1555,
        8.52359,
        8.3115,
        4.68159,
        8.3115,
        13.46059,
        8.3115,
        13.46059
      ]
    }
  ]
}