{
  "width": 16,
  "height": 16,
  "comps": [
    {
      "type": "rect",
      "background": "rgba(0,18,61,0)",
      "borderWidth": 1,
      "borderColor": "rgb(138,138,138)",
      "borderCap": "round",
      "rect": [
        1.39129,
        6.51482,
        13.3037,
        6.95402
      ]
    },
    {
      "type": "shape",
      "borderWidth": 1,
      "borderColor": "rgb(138,138,138)",
      "borderCap": "round",
      "points": [
        1.53721,
        3.47701,
        14.53025,
        3.47701
      ]
    }
  ]
}