{
  "background": "rgb(255,255,255)",
  "width": 16,
  "height": 16,
  "comps": [
    {
      "type": "rect",
      "background": "rgba(255,255,255,0)",
      "borderWidth": 1,
      "borderColor": "rgb(138,138,138)",
      "borderCap": "round",
      "rect": [
        1.50555,
        6.46203,
        9.9927,
        6.73558
      ]
    },
    {
      "type": "shape",
      "borderWidth": 1,
      "borderColor": "rgb(138,138,138)",
      "points": [
        4.39729,
        5,
        4.39729,
        3.36114,
        14.60908,
        3.36114,
        14.60908,
        9.82982,
        13,
        9.82982
      ]
    }
  ]
}